,order_date,invoice_no,customer_id,customer,product_id,product,category,segment,quantity,unit_cost,unit_price,revenue,cost,margin,ship_date,Unnamed: 15,Unnamed: 16,Unnamed: 17,Unnamed: 18,Unnamed: 19,Unnamed: 20,Unnamed: 21,Unnamed: 22
0,8/28/2026,134.0,1.0,Sleek Keepers of Canyonton,3.0,Sparkling Party Napkins,paper & tissue,esgB,1.0,21.0,30.45,30.45,21.0,9.45,8/31/2026,,,,,,,,
1,8/28/2026,134.0,1.0,Sleek Keepers of Canyonton,10.0,Pristine 2-Ply Toilet Paper,paper & tissue,segB,2.0,26.0,36.92,73.84,52.0,21.84,8/31/2026,,,,,,,,
2,8/28/2026,134.0,1.0,Sleek Keepers of Canyonton,15.0,Sparkling 2-Ply Toilet Paper,paper & tissue,segB,1.0,43.0,66.22,66.22,43.0,23.22,8/31/2026,,,,,,,,
3,8/28/2026,134.0,1.0,Sleek Keepers of Canyonton,27.0,Sparkling Sticky Notes,office products,segB,1.0,43.0,68.8,68.8,43.0,25.8,8/31/2026,,,,,,,,
4,8/28/2026,134.0,1.0,Sleek Keepers of Canyonton,34.0,Radiant Staplers,office products,segB,2.0,24.0,34.32,68.64,48.0,20.64,8/31/2026,,,,,,,,
5,8/28/2026,134.0,1.0,Sleek Keepers of Canyonton,97.0,Sparkling Legal Size Paper,copy paper,segB,1.0,39.0,66.3,66.3,39.0,27.3,8/31/2026,,,,,,,,
6,8/28/2026,134.0,1.0,Sleek Keepers of Canyonton,107.0,Radiant Glossy Photo Paper,copy paper,segB,1.0,58.0,94.54,94.54,58.0,36.54,8/31/2026,,,,,,,,
7,8/13/2026,466.0,1.0,Sleek Keepers of Canyonton,8.0,Bright Party Napkins,paper & tissue,segB,1.0,50.0,70.5,70.5,50.0,20.5,8/14/2026,,,,,,,,
8,8/13/2026,466.0,1.0,Sleek Keepers of Canyonton,10.0,Pristine 2-Ply Toilet Paper,paper & tissue,segB,2.0,26.0,36.92,73.84,52.0,21.84,14/08/2026,,,,,,,,
9,8/13/2026,466.0,1.0,Sleek Keepers of Canyonton,15.0,Sparkling 2-Ply Toilet Paper,paper & tissue,segB,1.0,43.0,66.22,66.22,43.0,23.22,8/14/2026,,,,,,,,
10,8/13/2026,466.0,1.0,Sleek Keepers of Canyonton,27.0,Sparkling Sticky Notes,office products,segB,2.0,43.0,68.8,102.06,43.0,25.8,8/14/2026,,,,,,,,
11,8/13/2026,466.0,1.0,Sleek Keepers of Canyonton,103.0,Spotless Colored Paper,copy paper,segB,2.0,45.0,65.7,102.06,45.0,20.7,8/14/2026,,,,,,,,
12,8/13/2026,466.0,1.0,  Sleek Keepers of Canyonton ,107.0,Radiant Glossy Photo Paper,copy paper,  segB ,2.0,58.0,94.54,189.08,116.0,73.08,8/14/2026,,,,,,,,
13,8/13/2026,466.0,1.0,Sleek Keepers of Canyonton,114.0,Glossy Recycled Paper,copy paper,segB,21.0,54.0,69.12,1451.52,1134.0,317.52,8/14/2026,,,,,,,,
14,8/13/2026,,1.0,Sleek Keepers of Canyonton,113.0,Polished Recycled Paper,  copy paper ,segB,1.0,36.0,55.8,55.8,36.0,19.8,8/14/2026,,,,,,,,
15,8/25/2026,238.0,2.0,Radiant Providers of Laketon,50.0,Bright Glass Cleaner,cleaning supplies,segB,1.0,23.0,44.16,44.16,23.0,21.16,9/2/2026,,,,,,,,
16,8/25/2026,238.0,2.0,Radiant Providers of Laketon,52.0,Spotless Air Freshener,cleaning supplies,segB,1.0,49.0,93.1,93.1,49.0,44.1,9/2/2026,,,,,,,,
17,8/25/2026,238.0,2.0,Radiant Providers of Laketon,69.0,Gleaming Degreaser,cleaning supplies,segB,1.0,27.0,51.03,51.03,27.0,24.03,9/2/2026,,,,,,,,
18,8/25/2026,238.0,2.0,Radiant Providers of Laketon,71.0,Spotless Glass Cleaner,cleaning supplies,segB,1.0,31.0,59.52,59.52,31.0,28.52,9/2/2026,,,,,,,,
19,8/25/2026,238.0,2.0,Radiant Providers of Laketon,114.0,Glossy Recycled Paper,copy paper,segD,1.0,54.0,84.78,84.78,54.0,37.8,9/2/2026,,,,,,,,
20,8/25/2026,239.0,3.0,Gleaming Providers of Foresthaven,32.0,Bright Desk Organizers,office products,segA,2.0,44.0,58.52,117.04,88.0,29.04,8/26/2026,,,,,,,,
21,8/25/2026,239.0,3.0,Gleaming Providers of Foresthaven,36.0,Glossy Staplers,office products,  segA ,1.0,50.0,77.5,77.5,50.0,27.5,8/26/2026,,,,,,,,
22,8/25/2026,239.0,3.0,Gleaming Providers of Foresthaven,39.0,Immaculate Sticky Notes,office products,segA,2.0,34.0,45.56,91.12,68.0,23.12,8/26/2026,,,,,,,,
23,8/25/2026,239.0,3.0,Gleaming Providers of Foresthaven,58.0,Spotless Floor Cleaner,cleaning supplies,segD,1.0,31.0,61.07,61.07,31.0,30.07,8/26/2026,,,,,,,,
24,8/25/2026,239.0,3.0,Gleaming Providers of Foresthaven,83.0,Spotless Energy Drinks,breakroom supplies,segA,1.0,26.0,55.12,55.12,26.0,29.12,8/26/2026,,,,,,,,
25,8/25/2026,239.0,3.0,Gleaming Providers of Foresthaven,93.0,Gleaming Microwave Popcorn,breakroom supplies,segA,1.0,20.0,34.8,102.06,20.0,14.8,8/26/2026,,,,,,,,
26,8/25/2026,239.0,3.0,Gleaming Providers of Foresthaven,96.0,Dazzling Disposable Cups,,segA,1.0,19.0,36.1,36.1,19.0,17.1,8/26/2026,,,,,,,,
27,8/25/2026,239.0,3.0,  Gleaming Providers of Foresthaven ,104.0,Gleaming Glossy Photo Paper,copy paper,segB,1.0,52.0,81.64,81.64,52.0,29.64,8/26/2026,,,,,,,,
28,8/21/2026,300.0,3.0,Gleaming Providers of Foresthaven,33.0,Dazzling File Folders,office products,segA,4.0,26.0,35.62,142.48,104.0,38.48,8/24/2026,,,,,,,,
29,8/21/2026,300.0,3.0,Gleaming Providers of Foresthaven,78.0,Glossy Creamers,breakroom supplies,segA,1.0,27.0,51.29707511896669,56.7,27.0,29.7,8/24/2026,,,,,,,,
30,8/21/2026,300.0,3.0,Gleaming Providers of Foresthaven,83.0,Spotless Energy Drinks,breakroom supplies,segA,1.0,26.0,55.12,55.12,26.0,29.12,8/24/2026,,,,,,,,
31,8/21/2026,300.0,3.0,Gleaming Providers of Foresthaven,93.0,Gleaming Microwave Popcorn,breakroom supplies,segA,1.0,20.0,34.8,34.8,20.0,14.8,24/08/2026,,,,,,,,
32,8/21/2026,300.0,3.0,Gleaming Providers of Foresthaven,107.0,Radiant Glossy Photo Paper,copy paper,segB,2.0,58.0,85.84,102.06,116.0,37.8,8/24/2026,,,,,,,,
33,8/19/2026,362.0,3.0,Gleaming Providers of Foresthaven,26.0,Radiant Sticky Notes,office products,segA,1.0,34.0,47.26,47.26,34.0,13.26,8/27/2026,,,,,,,,
34,8/19/2026,362.0,3.0,Gleaming Providers of Foresthaven,32.0,Bright Desk Organizers,office products,segA,1.0,44.0,58.52,58.52,44.0,14.52,8/27/2026,,,,,,,,
35,8/19/2026,362.0,3.0,Gleaming Providers of Foresthaven,33.0,Dazzling File Folders,office products,segA,4.0,26.0,35.62,142.48,63.0,38.48,8/27/2026,,,,,,,,
36,8/19/2026,362.0,3.0,Gleaming Providers of Foresthaven,34.0,Radiant Staplers,office products,segA,50.0,24.0,29.28,1464.0,1200.0,264.0,8/27/2026,,,,,,,,
37,8/19/2026,362.0,3.0,Gleaming Providers of Foresthaven,36.0,Glossy Staplers,office products,segA,2.0,50.0,77.5,155.0,100.0,55.0,8/27/2026,,,,,,,,
38,8/19/2026,362.0,3.0,Gleaming Providers of Foresthaven,40.0,Immaculate Markers,office products,segA,3.0,34.0,44.2,132.6,102.0,30.6,8/27/2026,,,,,,,,
39,8/19/2026,362.0,3.0,Gleaming Providers of Foresthaven,77.0,Sleek Disposable Cups,breakroom supplies,esgA,1.0,32.344897959183676,50.5,50.5,25.0,25.5,8/27/2026,,,,,,,,
40,8/19/2026,362.0,3.0,Gleaming Providers of Foresthaven,96.0,Dazzling Disposable Cups,breakroom supplies,segA,1.0,19.0,36.1,36.1,19.0,17.1,8/27/2026,,,,,,,,
41,8/19/2026,362.0,3.0,Gleaming Providers of Foresthaven,103.0,Spotless Colored Paper,copy paper,segB,1.0,45.0,51.29707511896669,66.15,45.0,21.15,8/27/2026,,,,,,,,
42,8/25/2026,,3.0,Gleaming Providers of Foresthaven,40.0,Immaculate Markers,office products,segA,4.0,34.0,51.29707511896669,176.8,136.0,40.8,8/26/2026,,,,,,,,
43,8/25/2026,,3.0,Gleaming Providers of Foresthaven,57.0,Glossy All-Purpose Cleaner,cleaning supplies,,1.0,51.0,98.94,98.94,51.0,47.94,8/26/2026,,,,,,,,
44,9/3/2026,26.0,4.0,Dazzling Cleaners of Cedarfield,52.0,Spotless Air Frsehener,cleaning supplies,segA,3.0,49.0,81.83,245.49,147.0,98.49,9/18/2026,,,,,,,,
45,9/3/2026,26.0,4.0,Dazzling Cleaners of Cedarfield,63.0,Polished Glass Cleaner,cleaning supplies,segA,1.0,42.0,78.96,78.96,42.0,36.96,9/18/2026,,,,,,,,
46,9/3/2026,26.0,4.0,Dazzling Cleaners of Cedarfield,72.0,Gleaming Glass Cleaner,cleaning supplies,segA,1.0,23.0,39.56,39.56,23.0,16.56,9/18/2026,,,,,,,,
47,9/3/2026,26.0,4.0,Dazzling Cleaners of Cedarfield,75.0,Fresh Microwave Popcorn,breakroom supplies,segC,1.0,18.0,35.28,35.28,18.0,17.28,9/18/2026,,,,,,,,
48,9/3/2026,26.0,4.0,Dazzling Cleaners of Cedarfield,106.0,Sleek Resume Paper,copy paper,segA,4.0,48.0,69.12,276.48,192.0,37.8,9/18/2026,,,,,,,,
49,9/3/2026,26.0,4.0,Dazzling Cleaners of Cedarfield,108.0,Dazzling Cardstock,copy paper,segA,3.0,21.0,32.97,98.91,63.0,35.91,9/18/2026,,,,,,,,
50,9/3/2026,26.0,4.0,Dazzling Cleaners of Cedarfield,113.0,Polished Recycled Paper,copy paper,segA,5.0,36.0,55.8,279.0,180.0,99.0,9/18/2026,,,,,,,,
51,9/3/2026,26.0,4.0,Dazzling Cleaners of Cedarfield,115.0,Polished Glossy Photo Paper,copy paper,segA,6.0,59.0,92.04,552.24,354.0,198.24,9/18/2026,,,,,,,,
52,9/3/2026,26.0,4.0,Dazzling Cleaners of Cedarfield,119.0,Immaculate Letter Size Paper,copy paper,segA,4.0,44.0,60.72,242.88,176.0,66.88,9/18/2026,,,,,,,,
53,9/3/2026,,4.0,Dazzling Cleaners of Cedarfield,105.0,Pristine Graph Paper,copy paper,segA,6.0,52.0,82.16,492.96,312.0,180.96,9/18/2026,,,,,,,,
54,9/1/2026,76.0,5.0,Dazzling Cleaners of Cedarfield,1.0,Sleek Party Napkins,paper & tissue,,1.0,29.0,37.7,37.7,29.0,8.7,9/2/2026,,,,,,,,
55,9/1/2026,76.0,5.0,Dazzling Cleaners of Cedarfield,4.0,Bright Bathroom Tissue,paper & tissue,segA,3.0,26.0,35.1,105.3,78.0,27.3,9/2/2026,,,,,,,,
56,9/1/2026,76.0,5.0,Radiant Stewards of Cedarton,7.0,Gleaming Bathroom Tissue,paper & tissue,segA,3.0,16.0,23.68,71.04,48.0,23.04,,,,,,,,,
57,1/9/2026,76.0,5.0,Radiant Stewards of Cedarton,8.0,Bright Party Napkins,paper & tissue,segA,2.0,50.0,67.5,67.5,50.0,17.5,9/2/2026,,,,,,,,
58,9/1/2026,76.0,5.0,Radiant Stewards of Cedarton,11.0,Fresh Lunch Napkins,paper & tissue,segA,2.0,21.0,28.77,57.54,42.0,15.54,9/2/2026,,,,,,,,
59,9/1/2026,76.0,5.0,Radiant Stewards of Cedarton,12.0,Immaculate Roll Paper Towels,paper & tissue,segA,2.0,44.0,65.12,102.06,88.0,42.24,9/2/2026,,,,,,,,
60,9/1/2026,76.0,5.0,Radiant Stewards of Cedarton,13.0,Pristine Party Napkins,paper & tissue,segA,3.0,45.0,64.8,194.4,135.0,59.4,9/2/2026,,,,,,,,
61,1/9/2026,76.0,5.0,Radiant Stewards of Cedarton,22.0,Sparkling Pocket Tissues,paper & tissue,segA,4.0,41.0,57.4,229.6,164.0,65.6,9/2/2026,,,,,,,,
62,9/1/2026,76.0,5.0,Radiant Stewards of Cedarton,58.0,Spotless Floor Cleaner,cleaning supplies,segD,1.0,31.0,65.41,65.41,31.0,37.8,9/2/2026,,,,,,,,
63,9/1/2026,76.0,5.0,Radiant Stewards of Cedarton,84.0,Sparkling Creamers,breakroom supplies,segD,1.0,18.0,41.94,41.94,18.0,23.94,9/2/2026,,,,,,,,
64,9/1/2026,,5.0,Radiant Stewards of Cedarton,10.0,Pristine 2-Ply Toilet Paper,paper & tissue,segA,4.0,26.0,34.32,137.28,104.0,33.28,9/2/2026,,,,,,,,
65,8/31/2026,102.0,6.0,Spotless Janitors of Mountfield,34.0,Radiant Staplers,office products,segA,2.0,32.344897959183676,34.08,68.16,48.0,20.16,9/1/2026,,,,,,,,
66,8/31/2026,102.0,6.0,Spotless Janitors of Mountfield,41.0,Dazzling File Folders,office products,segA,3.0,46.0,70.84,212.52,138.0,74.52,9/1/2026,,,,,,,,
67,8/31/2026,102.0,6.0,Spotless Janitors of Mountfield,43.0,Fresh File Folders,office products,,2.0,50.0,66.0,132.0,100.0,32.0,9/1/2026,,,,,,,,
68,9/1/2026,77.0,8.0,Spotless Custodians of Cedarwood,24.0,Sparkling Pocket Tissues,paper & tissue,segD,1.0,18.0,28.44,28.44,18.0,10.44,,,,,,,,,
69,9/1/2026,77.0,8.0,Spotless Custodians of Cedarwood,27.0,Sparkling Sticky Notes,office products,segC,1.0,32.344897959183676,63.21,102.06,43.0,20.21,9/16/2026,,,,,,,,
70,1/9/2026,77.0,8.0,Spotless Custodians of Cedarwood,78.0,Glossy Creamers,breakroom supplies,segA,7.0,27.0,49.68,347.76,189.0,158.76,,,,,,,,,
71,8/28/2026,135.0,8.0,Spotless Custodians of Cedarwood,66.0,Radiant Glass Cleaner,cleaning supplies,segD,1.0,21.0,44.31,44.31,21.0,23.31,8/31/2026,,,,,,,,
72,8/28/2026,135.0,8.0,Spotless Custodians of Cedarwood,100.0,Dazzling Legal Siez Paper,copy paper,segC,1.0,24.0,36.0,36.0,24.0,12.0,8/31/2026,,,,,,,,
73,8/28/2026,135.0,8.0,Spotless Custodians of Cedarwood,106.0,Sleek Resume Paper,copy paper,segC,3.0,48.0,73.92,221.76,144.0,77.76,8/31/2026,,,,,,,,
74,8/21/2026,301.0,8.0,Spotless Custodians of Cedarwood,26.0,Radiant Sticky Notes,office products,segC,2.0,34.0,54.4,108.8,68.0,40.8,8/24/2026,,,,,,,,
75,8/21/2026,301.0,8.0,Spotless Custodians of Cedarwood,43.0,Fresh File Folders,office products,segC,5.0,50.0,78.5,392.5,250.0,142.5,8/24/2026,,,,,,,,
76,8/21/2026,301.0,8.0,Spotless Custodians of Cedarwood,50.0,Bright Glass Cleaner,cleaning supplies,segD,1.0,23.0,43.47,43.47,23.0,20.47,8/24/2026,,,,,,,,
77,8/21/2026,301.0,8.0,Spotless Custodians of Cedarwood,75.0,Fresh Microwave Popcorn,breakroom supplies,seAg,5.0,18.0,33.66,168.3,90.0,78.3,24/08/2026,,,,,,,,
78,8/21/2026,301.0,8.0,Spotless Custodians of Cedarwood,80.0,Spotless Instant Soups,breakroom supplies,segA,1.0,17.0,36.55,36.55,17.0,19.55,8/24/2026,,,,,,,,
79,8/21/2026,301.0,8.0,Spotless Custodians of Cedarwood,99.0,Glossy Letter Size Paper,  copy paper ,segC,3.0,57.0,51.29707511896669,270.18,171.0,99.18,8/24/2026,,,,,,,,
80,8/21/2026,301.0,8.0,Spotless Custodians of Cedarwood,114.0,Glossy Recycled Paper,copy paper,segC,2.0,32.0,45.12,102.06,64.0,26.24,8/24/2026,,,,,,,,
81,8/20/2026,334.0,9.0,Pristin eWholesalers of Gardenridge,76.0,Immaculate Granola Bars,breakroom supplies,  segA ,6.0,10.0,19.7,118.2,60.0,58.2,9/4/2026,,,,,,,,
82,8/20/2026,334.0,9.0,Pristine Wholesalers of Gardenridge,78.0,Glossy Creamers,breakroom supplies,segA,3.0,27.0,52.92,158.76,81.0,77.76,9/4/2026,,,,,,,,
83,8/20/2026,334.0,9.0,Pristine Wholesalers of Gardenridge,79.0,Immaculate Microwave Popcorn,breakroom supplies,  segA ,6.0,25.0,50.5,303.0,150.0,153.0,9/4/2026,,,,,,,,
84,8/20/2026,334.0,9.0,Pristine Wholesalers of Gardenridge,82.0,Pristine Granola Bars,breakroom supplies,segA,40.0,26.0,39.0,1560.0,1040.0,520.0,9/4/2026,,,,,,,,
85,8/20/2026,334.0,9.0,Pristine Wholesalers of Gardenridge,83.0,Spotless Energy Drinks,breakroom supplies,  segA ,3.0,26.0,47.58,142.74,78.0,64.74,9/4/2026,,,,,,,,
86,8/20/2026,334.0,9.0,Pristine Wholesalers of Gardenridge,84.0,Sparkling Creamers,breakroom supplies,segA,3.0,18.0,36.72,110.16,54.0,56.16,9/4/2026,,,,,,,,
87,8/20/2026,334.0,9.0,Pristine Wholesalers of Gardenridge,90.0,Dazzling Instant Soups,breakroom supplies,segA,3.0,24.0,45.84,137.52,72.0,65.52,9/4/2026,,,,,,,,
88,8/20/2026,334.0,9.0,Pristine Wholesalers of Gardenridge,92.0,Glossy Instant Soups,breakroom supplies,segA,9.0,24.0,49.92,449.28,216.0,233.28,9/4/2026,,,,,,,,
89,8/20/2026,334.0,9.0,Pristine Wholesalers of Gardenridge,93.0,Gleaming Microwave Popcorn,breakroom supplies,  segA ,4.0,20.0,39.0,156.0,80.0,76.0,9/4/2026,,,,,,,,
90,8/20/2026,334.0,9.0,Pristine Wholesalers of Gardenridge,96.0,Dazzling Disposable Cups,breakroom supplies,segA,9.0,19.0,37.05,333.45,171.0,162.45,9/4/2026,,,,,,,,
91,8/20/2026,334.0,9.0,Pristine Wholesalers of Gardenridge,104.0,Gleaming Glossy Photo Paper,,segC,5.0,32.344897959183676,51.29707511896669,392.6,260.0,132.6,9/4/2026,,,,,,,,
92,20/08/2026,334.0,9.0,Pristine Wholesalers of Gardenridge,106.0,Sleek Resume Paper,copy paper,  segC ,2.0,48.0,68.64,137.28,96.0,41.28,9/4/2026,,,,,,,,
93,8/20/2026,,9.0,Radiant Stewards of Cedarton,46.0,Spotless Desk Organizers,office products,segD,1.0,33.0,55.44,55.44,33.0,22.44,9/4/2026,,,,,,,,
94,9/3/2026,27.0,11.0,Sparkling Providers of Gardenwood,5.0,Polished Kitchen Towels,paper & tissue,segD,76.0,32.344897959183676,50.4,3830.4,2660.0,1170.4,9/11/2026,,,,,,,,
95,9/3/2026,27.0,11.0,Sparkling Providers of Gardenwood,31.0,Polished Highlighters,office products,segA,6.0,17.0,24.82,148.92,102.0,46.92,9/11/2026,,,,,,,,
96,3/9/2026,27.0,11.0,Sparkling Providers of Gardenwood,37.0,Bright Recycled Paper,office products,segA,5.0,24.0,36.24,181.2,120.0,61.2,9/11/2026,,,,,,,,
97,9/3/2026,27.0,11.0,Sparkling Providers of Gardenwood,101.0,Radiant Colored Paper,copy paper,  segD ,1.0,60.0,109.8,109.8,60.0,49.8,9/11/2026,,,,,,,,
98,8/27/2026,173.0,11.0,Sparkling Providers of Gardenwood,37.0,Bright Recycled Paper,office products,segA,6.0,24.0,36.24,217.44,144.0,73.44,8/28/2026,,,,,,,,
99,8/27/2026,173.0,11.0,Sparkling Providers of Gardenwood,41.0,Dazzling File Folders,office products,segA,2.0,46.0,59.8,1375.4,1058.0,317.4,8/28/2026,,,,,,,,
100,8/27/2026,173.0,11.0,Sparkling Providers of Gardenwood,43.0,Fresh File Folders,office producst,segA,9.0,50.0,73.5,661.5,450.0,211.5,8/28/2026,,,,,,,,
101,8/27/2026,173.0,11.0,Sparkling Providers of Gardenwood,67.0,Sleek Citrus Cleaner,cleaning supplies,segC,1.0,39.0,75.27,75.27,39.0,36.27,8/28/2026,,,,,,,,
102,9/3/2026,,11.0,Sparkling Providers of Gardenwood,32.0,Bright Desk Organizers,office products,segA,5.0,44.0,66.88,334.4,220.0,114.4,9/11/2026,,,,,,,,
103,9/3/2026,,11.0,Sparkling Providers of Gardenwood,46.0,Spotless Desk Organizers,office products,segA,5.0,33.0,50.82,254.1,165.0,89.1,9/11/2026,,,,,,,,
104,9/2/2026,56.0,12.0,Dazzling Custodians of Lakehaven,3.0,Sparkling Party Napkins,paper & tissue,segA,7.0,21.0,29.19,204.33,147.0,57.33,9/3/2026,,,,,,,,
105,9/2/2026,56.0,12.0,Dazzling Custodians of Lakehaven,6.0,Pristine Bathroom Tissue,paper & tissue,segA,24.0,19.0,28.5,684.0,456.0,37.8,9/3/2026,,,,,,,,
106,9/2/2026,56.0,12.0,Dazzling Custodians of Lakehaven,17.0,Glossy Lunch Napkins,paper & tissue,segA,10.0,31.0,42.16,421.6,310.0,111.6,9/3/2026,,,,,,,,
107,9/2/2026,56.0,12.0,Dazzling Custodians of Lakehaven,19.0,Fresh Party Napkins,paper & tissue,segA,17.0,45.0,65.25,1109.25,765.0,344.25,9/3/2026,,,,,,,,
108,9/2/2026,56.0,12.0,Dazzling Custodians of Lakehaven,20.0,Gleaming Roll Paper Towels,paper & tissue,segA,22.0,28.0,38.92,856.24,616.0,240.24,9/3/2026,,,,,,,,
109,9/2/2026,56.0,12.0,Dazzling Custodians of Lakehaven,21.0,Glossy Facial Tissues,paper & tissue,segA,12.0,47.0,68.15,817.8,564.0,253.8,9/3/2026,,,,,,,,
110,9/2/2026,56.0,12.0,Dazzling Custodians of Lakehaven,43.0,Fresh File Folders,office products,segC,3.0,50.0,79.5,238.5,150.0,37.8,3/9/2026,,,,,,,,
111,9/2/2026,56.0,12.0,Dazzling Custodians of Lakehaven,53.0,Glossy Glass Cleaner,cleaning supplies,segB,1.0,36.0,63.36,63.36,36.0,27.36,9/3/2026,,,,,,,,
112,9/2/2026,56.0,12.0,Dazzling Custodians of Lakehaven,57.0,Glossy All-Purpose Cleaner,cleaning supplies,segB,1.0,51.0,93.84,93.84,51.0,42.84,9/3/2026,,,,,,,,
113,9/2/2026,56.0,12.0,Dazzling Custodians of Lakehaven,60.0,Polished Degreaser,cleaning supplies,seBg,2.0,26.0,47.58,95.16,52.0,43.16,9/3/2026,,,,,,,,
114,9/2/2026,56.0,12.0,Dazzling Custodians of Lakehaven,73.0,Spotless Creamers,breakroom supplies,segA,3.0,18.0,32.58,97.74,54.0,43.74,9/3/2026,,,,,,,,
115,2/9/2026,56.0,12.0,Dazzling Custodians of Lakehaven,77.0,Sleek Disposable Cups,breakroom supplies,  segA ,5.0,25.0,46.75,233.75,125.0,108.75,9/3/2026,,,,,,,,
116,9/2/2026,56.0,12.0,Dazzling Custodians of Lakehaven,78.0,Glossy Creamers,breakroom supplies,segA,6.0,27.0,46.44,278.64,162.0,116.64,9/3/2026,,,,,,,,
117,9/2/2026,56.0,12.0,Dazzling Custodians of Lakehaven,79.0,Immaculate Microwave Popcorn,breakroom supplies,segA,4.0,25.0,44.5,178.0,100.0,78.0,9/3/2026,,,,,,,,
118,9/2/2026,56.0,12.0,Dazzling Custodians of Lakehaven,85.0,Sparkling Microwave Popcorn,breakroom supplies,segA,108.0,12.0,18.0,1944.0,1296.0,648.0,3/9/2026,,,,,,,,
119,9/2/2026,56.0,12.0,  Dazzling Custodians of Lakehaven ,89.0,Sparkling Disposable Cups,breakroom supplies,segA,9.0,21.0,44.73,402.57,189.0,213.57,9/3/2026,,,,,,,,
120,9/2/2026,56.0,12.0,Dazzling Custodians of Lakehaven,92.0,  Glossy Instant Soups ,breakroom supplies,segA,96.0,24.0,36.0,3456.0,2304.0,37.8,9/3/2026,,,,,,,,
121,2/9/2026,56.0,12.0,Dazzling Custodians of Lakehaven,94.0,Pristine Instant Soups,breakroom supplies,segA,7.0,7.0,13.72,96.04,49.0,47.04,9/3/2026,,,,,,,,
122,9/2/2026,56.0,12.0,Dazzling Custodians of Lakehaven,96.0,Dazzling Disposable Cups,breakroom supplies,segA,5.0,19.0,51.29707511896669,168.15,95.0,73.15,9/3/2026,,,,,,,,
123,9/2/2026,56.0,12.0,Dazzling Custodians of Lakehaven,112.0,Sparkling Letter Size Paper,copy paper,segB,2.0,46.0,75.9,759.0,460.0,299.0,9/3/2026,,,,,,,,
125,8/28/2026,136.0,12.0,Dazzling Custodians of Lakehaven,2.0,Glossy Party Napkins,paper & tissue,segA,6.0,29.0,38.57,231.42,174.0,57.42,8/31/2026,,,,,,,,
126,8/28/2026,136.0,12.0,Dazzling Custodians of Lakehaven,6.0,Pristine Bathroom Tissue,paper & tissue,segA,14.0,19.0,28.5,399.0,266.0,133.0,8/31/2026,,,,,,,,
127,8/28/2026,136.0,12.0,Dazzling Custodians of Lakehaven,13.0,Pristine Party Napkins,paper & tissue,segA,26.0,45.0,67.5,1755.0,1170.0,585.0,8/31/2026,,,,,,,,
128,8/28/2026,136.0,12.0,Dazzling Custodians of Lakehaven,17.0,Glossy Lunch Napkins,paper & tissue,segA,11.0,31.0,42.16,463.76,341.0,122.76,8/31/2026,,,,,,,,
129,8/28/2026,136.0,12.0,Dazzling Custodians of Lakehaven,65.0,Sparkling Citrus Cleaner,cleaning supplies,segB,1.0,20.0,34.6,34.6,20.0,14.6,8/31/2026,,,,,,,,
130,8/28/2026,136.0,12.0,Dazzling Custodians of Lakehaven,66.0,Radiant Glass Cleaner,cleaning supplies,segB,1.0,21.0,39.69,39.69,21.0,37.8,8/31/2026,,,,,,,,
131,8/28/2026,136.0,12.0,Dazzling Custodians of Lakehaven,80.0,Spotless Instant Soups,breakroom supplies,segA,1.0,17.0,29.75,29.75,63.0,12.75,8/31/2026,,,,,,,,
132,8/28/2026,136.0,12.0,Dazzling Custodians of Lakehaven,85.0,Sparkling Microwave Popcorn,breakroom supplies,segA,81.0,12.0,18.0,1458.0,972.0,486.0,8/31/2026,,,,,,,,
133,8/28/2026,136.0,12.0,Dazzling Custodians of Lakehaven,89.0,Sparkling Disposable Cups,breakroom supplies,segA,9.0,21.0,44.73,402.57,189.0,213.57,8/31/2026,,,,,,,,5887.0
134,8/28/2026,136.0,12.0,Dazzling Custodians of Lakehaven,91.0,Glossy Microwave Popcorn,breakroom supplies,segA,1.0,29.0,59.74,59.74,29.0,30.74,8/31/2026,,,,,,,,
135,8/28/2026,136.0,12.0,Dazzling Custodians of Lakehaven,95.0,Bright Disposable Cups,breakroom supplies,segA,3.0,13.0,24.44,73.32,39.0,34.32,8/31/2026,,,,,,,,
136,8/28/2026,136.0,12.0,Dazzling Custodians of Lakehaven,96.0,Dazzling Disposable Cups,breakroom supplies,segA,4.0,19.0,33.63,134.52,76.0,58.52,8/31/2026,,,,,,,,
137,8/28/2026,136.0,12.0,Dazzling Custodians of Lakehaven,106.0,Sleek Resume Paper,  copy paper ,segB,66.0,48.0,61.44,4055.04,3168.0,887.04,8/31/2026,,,,,,,,
138,8/20/2026,335.0,12.0,Dazzling Custodians of Lakehaven,2.0,Glossy Party Napkins,paper & tissue,segA,9.0,32.344897959183676,38.57,347.13,261.0,86.13,8/21/2026,,,,,,,,
139,8/20/2026,335.0,12.0,Dazzling Custodians of Lakehaven,3.0,Sparkling Party Napkins,paper & tissue,segA,9.0,21.0,29.19,262.71,189.0,73.71,8/21/2026,,,,,,,,
140,8/20/2026,335.0,12.0,Dazzling Custodians of Lakehaven,4.0,Bright Bathroom Tissue,paper & tissue,segA,18.0,26.0,35.62,641.16,468.0,173.16,8/21/2026,,,,,,,,
141,8/20/2026,335.0,12.0,Dazzling Custodians of Lakehaven,6.0,Pristine Bathroom Tissue,paper & tissue,segA,17.0,19.0,28.5,484.5,323.0,161.5,,,,,,,,,
142,8/20/2026,335.0,12.0,  Dazzling Custodians of Lakehaven ,10.0,Pristine 2-Ply Toilet Paper,paper & tissue,segA,11.0,26.0,38.74,426.14,286.0,140.14,8/21/2026,,,,,,,,
143,8/20/2026,335.0,12.0,Dazzling Custodians of Lakehaven,13.0,Pristine Party Napkins,paper & tissue,segA,18.0,45.0,67.5,1215.0,810.0,37.8,8/21/2026,,,,,,,,
144,8/20/2026,335.0,12.0,Dazzling Custodians of Lakehaven,16.0,Dazzling Bathroom Tissue,paper & tissue,segA,11.0,42.0,60.9,669.9,462.0,207.9,8/21/2026,,,,,,,,
145,8/20/2026,335.0,12.0,Dazzling Custodians of Lakehaven,17.0,Glossy Lunch Napkins,paper & tissue,segA,14.0,31.0,42.16,590.24,434.0,156.24,8/21/2026,,,,,,,,
146,8/20/2026,335.0,12.0,Dazzling Custodians of Lakehaven,19.0,Fresh Party Napkins,paper & tissue,segA,16.0,45.0,65.25,1044.0,720.0,324.0,8/21/2026,,,,,,,,
147,8/20/2026,335.0,12.0,Dazzling Custodians of Lakehaven,65.0,Sparkling Citrus Cleaner,cleaning supplies,  segB ,2.0,20.0,34.6,69.2,40.0,29.2,8/21/2026,,,,,,,,
148,8/20/2026,335.0,12.0,Dazzling Custodians of Lakehaven,74.0,Pristine Energy Drinks,breakroom supplies,segA,4.0,15.0,30.3,121.2,60.0,61.2,8/21/2026,,,,,,,,
149,8/20/2026,335.0,12.0,Dazzling Custodians of Lakehaven,76.0,Immaculate Granola Bars,breakroom supplies,segA,112.0,10.0,15.0,1680.0,1120.0,560.0,8/21/2026,,,,,,,,
150,8/20/2026,335.0,12.0,Dazzling Custodians of Lakehaven,80.0,Spotless Instant Soups,breakroom supplies,segA,3.0,17.0,29.75,89.25,51.0,38.25,8/21/2026,,,,,,,,
151,8/20/2026,335.0,12.0,Dazzling Custodians of Lakehaven,85.0,Sparkling Microwave Popcorn,breakroom supplies,segA,82.0,12.0,18.0,1476.0,984.0,492.0,8/21/2026,,,,,,,,
152,8/20/2026,335.0,12.0,Dazzling Custodians of Lakehaven,89.0,Sparkling Disposable Cups,breakroom supplies,segA,5.0,21.0,44.73,223.65,105.0,118.65,8/21/2026,,,,,,,,
153,8/20/2026,335.0,12.0,Dazzling Custodians of Lakehaven,91.0,Glossy Microwave Popcorn,breakroom supplies,segA,3.0,29.0,51.29707511896669,179.22,87.0,92.22,8/21/2026,,,,,,,,
154,8/20/2026,335.0,12.0,Dazzling Custodians of Lakehaven,92.0,Glossy Instant Soups,breakroom supplies,segA,145.0,24.0,36.0,5220.0,3480.0,1740.0,8/21/2026,,,,,,,,
155,8/20/2026,335.0,12.0,Dazzling Custodians of Lakehaven,96.0,Dazzling Disposable Cups,breakroom supplies,segA,6.0,19.0,33.63,201.78,114.0,87.78,,,,,,,,,
156,8/20/2026,335.0,12.0,Dazzling Custodians of Lakehaven,112.0,Sparkling Letter Size Paper,copy paper,segB,8.0,46.0,51.29707511896669,607.2,368.0,239.2,8/21/2026,,,,,,,,
157,8/19/2026,363.0,12.0,Dazzling Custodians of Lakehaven,4.0,Bright Bathroom Tissue,paper & tissue,segA,25.0,26.0,35.62,890.5,650.0,240.5,8/20/2026,,,,,,,,
158,8/19/2026,363.0,12.0,Dazzling Custodians of Lakehaven,13.0,Pristine Party Napkins,paper & tissue,segA,17.0,45.0,67.5,1147.5,765.0,382.5,8/20/2026,,,,,,,,
159,8/19/2026,363.0,12.0,Dazzling Custodians of Lakehaven,16.0,Dazzling Bathroom Tissue,paper & tissue,segA,15.0,42.0,60.9,913.5,630.0,283.5,8/20/2026,,,,,,,,
160,8/19/2026,363.0,12.0,Dazzling Custodians of Lakehaven,27.0,Sparkling Sticky Notes,office products,segC,3.0,43.0,67.94,203.82,129.0,74.82,8/20/2026,,,,,,,,
161,8/19/2026,363.0,12.0,Dazzling Custodians of Lakehaven,51.0,Bright Glass Cleaner,cleaning supplies,segB,2.0,26.0,49.92,99.84,52.0,47.84,8/20/2026,,,,,,,,
162,8/19/2026,363.0,12.0,Dazzling Custodians of Lakehaven,65.0,Sparkling Citrus Cleaner,cleaning supplies,segB,1.0,20.0,34.6,34.6,20.0,14.6,8/20/2026,,,,,,,,
163,8/19/2026,363.0,12.0,Dazzling Custodians of Lakehaven,75.0,Fresh Microwave Popcorn,breakroom supplies,segA,2.0,18.0,34.74,69.48,36.0,33.48,20/08/2026,,,,,,,,
164,8/19/2026,363.0,12.0,Dazzling Custodians of Lakehaven,80.0,Spotless Instant Soups,breakroom supplies,segA,3.0,17.0,29.75,89.25,51.0,38.25,8/20/2026,,,,,,,,
165,8/19/2026,363.0,12.0,Dazzling Custodians of Lakehaven,85.0,Sparkling Microwave Popcorn,  breakroom supplies ,segA,82.0,12.0,18.0,1476.0,984.0,492.0,8/20/2026,,,,,,,,
166,8/19/2026,363.0,12.0,Dazzling Custodians of Lakehaven,91.0,Glossy Microwave Popcorn,breakroom supplies,segA,3.0,29.0,59.74,179.22,87.0,92.22,8/20/2026,,,,,,,,
167,19/08/2026,363.0,12.0,Dazzling Custodians of Lakehaven,94.0,Pristine Instant Soups,breakroom supplies,segA,7.0,7.0,13.72,96.04,49.0,47.04,8/20/2026,,,,,,,,
168,8/19/2026,363.0,12.0,Dazzling Custodians of Lakehaven,96.0,Dazzling Disposable Cups,breakroom supplies,segA,5.0,19.0,33.63,168.15,95.0,73.15,8/20/2026,,,,,,,,
169,8/19/2026,363.0,12.0,Dazzling Custodians of Lakehaven,106.0,Sleek Resume Paper,copy paper,segB,55.0,48.0,61.44,3379.2,63.0,739.2,8/20/2026,,,,,,,,
170,8/19/2026,363.0,12.0,Dazzling Custodians of Lakehaven,110.0,Pristine Cardstock,copy paper,segB,6.0,42.0,59.22,355.32,252.0,103.32,8/20/2026,,,,,,,,
171,8/19/2026,363.0,12.0,Dazzilng Custodians of Lakehaven,114.0,Glossy Recycled Paper,copy paper,segB,8.0,32.0,47.68,381.44,256.0,125.44,8/20/2026,,,,,,,,
172,8/19/2026,363.0,12.0,Dazzling Custodians of Lakehaven,115.0,Polished Glossy Photo Paper,copy paper,segB,2.0,59.0,98.53,197.06,118.0,79.06,,,,,,,,,
173,8/17/2026,408.0,12.0,Dazzling Custodians of Lakehaven,2.0,Glossy Party Napkins,paper & tissue,segA,2.0,29.0,38.57,424.27,319.0,105.27,8/18/2026,,,,,,,,
174,8/17/2026,408.0,12.0,Dazzling Custodians of Lakehaven,18.0,Pristine Lunch Napkins,paper & tissue,esgA,9.0,20.0,27.8,250.2,180.0,70.2,8/18/2026,,,,,,,,
175,17/08/2026,408.0,12.0,Dazzling Custodians of Lakehaven,19.0,Fersh Party Napkins,paper & tissue,segA,2.0,45.0,65.25,1239.75,855.0,384.75,8/18/2026,,,,,,,,
176,8/17/2026,408.0,12.0,Dazzling Custodians of Lakehaven,21.0,Glossy Facial Tissues,paper & tissue,,20.0,47.0,68.15,1363.0,940.0,423.0,8/18/2026,,,,,,,,
177,8/17/2026,408.0,12.0,Dazzling Custodians of Lakehaven,49.0,Sparkling Disinfectant Wipes,cleaning supplies,segB,2.0,32.344897959183676,38.01,76.02,42.0,34.02,8/18/2026,,,,,,,,
178,8/17/2026,408.0,12.0,Dazzling Custodians of Lakehaven,89.0,Sparkling Disposable Cups,breakroom supplies,segA,5.0,21.0,44.73,223.65,105.0,37.8,,,,,,,,,
179,8/17/2026,408.0,12.0,Dazzling Custodians of Lakehaven,91.0,Glossy Microwave Popcorn,breakroom supplies,segA,1.0,29.0,59.74,59.74,29.0,30.74,8/18/2026,,,,,,,,
180,8/17/2026,408.0,12.0,Dazzling Custodians of Lakehaven,92.0,Glossy Instant Soups,breakroom suplpies,segA,127.0,24.0,36.0,4572.0,3048.0,1524.0,8/18/2026,,,,,,,,
181,8/17/2026,408.0,12.0,Dazzling Custodians of Lakehaven,94.0,Pristine Instant Soups,breakroom supplies,segA,9.0,7.0,13.72,123.48,63.0,60.48,8/18/2026,,,,,,,,
182,8/17/2026,408.0,12.0,Dazzling Custodians of Lakehaven,95.0,Bright Disposable Cups,breakroom supplies,segA,1.0,13.0,24.44,24.44,13.0,11.44,8/18/2026,,,,,,,,
183,8/17/2026,408.0,12.0,Dazzling Custodians of Lakehaven,96.0,Dazzling Disposable Cups,breakroom supplies,segA,6.0,19.0,33.63,201.78,114.0,87.78,8/18/2026,,,,,,,,
184,8/13/2026,467.0,12.0,Dazzling Custodians of Lakehaven,4.0,Bright Bathroom Tissue,paper & tissue,segA,20.0,26.0,51.29707511896669,712.4,520.0,192.4,8/14/2026,,,,,,,,
185,8/13/2026,467.0,12.0,  Dazzling Custodians of Lakehaven ,6.0,Pristine Bathroom Tissue,paper & tissue,segA,17.0,19.0,28.5,484.5,323.0,161.5,8/14/2026,,,,,,,,
186,8/13/2026,467.0,12.0,Dazzling Custodians of Lakehaven,16.0,Dazzling Bathroom Tissue,paper & tissue,segA,12.0,42.0,60.9,730.8,504.0,226.8,8/14/2026,,,,,,,,
187,8/13/2026,467.0,12.0,Dazzling Custodians of Lakehaven,17.0,Glossy Lunch Napkins,paper & tissue,,8.0,31.0,42.16,337.28,248.0,89.28,8/14/2026,,,,,,,,
188,8/13/2026,467.0,12.0,Dazzling Custodians of Lakehaven,18.0,Pristine Lunch Napkins,paper & tissue,segA,11.0,20.0,27.8,305.8,220.0,85.8,8/14/2026,,,,,,,,
189,8/13/2026,467.0,12.0,Dazzling Custodians of Lakehaven,21.0,Glossy Facial Tissues,paper & tissue,segA,15.0,47.0,68.15,1022.25,705.0,317.25,8/14/2026,,,,,,,,
190,8/13/2026,467.0,12.0,Dazzling Custodians of Lakehaven,27.0,Sparkling Sticky Notes,office products,segC,2.0,43.0,67.94,67.94,43.0,24.94,8/14/2026,,,,,,,,
191,8/13/2026,467.0,12.0,Dazzling Custodians of Lakehaven,60.0,Polished Degreaser,cleaning supplies,segB,2.0,26.0,47.58,95.16,52.0,43.16,8/14/2026,,,,,,,,
192,8/13/2026,467.0,12.0,Dazzling Custodians of Lakehaven,74.0,Pristine Energy Drinks,breakroom supplies,sgeA,5.0,15.0,30.3,151.5,75.0,76.5,14/08/2026,,,,,,,,
193,8/13/2026,467.0,12.0,Dazzling Custodians of Lakehaven,76.0,Immaculate Granola Bars,breakroom supplies,segA,83.0,10.0,15.0,1245.0,830.0,415.0,8/14/2026,,,,,,,,
194,13/08/2026,467.0,12.0,Dazzling Custodians of Lakehaven,80.0,Spotless Instant Soups,breakroom supplies,segA,2.0,17.0,29.75,59.5,34.0,25.5,8/14/2026,,,,,,,,
195,8/13/2026,467.0,12.0,Dazzling Custodians of Lakehaven,85.0,Sparkling Microwave Popcorn,breakroom supplies,segA,138.0,12.0,18.0,2484.0,1656.0,828.0,8/14/2026,,,,,,,,
196,8/13/2026,467.0,12.0,Dazzling Custodians of Lakehaven,89.0,Sparkling Disposable Cups,breakroom supplies,segA,8.0,21.0,44.73,357.84,168.0,189.84,8/14/2026,,,,,,,,
197,8/13/2026,467.0,12.0,Dazzling Custodians of Lakehaven,92.0,Glossy Instant Soups,breakroom supplies,segA,2.0,24.0,36.0,2808.0,63.0,936.0,8/14/2026,,,,,,,,
198,8/13/2026,467.0,12.0,Dazzling Custodians of Lakehaven,96.0,Dazzling Disposable Cups,breakroom supplies,segA,6.0,32.344897959183676,33.63,201.78,114.0,87.78,8/14/2026,,,,,,,,
199,8/13/2026,467.0,12.0,Dazzling Custodians of Lakehaven,119.0,Immaculate Letter Size Paper,copy paper,segB,6.0,44.0,66.0,396.0,264.0,132.0,8/14/2026,,,,,,,,
200,8/12/2026,502.0,12.0,Dazzling Custodians of Lakehaven,4.0,Bright Bathroom Tissue,paper & tissue,segA,18.0,26.0,35.62,641.16,468.0,173.16,8/13/2026,,,,,,,,
201,8/12/2026,502.0,12.0,Dazzling Custodians of Lakehaven,6.0,Pristine Bathroom Tissue,paper & tissue,segA,14.0,19.0,28.5,399.0,266.0,133.0,8/13/2026,,,,,,,,
202,8/12/2026,502.0,12.0,DazzlingC ustodians of Lakehaven,13.0,Pristine Party Napkins,paper & tissue,segA,17.0,45.0,67.5,1147.5,765.0,382.5,8/13/2026,,,,,,,,
203,8/12/2026,502.0,12.0,Dazzling Custodians of Lakehaven,16.0,Dazzling Bathroom Tissue,paper & tissue,segA,10.0,42.0,60.9,609.0,420.0,189.0,8/13/2026,,,,,,,,
204,8/12/2026,502.0,12.0,Dazzling Custodians of Lakehaven,19.0,Fresh Party Napkins,paper & tsisue,segA,29.0,45.0,65.25,1892.25,1305.0,587.25,8/13/2026,,,,,,,,
205,8/12/2026,502.0,12.0,  Dazzling Custodians of Lakehaven ,21.0,Glossy Facial Tissues,paper & tissue,segA,17.0,47.0,68.15,1158.55,799.0,359.55,8/13/2026,,,,,,,,
206,8/12/2026,502.0,12.0,Dazzling Custodians of Lakehaven,51.0,Bright Glass Cleaner,cleaning supplies,segB,2.0,26.0,49.92,99.84,52.0,47.84,8/13/2026,,,,,,,,
207,8/12/2026,502.0,12.0,Dazzling Custodians of Lakehaven,54.0,Dazzling Floor Cleaner,cleaning supplies,segB,1.0,45.0,88.2,88.2,45.0,43.2,8/13/2026,,,,,,,,
208,8/12/2026,502.0,12.0,Dazzling Custodians of Lakehaven,55.0,Spotless Floor Cleaner,cleaning supplies,esgB,2.0,32.344897959183676,56.84,113.68,58.0,55.68,8/13/2026,,,,,,,,
209,8/12/2026,502.0,12.0,Dazzling Custodians of Lakehaven,56.0,Pristine Citrus Cleaner,cleaning supplies,segB,2.0,48.0,85.92,171.84,96.0,75.84,8/13/2026,,,,,,,,
210,8/12/2026,502.0,12.0,Dazzling Custodians of Lakehaven,74.0,Pristine Energy Drinks,breakroom supplies,segA,5.0,15.0,30.3,151.5,75.0,76.5,8/13/2026,,,,,,,,
211,12/8/2026,502.0,12.0,Dazzling Custodians of Lakehaven,88.0,Gleaming Coffee Beans,breakroom supplies,segA,4.0,18.0,31.32,125.28,72.0,53.28,8/13/2026,,,,,,,,
212,8/12/2026,502.0,12.0,Dazzling Custodians of Lakehaven,92.0,Glossy Instant Soups,breakroom supplies,,115.0,24.0,51.29707511896669,102.06,2760.0,1380.0,8/13/2026,,,,,,,,
213,8/12/2026,502.0,12.0,Dazzling Custodians of Lakehaven,96.0,Dazzling Disposable Cups,breakroom supplies,segA,4.0,19.0,33.63,134.52,76.0,58.52,8/13/2026,,,,,,,,
214,8/12/2026,502.0,12.0,Dazzling Custodians of Lakehaven,106.0,Sleek Resume Paper,copy paper,segB,98.0,48.0,61.44,6021.12,4704.0,1317.12,8/13/2026,,,,,,,,
215,8/12/2026,502.0,12.0,Dazzling Custodians of Lakehaven,119.0,Immaculate Letter Size Paper,copy paper,segB,9.0,44.0,66.0,594.0,396.0,198.0,8/13/2026,,,,,,,,
216,9/2/2026,,12.0,Dazzling Custodians of Lakehaven,80.0,Spotless Instant Soups,breakroom supplies,segA,2.0,17.0,29.75,59.5,34.0,25.5,9/3/2026,,,,,,,,
217,8/28/2026,137.0,13.0,Bright Providers of Maplefield,44.0,Gleaming Recycled Paper,office products,segD,1.0,34.0,62.9,62.9,34.0,28.9,8/31/2026,,,,,,,,
218,8/28/2026,137.0,13.0,Bright Providers of Maplefield,81.0,Polished Stirrers,breakroom supplies,segA,1.0,22.0,45.1,45.1,22.0,23.1,8/31/2026,,,,,,,,
219,8/28/2026,137.0,13.0,Bright Providers of Maplefield,87.0,Glossy Tea Selection,breakroom supplies,segA,1.0,11.0,20.13,20.13,11.0,9.13,8/31/2026,,,,,,,,
220,8/28/2026,137.0,13.0,Bright Providers of Maplefield,93.0,Gleaming Microwave Popcorn,breakroom supplies,segA,2.0,20.0,39.6,39.6,20.0,19.6,8/31/2026,,,,,,,,
221,8/28/2026,137.0,13.0,Bright Providers of Maplefield,96.0,Dazzling Disposable Cups,breakroom supplies,segA,35.0,19.0,28.5,997.5,665.0,332.5,8/31/2026,,,,,,,,
222,8/28/2026,137.0,13.0,Dazzling Custodians of Lakehaven,97.0,Sparkling Legal Size Paper,copy paper,segB,1.0,39.0,65.52,65.52,39.0,26.52,8/31/2026,,,,,,,,
223,8/28/2026,137.0,13.0,Bright Providers of Maplefield,117.0,Dazzling Graph Paper,copy paper,segB,1.0,51.0,84.15,84.15,51.0,33.15,,,,,,,,,
225,8/13/2026,468.0,13.0,Bright Providers of Maplefield,80.0,Spotless Instant Soups,breakroom supplies,segA,1.0,17.0,31.79,31.79,17.0,14.79,8/14/2026,,,,,,,,
226,8/13/2026,468.0,13.0,Bright Providers of Maplefield,81.0,Polished Stirrers,breakroom supplies,,1.0,22.0,45.1,45.1,22.0,23.1,8/14/2026,,,,,,,,
227,8/13/2026,468.0,13.0,Bright Providers of Maplefield,86.0,Dazzling Instant Soups,breakroom supplies,segA,2.0,16.0,34.24,68.48,32.0,36.48,8/14/2026,,,,,,,,
228,8/13/2026,468.0,13.0,Bright Providers of Maplefield,87.0,Glossy Tea Selection,breakroom supplies,  segA ,1.0,11.0,20.13,20.13,11.0,9.13,8/14/2026,,,,,,,,
229,8/13/2026,468.0,13.0,Bright Providers of Maplefield,102.0,Sleek Resume Paper,copy paper,segB,1.0,26.0,42.12,42.12,26.0,16.12,8/14/2026,,,,,,,,
230,8/13/2026,468.0,13.0,Bright Providers of Maplefield,116.0,Immaculate Legal Size Paper,copy paper,segB,1.0,59.0,86.14,86.14,59.0,27.14,8/14/2026,,,,,,,,
231,8/28/2026,,13.0,Bright Providers of Maplefield,102.0,Sleek Resume Paper,copy paper,segB,1.0,26.0,42.12,42.12,26.0,16.12,8/31/2026,,,,,,,,
232,8/25/2026,240.0,14.0,Fresh Stewards of Graniteridge,28.0,Immaculate Binder Clips,office products,segD,8.0,29.0,46.69,373.52,232.0,141.52,8/26/2026,,,,,,,,
233,8/25/2026,240.0,14.0,Fresh Stewards of Graniteridge,52.0,Spotless Air Freshener,cleaning supplies,sgeA,54.0,49.0,78.4,4233.6,2646.0,1587.6,8/26/2026,,,,,,,,
234,8/25/2026,240.0,14.0,Fresh Stewards of Graniteridge,53.0,Glossy Glass Cleaner,cleaning supplies,segA,7.0,32.344897959183676,67.68,473.76,252.0,221.76,8/26/2026,,,,,,,,
235,8/25/2026,240.0,14.0,Fresh Stewards of Graniteridge,65.0,Sparkling Citrus Cleaner,cleaning supplies,segA,24.0,20.0,32.4,777.6,480.0,297.6,8/26/2026,,,,,,,,
236,8/25/2026,240.0,14.0,Fresh Stewards of Graniteridge,70.0,Sleek Air Freshener,cleaning supplies,segA,8.0,33.0,53.46,427.68,264.0,163.68,8/26/2026,,,,,,,,
237,8/25/2026,240.0,14.0,Fresh Stewards of Graniteridge,71.0,Spotless Glass Cleaner,cleaning supplies,segA,2.0,31.0,54.87,1481.49,837.0,644.49,8/26/2026,,,,,,,,
238,8/25/2026,240.0,14.0,Fresh Stewards of Graniteridge,79.0,Immaculate Microwave Popcorn,breakroom supplies,segB,778.0,25.0,40.0,31120.0,19450.0,11670.0,8/26/2026,,,,,,,,
239,8/25/2026,240.0,14.0,Fresh Stewards of Graniteridge,86.0,Dazzling Instant Soups,breakroom supplies,segB,5.0,16.0,34.24,171.2,80.0,91.2,8/26/2026,,,,,,,,
240,8/24/2026,272.0,14.0,Fresh Stewards of Graniteridge,56.0,Pristine Citrus Cleaner,cleaning supplies,segA,30.0,48.0,85.92,2577.6,1440.0,1137.6,9/1/2026,,,,,,,,
241,8/24/2026,272.0,14.0,Fresh Stewards of Graniteridge,64.0,Bright Glass Cleaner,cleaning supplies,segA,34.0,32.0,55.04,1871.36,1088.0,783.36,9/1/2026,,,,,,,,
242,8/24/2026,272.0,14.0,Fres hStewards of Graniteridge,70.0,Sleek Air Freshener,cleaning supplies,segA,6.0,33.0,53.46,320.76,198.0,122.76,9/1/2026,,,,,,,,
243,8/24/2026,272.0,14.0,Fresh Stewards of Graniteridge,73.0,Spotless Creamers,breakroom supplies,segB,3.0,18.0,38.34,115.02,54.0,61.02,9/1/2026,,,,,,,,
244,8/24/2026,272.0,14.0,Fresh Stewards of Graniteridge,77.0,Sleek Disposable Cups,  breakroom supplies ,segB,9.0,25.0,51.25,461.25,225.0,236.25,9/1/2026,,,,,,,,
245,8/24/2026,272.0,14.0,Fresh Stewards of Graniteridge,91.0,Glossy Microwave Popcorn,  breakroom supplies ,segB,2.0,29.0,65.25,130.5,58.0,72.5,9/1/2026,,,,,,,,
246,8/24/2026,,14.0,Fresh Stewards of Graniteridge,52.0,Spotless Air Freshener,cleaning supplies,segA,47.0,49.0,78.4,3684.8,2303.0,1381.8,9/1/2026,,,,,,,,
247,8/17/2026,409.0,15.0,Spotless Cleaners of Valleyridge,25.0,Dazzling Binder Clips,office products,segA,1.0,45.0,58.95,58.95,45.0,13.95,18/08/2026,,,,,,,,
248,8/17/2026,409.0,15.0,Spotless Cleaners of Valleyridge,26.0,Radiant Sticky Notes,office products,segA,1.0,34.0,46.92,46.92,34.0,12.92,8/18/2026,,,,,,,,
249,8/17/2026,409.0,15.0,Spotless Cleaners of Valleyridge,29.0,Dazzling Paper Clips,office products,segA,1.0,37.0,54.76,54.76,37.0,17.76,8/18/2026,,,,,,,,
250,8/17/2026,409.0,15.0,Spotless Cleaners of Valleyridge,30.0,Immaculate Markers,office products,segA,5.0,28.0,38.64,193.2,140.0,53.2,8/18/2026,,,,,,,,
251,17/08/2026,409.0,15.0,Spotless Cleaners of Valleyridge,36.0,Glossy Staplers,office products,segA,2.0,50.0,75.0,150.0,100.0,50.0,8/18/2026,,,,,,,,
252,8/17/2026,409.0,15.0,Spotless Cleaners of Valleyridge,40.0,Immaculate Markers,office products,segA,5.0,34.0,46.58,232.9,170.0,62.9,8/18/2026,,,,,,,,
253,8/17/2026,409.0,15.0,Spotless Cleaners of Valleyridge,41.0,Dazzling File Folders,office products,segA,2.0,46.0,64.86,129.72,92.0,37.72,8/18/2026,,,,,,,,
254,8/17/2026,409.0,15.0,Spotless Cleaners of Valleyridge,42.0,Polished Markers,office products,segA,2.0,28.0,42.28,84.56,56.0,28.56,8/18/2026,,,,,,,,
255,8/17/2026,409.0,15.0,Spotless Cleaners of Valleyridge,45.0,Immaculate Staplers,office products,segA,2.0,50.0,80.0,160.0,100.0,60.0,8/18/2026,,,,,,,,
256,8/17/2026,409.0,15.0,Spotless Cleaners of Valleyridge,72.0,Gleaming Glass Cleaner,cleaning supplies,segD,1.0,23.0,44.85,44.85,23.0,21.85,8/18/2026,,,,,,,,
257,8/17/2026,409.0,15.0,Spotless Cleaners of Valleyridge,75.0,Fresh Microwave Popcorn,breakroom supplies,segA,2.0,18.0,37.44,74.88,36.0,38.88,8/18/2026,,,,,,,,
258,8/17/2026,409.0,15.0,Spotless Cleaners of Valleyridge,86.0,Dazzling Instant Soups,breakroom supplies,segA,2.0,16.0,28.96,57.92,32.0,25.92,8/18/2026,,,,,,,,
259,8/17/2026,409.0,15.0,Spotless Cleaners of Valleyridge,90.0,Dazzling Instant Soups,braekroom supplies,segA,37.0,24.0,36.0,1332.0,888.0,444.0,8/18/2026,,,,,,,,
260,8/17/2026,409.0,15.0,Spotless Cleaners of Valleyridge,92.0,Glossy Instant Soups,breakroom supplies,segA,2.0,24.0,43.2,86.4,48.0,38.4,8/18/2026,,,,,,,,
261,8/17/2026,409.0,15.0,Spotless Cleaners of Valleyridge,98.0,Radiant Glossy Photo Paper,copy paper,segA,45.0,23.0,28.98,1304.1,1035.0,269.1,8/18/2026,,,,,,,,
262,8/17/2026,409.0,15.0,Spotless Cleaners of Valleyridge,105.0,Pristine Graph Paper,copy paper,segA,4.0,52.0,80.08,320.32,208.0,112.32,8/18/2026,,,,,,,,
263,8/17/2026,409.0,15.0,Spotless Cleaners of Valleyridge,114.0,Glossy Recycled Paper,copy paper,segA,4.0,54.0,84.78,339.12,216.0,123.12,8/18/2026,,,,,,,,
264,8/17/2026,409.0,15.0,Spotless Cleaners of Valleyridge,117.0,Dazzling Graph Paper,copy paper,segA,32.0,51.0,59.67,1909.44,1632.0,277.44,8/18/2026,,,,,,,,
265,8/11/2026,529.0,15.0,Spotless Cleaners of Valleyridge,10.0,Pristine 2-Ply Toilet Paper,paper & tissue,segB,1.0,26.0,41.34,41.34,26.0,15.34,8/12/2026,,,,,,,,
266,8/11/2026,529.0,15.0,Spotless Cleaners of Valleyridge,17.0,Glossy Lunch Napkins,paper & tissue,segB,1.0,31.0,47.43,47.43,31.0,16.43,8/12/2026,,,,,,,,
267,8/11/2026,529.0,15.0,Spotless Cleaners of Valleyridge,30.0,Immaculate Markers,office products,  segA ,4.0,28.0,38.64,154.56,112.0,42.56,8/12/2026,,,,,,,,
268,8/11/2026,529.0,15.0,Spotless Cleaners of Valleyridge,36.0,Glossy Staplers,office products,segA,3.0,50.0,75.0,225.0,150.0,37.8,12/8/2026,,,,,,,,
269,8/11/2026,529.0,15.0,Spotless Cleaners of Valleyridge,39.0,Immaculate Sticky Notes,office products,segA,4.0,34.0,48.62,194.48,136.0,58.48,12/8/2026,,,,,,,,
270,8/11/2026,529.0,15.0,Spotless Cleaners of Valleyridge,40.0,Immaculate Markers,office products,segA,2.0,34.0,46.58,232.9,170.0,62.9,8/12/2026,,,,,,,,
271,8/11/2026,529.0,15.0,Spotless Cleaners of Valleyridge,41.0,Dazzling File Folders,office products,segA,1.0,46.0,64.86,64.86,46.0,18.86,8/12/2026,,,,,,,,
272,8/11/2026,529.0,15.0,Spotless Cleaners of Valleyridge,68.0,Dazzling Disinfectant Wipes,cleaning supplies,segD,1.0,54.0,112.86,112.86,54.0,58.86,8/12/2026,,,,,,,,
273,8/11/2026,529.0,15.0,Spotless Cleaners of Valleyridge,75.0,Fresh Microwave Popcorn,breakroom supplies,segA,1.0,18.0,37.44,37.44,18.0,19.44,8/12/2026,,,,,,,,
274,8/11/2026,529.0,15.0,Spotless Cleaners of Valleyridge,78.0,Glossy Creamers,breakroom supplies,segA,1.0,27.0,57.51,57.51,27.0,30.51,8/12/2026,,,,,,,,
275,8/11/2026,529.0,15.0,  Spotless Cleaners of Valleyridge ,80.0,Spotless Instant Soups,breakroom supplies,segA,1.0,17.0,31.79,31.79,17.0,14.79,8/12/2026,,,,,,,,
276,8/11/2026,529.0,15.0,Spotless Cleaners of Valleyridge,86.0,Dazzling Instant Soups,breakroom supplies,segA,2.0,16.0,28.96,57.92,32.0,25.92,8/12/2026,,,,,,,,
277,8/11/2026,529.0,15.0,Spotless Cleaners of Valleyridge,89.0,Sparkling Disposable Cups,breakroom supplies,segA,1.0,21.0,40.32,40.32,21.0,19.32,8/12/2026,,,,,,,,
278,8/11/2026,529.0,15.0,Spotless Cleaners of Valleyridge,99.0,Glossy Letter Size Paper,copy paper,segA,2.0,57.0,84.93,169.86,114.0,55.86,8/12/2026,,,,,,,,
279,8/11/2026,529.0,15.0,Spotless Cleaners of Valleyrigde,100.0,Dazzling Legal Siez Paper,copy paper,segA,4.0,24.0,33.84,135.36,96.0,39.36,8/12/2026,,,,,,,,
280,8/11/2026,529.0,15.0,Spotless Cleaners of Valleyridge,105.0,Pristine Graph Paper,copy paper,segA,3.0,52.0,80.08,240.24,63.0,84.24,8/12/2026,,,,,,,,
281,8/11/2026,529.0,15.0,Spotless Cleaners of Valleyridge,106.0,Sleek Resume Paper,  copy paper ,segA,3.0,48.0,69.6,208.8,144.0,64.8,8/12/2026,,,,,,,,
282,8/11/2026,529.0,15.0,Spotless Cleaners of Valleyridge,108.0,Dazzling Cardstock,copy paper,segA,1.0,21.0,27.51,27.51,21.0,6.51,8/12/2026,,,,,,,,
283,8/11/2026,529.0,15.0,Spotless Cleaners of Valleyridge,117.0,Dazzling Graph Paper,copy paper,segA,27.0,51.0,59.67,1611.09,1377.0,234.09,,,,,,,,,
284,8/10/2026,555.0,15.0,Spotless Cleaners of Valleyridge,4.0,Brihgt Bathroom Tissue,paper & tissue,segB,1.0,26.0,41.34,41.34,26.0,15.34,8/11/2026,,,,,,,,
285,8/10/2026,555.0,15.0,Spotless Cleaners of Valleyridge,5.0,Polished Kitchen Towels,paper & tissue,segB,1.0,35.0,54.6,54.6,35.0,19.6,8/11/2026,,,,,,,,
286,8/10/2026,555.0,15.0,Spotless Cleaners of Valleyridge,23.0,Dazzling Roll Paper Towels,paper & tissue,segB,1.0,40.0,62.8,62.8,40.0,22.8,8/11/2026,,,,,,,,
287,8/10/2026,555.0,15.0,Spotless Cleaners of Valleyridge,26.0,Radiant Sticky Notes,office products,segA,1.0,34.0,46.92,46.92,34.0,12.92,8/11/2026,,,,,,,,
288,8/10/2026,555.0,15.0,Spotless Cleaners of Valleyridge,29.0,Dazzling Paper Clips,,segA,2.0,37.0,54.76,109.52,74.0,35.52,8/11/2026,,,,,,,,
289,8/10/2026,555.0,15.0,Spotless Cleaners of Valleyridge,30.0,Immaculate Markers,office products,segA,3.0,28.0,38.64,102.06,84.0,31.92,8/11/2026,,,,,,,,
290,8/10/2026,555.0,15.0,Spotless Cleaners of Valleyridge,34.0,Radiant Staplers,office products,segA,6.0,24.0,36.24,217.44,144.0,37.8,8/11/2026,,,,,,,,
291,8/10/2026,555.0,15.0,Spotless Cleaners of Valleyridge,36.0,Glossy Staplers,office products,segA,4.0,50.0,75.0,300.0,200.0,100.0,8/11/2026,,,,,,,,
292,8/10/2026,555.0,15.0,Spotless Cleaners of Valleyridge,40.0,Immaculate Markers,,segA,3.0,34.0,46.58,139.74,102.0,37.74,,,,,,,,,
293,8/10/2026,555.0,15.0,Spotless Cleaners of Valleyridge,41.0,Dazzling File Folders,office products,segA,2.0,46.0,64.86,129.72,92.0,37.8,8/11/2026,,,,,,,,
294,8/10/2026,555.0,15.0,Spotless Cleaners of Valleyridge,42.0,  Polished Markers ,office products,esgA,3.0,28.0,42.28,126.84,84.0,42.84,8/11/2026,,,,,,,,
295,8/10/2026,555.0,15.0,Spotless Cleaners of Valleyridge,44.0,Gleaming Recycled Paper,office products,segA,3.0,34.0,48.96,146.88,102.0,44.88,8/11/2026,,,,,,,,
296,8/10/2026,555.0,15.0,Spotless Cleaners of Valleyridge,46.0,Spotless Desk Organizers,office products,segA,3.0,32.344897959183676,47.52,142.56,99.0,43.56,8/11/2026,,,,,,,,
297,10/8/2026,555.0,15.0,Spotless Cleaners of Valleyridge,75.0,Fresh Microwave Popcorn,breakroom supplies,segA,2.0,18.0,37.44,74.88,36.0,38.88,8/11/2026,,,,,,,,
298,8/10/2026,555.0,15.0,Spotless Cleaners of Valleyridge,78.0,Glossy Creamers,breakroom supplies,segA,1.0,27.0,51.29707511896669,57.51,63.0,37.8,8/11/2026,,,,,,,,
299,8/10/2026,555.0,15.0,Spotless Cleaners of Valleyridge,83.0,  Spotless Energy Drinks ,breakroom supplies,segA,1.0,26.0,48.1,48.1,63.0,22.1,8/11/2026,,,,,,,,
300,8/10/2026,555.0,15.0,Spotless Cleaners of Valleyridge,86.0,Dazzling Instant Soups,breakroom supplies,,1.0,16.0,28.96,28.96,16.0,12.96,8/11/2026,,,,,,,,
301,10/8/2026,555.0,15.0,Spotless Cleaners of Valleyridge,92.0,Glossy Instant Soups,breakroom supplies,segA,2.0,24.0,43.2,86.4,48.0,38.4,,,,,,,,,
302,8/10/2026,555.0,15.0,Spotless Cleaners of Valleyridge,94.0,  Pristine Instant Soups ,breakroom supplies,segA,1.0,7.0,51.29707511896669,14.35,7.0,7.35,8/11/2026,,,,,,,,
303,8/10/2026,555.0,15.0,Spotless Cleaners of Valleyridge,98.0,Radiant Glossy Photo Paper,copy paper,segA,40.0,23.0,51.29707511896669,1159.2,920.0,239.2,8/11/2026,,,,,,,,
304,8/10/2026,555.0,15.0,Spotless Cleaners of Valleyridge,99.0,Glossy Letter Size Paper,copy paper,segA,3.0,57.0,84.93,254.79,171.0,83.79,8/11/2026,,,,,,,,
305,8/10/2026,555.0,15.0,Spotless Cleaners of Valleyridge,100.0,Dazzling Legal Size Paper,copy paper,segA,4.0,24.0,33.84,135.36,96.0,39.36,8/11/2026,,,,,,,,
306,8/10/2026,555.0,15.0,Spotless Cleaners of Valleyridge,104.0,Gleaming Glossy Photo Paper,copy paper,segA,2.0,52.0,51.29707511896669,163.28,104.0,59.28,8/11/2026,,,,,,,,
307,8/10/2026,555.0,15.0,Spotless Cleaners of Valleyridge,114.0,Glossy Recycled Paper,copy paper,segA,5.0,54.0,84.78,423.9,270.0,153.9,8/11/2026,,,,,,,,
308,8/10/2026,,15.0,Spotless Cleaners of Valleyridge,105.0,Pristine Graph Paper,copy paper,segA,2.0,52.0,80.08,160.16,104.0,56.16,8/11/2026,,,,,,,,
309,8/31/2026,103.0,17.0,Immaculate Servicers of Mapleport,1.0,Sleek Party Napkins,paper & tissue,segA,3.0,29.0,40.31,120.93,87.0,33.93,9/1/2026,,,,,,,,
310,8/31/2026,103.0,17.0,Immaculate Servicers of Mapleport,7.0,Gleaming Bathroom Tissue,paper & tissue,segA,6.0,16.0,23.84,143.04,96.0,47.04,9/1/2026,,,,,,,,
311,8/31/2026,103.0,17.0,Immaculate Servicers of Mapleport,8.0,Bright Party Napkins,paper & tissue,segA,3.0,50.0,65.0,195.0,150.0,45.0,9/1/2026,,,,,,,,
312,8/31/2026,103.0,17.0,Immaculate Servicers of Mapleport,12.0,Immaculate Roll Paper Towels,paper & tissue,segA,3.0,44.0,58.08,174.24,132.0,42.24,9/1/2026,,,,,,,,
313,8/31/2026,103.0,17.0,Immaculate Servicers of Mapleport,16.0,Dazzling Bathroom Tissue,paper & tissue,segA,4.0,42.0,54.6,218.4,168.0,50.4,1/9/2026,,,,,,,,
314,8/31/2026,103.0,17.0,Immaculate Servicers of Mapleport,19.0,Fresh Party Napkins,paper & tissue,segA,2.0,45.0,63.0,126.0,90.0,36.0,9/1/2026,,,,,,,,
315,8/31/2026,103.0,17.0,Immaculate Servicers of Mapleport,22.0,Sparkling Pocket Tissues,paper & tissue,segA,6.0,41.0,61.09,366.54,246.0,120.54,9/1/2026,,,,,,,,
316,8/31/2026,103.0,17.0,  Immaculate Servicers of Mapleport ,32.0,Bright Desk Organizers,office products,segA,2.0,44.0,57.64,115.28,88.0,27.28,9/1/2026,,,,,,,,
317,8/31/2026,103.0,17.0,Immaculate Servicers of Mapleport,48.0,Fresh Desk Organizers,office products,segA,2.0,29.0,45.82,91.64,58.0,37.8,1/9/2026,,,,,,,,
318,8/31/2026,103.0,17.0,Immaculate Servicers of Mapleport,54.0,Dazzling Floor Cleaner,cleaning supplies,segB,1.0,45.0,76.95,76.95,45.0,31.95,9/1/2026,,,,,,,,
319,8/24/2026,273.0,17.0,Immaculate Servicers of Mapleport,1.0,Sleek Party Napkins,paper & tissue,segA,1.0,29.0,40.31,40.31,29.0,11.31,9/8/2026,,,,,,,,
320,8/24/2026,273.0,17.0,Immaculate Servicers of Mapleport,7.0,Gleaming Bathroom Tissue,paper & tissue,segA,3.0,16.0,23.84,71.52,63.0,23.52,9/8/2026,,,,,,,,
321,24/08/2026,273.0,17.0,Immaculate Servicers of Mapleport,12.0,Immaculate Roll Paper Towels,paper & tissue,segA,2.0,44.0,58.08,116.16,88.0,28.16,9/8/2026,,,,,,,,
322,8/24/2026,273.0,17.0,Immacualte Servicers of Mapleport,13.0,Prisitne Party Napkins,paper & tissue,segA,4.0,45.0,67.05,268.2,180.0,88.2,9/8/2026,,,,,,,,
323,8/24/2026,273.0,17.0,Immaculate Servicers of Mapleport,20.0,Gleaming Roll Paper Towels,paper & tissue,segA,33.0,28.0,51.29707511896669,1108.8,924.0,184.8,9/8/2026,,,,,,,,
324,8/24/2026,273.0,17.0,Immaculate Servicers of Mapleport,23.0,Dazzling Roll Paper Towels,paper & tissue,segA,4.0,40.0,55.6,222.4,160.0,62.4,9/8/2026,,,,,,,,
325,8/24/2026,273.0,17.0,Immaculate Servicers of Mapleport,31.0,Polished Highlighters,office products,segA,1.0,17.0,51.29707511896669,24.65,17.0,7.65,9/8/2026,,,,,,,,
326,8/24/2026,273.0,17.0,Immaculate Servicers of Mapleport,34.0,Radiant Staplers,office products,segA,5.0,24.0,32.16,160.8,120.0,40.8,9/8/2026,,,,,,,,
327,8/24/2026,273.0,17.0,Immaculate Servicers of Mapleport,36.0,Glossy Staplers,office products,segA,1.0,50.0,73.0,73.0,50.0,23.0,9/8/2026,,,,,,,,
328,8/24/2026,273.0,17.0,Immaculate Servicers of Mapleport,62.0,Glossy Air Freshener,cleaning supplies,segB,2.0,32.344897959183676,36.2,36.2,20.0,16.2,9/8/2026,,,,,,,,
329,8/24/2026,273.0,17.0,Immaculate Servicers of Mapleport,72.0,Gleaming Glass Cleaner,cleaning supplies,  segB ,1.0,23.0,45.31,45.31,23.0,22.31,9/8/2026,,,,,,,,
330,8/24/2026,273.0,17.0,Immaculate Servicers of Mapleport,85.0,Sparkling Microwave Popcorn,breakroom supplies,segD,1.0,12.0,23.76,23.76,12.0,11.76,9/8/2026,,,,,,,,
331,9/2/2026,57.0,18.0,Bright Suppliers of Cedarfield,32.0,Bright Desk Organizers,office products,segB,18.0,44.0,73.92,1330.56,792.0,538.56,9/3/2026,,,,,,,,
332,9/2/2026,57.0,18.0,Bright Suppliers of Cedarfield,40.0,Immaculate Markers,office products,  segB ,14.0,34.0,52.7,737.8,476.0,261.8,9/3/2026,,,,,,,,
333,9/2/2026,57.0,18.0,Bright Suppliers of Cedarfield,95.0,Bright Disposable Cups,breakroom supplies,segD,1.0,13.0,26.91,26.91,13.0,13.91,9/3/2026,,,,,,,,
334,9/2/2026,57.0,18.0,Bright Suppliers of Cedarfield,98.0,Radiant Glossy Photo Paper,copy paper,segA,86.0,23.0,29.9,2571.4,1978.0,593.4,9/3/2026,,,,,,,,
335,9/2/2026,57.0,18.0,Bright Suppliers of Cedarfield,99.0,Glossy Letter Size Paper,copy paper,segA,75.0,57.0,79.8,5985.0,4275.0,1710.0,9/3/2026,,,,,,,,
336,9/2/2026,57.0,18.0,Bright Suppliers of Cedarfield,106.0,Sleek Resume Paper,copy paper,segA,63.0,48.0,72.48,4566.24,3024.0,1542.24,9/3/2026,,,,,,,,
337,9/2/2026,57.0,18.0,Bright Suppliers of Cedarfield,108.0,Dazzling Cardstock,copy paper,  segA ,82.0,21.0,32.97,2703.54,1722.0,981.54,9/3/2026,,,,,,,,
338,9/2/2026,57.0,18.0,Bright Suppliers of Cedarfield,115.0,Polished Glossy Photo Paper,copy paper,segA,437.0,59.0,66.08,28876.96,25783.0,3093.96,9/3/2026,,,,,,,,
339,9/2/2026,57.0,18.0,Bright Suppliers of Cedarfield,120.0,Sparkling Letter Size Paper,copy paper,segA,71.0,45.0,63.0,4473.0,3195.0,1278.0,9/3/2026,,,,,,,,
340,21/08/2026,302.0,18.0,Bright Supplier sof Cedarfield,101.0,Radiant Colored Paper,copy paper,segA,33.0,60.0,82.8,2732.4,1980.0,752.4,8/24/2026,,,,,,,,
341,8/21/2026,302.0,18.0,Bright Suppliers of Cedarfield,108.0,Dazzlign Cardstock,copy paper,segA,105.0,21.0,32.97,102.06,2205.0,1256.85,8/24/2026,,,,,,,,
342,8/21/2026,302.0,18.0,Bright Suppliers of Cedarfield,113.0,Polished Recycled Paper,copy paper,segA,2.0,36.0,49.32,1775.52,1296.0,479.52,8/24/2026,,,,,,,,
343,8/21/2026,302.0,18.0,Bright Suppliers of Cedarfield,118.0,Sparkling Cardstock,copy paper,segA,81.0,37.0,55.5,4495.5,2997.0,1498.5,8/24/2026,,,,,,,,
344,8/20/2026,336.0,18.0,Bright Suppliers of Cedarfield,101.0,Radiant Colored Paper,copy paper,segA,42.0,60.0,82.8,3477.6,2520.0,957.6,8/21/2026,,,,,,,,
345,8/20/2026,336.0,18.0,Bright Suppliers of Cedarfield,106.0,Sleek Resume Paper,copy paper,segA,67.0,48.0,72.48,4856.16,3216.0,1640.16,8/21/2026,,,,,,,,
346,8/20/2026,336.0,18.0,Bright Suppliers of Cedarfield,108.0,Dazzling Cardstock,copy paper,segA,66.0,21.0,32.97,2176.02,1386.0,790.02,8/21/2026,,,,,,,,
347,8/20/2026,336.0,18.0,Bright Suppliers of Cedarfield,113.0,Polished Recycled Paper,copy paper,segA,29.0,36.0,49.32,1430.28,1044.0,386.28,8/21/2026,,,,,,,,
348,8/20/2026,336.0,18.0,Bright Suppliers of Cedarfield,115.0,Polished Glossy Photo Paper,copy paper,segA,258.0,59.0,66.08,17048.64,15222.0,1826.64,8/21/2026,,,,,,,,
349,8/20/2026,336.0,18.0,Bright Suppliers of Cedarfield,120.0,Sparkling Letter Size Paper,copy paper,segA,120.0,32.344897959183676,51.29707511896669,7560.0,5400.0,2160.0,21/08/2026,,,,,,,,
350,14/08/2026,435.0,18.0,Bright Suppliers of Cedarfield,43.0,Fresh File Folders,,segB,22.0,50.0,75.0,1650.0,1100.0,550.0,8/17/2026,,,,,,,,
351,8/14/2026,435.0,18.0,Bright Suppliers of Cedarfield,97.0,Sparkling Legal Size Paper,copy paper,  segA ,36.0,39.0,55.38,1993.68,1404.0,589.68,8/17/2026,,,,,,,,
352,8/14/2026,435.0,18.0,Bright Suppliers of Cedarfield,101.0,Radiant Colored Paper,copy paper,segA,23.0,60.0,82.8,1904.4,1380.0,524.4,8/17/2026,,,,,,,,
353,8/14/2026,435.0,18.0,Bright Suppliers of Cedarfield,106.0,Sleek Resume Paper,copy paper,segA,55.0,48.0,72.48,3986.4,2640.0,1346.4,17/08/2026,,,,,,,,
354,14/08/2026,435.0,18.0,Bright Suppliers of Cedarfield,113.0,Polished Recycled Paepr,copy paper,segA,34.0,36.0,49.32,1676.88,1224.0,452.88,8/17/2026,,,,,,,,
355,8/14/2026,435.0,18.0,Bright Suppliers of Cedarfield,118.0,Sparkling Cardstock,copy paper,segA,80.0,37.0,55.5,4440.0,2960.0,1480.0,8/17/2026,,,,,,,,
356,31/08/2026,104.0,19.0,Spotless Janitors of Bayville,1.0,Sleek Party Napkins,paper & tissue,segA,2.0,29.0,37.7,75.4,58.0,17.4,9/1/2026,,,,,,,,
357,8/31/2026,104.0,19.0,Spotless Janitors of Bayville,10.0,Pristine 2-Ply Toilet Paper,paper & tissue,segA,5.0,26.0,37.44,187.2,130.0,57.2,9/1/2026,,,,,,,,
358,8/31/2026,104.0,19.0,Spotless Janitors of Bayville,13.0,Pristine Party Napkins,paper & tissue,segA,6.0,45.0,64.35,386.1,270.0,116.1,9/1/2026,,,,,,,,
359,8/31/2026,104.0,19.0,Spotless Janitors of Bayville,17.0,Glossy Lunch Napkins,paper & tissue,segA,12.0,31.0,37.2,446.4,372.0,74.4,9/1/2026,,,,,,,,
360,8/31/2026,104.0,19.0,Spotless Janitors of Bayville,22.0,Sparkling Pocket Tissues,paper & tissue,segA,24.0,41.0,47.56,1141.44,984.0,157.44,9/1/2026,,,,,,,,
361,8/31/2026,104.0,19.0,Spotless Janitors of Bayville,23.0,Dazzling Roll Paper Towels,paper & tissue,segA,6.0,40.0,52.4,314.4,240.0,74.4,9/1/2026,,,,,,,,
362,8/31/2026,104.0,19.0,Spotless Janitors of Bayville,51.0,Bright Glass Cleaner,cleaning supplies,segA,1.0,26.0,43.16,43.16,26.0,17.16,9/1/2026,,,,,,,,
363,8/31/2026,104.0,19.0,Spotless Janitors of Bayville,52.0,Spotless Air Freshener,cleaning supplies,segA,1.0,49.0,79.38,79.38,49.0,30.38,9/1/2026,,,,,,,,
364,8/31/2026,104.0,19.0,Spotless Janitors of Bayville,58.0,Spotless Floor Cleaner,cleaning supplies,segA,1.0,31.0,52.08,52.08,31.0,21.08,9/1/2026,,,,,,,,
365,8/31/2026,104.0,19.0,Spotless Janitors of Bayville,60.0,Polished Degreaser,cleaning supplies,segA,1.0,26.0,43.68,43.68,26.0,17.68,9/1/2026,,,,,,,,
366,8/31/2026,104.0,19.0,Spotless Janitors of Bayville,63.0,Polished Glass Cleaner,cleaning supplies,segA,2.0,42.0,76.02,152.04,84.0,68.04,9/1/2026,,,,,,,,
367,8/31/2026,104.0,19.0,  Spotless Janitors of Bayville ,64.0,Bright Glass Cleaner,cleaning supplies,segA,1.0,32.0,52.48,52.48,32.0,20.48,,,,,,,,,
368,8/31/2026,104.0,19.0,Spotless Janitors of Bayville,68.0,Dazzling Disinfectant Wipes,cleaning supplies,segA,2.0,54.0,95.58,191.16,108.0,83.16,9/1/2026,,,,,,,,
369,8/31/2026,104.0,19.0,Spotless Janitors of Bayville,82.0,Pristine Granola Bars,,segA,1.0,26.0,53.04,53.04,26.0,27.04,9/1/2026,,,,,,,,
370,8/31/2026,104.0,19.0,Spotless Janitors of Bayville,84.0,Sparkling Creamers,breakroom spuplies,segA,1.0,18.0,32.58,32.58,18.0,14.58,9/1/2026,,,,,,,,
371,8/31/2026,104.0,19.0,Spotless Janitors of Bayville,88.0,Gleaming Coffee Beans,breakroom spuplies,segA,1.0,18.0,38.16,38.16,18.0,20.16,9/1/2026,,,,,,,,
372,8/31/2026,104.0,19.0,Spotless Janitors of Bayville,92.0,Glossy Instant Soups,breakroom supplies,segA,1.0,24.0,50.4,50.4,24.0,26.4,9/1/2026,,,,,,,,
373,8/31/2026,104.0,19.0,Spotless Janitors of Bayville,93.0,Gleaming Microwave Popcorn,breakroom supplies,segA,1.0,20.0,39.0,39.0,20.0,19.0,9/1/2026,,,,,,,,
374,8/31/2026,104.0,19.0,  Spotless Janitors of Bayville ,96.0,Dazzling Disposable Cups,breakroom supplies,segA,1.0,19.0,40.66,40.66,19.0,21.66,9/1/2026,,,,,,,,
375,8/31/2026,104.0,19.0,Spotless Janitors of Bayville,107.0,Radiant Glossy Photo Paper,copy paper,segA,4.0,58.0,87.58,350.32,232.0,118.32,9/1/2026,,,,,,,,
376,8/31/2026,104.0,19.0,Spotless Janitors of Bayville,109.0,Immaculate Resume Paper,copy paper,segA,6.0,31.0,49.29,102.06,186.0,109.74,9/1/2026,,,,,,,,
377,8/31/2026,104.0,19.0,Spotless Janitors of Bayville,112.0,Sparkling Letter Size Paper,copy paper,segA,3.0,46.0,72.68,218.04,138.0,80.04,9/1/2026,,,,,,,,
378,8/31/2026,104.0,19.0,Spotless Janitors of Bayville,116.0,Immaculate Legal Size Paper,  copy paper ,segA,2.0,59.0,86.73,173.46,118.0,55.46,9/1/2026,,,,,,,,
379,8/31/2026,104.0,19.0,Spotless Janitors of Bayville,118.0,Sparkling Cardstock,copy paper,segA,10.0,37.0,44.03,440.3,370.0,70.3,9/1/2026,,,,,,,,
381,8/12/2026,503.0,19.0,Spotless Janitors of Bayville,1.0,Sleek Party Napkins,paper & tissue,segA,1.0,29.0,37.7,37.7,29.0,8.7,8/13/2026,,,,,,,,
382,8/12/2026,503.0,19.0,Spotless Janitors of Bayville,2.0,Glossy Party Napkins,paper & tissue,segA,4.0,29.0,41.18,164.72,116.0,48.72,8/13/2026,,,,,,,,
383,8/12/2026,503.0,19.0,Spotless Janitors of Bayville,6.0,Pristine Bathroom Tissue,paper & tissue,segA,4.0,19.0,25.08,100.32,76.0,24.32,8/13/2026,,,,,,,,
384,8/12/2026,503.0,19.0,Spotless Janitors of Bayville,10.0,Pristine 2-Ply Toilet Paper,paper & tissue,segA,3.0,26.0,37.44,112.32,78.0,34.32,8/13/2026,,,,,,,,
385,8/12/2026,503.0,19.0,Spotless Janitors of Bayville,16.0,Dazzling Bathroom Tissue,paper & tissue,segA,1.0,42.0,56.28,56.28,42.0,14.28,8/13/2026,,,,,,,,
386,8/12/2026,503.0,19.0,Spotless Janitors of Bayville,21.0,Glossy Facial Tissues,paper & tissue,segA,3.0,47.0,51.29707511896669,102.06,141.0,45.12,8/13/2026,,,,,,,,
387,8/12/2026,503.0,19.0,Spotless Janitors of Bayville,22.0,Sparkling Pocket Tissues,paper & tissue,segA,2.0,41.0,47.56,713.4,615.0,98.4,8/13/2026,,,,,,,,
388,8/12/2026,503.0,19.0,Spotless Janitors of Bayville,61.0,Pristine Degreaser,cleaning supplies,segA,1.0,50.0,94.5,94.5,50.0,44.5,8/13/2026,,,,,,,,
389,8/12/2026,503.0,19.0,Spotless Janitors of Bayville,71.0,Spotless Glass Cleaner,cleaning supplies,segA,2.0,31.0,57.97,115.94,62.0,53.94,8/13/2026,,,,,,,,
390,8/12/2026,503.0,19.0,Spotless Janitors of Bayville,74.0,Pristine Energy Drinks,breakroom supplies,segA,1.0,15.0,26.7,26.7,15.0,11.7,8/13/2026,,,,,,,,
391,8/12/2026,503.0,19.0,Spotless Janitors of Bayville,83.0,Spotless Energy Drinks,  breakroom supplies ,segA,1.0,26.0,46.8,46.8,26.0,20.8,8/13/2026,,,,,,,,
392,8/12/2026,503.0,19.0,Spotless Janitors of Bayville,84.0,Sparkling Creamers,breakroom supplies,segA,1.0,18.0,32.58,32.58,18.0,14.58,8/13/2026,,,,,,,,
393,8/12/2026,503.0,19.0,Spotless Janitors of Bayville,88.0,Gleaming Coffee Beans,breakroom supplies,segA,1.0,18.0,38.16,38.16,18.0,20.16,8/13/2026,,,,,,,,
394,8/12/2026,503.0,19.0,Spotless Janitors of Bayville,89.0,Sparkling Disposable Cups,breakroom supplies,segA,1.0,21.0,40.53,40.53,21.0,19.53,8/13/2026,,,,,,,,
395,8/12/2026,503.0,19.0,Spotless Janitors of Bayville,90.0,Dazzling Instant Soups,breakroom supplies,segA,13.0,24.0,36.0,102.06,312.0,156.0,13/08/2026,,,,,,,,
396,8/12/2026,503.0,19.0,Spotless Janitors of Bayville,96.0,Dazzling Disposable Cups,breakroom supplies,segA,1.0,19.0,40.66,40.66,19.0,21.66,8/13/2026,,,,,,,,
397,12/8/2026,503.0,19.0,Spotless Janitors of Bayville,99.0,Glossy Letter Size Paper,,segA,1.0,57.0,88.92,88.92,57.0,31.92,8/13/2026,,,,,,,,
398,8/12/2026,503.0,19.0,Spotless Janitors of Bayville,103.0,Spotless Colored Paper,copy paper,segA,5.0,45.0,69.3,346.5,225.0,121.5,8/13/2026,,,,,,,,
399,8/12/2026,503.0,19.0,Spotless Janitors of Bayville,109.0,Immaculate Resume Paper,copy paper,segA,5.0,31.0,49.29,246.45,155.0,91.45,8/13/2026,,,,,,,,
400,8/12/2026,503.0,19.0,Spotless Janitors of Bayville,110.0,Pristine Cardstock,,segA,5.0,42.0,55.44,277.2,210.0,67.2,8/13/2026,,,,,,,,
401,8/12/2026,503.0,19.0,Spotless Janitors of Bayville,113.0,Polished Recycled Paper,copy paper,segA,4.0,36.0,46.8,187.2,144.0,43.2,13/08/2026,,,,,,,,
402,8/26/2026,209.0,20.0,Spotless Janitors of Bayville,16.0,Dazzling Bathroom Tissue,paper & tissue,segA,10.0,42.0,57.96,579.6,420.0,159.6,8/27/2026,,,,,,,,
403,8/26/2026,209.0,20.0,Radiant Janitors of Lakeburg,17.0,Glossy Lunch Napkins,paper & tissue,segA,9.0,31.0,44.33,398.97,279.0,119.97,27/08/2026,,,,,,,,
404,8/26/2026,209.0,20.0,Radiant Janitors of Lakeburg,26.0,Radiant Sticky Notes,office products,segC,2.0,34.0,56.1,112.2,68.0,44.2,8/27/2026,,,,,,,,
405,8/26/2026,209.0,20.0,Radiant Janitors of Lakeburg,40.0,Immaculate Markers,office products,segC,1.0,34.0,53.38,53.38,34.0,19.38,8/27/2026,,,,,,,,
406,8/26/2026,209.0,20.0,Radiant Janitors of Lakeburg,52.0,Spotless Air Freshener,cleaning supplies,segB,2.0,49.0,92.61,185.22,98.0,37.8,8/27/2026,,,,,,,,
407,8/26/2026,209.0,20.0,Radiant Janitors of Lakeburg,72.0,Gleaming Glass Cleaner,cleaning supplies,segB,2.0,23.0,40.25,80.5,46.0,34.5,8/27/2026,,,,,,,,
408,8/26/2026,209.0,20.0,Radiant Janitors of Lakeburg,73.0,Spotless Creamers,breakroom supplies,segA,6.0,18.0,33.12,198.72,108.0,90.72,8/27/2026,,,,,,,,
409,8/26/2026,209.0,20.0,Radiant Janitors of Lakeburg,75.0,Fresh Microwave Popcorn,breakroom supplies,segA,4.0,18.0,35.1,140.4,72.0,68.4,8/27/2026,,,,,,,,
410,8/26/2026,209.0,20.0,Radiant Janitors of Lakeburg,79.0,Immaculate MicrowaveP opcorn,breakroom supplies,segA,4.0,25.0,44.0,176.0,100.0,76.0,8/27/2026,,,,,,,,
411,8/26/2026,209.0,20.0,Radiant Janitors of Lakeburg,88.0,Gleaming Coffee Beans,breakroom supplies,segA,49.0,18.0,27.0,1323.0,882.0,441.0,8/27/2026,,,,,,,,
412,8/26/2026,209.0,20.0,Radiant Janitors of Lakeburg,89.0,Sparkling Disposable Cups,breakroom supplies,segA,4.0,21.0,38.64,154.56,84.0,70.56,8/27/2026,,,,,,,,
413,8/24/2026,274.0,20.0,Radiant Janitors of Lakeburg,2.0,Glossy Party Napkins,paper & tissue,segA,11.0,29.0,42.05,462.55,319.0,143.55,8/25/2026,,,,,,,,
414,8/24/2026,274.0,20.0,Radiant Janitors of Lakeburg,4.0,Bright Bathroom Tissue,paper & tissue,segA,7.0,26.0,34.84,243.88,182.0,61.88,8/25/2026,,,,,,,,
415,8/24/2026,274.0,20.0,Radiant Janitor sof Lakeburg,7.0,Gleaming Bathroom Tissue,paper & tissue,segA,14.0,16.0,23.04,322.56,224.0,98.56,8/25/2026,,,,,,,,
416,8/24/2026,274.0,20.0,Radiant Janitors of Lakeburg,12.0,Immaculate Roll Paper Towels,paper & tissue,segA,26.0,44.0,62.04,1613.04,1144.0,469.04,8/25/2026,,,,,,,,
417,8/24/2026,274.0,20.0,Radiant Janitors of Lakeburg,16.0,Dazzling Bathroom Tissue,paper & tissue,segA,11.0,42.0,57.96,637.56,462.0,175.56,8/25/2026,,,,,,,,
418,8/24/2026,274.0,20.0,  Radiant Janitors of Lakeburg ,17.0,Glossy Lunch Napkins,paper & tissue,segA,6.0,31.0,44.33,265.98,186.0,79.98,8/25/2026,,,,,,,,
419,8/24/2026,274.0,20.0,Radiant Janitors of Lakeburg,18.0,Pristine Lunch Napkins,paper & tissue,segA,8.0,20.0,28.6,228.8,160.0,68.8,8/25/2026,,,,,,,,
420,8/24/2026,274.0,20.0,Radiant Janitors of Lakeburg,19.0,Fresh Party Napkins,paper & tissue,  segA ,14.0,45.0,51.29707511896669,844.2,630.0,214.2,8/25/2026,,,,,,,,
421,24/08/2026,274.0,20.0,Radiant Janitors of Lakeburg,83.0,Spotless Energy Drinks,breakroom supplies,segA,9.0,26.0,46.8,421.2,234.0,187.2,8/25/2026,,,,,,,,
422,8/24/2026,274.0,20.0,Radiant Janitors of Lakeburg,86.0,Dazzling Instant Soups,breakroom supplies,segA,9.0,16.0,33.44,300.96,63.0,156.96,8/25/2026,,,,,,,,
423,8/24/2026,274.0,20.0,Radiant Janitors of Lakeburg,88.0,Gleaming Coffee Beans,breakroom supplies,segA,38.0,32.344897959183676,27.0,1026.0,684.0,342.0,8/25/2026,,,,,,,,
424,8/24/2026,274.0,20.0,Radiant Janitors of Lakeburg,89.0,Sparkling Disposable Cups,breakroom supplies,segA,5.0,21.0,38.64,193.2,105.0,88.2,8/25/2026,,,,,,,,
425,8/24/2026,274.0,20.0,Radiant Janitors of Lakeburg,92.0,Glossy Instant Soups,breakroom supplies,segA,2.0,24.0,44.4,88.8,48.0,40.8,8/25/2026,,,,,,,,
426,8/24/2026,274.0,20.0,Radiant Janitors of Lakeburg,95.0,Bright Disposable Cups,breakroom supplies,segA,5.0,13.0,25.61,128.05,65.0,63.05,8/25/2026,,,,,,,,
427,8/20/2026,337.0,20.0,Radiant Janitors of Lakeburg,4.0,Bright Bathroom Tissue,paper & tissue,segA,4.0,26.0,34.84,139.36,104.0,35.36,8/21/2026,,,,,,,,
428,8/20/2026,337.0,20.0,Radiant Janitors of Lakeburg,12.0,Immaculate Roll Paper Towels,paper & tissue,  segA ,23.0,44.0,62.04,1426.92,1012.0,414.92,8/21/2026,,,,,,,,
429,8/20/2026,337.0,20.0,Radiant Janitors of Lakeburg,16.0,Dazzling Bathroom Tissue,paper & tissue,  segA ,6.0,42.0,57.96,347.76,252.0,95.76,8/21/2026,,,,,,,,
430,8/20/2026,337.0,20.0,Radiant Janitors of Lakeburg,17.0,Glossy Lunch Napkins,paper & tissue,segA,7.0,31.0,44.33,310.31,217.0,93.31,8/21/2026,,,,,,,,
431,8/20/2026,337.0,20.0,Radiant Janitors of Lakeburg,19.0,Fresh Party Napkins,paper & tissue,segA,7.0,45.0,60.3,422.1,315.0,107.1,8/21/2026,,,,,,,,
432,8/20/2026,337.0,20.0,Radiant Janitors of Lakeburg,52.0,Spotless Air Freshener,cleaning supplies,segB,4.0,49.0,92.61,370.44,196.0,174.44,8/21/2026,,,,,,,,
433,8/20/2026,337.0,20.0,Radiant Janitors of Lakeburg,73.0,Spotless Creamers,breakroom supplies,segA,9.0,18.0,33.12,298.08,162.0,136.08,8/21/2026,,,,,,,,
434,8/20/2026,337.0,20.0,Radiant Janitors of Lakeburg,83.0,Spotless Energy Drinks,breakroom supplies,segA,5.0,26.0,46.8,234.0,130.0,104.0,21/08/2026,,,,,,,,
435,8/20/2026,337.0,20.0,Radiant Janitors of Lakeburg,88.0,Gleaming Coffee Beans,breakroom supplies,segA,42.0,18.0,27.0,1134.0,756.0,378.0,21/08/2026,,,,,,,,
436,8/20/2026,337.0,20.0,Radiant Janitors of Lakeburg,92.0,Glossy Instant Soups,breakroom supplies,segA,2.0,24.0,51.29707511896669,88.8,48.0,40.8,8/21/2026,,,,,,,,
437,8/20/2026,337.0,20.0,Radiant Janitors of Lakeburg,96.0,Dazzling Disposable Cups,breakroom supplies,segA,5.0,32.344897959183676,36.29,181.45,95.0,86.45,8/21/2026,,,,,,,,
438,8/26/2026,,20.0,Radiant Janitors of Lakeburg,59.0,Spotless All-Purpose Cleaner,cleaning supplies,segB,1.0,47.0,87.42,87.42,47.0,40.42,8/27/2026,,,,,,,,
440,8/27/2026,174.0,21.0,Glossy Keepers of Canyonburg,58.0,Spotless Floor Cleaner,cleaning supplies,segB,1.0,31.0,59.21,59.21,31.0,28.21,8/28/2026,,,,,,,,
441,8/27/2026,174.0,21.0,Glossy Keepers of Canyonburg,62.0,Glossy Air Freshener,cleaning supplies,segB,1.0,20.0,38.8,38.8,20.0,18.8,8/28/2026,,,,,,,,
442,8/27/2026,174.0,21.0,Glossy Keepers of Canyonburg,94.0,Pristine Instant Soups,breakroom supplies,segC,1.0,7.0,13.72,13.72,7.0,6.72,8/28/2026,,,,,,,,
443,8/10/2026,556.0,21.0,Glossy Keepers of Canyonburg,59.0,Spotless All-Purpose Cleaner,cleaning supplies,segB,1.0,47.0,86.48,86.48,47.0,39.48,8/11/2026,,,,,,,,
444,8/10/2026,556.0,21.0,  Glossy Keepers of Canyonburg ,94.0,Pristine Instant Soups,breakroom supplies,segC,1.0,7.0,13.72,13.72,7.0,6.72,8/11/2026,,,,,,,,
445,8/10/2026,556.0,21.0,Glossy Keepers of Canyonburg,96.0,Dazzling Disposable Cups,breakroom supplies,segC,1.0,19.0,40.47,40.47,19.0,21.47,8/11/2026,,,,,,,,
446,8/10/2026,557.0,22.0,Dazzling Stewards of Rivercrest,30.0,Immaculate Markers,office products,segC,1.0,28.0,43.96,43.96,28.0,15.96,8/11/2026,,,,,,,,
447,10/8/2026,557.0,22.0,Dazzling Stewards of Rivercrest,58.0,Spotless Floor Cleaner,cleaning supplies,segA,2.0,31.0,51.46,102.92,63.0,40.92,8/11/2026,,,,,,,,
448,8/10/2026,557.0,22.0,Dazzling Stewards of Rivercrest,66.0,Radiant Glass Cleaner,cleaning supplies,segA,1.0,21.0,34.23,34.23,21.0,13.23,8/11/2026,,,,,,,,
449,8/10/2026,557.0,22.0,Dazzling Stewards of Rivercrest,67.0,Sleek Citrus Cleaner,,segA,1.0,39.0,68.25,102.06,63.0,29.25,8/11/2026,,,,,,,,
450,8/10/2026,557.0,22.0,Dazzling Stewards of Rivercrest,68.0,Dazzling Disinfectant Wipes,cleaning supplies,segA,2.0,54.0,99.36,198.72,108.0,90.72,8/11/2026,,,,,,,,
451,8/10/2026,557.0,22.0,Dazzling Stewrads of Rivercrest,69.0,Gleaming Degreaser,cleaning supplies,segA,1.0,27.0,47.52,47.52,27.0,20.52,8/11/2026,,,,,,,,
452,8/10/2026,557.0,22.0,Dazzling Stewards of Rivercrest,86.0,Dazzling Instant Soups,breakroom supplies,segB,1.0,16.0,34.08,34.08,16.0,18.08,8/11/2026,,,,,,,,
453,8/10/2026,557.0,22.0,Dazzling Stewards of Rivercrest,116.0,Immaculate Legal Size Paper,copy paper,segC,1.0,59.0,88.5,88.5,59.0,29.5,8/11/2026,,,,,,,,
454,9/3/2026,28.0,23.0,Dazzling Sanitizers of Canyonwood,3.0,Sparkling Party Napkins,paper & tissue,segB,1.0,21.0,30.24,30.24,21.0,9.24,9/18/2026,,,,,,,,
455,9/3/2026,28.0,23.0,Dazzling Sanitizers of Canyonwood,15.0,Sparkling 2-Ply Toilet Paper,  paper & tissue ,segB,1.0,43.0,65.36,65.36,43.0,22.36,9/18/2026,,,,,,,,
456,9/3/2026,28.0,23.0,Dazzling Sanitizers of Canyonwood,19.0,Fresh Party Napkins,paper & tissue,segB,1.0,45.0,68.85,68.85,45.0,23.85,9/18/2026,,,,,,,,
457,9/3/2026,28.0,23.0,Dazzling Sanitizers of Canyonwood,26.0,Radiant Sticky Notes,office products,segA,4.0,32.344897959183676,45.9,183.6,136.0,47.6,9/18/2026,,,,,,,,
458,9/3/2026,28.0,23.0,Dazzling Sanitizers of Canyonwood,35.0,Dazzling Staplers,office products,segA,3.0,27.0,40.23,120.69,81.0,39.69,9/18/2026,,,,,,,,
459,9/3/2026,28.0,23.0,Dazzling Sanitizers of Canyonwood,38.0,Radiant Pens,office products,segA,3.0,17.0,27.2,81.6,51.0,30.6,9/18/2026,,,,,,,,
460,9/3/2026,28.0,23.0,Dazzling Sanitizers of Canyonwood,45.0,Immaculate Staplers,office products,segA,1.0,50.0,73.0,73.0,63.0,23.0,9/18/2026,,,,,,,,
461,3/9/2026,28.0,23.0,Dazzling Sanitizers of Canyonwood,46.0,Spotless Desk Organizers,office products,segA,1.0,33.0,50.49,50.49,33.0,17.49,9/18/2026,,,,,,,,
462,9/3/2026,28.0,23.0,Dazzling Sanitizers of Canyonwood,49.0,Sparkling Disinfectant Wipes,cleaning supplies,segA,20.0,21.0,30.03,600.6,420.0,180.6,9/18/2026,,,,,,,,
463,9/3/2026,28.0,23.0,Dazzling Sanitizers of Canyonwood,53.0,Glossy Glass Cleaner,cleaning supplies,segA,1.0,36.0,64.08,64.08,36.0,28.08,9/18/2026,,,,,,,,
464,9/3/2026,28.0,23.0,Dazzling Sanitizers of Canyonwood,54.0,Dazzling Floor Cleaner,cleaning supplies,segA,2.0,45.0,72.45,144.9,90.0,54.9,9/18/2026,,,,,,,,
465,9/3/2026,28.0,23.0,Dazzling Sanitizers of Canyonwood,59.0,Spotless All-Purpose Cleaner,cleaning supplies,segA,2.0,47.0,86.48,172.96,94.0,78.96,9/18/2026,,,,,,,,
466,9/3/2026,28.0,23.0,Dazzling Sanitizers of Canyonwood,60.0,Polished Degreaser,cleaning supplies,segA,2.0,26.0,48.36,96.72,52.0,44.72,9/18/2026,,,,,,,,
467,9/3/2026,28.0,23.0,Dazzling Saintizers of Canyonwood,61.0,Pristine Degreaser,cleaning supplies,segA,3.0,50.0,93.0,279.0,150.0,129.0,,,,,,,,,
468,9/3/2026,28.0,23.0,Dazzling Sanitizers of Canyonwood,73.0,Spotless Creamers,breakroom supplies,segC,1.0,18.0,37.8,37.8,18.0,19.8,9/18/2026,,,,,,,,
469,9/3/2026,28.0,23.0,  Dazzling Sanitizers of Canyonwood ,113.0,Polished Recycled Paper,copy paper,segC,1.0,36.0,55.44,55.44,36.0,19.44,9/18/2026,,,,,,,,
471,31/08/2026,105.0,24.0,Dazzling Stewards of Harborport,51.0,Bright Glass Cleaner,cleaning supplies,segA,3.0,26.0,48.88,146.64,78.0,68.64,,,,,,,,,
472,8/31/2026,105.0,24.0,Dazzling Stewards of Harborport,52.0,Spotless Air Freshener,cleaning supplies,segA,11.0,49.0,85.26,937.86,539.0,398.86,9/1/2026,,,,,,,,
473,8/31/2026,105.0,24.0,  Dazzling Stewards of Harborport ,53.0,Glossy Glass Cleaner,cleaning supplies,segA,9.0,36.0,64.08,576.72,324.0,252.72,9/1/2026,,,,,,,,
474,8/31/2026,105.0,24.0,Dazzling Stewards of Harborport,56.0,Pristine Citrus Cleaner,cleaning supplies,segA,1.0,48.0,77.76,77.76,48.0,29.76,9/1/2026,,,,,,,,
475,8/31/2026,105.0,24.0,Dazzling Stewards of Harborport,61.0,Pristine Degreaser,cleaning suppiles,segA,3.0,32.344897959183676,90.5,271.5,150.0,37.8,9/1/2026,,,,,,,,
476,8/31/2026,105.0,24.0,Dazzling Stewards of Harborport,64.0,Bright Glass Cleaner,cleaning supplies,segA,6.0,32.0,51.2,307.2,192.0,115.2,9/1/2026,,,,,,,,
477,31/08/2026,105.0,24.0,Dazlzing Stewards of Harborport,65.0,Sparkling Citrus Cleaner,cleaning supplies,segA,6.0,20.0,34.6,207.6,120.0,87.6,9/1/2026,,,,,,,,
478,8/31/2026,105.0,24.0,Dazzling Stewards of Harborport,92.0,Glossy Instant Soups,braekroom supplies,segC,1.0,24.0,51.29707511896669,50.64,24.0,26.64,9/1/2026,,,,,,,,
479,8/31/2026,105.0,24.0,Dazzling Stewards of Harborport,110.0,Pristine Cardstock,copy paper,segA,15.0,42.0,51.29707511896669,837.9,630.0,207.9,9/1/2026,,,,,,,,
480,8/31/2026,105.0,24.0,Dazzling Stewards of Harborport,112.0,Sparkling Letter Size Paper,copy paper,segA,17.0,46.0,60.72,1032.24,782.0,250.24,9/1/2026,,,,,,,,
481,8/10/2026,558.0,24.0,Dazzling Stewards of Harborport,13.0,Pristine Party Napkins,paper & tissue,segD,2.0,45.0,74.7,149.4,90.0,59.4,8/11/2026,,,,,,,,
482,8/10/2026,558.0,24.0,Dazzling Stewards of Harborport,51.0,Bright Glass Cleaner,cleaning supplies,segA,3.0,26.0,48.88,146.64,78.0,68.64,8/11/2026,,,,,,,,
483,8/10/2026,558.0,24.0,Dazzling Stewards of Harborport,53.0,Glossy Glass Cleaner,cleaning supplies,segA,6.0,36.0,64.08,384.48,216.0,168.48,8/11/2026,,,,,,,,
484,8/10/2026,558.0,24.0,Dazzling Stewards of Harborport,64.0,Bright Glass Cleaner,cleaning supplies,segA,9.0,32.0,51.2,460.8,288.0,172.8,11/8/2026,,,,,,,,
485,8/10/2026,558.0,24.0,Dazzling Stewards of Harborport,65.0,Sparkling Citrus Cleaner,cleaning supplies,segA,9.0,20.0,34.6,311.4,180.0,131.4,8/11/2026,,,,,,,,
486,8/10/2026,558.0,24.0,Dazzling Stewards of Harborport,91.0,Glossy Microwave Popcorn,breakroom supplies,segC,1.0,29.0,62.93,62.93,29.0,33.93,8/11/2026,,,,,,,,
487,8/10/2026,558.0,24.0,Dazzling Stewards of Harborport,102.0,Sleek Resume Paper,copy paper,  segA ,10.0,26.0,37.18,371.8,260.0,111.8,8/11/2026,,,,,,,,
488,8/10/2026,558.0,24.0,Dazzling Stewards of Harborport,110.0,Pristine Cardstock,copy paper,segA,14.0,42.0,55.86,782.04,588.0,194.04,8/11/2026,,,,,,,,
489,8/31/2026,106.0,25.0,Sparkling Sanitizers of Granitedale,53.0,Glossy Glass Cleaner,cleaning supplies,segA,1.0,36.0,61.92,61.92,36.0,25.92,9/1/2026,,,,,,,,
490,8/31/2026,106.0,25.0,Sparkling Sanitizers of Granitedale,55.0,Spotless Floor Cleaner,  cleaning supplies ,segA,1.0,29.0,48.72,48.72,29.0,19.72,9/1/2026,,,,,,,,
491,8/31/2026,106.0,25.0,Sparkling Sanitizers of Granitedale,60.0,Polished Degreaser,cleaning supplies,segA,1.0,26.0,51.29707511896669,46.54,26.0,20.54,9/1/2026,,,,,,,,
492,8/31/2026,106.0,25.0,Sparkling Sanitizers of Granitedale,69.0,Gleaming Degreaser,cleaning supplies,segA,1.0,27.0,48.6,48.6,27.0,21.6,9/1/2026,,,,,,,,
493,8/31/2026,106.0,25.0,Sparkling Sanitizers of Granitedale,89.0,Sparkling Disposable Cups,breakroom supplies,segD,1.0,21.0,47.46,47.46,21.0,26.46,9/1/2026,,,,,,,,
494,8/31/2026,106.0,25.0,Sparkling Sanitizers of Granitedale,116.0,Immaculate Legal Size Paper,copy paper,segB,1.0,59.0,84.96,84.96,59.0,25.96,9/1/2026,,,,,,,,
495,8/20/2026,338.0,25.0,Sparkling Sanitizers of Granitedale,53.0,Glossy Glass Cleaner,cleaning supplies,segA,1.0,36.0,61.92,61.92,36.0,25.92,8/21/2026,,,,,,,,
496,8/20/2026,338.0,25.0,Sparkling Sanitizers of Granitedale,60.0,Polished Degreaser,cleaning supplies,segA,1.0,26.0,51.29707511896669,46.54,26.0,20.54,8/21/2026,,,,,,,,
497,8/20/2026,338.0,25.0,Sparkling Sanitizers of Granitedale,69.0,Gleaming Degreaser,cleaning supplies,segA,1.0,27.0,48.6,48.6,27.0,21.6,8/21/2026,,,,,,,,
498,8/20/2026,338.0,25.0,Sparkling Sanitizers of Granitedale,97.0,Sparkling Legal Size Paper,copy paper,  segB ,1.0,39.0,62.4,62.4,39.0,23.4,8/21/2026,,,,,,,,
499,8/27/2026,175.0,26.0,Spotless Providers of Harborport,28.0,Immaculate Binder Clips,office proudcts,segA,1.0,29.0,40.89,40.89,29.0,11.89,9/11/2026,,,,,,,,
500,8/27/2026,175.0,26.0,Spotless Providers of Harborport,29.0,Dazzling Paper Clips,,segA,1.0,37.0,54.76,54.76,37.0,17.76,9/11/2026,,,,,,,,
501,8/27/2026,175.0,26.0,Spotless Providers of Harborport,31.0,Polished Highlighters,office products,segA,1.0,17.0,26.01,26.01,17.0,9.01,9/11/2026,,,,,,,,
502,8/27/2026,175.0,26.0,Spotless Providers of Harborport,42.0,Polished Markers,office products,segA,4.0,28.0,42.84,171.36,112.0,59.36,11/9/2026,,,,,,,,
503,8/27/2026,175.0,26.0,Spotless Providers of Harborport,44.0,Gleaming Recycled Paper,office products,segA,2.0,32.344897959183676,54.4,108.8,68.0,40.8,9/11/2026,,,,,,,,
504,8/27/2026,175.0,26.0,Spotless Providers of Harborport,68.0,Dazzling Disinfectant Wipes,cleaning supplies,segC,1.0,54.0,105.3,105.3,54.0,51.3,9/11/2026,,,,,,,,
505,8/27/2026,175.0,26.0,Spotless Providers of Harborport,86.0,Dazzling Instant Soups,breakroom supplies,segC,1.0,16.0,30.88,30.88,16.0,14.88,9/11/2026,,,,,,,,
506,27/08/2026,175.0,26.0,Spotless Providers of Harborport,95.0,Bright Disposable Cups,  breakroom supplies ,segC,1.0,13.0,25.87,25.87,13.0,12.87,9/11/2026,,,,,,,,
507,8/27/2026,175.0,26.0,Spotless Providers of Harborport,112.0,Sparkling Letter Size Paper,copy paper,segB,1.0,46.0,69.46,69.46,46.0,23.46,11/9/2026,,,,,,,,
508,8/12/2026,504.0,26.0,Spotless Providers of Harborport,28.0,Immaculate Binder Clips,office products,segA,1.0,29.0,40.89,40.89,29.0,11.89,8/13/2026,,,,,,,,
509,8/12/2026,504.0,26.0,Spotless Providers of Harborport,32.0,Bright Desk Organizers,office products,segA,3.0,44.0,65.12,195.36,132.0,63.36,8/13/2026,,,,,,,,
510,8/12/2026,504.0,26.0,Spotless Providers of Harborport,46.0,Spotless Desk Organizers,office products,segA,1.0,33.0,52.8,52.8,33.0,19.8,8/13/2026,,,,,,,,
511,8/12/2026,504.0,26.0,Spotless Providers of Harborport,53.0,Glossy Glass Cleaner,cleaning supplies,segC,1.0,36.0,61.92,61.92,36.0,25.92,8/13/2026,,,,,,,,
512,8/12/2026,504.0,26.0,Spotless Providers of Harborport,95.0,Bright Disposable Cups,breakroom supplies,segC,1.0,13.0,25.87,25.87,13.0,12.87,8/13/2026,,,,,,,,
514,8/27/2026,,26.0,Spotless Providers of Harborport,114.0,Glossy Recycled Paper,copy paper,,1.0,54.0,83.16,83.16,54.0,29.16,9/11/2026,,,,,,,,
515,8/12/2026,,26.0,Spotless Providers of Harborport,43.0,Fresh File Folders,office products,segA,5.0,50.0,76.5,382.5,63.0,132.5,,,,,,,,,
516,8/28/2026,138.0,27.0,Sparkling Servicers of Valleyfield,2.0,Glossy Party Napkins,paper & tissue,segC,1.0,29.0,41.76,41.76,29.0,12.76,8/31/2026,,,,,,,,
517,8/28/2026,138.0,27.0,Sparkling Servicers of Valleyfield,7.0,Gleaming Bathroom Tissue,paper & tissue,segC,1.0,16.0,23.68,23.68,16.0,7.68,31/08/2026,,,,,,,,
518,8/28/2026,138.0,27.0,Sparkling Servicers of Valleyfield,20.0,Gleaming Roll Paper Towels,paper & tissue,segC,1.0,28.0,39.48,102.06,28.0,11.48,8/31/2026,,,,,,,,
519,28/08/2026,138.0,27.0,Sparkling Servicers of Valleyfield,77.0,Sleek Disposable Cups,breakroom supplies,segD,1.0,25.0,58.25,58.25,25.0,33.25,8/31/2026,,,,,,,,
520,8/28/2026,138.0,27.0,Sparkling Servicers of Valleyfield,80.0,Spotless Instant Soups,breakroom supplies,segD,1.0,17.0,34.68,34.68,17.0,17.68,8/31/2026,,,,,,,,
521,8/28/2026,138.0,27.0,Sparkling Servicers of Valleyfield,102.0,Sleek Resume Paper,copy paper,segA,2.0,26.0,34.58,69.16,52.0,17.16,8/31/2026,,,,,,,,
522,8/28/2026,138.0,27.0,Sparkling Servicers of Valleyfield,,,copy paper,segA,4.0,52.0,82.16,328.64,208.0,120.64,8/31/2026,,,,,,,,
523,8/28/2026,138.0,27.0,Sparkling Servicers of Valleyfield,110.0,Pristine Cardstock,copy paper,segA,5.0,42.0,65.52,327.6,210.0,117.6,8/31/2026,,,,,,,,
524,9/1/2026,78.0,28.0,Pristine Keepers of Lakeridge,11.0,Fresh Lunch Napkins,paper & tissue,segC,6.0,21.0,31.92,191.52,126.0,65.52,9/2/2026,,,,,,,,
525,9/1/2026,78.0,28.0,Pristine Keepers of Lakeridge,12.0,Immaculate Roll Paper Towels,paper & tissue,segC,6.0,44.0,63.8,382.8,264.0,118.8,2/9/2026,,,,,,,,
526,9/1/2026,78.0,28.0,Pristine Keepers of Lakeridge,20.0,Gleaming Roll Paper Towels,paper & tissue,segC,2.0,28.0,40.88,81.76,56.0,25.76,9/2/2026,,,,,,,,
527,9/1/2026,78.0,28.0,Pristine Keepers of Lakeridge,50.0,Bright Glass Cleaner,,,14.0,23.0,38.87,544.18,322.0,222.18,9/2/2026,,,,,,,,
528,9/1/2026,78.0,28.0,Pristine Keepers of Lakeridge,51.0,Bright Glass Cleaner,claening supplies,segA,13.0,26.0,45.24,588.12,338.0,250.12,9/2/2026,,,,,,,,
529,9/1/2026,78.0,28.0,Pristine Keepers of Lakeridge,66.0,Radiant Glass Cleaner,cleaning supplies,segA,14.0,21.0,34.44,482.16,294.0,188.16,9/2/2026,,,,,,,,
530,9/1/2026,78.0,28.0,Pristine Keepers of Lakeridge,72.0,Gleaming Glass Cleaner,cleaning supplies,sgeA,14.0,23.0,42.09,589.26,322.0,267.26,9/2/2026,,,,,,,,
531,9/1/2026,78.0,28.0,Pristine Keepers of Lakeridge,87.0,Glossy Tea Selection,breakroom supplies,segB,2.0,11.0,21.67,43.34,22.0,21.34,9/2/2026,,,,,,,,
533,8/28/2026,139.0,28.0,Pristine Keepers of Lakeridge,20.0,Gleaming Roll Paper Towels,paper & tissue,segC,2.0,28.0,40.88,81.76,56.0,37.8,8/31/2026,,,,,,,,
534,8/28/2026,139.0,28.0,Pristine Keepers of Lakeridge,50.0,Bright Glass Cleaner,cleaning supplies,,11.0,23.0,38.87,427.57,253.0,174.57,8/31/2026,,,,,,,,
535,8/28/2026,139.0,28.0,Pristine Keepers of Lakeridge,56.0,Pristine Citrus Cleaner,cleaning supplies,segA,13.0,48.0,83.52,1085.76,624.0,461.76,8/31/2026,,,,,,,,
536,8/28/2026,139.0,28.0,Pristine Keepers of Lakeridge,59.0,Spotless All-Purpose Cleaner,cleaning supplies,segA,14.0,47.0,85.07,1190.98,658.0,532.98,8/31/2026,,,,,,,,
537,8/28/2026,139.0,28.0,Pristine Keepers of Lakeridge,64.0,Bright Glass Cleaner,cleaning supplies,segA,13.0,32.0,51.2,665.6,416.0,249.6,8/31/2026,,,,,,,,
538,8/28/2026,139.0,28.0,Pristine Keepers of Lakeridge,66.0,Radiant Glass Cleaner,cleaning supplies,segA,2.0,21.0,34.44,413.28,252.0,161.28,8/31/2026,,,,,,,,
539,8/28/2026,139.0,28.0,Pristine Keepers of Lakeridge,70.0,Sleek Air Freshener,cleaning supplies,segA,3.0,33.0,57.75,173.25,99.0,74.25,8/31/2026,,,,,,,,
540,8/28/2026,139.0,28.0,Pristine Keepers of Lakeridge,87.0,Glossy Tea Selection,breakroom supplies,segB,2.0,11.0,21.67,43.34,22.0,21.34,8/31/2026,,,,,,,,
541,8/28/2026,139.0,28.0,Pristine Keepers of Lakeridge,96.0,Dazzling Disposable Cups,breakroom supplies,segB,1.0,19.0,42.56,42.56,19.0,23.56,8/31/2026,,,,,,,,
542,8/21/2026,303.0,28.0,Pristine Keepers of Lakeridge,51.0,Bright Glass Cleaner,cleaning supplies,segA,9.0,26.0,45.24,407.16,234.0,173.16,8/24/2026,,,,,,,,
543,8/21/2026,303.0,28.0,Pristine Keepers of Lakeridge,59.0,Spotless All-Purpose Cleaner,cleaning supplies,,13.0,47.0,85.07,1105.91,611.0,494.91,8/24/2026,,,,,,,,
544,8/21/2026,303.0,28.0,Pristine Keepers of Lakeridge,64.0,Bright Glass Cleaner,cleaning supplies,segA,9.0,32.0,51.2,460.8,288.0,172.8,8/24/2026,,,,,,,,
545,8/21/2026,303.0,28.0,Pristine Keepers of Lakeridge,72.0,Gleaming Glass Cleaner,cleaning supplies,,14.0,23.0,42.09,589.26,322.0,267.26,8/24/2026,,,,,,,,
546,8/21/2026,303.0,28.0,Prisitne Keepers of Lakeridge,87.0,Glossy Tea Selection,breakroom supplies,segB,2.0,11.0,21.67,43.34,22.0,21.34,24/08/2026,,,,,,,,
547,8/21/2026,303.0,28.0,Pristine Keepers of Lakeridge,88.0,Gleaming Coffee Beans,breakroom supplies,segB,2.0,18.0,34.02,68.04,36.0,32.04,8/24/2026,,,,,,,,
548,8/21/2026,303.0,28.0,Pristine Keepers of Lakeridge,120.0,Sparkling Letter Size Paper,copy paper,segC,1.0,45.0,74.7,74.7,45.0,29.7,8/24/2026,,,,,,,,
549,9/1/2026,,28.0,Pristine Keepers of Lakeridge,18.0,Pristine Lunch Napkins,paper & tissue,segC,5.0,20.0,29.4,147.0,100.0,47.0,9/2/2026,,,,,,,,
550,8/21/2026,304.0,29.0,Pristine Wholesalers of Mounthaven,63.0,Polished Glass Cleaner,cleaning supplies,  segC ,1.0,42.0,82.32,82.32,42.0,40.32,8/24/2026,,,,,,,,
551,8/21/2026,304.0,29.0,Pristine Wholesalers of Mounthaven,117.0,Dazzling Graph Paper,copy paper,,1.0,51.0,88.74,88.74,51.0,37.74,8/24/2026,,,,,,,,
552,9/2/2026,58.0,30.0,Fresh Facilities of Forestville,19.0,Fresh Party Napkins,paper & tissue,segB,2.0,45.0,63.45,126.9,90.0,36.9,9/3/2026,,,,,,,,
553,9/2/2026,58.0,30.0,Fresh Facilities of Forestville,30.0,Immaculate Markers,office products,segA,4.0,28.0,44.8,179.2,112.0,67.2,9/3/2026,,,,,,,,
554,9/2/2026,58.0,30.0,Fresh Facilities of Forestville,78.0,Glossy Creamers,breakroom supplies,segB,1.0,27.0,58.32,102.06,27.0,31.32,9/3/2026,,,,,,,,
555,9/1/2026,79.0,30.0,Fresh Facilities of Forestville,11.0,  Fresh Lunch Napkins ,paper & tissue,segB,1.0,21.0,30.87,30.87,21.0,9.87,9/2/2026,,,,,,,,
556,9/1/2026,79.0,30.0,Fresh Facilities of Forestville,14.0,Spotless Pocket Tissues,paper & tissue,segB,2.0,20.0,30.4,60.8,40.0,20.8,9/2/2026,,,,,,,,
557,9/1/2026,79.0,30.0,Fresh Facilities of Forestville,29.0,Dazzling Paper Clips,office products,segA,4.0,37.0,55.5,222.0,63.0,74.0,9/2/2026,,,,,,,,
558,9/1/2026,79.0,30.0,Fresh Facilities of Forestville,32.0,Bright Desk Organizers,office products,segA,1.0,32.344897959183676,61.16,61.16,44.0,17.16,9/2/2026,,,,,,,,
559,9/1/2026,79.0,30.0,Fresh Facilities of Forestville,34.0,Radiant Staplers,office products,segA,1.0,32.344897959183676,35.28,35.28,24.0,11.28,9/2/2026,,,,,,,,
560,9/1/2026,79.0,30.0,Fresh Facilities of Forestville,44.0,Gleaming Recycled Paper,office products,esgA,4.0,34.0,44.2,176.8,136.0,40.8,9/2/2026,,,,,,,,
561,9/1/2026,79.0,30.0,Fresh Facilities of Forestville,84.0,Sparkling Creamers,breakroom supplies,segB,1.0,18.0,35.1,35.1,18.0,17.1,9/2/2026,,,,,,,,
562,8/20/2026,339.0,30.0,Fresh Facilities of Forestville,9.0,Fresh Kitchen Towels,paper & tissue,segB,1.0,33.0,48.51,48.51,33.0,15.51,8/21/2026,,,,,,,,
563,8/20/2026,339.0,30.0,Fresh Facilities of Forestville,31.0,Polished Highlighters,office products,segA,3.0,17.0,24.65,73.95,51.0,22.95,8/21/2026,,,,,,,,
564,8/20/2026,339.0,30.0,Fresh Facilities of Forestville,43.0,Fresh File Folders,office products,segA,3.0,50.0,68.5,205.5,150.0,55.5,8/21/2026,,,,,,,,
565,8/20/2026,339.0,30.0,Fresh Facilities of Forestville,48.0,Fresh Desk Organizers,office products,segA,2.0,29.0,42.34,84.68,58.0,26.68,8/21/2026,,,,,,,,
566,8/20/2026,339.0,30.0,Fresh Facilities of Forestville,95.0,Bright Disposable Cups,breakroom supplies,segB,1.0,13.0,28.34,28.34,13.0,15.34,8/21/2026,,,,,,,,
567,8/18/2026,375.0,30.0,Fresh Fcailities of Forestville,14.0,Spotless Pocket Tissues,paper & tissue,segB,2.0,20.0,30.4,102.06,63.0,20.8,9/2/2026,,,,,,,,
568,8/18/2026,375.0,30.0,Fresh Facilities of Forestville,19.0,Fresh Party Napkins,paper & tissue,segB,2.0,45.0,63.45,126.9,90.0,37.8,9/2/2026,,,,,,,,
569,8/18/2026,375.0,30.0,Fresh Faciltiies of Forestville,27.0,Sparkling Sticky Notes,office products,segA,1.0,43.0,61.06,61.06,43.0,18.06,9/2/2026,,,,,,,,
570,8/18/2026,375.0,30.0,Fresh Facilities of Forestville,29.0,Dazzling Paper Clips,office products,segA,4.0,37.0,55.5,222.0,148.0,74.0,9/2/2026,,,,,,,,
571,8/18/2026,375.0,30.0,Fresh Facilities of Forestville,43.0,Fresh File Folders,office products,segA,2.0,50.0,68.5,137.0,100.0,37.0,2/9/2026,,,,,,,,
572,8/18/2026,375.0,30.0,Fresh Facilities of Forestville,44.0,Gleaming Recycled Paper,  office products ,segA,4.0,34.0,44.2,176.8,136.0,40.8,9/2/2026,,,,,,,,
573,8/18/2026,375.0,30.0,Fresh Facilities of Forestville,48.0,Fresh Desk Organizers,office products,segA,2.0,29.0,42.34,84.68,58.0,26.68,9/2/2026,,,,,,,,
574,8/18/2026,375.0,30.0,Fresh Facilities of Forestville,63.0,Polished Glass Cleaner,cleaning supplies,segD,1.0,42.0,87.36,87.36,42.0,45.36,9/2/2026,,,,,,,,
575,8/18/2026,375.0,30.0,Fresh Facilities of Forestville,95.0,Bright Disposable Cups,breakroom supplies,segB,1.0,13.0,28.34,28.34,13.0,15.34,9/2/2026,,,,,,,,
576,8/26/2026,210.0,31.0,Polished Keepers of Graniteport,49.0,Sparkling Disinfectant Wipes,cleaning supplies,segA,1.0,21.0,37.17,37.17,21.0,16.17,8/27/2026,,,,,,,,
577,8/26/2026,210.0,31.0,Polished Keepers of Graniteport,57.0,Glossy All-Purpose Cleaner,cleaning supplies,segA,1.0,51.0,93.84,93.84,51.0,42.84,8/27/2026,,,,,,,,
578,8/26/2026,210.0,31.0,Polished Keepers of Graniteport,58.0,Spotless Floor Cleaner,cleaning supplies,segA,3.0,31.0,50.84,152.52,93.0,59.52,8/27/2026,,,,,,,,
579,8/26/2026,210.0,31.0,Polished Keepers of Graniteport,62.0,Glossy Air Freshener,cleaning supplies,segA,54.0,20.0,30.0,1620.0,1080.0,540.0,8/27/2026,,,,,,,,
580,8/26/2026,210.0,31.0,Polished Keepers of Graniteport,67.0,  Sleek Citrus Cleaner ,cleaning supplies,segA,2.0,39.0,63.57,127.14,78.0,49.14,8/27/2026,,,,,,,,
581,8/26/2026,210.0,31.0,Polished Keepers of Graniteport,70.0,Sleek Air Freshener,cleaning supplies,segA,1.0,33.0,57.42,57.42,33.0,24.42,8/27/2026,,,,,,,,
582,8/26/2026,210.0,31.0,Polished Keepers of Graniteport,71.0,Spotless Glass Cleaner,cleaning supplies,segA,1.0,31.0,54.25,54.25,31.0,23.25,8/27/2026,,,,,,,,
583,8/26/2026,210.0,31.0,Polished Keepers of Graniteport,79.0,Immaculate Microwave Popcorn,breakroom supplies,segD,1.0,25.0,56.5,56.5,25.0,31.5,8/27/2026,,,,,,,,
584,8/19/2026,364.0,31.0,  Polished Keepers of Graniteport ,61.0,Pristine Degreaser,cleaning supplies,segA,1.0,50.0,93.0,93.0,50.0,43.0,8/20/2026,,,,,,,,
585,8/19/2026,364.0,31.0,Polished Keepers of Graniteport,62.0,Glossy Air Freshener,cleaning supplies,segA,52.0,20.0,30.0,1560.0,1040.0,520.0,8/20/2026,,,,,,,,
586,8/19/2026,364.0,31.0,Polished Keepers of Graniteport,65.0,Sparkling Citrus Cleaner,,segA,1.0,20.0,32.0,32.0,20.0,12.0,8/20/2026,,,,,,,,
587,8/19/2026,364.0,31.0,Polished Keepers of Graniteport,120.0,Sparkling Letter Size Paper,copy paper,segB,1.0,45.0,69.3,69.3,45.0,24.3,8/20/2026,,,,,,,,
588,8/18/2026,376.0,31.0,Polished Keepers of Graniteport,42.0,Polished Markers,office products,segD,1.0,28.0,51.24,51.24,28.0,23.24,8/19/2026,,,,,,,,
589,8/18/2026,376.0,31.0,Polished Keepers of Graniteport,49.0,Sparkling Disinfectant Wipes,cleaning supplies,segA,1.0,21.0,37.17,37.17,21.0,16.17,8/19/2026,,,,,,,,
590,8/18/2026,376.0,31.0,Polished Keepers of Graniteport,57.0,Glossy All-Purpose Cleaner,cleaning supplies,segA,2.0,32.344897959183676,93.84,187.68,102.0,85.68,8/19/2026,,,,,,,,
591,8/18/2026,376.0,31.0,Polished Keepers of Graniteport,65.0,Sparkling Citrus Cleaner,cleaning supplies,segA,1.0,20.0,32.0,32.0,20.0,12.0,8/19/2026,,,,,,,,
592,8/18/2026,376.0,31.0,  Polished Keepers of Graniteport ,114.0,Glossy Recycled Paper,,segB,44.0,32.0,39.04,1717.76,1408.0,309.76,8/19/2026,,,,,,,,
593,8/26/2026,,31.0,Polished Keepers of Graniteport,59.0,Spotless All-Purpose Cleaner,cleaning supplies,segA,2.0,47.0,86.01,172.02,94.0,78.02,8/27/2026,,,,,,,,
594,9/3/2026,29.0,32.0,Pristine Custodians of Bayton,28.0,Immaculate Binder Clips,office products,segC,1.0,29.0,41.47,41.47,29.0,12.47,9/4/2026,,,,,,,,
595,9/3/2026,29.0,32.0,Pristine Custodians of Bayton,51.0,Bright Glass Cleaner,cleaning supplies,segD,2.0,26.0,54.6,54.6,26.0,28.6,9/4/2026,,,,,,,,
596,8/13/2026,469.0,32.0,Pristine Custodians of Bayton,64.0,Bright Glass Cleaner,  cleaning supplies ,segD,1.0,32.0,64.64,64.64,32.0,32.64,8/14/2026,,,,,,,,
597,8/11/2026,530.0,32.0,Pristine Custodians of Bayton,25.0,Dazzling Binder Clips,office products,segC,1.0,45.0,65.7,65.7,45.0,20.7,8/12/2026,,,,,,,,
598,8/11/2026,530.0,32.0,Pristine Custodians of Bayton,50.0,Bright Glass Cleaner,cleaning supplies,segD,1.0,23.0,44.39,44.39,23.0,21.39,8/12/2026,,,,,,,,
599,8/11/2026,530.0,32.0,Pristine Custodians of Bayton,97.0,Sparkling Legal Size Paper,copy paper,segC,1.0,39.0,51.29707511896669,57.72,39.0,18.72,8/12/2026,,,,,,,,
600,8/27/2026,176.0,34.0,Fresh Wholesalers of Mountdale,13.0,Pristine Party Napkins,paper & tissue,segA,24.0,45.0,63.45,1522.8,1080.0,442.8,28/08/2026,,,,,,,,
601,8/27/2026,176.0,34.0,Fresh Wholesalers of Mountdale,14.0,Spotless Pocket Tissues,paper & tissue,segA,10.0,20.0,26.0,260.0,200.0,60.0,8/28/2026,,,,,,,,
602,8/27/2026,176.0,34.0,Fresh Wholesalers of Mountdale,17.0,Glossy Lunch Napkins,paper & tissue,segA,12.0,31.0,45.26,543.12,372.0,171.12,8/28/2026,,,,,,,,
603,8/27/2026,176.0,34.0,Fresh Wholesalers of Mountdale,24.0,Sparkling Pocket Tissues,paper & tissue,segA,171.0,18.0,21.6,3693.6,3078.0,615.6,8/28/2026,,,,,,,,
604,8/27/2026,176.0,34.0,Fresh Wholesalers of Mountdale,42.0,Polished Markers,office products,segD,1.0,28.0,47.32,47.32,28.0,19.32,8/28/2026,,,,,,,,
605,8/27/2026,176.0,34.0,Fresh Wholesalers of Mountdale,63.0,Polished Glass Cleaner,cleaning supplies,segC,1.0,42.0,75.18,75.18,42.0,33.18,8/28/2026,,,,,,,,
606,8/27/2026,176.0,34.0,Fresh Wholesalers of Mountdale,77.0,Sleek Disposable Cups,breakroom supplies,segA,6.0,25.0,46.75,280.5,150.0,130.5,8/28/2026,,,,,,,,
607,8/27/2026,176.0,34.0,Fresh Wholesalers of Mountdale,84.0,Sparkling Creamers,breakroom supplies,segA,3.0,18.0,32.04,96.12,54.0,42.12,8/28/2026,,,,,,,,
608,8/27/2026,176.0,34.0,Fresh Wholesalers of Mountdale,85.0,Sparkling Microwave Popcorn,breakroom supplies,segA,3.0,12.0,24.36,73.08,63.0,37.08,8/28/2026,,,,,,,,
609,8/27/2026,176.0,34.0,Fresh Wholesalers of Mountdale,89.0,Sparkling Disposable Cups,breakroom supplies,segA,7.0,21.0,42.84,299.88,147.0,152.88,8/28/2026,,,,,,,,
610,8/27/2026,176.0,34.0,Fresh Wholesalers of Mountdale,91.0,Glossy Microwave Popcorn,breakroom supplies,,7.0,32.344897959183676,52.2,365.4,203.0,162.4,8/28/2026,,,,,,,,
611,8/27/2026,176.0,34.0,Fresh Wholesalers of Mountdale,94.0,Pristine Instant Soups,breakroom supplies,segA,4.0,7.0,13.51,54.04,28.0,26.04,8/28/2026,,,,,,,,
612,8/27/2026,176.0,34.0,Fresh Wholesalers of Mountdale,95.0,Bright Disposable Cups,breakroom supplies,segA,5.0,13.0,22.49,112.45,65.0,47.45,8/28/2026,,,,,,,,
613,9/3/2026,30.0,35.0,Dazzling Wholesalers of Riverdale,8.0,Bright Party Napkins,paper & tissue,segA,8.0,50.0,74.0,592.0,400.0,192.0,9/4/2026,,,,,,,,
614,9/3/2026,30.0,35.0,Dazzling Wholesalers of Riverdale,15.0,Sparkling 2-Ply Toilet Paper,paper & tissue,segA,19.0,43.0,62.35,1184.65,817.0,367.65,9/4/2026,,,,,,,,
615,9/3/2026,30.0,35.0,Dazzling Wholesalers of Riverdale,20.0,Gleaming Roll Paper Towels,paper & tissue,segA,17.0,28.0,38.92,661.64,476.0,185.64,9/4/2026,,,,,,,,
616,9/3/2026,30.0,35.0,Dazzling Wholesalers of Riverdale,35.0,Dazzling Staplers,,segD,1.0,27.0,47.79,102.06,27.0,20.79,9/4/2026,,,,,,,,
617,9/3/2026,30.0,35.0,Dazzling Wholesalers of Riverdale,65.0,Sparkling Citrus Cleaner,cleaning supplies,segC,1.0,20.0,35.6,35.6,20.0,15.6,9/4/2026,,,,,,,,
618,9/3/2026,30.0,35.0,Dazzling Wholesalers of Riverdale,67.0,Sleek Citrus Cleaner,cleaning supplies,segC,3.0,39.0,74.1,222.3,117.0,105.3,9/4/2026,,,,,,,,
619,9/3/2026,30.0,35.0,Dazzling Wholesalers of Riverdale,74.0,Pristien Energy Drinks,breakroom supplies,segD,1.0,15.0,34.95,34.95,15.0,19.95,9/4/2026,,,,,,,,
620,9/3/2026,30.0,35.0,Dazzling Wholesalers of Riverdale,98.0,Radiant Glossy Photo Paper,copy paper,segC,5.0,23.0,33.81,169.05,115.0,54.05,9/4/2026,,,,,,,,
621,9/3/2026,30.0,35.0,Dazzling Wholesalers of Riverdale,115.0,Polished Glossy Photo Paper,copy paper,segC,2.0,59.0,93.22,102.06,118.0,68.44,9/4/2026,,,,,,,,
622,9/3/2026,30.0,35.0,Dazzling Wholesalers of Riverdale,117.0,Dazzling Graph Paper,copy paper,segC,4.0,51.0,78.03,312.12,204.0,108.12,9/4/2026,,,,,,,,
623,9/2/2026,59.0,35.0,Dazzling Wholesalers of Riverdale,18.0,Pristine Lunch Napkins,paper & tissue,segA,10.0,20.0,26.0,260.0,200.0,60.0,9/3/2026,,,,,,,,
624,9/2/2026,59.0,35.0,Dazzling Wholesalers of Riverdale,22.0,Sparkling Pocket Tissues,paper & tissue,segA,15.0,41.0,56.58,848.7,615.0,233.7,9/3/2026,,,,,,,,
625,9/2/2026,59.0,35.0,Dazzling Wholesalers of Riverdale,23.0,  Dazzling Roll Paper Towels ,paper & tissue,segA,11.0,40.0,52.8,580.8,440.0,140.8,9/3/2026,,,,,,,,
626,9/2/2026,59.0,35.0,Dazzling Wholesalers of Riverdale,24.0,Sparkling Pocket Tissues,paper & tissue,segA,21.0,18.0,25.2,529.2,378.0,151.2,,,,,,,,,
627,2/9/2026,59.0,35.0,Dazzling Wholesalers of Riverdale,59.0,Spotless All-Purpose Cleaner,cleaning supplies,segC,1.0,47.0,90.71,90.71,47.0,43.71,9/3/2026,,,,,,,,
628,8/25/2026,241.0,35.0,Dazzling Wholesalers of Riverdale,13.0,Pristine Party Napkins,paper & tissue,segA,30.0,45.0,61.2,1836.0,1350.0,486.0,8/26/2026,,,,,,,,
629,8/25/2026,241.0,35.0,  Dazzling Wholesalers of Riverdale ,15.0,Sparkling 2-Ply Toilet Paper,paper & tissue,segA,23.0,43.0,62.35,1434.05,989.0,445.05,,,,,,,,,
630,8/25/2026,241.0,35.0,  Dazzling Wholesalers of Riverdale ,24.0,Sparkling Pocket Tissues,paper & tissue,  segA ,18.0,18.0,25.2,453.6,324.0,129.6,,,,,,,,,
631,8/25/2026,241.0,35.0,Dazzling Wholesalers of Riverdale,34.0,Radiant Staplers,office products,segD,1.0,24.0,43.2,43.2,24.0,19.2,8/26/2026,,,,,,,,
632,8/25/2026,241.0,35.0,Dazzling Wholesalers of Riverdale,86.0,Dazzling Instant Soups,breakroom supplies,segD,1.0,16.0,33.6,33.6,16.0,17.6,,,,,,,,,
633,8/25/2026,241.0,35.0,Dazzling Wholesalers of Riverdale,98.0,Radiant Glossy Photo Paper,copy paper,segC,2.0,23.0,33.81,67.62,46.0,21.62,8/26/2026,,,,,,,,
634,8/25/2026,241.0,35.0,Dazzling Wholesalers of Riverdale,115.0,Polished Glossy Photo Paper,copy paper,segC,2.0,59.0,93.22,279.66,177.0,102.66,8/26/2026,,,,,,,,
635,8/20/2026,340.0,35.0,Dazzling Wholesalers of Riverdale,5.0,Polished Kitchen Towels,paper & tissue,segA,12.0,35.0,51.45,617.4,420.0,197.4,8/21/2026,,,,,,,,
636,8/20/2026,340.0,35.0,Dazzling Wholesalers of Riverdale,15.0,Sparkling 2-Ply Toilet Paper,paper & tissue,segA,17.0,43.0,62.35,102.06,731.0,328.95,8/21/2026,,,,,,,,
637,8/20/2026,340.0,35.0,Dazzling Wholesalers of Riverdale,21.0,Glossy Facial Tissues,paper & tissue,segA,9.0,47.0,62.04,558.36,423.0,135.36,8/21/2026,,,,,,,,
638,8/20/2026,340.0,35.0,Dazzling Wholesalers of Riverdale,66.0,Radiant Glass Cleaner,cleaning supplies,segC,1.0,21.0,37.38,37.38,21.0,16.38,8/21/2026,,,,,,,,
639,8/20/2026,340.0,35.0,Dazzling Wholesalers of Riverdale,115.0,Polished Glossy Photo Paper,copy paper,segC,2.0,59.0,93.22,186.44,118.0,68.44,8/21/2026,,,,,,,,
640,8/20/2026,340.0,35.0,Dazzling Wholesalers of Riverdale,117.0,Dazzling Graph Paper,copy paper,segC,6.0,51.0,78.03,468.18,306.0,162.18,8/21/2026,,,,,,,,
642,8/10/2026,559.0,35.0,Dazzling Wholesalers of Riverdale,2.0,Glossy Party Napkins,paper & tissue,segA,14.0,29.0,37.7,527.8,406.0,121.8,8/11/2026,,,,,,,,
643,8/10/2026,559.0,35.0,Dazzling Wholesalers of Riverdale,4.0,Bright Bathroom Tissue,paper & tissue,segA,6.0,26.0,36.14,216.84,156.0,60.84,8/11/2026,,,,,,,,
644,8/10/2026,559.0,35.0,Dazzling Wholesalers of Riverdale,18.0,Pristine Lunch Napkins,paper & tissue,segA,2.0,20.0,26.0,338.0,260.0,78.0,8/11/2026,,,,,,,,
645,8/10/2026,559.0,35.0,Dazzling Wholesalers of Riverdale,21.0,Glossy Facial Tissues,paper & tissue,segA,11.0,32.344897959183676,62.04,682.44,517.0,165.44,8/11/2026,,,,,,,,
646,8/10/2026,559.0,35.0,Dazzling Wholesalers of Riverdale,24.0,Sparkling Pocket Tissues,paper & tissue,  segA ,20.0,18.0,25.2,504.0,360.0,144.0,8/11/2026,,,,,,,,
647,8/10/2026,559.0,35.0,Dazzling Wholesalers of Riverdale,67.0,Sleek Citrus Cleaner,cleaning supplies,segC,3.0,39.0,74.1,102.06,117.0,105.3,8/11/2026,,,,,,,,
648,10/8/2026,559.0,35.0,Dazzling Wholesalers of Riverdale,98.0,Radiant Glossy Photo Paper,copy paper,segC,2.0,23.0,33.81,67.62,46.0,21.62,8/11/2026,,,,,,,,
649,9/2/2026,,35.0,Dazzling Wholesalers of Riverdale,8.0,Bright Party Napkins,paper & tissue,segA,8.0,50.0,74.0,592.0,400.0,192.0,9/3/2026,,,,,,,,
650,8/25/2026,,35.0,Dazzling Wholesalers of Riverdale,46.0,Spotless Desk Organizers,office products,segD,3.0,33.0,59.4,178.2,99.0,79.2,8/26/2026,,,,,,,,
651,8/21/2026,305.0,38.0,Bright Janitors of Foresthaven,1.0,Sleek Party Napkins,paper & tissue,segC,1.0,29.0,44.08,44.08,29.0,15.08,8/24/2026,,,,,,,,
652,8/21/2026,305.0,38.0,Bright Janitors of Foresthaven,12.0,Immaculate Roll Paper Towels,paper & tissue,segC,1.0,44.0,70.4,70.4,44.0,26.4,8/24/2026,,,,,,,,
653,8/21/2026,305.0,38.0,Bright Janitors of Foresthaven,18.0,Pristine Lunch Napkins,paper & tissue,segC,1.0,20.0,30.2,30.2,63.0,10.2,8/24/2026,,,,,,,,
654,8/21/2026,305.0,38.0,Bright Janitors of Foresthaven,21.0,Glossy Facial Tissues,paper & tissue,segC,1.0,47.0,68.15,68.15,47.0,21.15,8/24/2026,,,,,,,,
655,8/21/2026,305.0,38.0,Bright Janitors of Foresthaven,27.0,Sparkling Sticky Notes,office products,segA,1.0,43.0,63.64,63.64,43.0,20.64,8/24/2026,,,,,,,,
656,8/21/2026,305.0,38.0,Bright Janitors of Foresthaven,34.0,Radiant Staplers,office products,,2.0,24.0,34.8,69.6,48.0,21.6,8/24/2026,,,,,,,,
657,8/21/2026,305.0,38.0,Bright Janitors of Foresthaven,37.0,Bright Recycled Paper,office products,segA,1.0,24.0,32.64,32.64,24.0,8.64,8/24/2026,,,,,,,,
658,8/21/2026,305.0,38.0,Bright Janitors of Foresthaven,46.0,Spotless Desk Organizers,office products,segA,1.0,33.0,45.87,102.06,33.0,12.87,8/24/2026,,,,,,,,
659,8/21/2026,305.0,38.0,Bright Janitors of Foresthaven,53.0,Glossy Glass Cleaner,cleaning supplies,sgeB,1.0,36.0,72.0,72.0,36.0,36.0,8/24/2026,,,,,,,,
660,8/21/2026,305.0,38.0,Bright Janitors of Foresthaven,65.0,Sparkling Citrus Cleaner,cleaning supplies,  segB ,1.0,20.0,39.2,39.2,20.0,19.2,8/24/2026,,,,,,,,
661,8/21/2026,305.0,38.0,Bright Janitors of Foresthaven,80.0,Spotless Instant Soups,breakroom supplies,segB,1.0,17.0,36.38,36.38,17.0,19.38,8/24/2026,,,,,,,,
662,9/4/2026,1.0,39.0,Sleek Cleaners of Valleyville,16.0,Dazzling Bathroom Tissue,paper & tissue,segB,4.0,42.0,66.36,265.44,168.0,97.44,,,,,,,,,
663,9/4/2026,1.0,39.0,Sleek Cleaners of Valleyville,57.0,Glossy All-Purpose Cleaner,cleaning supplies,segC,1.0,51.0,97.92,102.06,51.0,46.92,9/7/2026,,,,,,,,
664,9/4/2026,1.0,39.0,Sleek Cleaners of Valleyville,75.0,Fresh Microwave Popcorn,breakroom supplies,segA,2.0,18.0,34.56,69.12,36.0,33.12,9/7/2026,,,,,,,,
665,9/4/2026,1.0,39.0,Sleek Cleaners of Valleyville,76.0,Immaculate Granola Bars,breakroom supplies,segA,7.0,10.0,20.3,142.1,70.0,72.1,,,,,,,,,
666,9/4/2026,1.0,39.0,Sleek Cleaners of Valleyville,80.0,Spotless Instant Soups,breakroom supplies,segA,4.0,17.0,32.13,102.06,68.0,60.52,9/7/2026,,,,,,,,
667,9/4/2026,1.0,39.0,Sleek Cleaners of Valleyville,84.0,Sparkling Creamers,breakroom supplies,,229.0,18.0,27.0,6183.0,4122.0,2061.0,9/7/2026,,,,,,,,
668,9/4/2026,1.0,39.0,Sleek Cleaners of Valleyville,91.0,Glossy Microwave Popcorn,  breakroom supplies ,segA,3.0,29.0,55.1,165.3,87.0,78.3,9/7/2026,,,,,,,,
669,9/4/2026,1.0,39.0,Sleek Cleaners of Valleyville,93.0,Gleaming Microwave Popcorn,breakroom supplies,segA,2.0,20.0,41.4,82.8,40.0,42.8,9/7/2026,,,,,,,,
670,4/9/2026,1.0,39.0,Sleek Cleanesr of Valleyville,100.0,Dazzling Legal Size Paper,copy paper,segA,96.0,24.0,31.2,2995.2,2304.0,691.2,9/7/2026,,,,,,,,
671,9/4/2026,1.0,39.0,Sleek Cleaners of Valleyville,102.0,Sleek Resume Paper,copy paper,,15.0,26.0,33.8,507.0,390.0,117.0,9/7/2026,,,,,,,,
672,9/4/2026,1.0,39.0,Sleek Cleaners of Valleyville,106.0,Sleek Resume Paper,copy paper,segA,18.0,48.0,73.44,1321.92,864.0,457.92,9/7/2026,,,,,,,,
673,9/4/2026,1.0,39.0,Sleek Cleaners of Valleyville,109.0,Immaculate Resume Paper,copy paper,segA,8.0,31.0,48.36,386.88,63.0,138.88,9/7/2026,,,,,,,,
674,9/4/2026,1.0,39.0,Sleek Cleaners of Valleyville,110.0,Pristine Cardstock,copy paper,segA,98.0,42.0,48.3,4733.4,4116.0,617.4,9/7/2026,,,,,,,,
675,9/4/2026,1.0,39.0,Sleek Cleaners of Valleyville,115.0,Polished Glossy Photo Paper,copy apper,segA,23.0,59.0,88.5,2035.5,1357.0,678.5,9/7/2026,,,,,,,,
676,9/2/2026,60.0,39.0,Sleek Cleaners of Valleyville,11.0,Fresh Lunch Napkins,paper & tissue,segB,5.0,21.0,29.4,147.0,105.0,42.0,9/3/2026,,,,,,,,
677,9/2/2026,60.0,39.0,  Sleek Cleaners of Valleyville ,71.0,Spotless Glass Cleaner,cleaning supplies,segC,1.0,31.0,60.76,60.76,31.0,29.76,9/3/2026,,,,,,,,
678,9/2/2026,60.0,39.0,Sleek Cleaners of Valleyville,75.0,Fresh Microwave Popcorn,breakroom supplies,segA,1.0,18.0,34.56,34.56,18.0,16.56,9/3/2026,,,,,,,,
679,9/2/2026,60.0,39.0,Sleek Cleaners of Valleyville,78.0,Glossy Creamers,breakroom supplies,  segA ,5.0,27.0,50.22,251.1,135.0,116.1,9/3/2026,,,,,,,,
680,9/2/2026,60.0,39.0,  Sleek Cleaners of Valleyville ,88.0,Gleaming Coffee Beans,breakroom supplies,segA,7.0,18.0,35.1,245.7,126.0,119.7,9/3/2026,,,,,,,,
681,9/2/2026,60.0,39.0,Sleek Cleaners of Valleyville,102.0,Sleek Resume Paper,copy paper,segA,17.0,26.0,51.29707511896669,574.6,442.0,132.6,9/3/2026,,,,,,,,
682,9/2/2026,60.0,39.0,Sleek Cleaners of Valleyville,109.0,Immaculate Resume Paper,  copy paper ,segA,6.0,31.0,48.36,290.16,186.0,104.16,9/3/2026,,,,,,,,
683,9/2/2026,60.0,39.0,Sleek Cleaners of Valleyville,110.0,Pristine Cardstock,copy paper,segA,140.0,42.0,48.3,6762.0,5880.0,882.0,9/3/2026,,,,,,,,
684,9/2/2026,60.0,39.0,Sleek Cleaners of Valleyville,117.0,Dazzling Graph Paper,copy paper,segA,12.0,51.0,74.97,899.64,612.0,287.64,9/3/2026,,,,,,,,
685,9/4/2026,,39.0,Sleek Cleaners of Valleyville,82.0,Pristine Granola Bars,breakroom supplies,segA,7.0,26.0,50.96,356.72,182.0,174.72,9/7/2026,,,,,,,,
686,8/27/2026,177.0,40.0,Sparkling Keepers of Bayfield,1.0,Sleek Party Napkins,paper & tissue,segA,16.0,29.0,40.6,649.6,464.0,185.6,9/11/2026,,,,,,,,
687,8/27/2026,177.0,40.0,Sparkling Keepers of Bayfield,10.0,Pristine 2-Ply Toilet Paper,paper & tissue,segA,14.0,26.0,36.66,513.24,364.0,149.24,9/11/2026,,,,,,,,
688,8/27/2026,177.0,40.0,Sparkling Keepers of Bayfield,15.0,Sparkling 2-Ply Toilet Paper,paper & tissue,segA,24.0,43.0,60.2,1444.8,1032.0,412.8,9/11/2026,,,,,,,,
689,8/27/2026,177.0,40.0,Sparkling Keepers of Bayfield,16.0,Dazzling Bathroom Tissue,paper & tissue,segA,5.0,42.0,60.48,302.4,210.0,92.4,11/9/2026,,,,,,,,
690,8/27/2026,177.0,40.0,Sparkling Keepers of Bayfield,21.0,Glossy Facial Tissues,paper & tissue,segA,16.0,47.0,67.21,1075.36,752.0,323.36,9/11/2026,,,,,,,,
691,8/27/2026,177.0,40.0,Sparkling Keepers of Bayfield,25.0,Dazzling Binder Clips,office products,segD,3.0,45.0,69.75,209.25,135.0,74.25,9/11/2026,,,,,,,,
692,27/08/2026,177.0,40.0,Sparkling Keepers of Bayfield,62.0,Glossy Air Freshener,cleaning supplies,segC,1.0,20.0,36.0,36.0,20.0,16.0,9/11/2026,,,,,,,,
693,8/27/2026,177.0,40.0,  Sparkling Keepers of Bayfield ,74.0,Pristine Energy Drinks,breakroom supplies,segA,5.0,15.0,32.25,161.25,75.0,86.25,9/11/2026,,,,,,,,
694,8/27/2026,177.0,40.0,Sparkling Keepers of Bayfield,77.0,Sleek Disposable Cups,breakroom supplies,segA,5.0,32.344897959183676,50.25,251.25,125.0,126.25,9/11/2026,,,,,,,,
695,8/27/2026,177.0,40.0,Sparkling Keepers of Bayfield,82.0,Pristine Granola Bars,breakroom supplies,seAg,6.0,26.0,55.38,332.28,156.0,176.28,11/9/2026,,,,,,,,
696,8/27/2026,177.0,40.0,Sparkling Keepers of Bayfield,86.0,Dazzling Instant Soups,breakroom supplies,segA,1.0,16.0,28.16,28.16,16.0,12.16,9/11/2026,,,,,,,,
697,8/27/2026,177.0,40.0,Sparkling Keepers of Bayfield,87.0,Glossy Tea Selection,  breakroom supplies ,segA,4.0,11.0,23.54,94.16,44.0,50.16,9/11/2026,,,,,,,,
698,8/27/2026,177.0,40.0,Sparkling Keepers of Bayfield,93.0,Gleaming Microwave Popcorn,,segA,8.0,32.344897959183676,41.6,332.8,160.0,172.8,9/11/2026,,,,,,,,
699,8/27/2026,177.0,40.0,Sparkling Keepers of Bayfield,99.0,Glossy Letter Size Paper,copy paper,segA,27.0,57.0,76.38,2062.26,1539.0,37.8,11/9/2026,,,,,,,,
700,8/27/2026,177.0,40.0,Sparkling Keepers of Bayfield,104.0,Gleaming Glossy Photo Paper,copy paper,segA,11.0,52.0,83.2,915.2,572.0,343.2,9/11/2026,,,,,,,,
701,8/27/2026,177.0,40.0,Sparkling Keepers of Bayfield,105.0,Pristine Graph Paper,copy paper,segA,7.0,52.0,75.4,527.8,364.0,163.8,9/11/2026,,,,,,,,
702,8/27/2026,177.0,40.0,Sparklnig Keepers of Bayfield,110.0,Pristine Cardstock,copy paper,segA,14.0,42.0,64.68,102.06,588.0,317.52,9/11/2026,,,,,,,,
703,8/27/2026,177.0,40.0,Sparkling Keepers of Bayfield,118.0,Sparkling Cardstock,copy paper,,14.0,37.0,57.35,802.9,518.0,284.9,9/11/2026,,,,,,,,
704,8/27/2026,,40.0,Sparkling Keepers of Bayfield,106.0,Sleek Resume Paper,copy paper,segA,16.0,26.0,35.36,565.76,416.0,149.76,9/11/2026,,,,,,,,
705,8/27/2026,,40.0,Sparkling Keepers of Bayfield,107.0,Radiant Glossy Photo Paper,copy paper,segA,11.0,58.0,80.62,886.82,638.0,248.82,9/11/2026,,,,,,,,
706,9/1/2026,80.0,41.0,Sleek Providers of Canyoncrest,40.0,Immaculate Markers,,segB,1.0,34.0,57.12,57.12,34.0,23.12,9/2/2026,,,,,,,,
707,9/1/2026,80.0,41.0,  Sleek Providers of Canyoncrest ,42.0,Polished Markers,office products,segB,1.0,28.0,40.88,40.88,28.0,12.88,2/9/2026,,,,,,,,
708,9/1/2026,80.0,41.0,Sleek Providers of Canyoncrest,44.0,Gleaming Recycled Paper,office products,segB,2.0,34.0,48.28,96.56,68.0,28.56,9/2/2026,,,,,,,,
709,9/1/2026,80.0,41.0,Sleek Providers of Canyoncrest,46.0,Spotless Desk Organizers,office products,segB,1.0,33.0,55.44,55.44,33.0,22.44,9/2/2026,,,,,,,,
710,9/1/2026,80.0,41.0,Sleek Providers of Canyoncrest,53.0,Glossy Glass Cleaner,cleaning supplies,segA,3.0,36.0,61.92,185.76,108.0,77.76,2/9/2026,,,,,,,,
711,9/1/2026,80.0,41.0,Sleek Providers of Canyoncrest,55.0,Spotless Floor Cleaner,cleaning supplies,segA,2.0,29.0,52.49,104.98,58.0,46.98,9/2/2026,,,,,,,,
712,9/1/2026,80.0,41.0,Sleek Providers of Canyoncrest,65.0,Sparkling Citrus Cleaner,cleaning supplies,segA,1.0,20.0,36.6,36.6,20.0,16.6,9/2/2026,,,,,,,,
713,9/1/2026,80.0,41.0,Sleek Providers of Canyoncrest,67.0,Sleek Citrus Cleaner,cleaning supplies,  segA ,1.0,39.0,65.52,65.52,39.0,26.52,9/2/2026,,,,,,,,
714,9/1/2026,80.0,41.0,Sleek Providers of Canyoncrest,77.0,Sleek Disposable Cups,breakroom supplies,segD,1.0,25.0,59.75,59.75,25.0,34.75,9/2/2026,,,,,,,,
715,9/1/2026,80.0,41.0,Sleek Providers of Canyoncrest,102.0,Sleek Resume Paper,copy paper,segD,2.0,26.0,46.8,46.8,26.0,20.8,9/2/2026,,,,,,,,
716,8/10/2026,560.0,41.0,Sleek Providers of Canyoncrest,51.0,Bright Glass Cleaner,cleaning supplies,segA,1.0,26.0,49.4,49.4,26.0,23.4,8/18/2026,,,,,,,,
717,8/10/2026,560.0,41.0,Sleek Providers of Canyoncrest,53.0,Glossy Glass Cleaner,,segA,1.0,36.0,61.92,61.92,36.0,25.92,8/18/2026,,,,,,,,
718,8/10/2026,560.0,41.0,Sleek Providers of Canyoncrest,59.0,Spotless All-Purpose Cleaner,cleaning supplies,segA,2.0,47.0,77.55,155.1,94.0,61.1,8/18/2026,,,,,,,,
719,8/10/2026,560.0,41.0,Sleek Providers of Canyoncrest,61.0,Pristine Degreaser,cleaning supplies,segA,1.0,50.0,85.5,85.5,50.0,35.5,8/18/2026,,,,,,,,
720,8/10/2026,560.0,41.0,Sleek Providers of Canyoncrest,65.0,Sparkling Citrus Cleaner,cleaning supplies,segA,1.0,20.0,36.6,36.6,20.0,16.6,8/18/2026,,,,,,,,
721,8/10/2026,560.0,41.0,Sleek Providers of Canyoncrest,68.0,Dazzling Disinfectnat Wipes,cleanings upplies,segA,1.0,54.0,93.42,93.42,54.0,39.42,8/18/2026,,,,,,,,
722,8/10/2026,560.0,41.0,Sleek Providers of Canyoncerst,69.0,Gleaming Degreaser,cleaning supplies,segA,1.0,27.0,45.63,45.63,27.0,18.63,8/18/2026,,,,,,,,
723,8/10/2026,560.0,41.0,Sleek Providers of Canyoncrest,91.0,Glossy Microwave Popcorn,  breakroom supplies ,segD,1.0,29.0,63.22,63.22,29.0,34.22,8/18/2026,,,,,,,,
724,8/10/2026,560.0,41.0,Sleek Providers of Canyoncrest,120.0,Sparkling Letter Size Paper,copy paper,segD,1.0,45.0,75.15,75.15,45.0,30.15,,,,,,,,,
725,9/1/2026,,41.0,Sleek Providers of Canyoncrest,59.0,Spotless All-Purpose Cleaner,cleaning supplies,segA,2.0,47.0,77.55,232.65,141.0,91.65,9/2/2026,,,,,,,,
726,8/27/2026,178.0,43.0,Sparkling Maintainers of Cedarwood,5.0,Polished Kitchen Towels,paper & tissue,segA,3.0,35.0,49.0,102.06,105.0,42.0,8/28/2026,,,,,,,,
727,8/27/2026,178.0,43.0,Sparkling Maintainers of Cedarwood,8.0,Bright Party Napkins,paper & tissue,segA,2.0,50.0,67.5,135.0,100.0,35.0,8/28/2026,,,,,,,,
728,8/27/2026,178.0,43.0,Sparkling Maintainers of Cedarwood,13.0,Pristine Party Napkins,paper & tissue,segA,3.0,45.0,65.25,195.75,135.0,60.75,8/28/2026,,,,,,,,
729,8/27/2026,178.0,43.0,Sparkling Maintainers of Cedarwood,17.0,Glossy Lunch Napkins,paper & tissue,segA,9.0,31.0,37.2,334.8,279.0,55.8,8/28/2026,,,,,,,,
730,8/27/2026,178.0,43.0,Sparkling Maintainers of Cedarwood,21.0,  Glossy Facial Tissues ,paper & tissue,segA,2.0,47.0,69.56,102.06,94.0,45.12,8/28/2026,,,,,,,,
731,8/27/2026,178.0,43.0,Sparkling Maintainers of Cedarwood,36.0,Glossy Staplers,office products,segB,1.0,50.0,71.0,71.0,50.0,21.0,8/28/2026,,,,,,,,
732,8/27/2026,178.0,43.0,Sparkling Maintainers of Cedarwood,38.0,Radiant Pens,office products,segB,1.0,17.0,28.56,28.56,17.0,11.56,8/28/2026,,,,,,,,
733,8/27/2026,178.0,43.0,Sparkling Maintainers of Cedarwood,40.0,Immaculate Markers,office products,segB,1.0,34.0,51.68,51.68,34.0,17.68,8/28/2026,,,,,,,,
734,8/27/2026,178.0,43.0,Sparkling Maintainers of Cedarwood,45.0,Immaculate Staplers,office products,segB,1.0,50.0,70.0,70.0,63.0,20.0,8/28/2026,,,,,,,,
735,8/27/2026,178.0,43.0,Sparkling Maintainers of Cedarwood,52.0,Spotless Air Freshener,cleaning supplies,segA,1.0,49.0,51.29707511896669,88.69,49.0,39.69,8/28/2026,,,,,,,,
736,8/27/2026,178.0,43.0,Sparkling Maintainers of Cedarwood,54.0,Dazzling Floor Cleaner,cleaning supplies,segA,3.0,45.0,75.6,226.8,135.0,91.8,,,,,,,,,
737,8/27/2026,178.0,43.0,Sparkling Maintainers of Cedarwood,57.0,Glossy All-Purpose Cleaner,cleaning supplies,segA,1.0,51.0,90.78,90.78,51.0,37.8,8/28/2026,,,,,,,,
738,8/27/2026,178.0,43.0,Sparkling Maintainers of Cedarwood,59.0,Spotless All-Purpose Cleaner,cleaning supplies,segA,1.0,47.0,86.95,86.95,47.0,39.95,8/28/2026,,,,,,,,
739,8/27/2026,178.0,43.0,Sparkling Maintainers of Cedarwood,70.0,Sleek Air Freshener,cleaning supplies,segA,1.0,33.0,56.1,56.1,33.0,23.1,8/28/2026,,,,,,,,
740,8/27/2026,178.0,43.0,  Sparkling Maintainers of Cedarwood ,85.0,Spakrling Microwave Popcorn,breakroom supplies,segB,1.0,12.0,23.88,23.88,12.0,11.88,8/28/2026,,,,,,,,
741,8/24/2026,275.0,43.0,Sparkling Maintainer sof Cedarwood,5.0,Polished Kitchen Towels,paper & tissue,segA,1.0,35.0,49.0,49.0,35.0,14.0,8/25/2026,,,,,,,,
742,8/24/2026,275.0,43.0,Sparkling Maintainers of Cedarwood,14.0,Spotless Pocket Tissues,paper & tissue,segA,6.0,20.0,30.0,180.0,120.0,60.0,8/25/2026,,,,,,,,
743,8/24/2026,275.0,43.0,Sparkling Maintainers of Cedarwood,17.0,Glossy Lunch Napkins,paper & tissue,segA,9.0,31.0,37.2,334.8,279.0,55.8,8/25/2026,,,,,,,,
744,8/24/2026,275.0,43.0,Sparkling Maintainers of Cedarwood,21.0,  Glossy Facial Tissues ,paper & tissue,segA,2.0,47.0,69.56,139.12,94.0,45.12,8/25/2026,,,,,,,,
745,8/24/2026,275.0,43.0,Sparkling Maintainers of Cedarwodo,36.0,Glossy Staplers,office products,segB,1.0,50.0,71.0,102.06,50.0,21.0,8/25/2026,,,,,,,,
746,8/24/2026,275.0,43.0,Sparkling Maintainers of Cedarwood,43.0,Fresh File Folders,office products,segB,1.0,50.0,81.0,81.0,50.0,31.0,8/25/2026,,,,,,,,
747,8/24/2026,275.0,43.0,Sparkling Maintainers of Cedarwood,51.0,Bright Glass Cleaner,cleaning supplies,segA,2.0,26.0,46.8,93.6,52.0,41.6,8/25/2026,,,,,,,,
748,8/24/2026,275.0,43.0,Sparkling Maintainers of Cedarwood,52.0,Spotless Air Freshener,cleaning supplies,segA,2.0,49.0,88.69,102.06,98.0,79.38,8/25/2026,,,,,,,,
749,8/24/2026,275.0,43.0,Sparkling Maintainers of Cedarwood,54.0,Dazzling Floor Cleaner,cleaning supplies,segA,3.0,45.0,75.6,226.8,135.0,91.8,8/25/2026,,,,,,,,
750,8/24/2026,275.0,43.0,Sparkling Maintainers of Cedarwood,57.0,Glossy All-Purpose Cleaner,cleaning supplies,segA,1.0,51.0,90.78,90.78,63.0,39.78,8/25/2026,,,,,,,,
751,24/08/2026,275.0,43.0,Sparkling Maintainers of Cedarwood,68.0,Dazzling Disinfectant Wipes,cleaning supplies,segA,15.0,54.0,81.0,1215.0,810.0,405.0,8/25/2026,,,,,,,,
752,8/24/2026,275.0,43.0,Sparkling Maintainers of Cedarwood,70.0,Sleek Air Freshener,cleaning supplies,segA,1.0,33.0,56.1,56.1,33.0,23.1,8/25/2026,,,,,,,,
753,8/24/2026,275.0,43.0,Sparkling Maintainers of Cedarwood,75.0,Fresh Microwave Popcorn,breakroom supplies,segB,1.0,18.0,34.74,34.74,18.0,37.8,8/25/2026,,,,,,,,
754,24/08/2026,275.0,43.0,Sparkling Maintainers of Cedarwood,79.0,Immaculate Microwave Popcorn,breakroom supplies,  segB ,1.0,25.0,48.5,48.5,25.0,23.5,8/25/2026,,,,,,,,
755,8/24/2026,275.0,43.0,Sparkling Maintainers of Cedarwood,85.0,Sparkling Microwave Popcorn,breakroom supplies,segB,1.0,12.0,23.88,23.88,12.0,11.88,8/25/2026,,,,,,,,
756,8/24/2026,275.0,43.0,Sparkilng Maintainers of Cedarwood,89.0,Sparkling Disposable Cups,breakroom supplies,segB,1.0,21.0,46.83,46.83,21.0,25.83,8/25/2026,,,,,,,,
757,8/24/2026,275.0,43.0,Sparkling Maintainers of Cedarwood,90.0,Dazzling Instant Soups,breakroom supplies,segB,1.0,24.0,44.64,44.64,24.0,20.64,8/25/2026,,,,,,,,
758,8/21/2026,306.0,43.0,Sparkling Maintainers of Cedarwood,8.0,Bright Party Napkins,paper & tissue,segA,3.0,50.0,67.5,202.5,150.0,52.5,8/24/2026,,,,,,,,
759,8/21/2026,306.0,43.0,Sparkling Maintainers of Cedarwood,13.0,Pristine Party Napkins,paper & tissue,segA,1.0,45.0,65.25,102.06,45.0,20.25,8/24/2026,,,,,,,,
760,8/21/2026,306.0,43.0,Sparkling Maintainers of Cedarwood,21.0,Glossy Facial Tissues,paper & tissue,segA,2.0,47.0,69.56,139.12,94.0,45.12,24/08/2026,,,,,,,,
761,8/21/2026,306.0,43.0,Sparkling Maintainers of Cedarwood,36.0,Glossy Staplers,office products,segB,1.0,50.0,71.0,71.0,50.0,21.0,8/24/2026,,,,,,,,
762,8/21/2026,306.0,43.0,Sparkling Maintainers of Cedarwood,42.0,Polished Markers,office products,segB,1.0,28.0,41.44,41.44,28.0,13.44,8/24/2026,,,,,,,,
763,8/21/2026,306.0,43.0,Sparkling Maintainers of Cedarwood,43.0,Fersh File Folders,office products,segB,1.0,50.0,81.0,81.0,50.0,31.0,8/24/2026,,,,,,,,
764,8/21/2026,306.0,43.0,  Sparkling Maintainers of Cedarwood ,57.0,Glossy All-Purpose Cleaner,cleaning supplies,segA,1.0,51.0,90.78,90.78,51.0,39.78,8/24/2026,,,,,,,,
765,8/21/2026,306.0,43.0,Sparkling Maintainers of Cedarwood,60.0,Polished Degreaser,cleaning supplies,segA,1.0,26.0,49.4,49.4,26.0,23.4,8/24/2026,,,,,,,,
766,8/21/2026,306.0,43.0,Sparkling Maintainers of Cedarwood,68.0,Dazzling Disinfectant Wipes,cleaning supplies,segA,15.0,54.0,81.0,1215.0,810.0,405.0,8/24/2026,,,,,,,,
767,8/21/2026,306.0,43.0,Sparkling Maintainers of Cedarwood,70.0,Sleek Air Freshener,cleaning supplies,segA,1.0,33.0,56.1,56.1,33.0,23.1,8/24/2026,,,,,,,,
768,8/21/2026,306.0,43.0,Sparkling Maintainers of Cedarwood,74.0,Pristine Energy Drinks,breakroom supplies,,1.0,15.0,32.7,32.7,15.0,17.7,8/24/2026,,,,,,,,
769,8/21/2026,306.0,43.0,Sparkling Maintainers of Cedarwood,85.0,Sparkling Microwave Popcorn,breakroom supplies,segB,1.0,12.0,23.88,23.88,12.0,11.88,8/24/2026,,,,,,,,
770,8/21/2026,306.0,43.0,Sparkling Maintainers of Cedarwood,90.0,Dazzling Instant Soups,breakroom supplies,segB,1.0,24.0,44.64,44.64,24.0,20.64,8/24/2026,,,,,,,,
771,8/14/2026,436.0,43.0,Sparkling Maintainers of Cedarwood,11.0,Fresh Lunch Napkins,paper & tissue,segA,1.0,21.0,27.51,27.51,21.0,6.51,8/24/2026,,,,,,,,
772,8/14/2026,436.0,43.0,Sparkling Maintainers of Cedarwood,22.0,Sparkling Pocket Tissues,paper & tissue,segA,2.0,41.0,58.22,232.88,164.0,68.88,8/24/2026,,,,,,,,
773,14/08/2026,436.0,43.0,Sparkling Maintainers of Cedarwood,40.0,Immaculate Markers,office products,segB,1.0,34.0,51.68,51.68,34.0,17.68,8/24/2026,,,,,,,,
774,8/14/2026,436.0,43.0,Sparkling Maintainers of Cedarwood,45.0,Immaculate Staplers,office products,  segB ,1.0,50.0,70.0,102.06,50.0,20.0,8/24/2026,,,,,,,,
775,8/14/2026,436.0,43.0,Sparkling Maintainerso f Cedarwood,51.0,Bright Glass Cleaner,cleaning supplies,segA,2.0,26.0,46.8,93.6,52.0,41.6,8/24/2026,,,,,,,,
776,8/14/2026,436.0,43.0,Sparkling Maintainers of Cedarwood,52.0,Spotless Air Freshener,cleaning supplies,segA,2.0,49.0,88.69,177.38,98.0,79.38,8/24/2026,,,,,,,,
777,8/14/2026,436.0,43.0,Sparkling Maintainers of Cedarwood,54.0,Dazzling Floor Cleaner,cleaning supplies,segA,1.0,45.0,75.6,75.6,45.0,30.6,,,,,,,,,
778,8/14/2026,436.0,43.0,Sparkling Maintainers of Cedarwood,57.0,Glossy All-Purpose Cleaner,cleaning supplies,segA,1.0,51.0,51.29707511896669,90.78,51.0,39.78,8/24/2026,,,,,,,,
779,8/14/2026,436.0,43.0,Sparkling Maintainers of Cedarwood,60.0,Polished Degreaser,cleaning supplies,segA,1.0,26.0,49.4,49.4,26.0,23.4,8/24/2026,,,,,,,,
780,8/14/2026,436.0,43.0,Sparkling Maintainers of Cedarwood,,  Glossy Air Freshener ,cleaning supplies,segA,1.0,20.0,37.0,37.0,20.0,17.0,8/24/2026,,,,,,,,
781,8/14/2026,436.0,43.0,Sparkling Maintainers of Cedarwood,68.0,Dazzling Disinfectant Wipes,cleaning supplies,segA,22.0,54.0,81.0,102.06,1188.0,594.0,24/08/2026,,,,,,,,
782,8/14/2026,436.0,43.0,  Sparkling Maintainers of Cedarwood ,82.0,Pristine Granola Bars,breakroom supplies,segB,1.0,26.0,49.4,49.4,26.0,23.4,8/24/2026,,,,,,,,
783,8/14/2026,436.0,43.0,Sparkling Maintainers of Cedarwood,99.0,Glossy Letter Size Paper,copy paper,  segB ,1.0,57.0,95.76,95.76,57.0,38.76,8/24/2026,,,,,,,,
784,8/14/2026,436.0,43.0,Sparkling Maintainers of Cedarwood,120.0,Sparkling Letter Size Paper,copy paper,segB,1.0,45.0,51.29707511896669,65.7,45.0,20.7,8/24/2026,,,,,,,,
785,8/27/2026,,43.0,Sparkling Maintainers of Cedarwood,12.0,Immaculate Roll Paper Towels,paper & tissue,segA,6.0,44.0,64.68,388.08,264.0,124.08,8/28/2026,,,,,,,,
786,8/14/2026,,43.0,Sparkling Maintainers of Cedarwood,70.0,Sleek Air Freshener,cleaning supplies,segA,1.0,32.344897959183676,56.1,56.1,33.0,23.1,8/24/2026,,,,,,,,
787,8/14/2026,437.0,44.0,Gleaming Stewards of Mountdale,16.0,Dazzling Bathroom Tissue,paper & tissue,segD,4.0,42.0,73.5,294.0,63.0,126.0,8/17/2026,,,,,,,,
788,8/14/2026,437.0,44.0,Gleaming Stewards of Mountdale,37.0,Bright Recycled Paper,office products,segB,3.0,24.0,39.6,118.8,72.0,46.8,8/17/2026,,,,,,,,
789,8/14/2026,437.0,44.0,Gleaming Stewards of Mountdale,55.0,Spotless Floor Cleaner,cleaning supplies,,5.0,29.0,50.17,250.85,145.0,105.85,8/17/2026,,,,,,,,
790,8/14/2026,437.0,44.0,Gleaming Stewards of Mountdale,57.0,Glossy All-Purpose Cleaner,cleaning supplies,segB,3.0,51.0,94.35,283.05,153.0,130.05,,,,,,,,,
791,8/14/2026,437.0,44.0,Gleaming Stewards of Mountdale,93.0,Gleaming Microwave Popcorn,breakroom supplies,segD,1.0,20.0,44.8,44.8,20.0,24.8,8/17/2026,,,,,,,,
792,8/14/2026,437.0,44.0,Gleaming Stewards of Mountdale,96.0,Dazzling Disposable Cups,breakroom suplpies,segD,1.0,19.0,43.51,43.51,19.0,24.51,8/17/2026,,,,,,,,
793,8/14/2026,437.0,44.0,Gleaming Stewards of Mountdale,101.0,Radiant Colored Paper,copy paper,segA,18.0,60.0,95.4,1717.2,1080.0,637.2,8/17/2026,,,,,,,,
794,8/14/2026,437.0,44.0,Gleaming Stewards of Mountdale,103.0,Spotless Colored Paper,copy paper,segA,2.0,45.0,58.95,294.75,225.0,69.75,8/17/2026,,,,,,,,
795,8/14/2026,437.0,44.0,Gleaming Stewards of Mountdale,108.0,Dazzling Cardstock,copy paper,segA,26.0,21.0,51.29707511896669,720.72,546.0,174.72,8/17/2026,,,,,,,,
796,8/18/2026,377.0,48.0,Polished Suppliers of Mountburg,1.0,Sleek Party Napkins,paper & tissue,segB,3.0,29.0,40.89,122.67,87.0,35.67,8/19/2026,,,,,,,,
797,8/18/2026,377.0,48.0,Polished Suppliers of Mountburg,4.0,Bright Bathroom Tissue,paper & tissue,segB,6.0,26.0,37.44,224.64,156.0,68.64,8/19/2026,,,,,,,,
798,8/18/2026,377.0,48.0,Polished Suppliers of Mountburg,14.0,Spotless Pocket Tissues,paper & tissue,segB,6.0,20.0,28.6,171.6,120.0,51.6,8/19/2026,,,,,,,,
799,8/18/2026,377.0,48.0,Polished Suppliers of Mountburg,21.0,Glossy Facial Tissues,paper & tissue,segB,5.0,47.0,70.03,350.15,235.0,115.15,8/19/2026,,,,,,,,
800,8/18/2026,377.0,48.0,Polished Suppliers of Mountburg,22.0,Sparkling Pocket Tissues,,segB,121.0,41.0,50.43,6102.03,4961.0,37.8,,,,,,,,,
801,8/18/2026,377.0,48.0,Polished Suppliers of Mountburg,28.0,Immaculate Binder Clips,  office products ,segA,5.0,29.0,45.24,226.2,145.0,81.2,8/19/2026,,,,,,,,
802,8/18/2026,377.0,48.0,Polished Suppliers of Mountburg,33.0,Dazzling File Folders,office products,segA,20.0,26.0,33.8,676.0,520.0,156.0,8/19/2026,,,,,,,,
803,8/18/2026,377.0,48.0,Polished Suppliers of Mountburg,35.0,Dazzling Staplers,office products,  segA ,21.0,27.0,37.8,793.8,567.0,226.8,8/19/2026,,,,,,,,
804,8/18/2026,377.0,48.0,  Polished Suppliers of Mountburg ,36.0,Glossy Staplers,  office products ,segA,6.0,50.0,74.5,447.0,300.0,147.0,8/19/2026,,,,,,,,
805,8/18/2026,377.0,48.0,Polished Suppliers of Mountburg,37.0,Bright Recycled Paper,office products,segA,5.0,24.0,34.56,172.8,63.0,52.8,,,,,,,,,
806,8/18/2026,377.0,48.0,Polished Suppliers of Mountburg,40.0,Immaculate Markers,office products,segA,7.0,34.0,45.22,316.54,238.0,78.54,8/19/2026,,,,,,,,
807,8/18/2026,377.0,48.0,Polished Suppliers of Mountburg,46.0,Spotless Desk Organizers,office products,segA,18.0,33.0,48.84,879.12,594.0,285.12,8/19/2026,,,,,,,,
808,8/18/2026,377.0,48.0,Sparkling Maintainers of Cedarwood,114.0,Glossy Recycled Paper,copy paper,segB,3.0,32.0,53.44,160.32,96.0,64.32,8/19/2026,,,,,,,,
810,8/12/2026,505.0,48.0,Polished Suppliers of Mountburg,1.0,Sleek Party Napkins,paper & tissue,,3.0,29.0,40.89,122.67,87.0,35.67,8/13/2026,,,,,,,,
811,8/12/2026,505.0,48.0,Polished Suppliers of Mountburg,4.0,Bright Bathroom Tissue,paper & tissue,segB,9.0,26.0,51.29707511896669,336.96,234.0,102.96,8/13/2026,,,,,,,,
812,8/12/2026,505.0,48.0,Polished Suppliers of Mountburg,27.0,Sparkling Sticky Notes,office products,segA,16.0,43.0,61.92,990.72,688.0,302.72,8/13/2026,,,,,,,,
813,8/12/2026,505.0,48.0,Polished Suppliers of Mountburg,30.0,Immaculate Markers,  office products ,segA,4.0,28.0,51.29707511896669,179.2,112.0,67.2,8/13/2026,,,,,,,,
814,8/12/2026,505.0,48.0,Sparkling Maintainers of Cedarwood,32.0,Bright Desk Organizers,office products,segA,14.0,44.0,60.28,843.92,616.0,227.92,8/13/2026,,,,,,,,
815,8/12/2026,505.0,48.0,Polished Suppliers of Mountburg,33.0,Dazzling File Folders,office products,segA,17.0,26.0,33.8,574.6,442.0,132.6,13/08/2026,,,,,,,,
816,8/12/2026,505.0,48.0,Polished Suppliers of Mountburg,35.0,Dazzling Staplers,office products,segA,18.0,32.344897959183676,37.8,680.4,486.0,194.4,8/13/2026,,,,,,,,
817,8/12/2026,505.0,48.0,Polished Suppliers of Mountburg,38.0,Radiant Pens,office products,segA,16.0,17.0,26.52,424.32,272.0,152.32,8/13/2026,,,,,,,,
818,8/12/2026,505.0,48.0,Polished Suppliers of Mountburg,46.0,Spotless Desk Organizers,office products,segA,13.0,33.0,48.84,634.92,429.0,205.92,8/13/2026,,,,,,,,
819,8/11/2026,531.0,48.0,Polished Suppliers of Mountburg,4.0,Bright Bathroom Tissue,paper & tissue,segB,2.0,26.0,37.44,187.2,63.0,57.2,8/12/2026,,,,,,,,
820,8/11/2026,531.0,48.0,Polished Suppliers of Mountburg,14.0,Spotless Pocket Tissues,paper & tissue,segB,7.0,20.0,28.6,200.2,140.0,60.2,8/12/2026,,,,,,,,
821,8/11/2026,531.0,48.0,Polished Suppliers of Mountburg,21.0,Glossy Facial Tissues,,segB,2.0,47.0,70.03,102.06,94.0,46.06,8/12/2026,,,,,,,,
822,8/11/2026,531.0,48.0,Polished Suppliers of Mountburg,26.0,Radiant Sticky Notes,office products,,141.0,34.0,44.2,6232.2,4794.0,1438.2,12/8/2026,,,,,,,,
823,8/11/2026,531.0,48.0,Polished Suppliers of Mountburg,27.0,Sparkling Sticky Notes,office products,segA,21.0,43.0,61.92,1300.32,903.0,397.32,8/12/2026,,,,,,,,
824,8/11/2026,531.0,48.0,Polished Suppliers of Mountburg,30.0,Immaculate Markers,office products,segA,8.0,28.0,44.8,358.4,224.0,134.4,8/12/2026,,,,,,,,
825,8/11/2026,531.0,48.0,Polished Suppliers of Mountburg,36.0,Glossy Staplers,office products,segA,6.0,50.0,74.5,447.0,300.0,147.0,8/12/2026,,,,,,,,
826,8/11/2026,531.0,48.0,Polished Suppliers of Mountburg,40.0,Immaculate Markers,office products,segA,6.0,34.0,45.22,271.32,204.0,67.32,8/12/2026,,,,,,,,
827,8/11/2026,531.0,48.0,Polished Suppliers of Mountburg,47.0,Immaculate Staplers,office products,segA,17.0,24.0,35.28,599.76,408.0,191.76,8/12/2026,,,,,,,,
828,8/11/2026,531.0,48.0,Polished Suppliers of Mountburg,56.0,Pristine Citrus Cleaner,cleaning supplies,segD,1.0,48.0,102.24,102.24,48.0,54.24,8/12/2026,,,,,,,,
829,8/11/2026,531.0,48.0,Polished Suppliers of Mountburg,82.0,Pristine Granola Bars,breakroom supplies,segD,1.0,26.0,61.36,61.36,26.0,35.36,8/12/2026,,,,,,,,
830,8/11/2026,531.0,48.0,Polished Suppliers of Mountburg,99.0,Glossy Letter Size Paper,  copy paper ,segB,1.0,57.0,92.34,92.34,57.0,35.34,8/12/2026,,,,,,,,
831,8/11/2026,531.0,48.0,Polished Suppliers of Mountburg,102.0,Sleek Resume Paper,copy paper,segB,4.0,26.0,43.94,175.76,104.0,71.76,8/12/2026,,,,,,,,
832,9/2/2026,61.0,49.0,Polished Facilities of Canyondale,27.0,Sparkling Sticky Notes,office products,segA,1.0,43.0,56.76,56.76,43.0,13.76,9/3/2026,,,,,,,,
833,9/2/2026,61.0,49.0,Polished Facilities of Canyondale,28.0,Immaculate Binder Clips,office products,segA,2.0,29.0,41.18,82.36,58.0,24.36,9/3/2026,,,,,,,,
834,9/2/2026,61.0,49.0,Polished Facilities of Canyondale,32.0,Bright Desk Organizers,office products,segA,1.0,44.0,66.88,66.88,44.0,22.88,9/3/2026,,,,,,,,
835,9/2/2026,61.0,49.0,Polished Facilities of Canyondale,33.0,Dazzling File Folders,office products,sgeA,2.0,26.0,37.44,74.88,52.0,22.88,9/3/2026,,,,,,,,
836,9/2/2026,61.0,49.0,Polished Facilities of Canyondale,37.0,Bright Recycled Paper,office products,segA,3.0,24.0,31.2,93.6,72.0,21.6,9/3/2026,,,,,,,,
837,9/2/2026,61.0,49.0,Polished Facilities of Canyondale,46.0,Spotless Desk Organizers,office products,segA,2.0,33.0,51.15,102.3,66.0,36.3,9/3/2026,,,,,,,,
838,9/2/2026,61.0,49.0,Polished Facilities of Canyondale,76.0,Immaculate Granola Bars,breakroom supplies,segA,1.0,10.0,18.8,18.8,10.0,8.8,3/9/2026,,,,,,,,
839,9/2/2026,61.0,49.0,Polished Facilities of Canyondale,79.0,Immaculate Microwave Popcorn,  breakroom supplies ,segA,1.0,25.0,44.75,44.75,25.0,19.75,9/3/2026,,,,,,,,
840,9/2/2026,61.0,49.0,Polished Facilities of Canyondale,80.0,Spotless Instant Soups,breakroom supplies,segA,1.0,17.0,31.45,31.45,17.0,14.45,9/3/2026,,,,,,,,
841,9/2/2026,61.0,49.0,Polished Facilities of Canyondale,84.0,Sparkling Creamers,breakroom supplies,segA,2.0,18.0,27.0,864.0,576.0,288.0,9/3/2026,,,,,,,,
842,9/2/2026,61.0,49.0,  Polished Facilities of Canyondale ,87.0,GlossyT ea Selection,breakroom supplies,segA,1.0,11.0,22.0,22.0,11.0,11.0,9/3/2026,,,,,,,,
843,9/2/2026,61.0,49.0,Polished Facilities of Canyondale,88.0,Gleaming Coffee Beans,breakroom supplies,segA,1.0,18.0,35.1,35.1,18.0,17.1,9/3/2026,,,,,,,,
844,8/28/2026,140.0,49.0,Polished Facilities of Canyondale,25.0,Dazzling Binder Clips,office products,segA,1.0,45.0,63.0,63.0,45.0,18.0,8/31/2026,,,,,,,,
845,8/28/2026,140.0,49.0,Polished Facilities of Canyondale,28.0,Immaculate Binder Clips,office products,segA,1.0,29.0,41.18,41.18,29.0,12.18,8/31/2026,,,,,,,,
846,28/08/2026,140.0,49.0,Polished Facilities of Canyondale,32.0,Bright Desk Organizers,office products,segA,1.0,44.0,66.88,66.88,44.0,22.88,31/08/2026,,,,,,,,
847,8/28/2026,140.0,49.0,Polished Facilities of Canyondale,43.0,Fresh File Folders,office products,segA,1.0,50.0,72.0,72.0,50.0,22.0,31/08/2026,,,,,,,,
848,8/28/2026,140.0,49.0,Polished Facilities of Canyondale,79.0,Immaculate Microwave Popcorn,breakroom supplies,segA,1.0,25.0,51.29707511896669,44.75,25.0,19.75,8/31/2026,,,,,,,,
849,8/28/2026,140.0,49.0,Polished Facilities of Canyondale,83.0,Spotless Energy Drinks,berakroom supplies,segA,1.0,26.0,47.58,47.58,26.0,21.58,8/31/2026,,,,,,,,
850,8/28/2026,140.0,49.0,Polished Facilities of Canyondale,85.0,Sparkling Microwave Popcorn,breakroom supplies,segA,1.0,12.0,22.08,22.08,12.0,10.08,8/31/2026,,,,,,,,
851,8/28/2026,140.0,49.0,Polished Facilities of Canyondale,88.0,Gleaming Coffee Beans,breakroom supplies,segA,1.0,18.0,35.1,35.1,18.0,17.1,8/31/2026,,,,,,,,
852,8/28/2026,140.0,49.0,Polished Facilities of Canyondale,92.0,Glossy Instant Soups,breakroom supplies,segA,1.0,24.0,48.96,48.96,24.0,24.96,8/31/2026,,,,,,,,
853,8/28/2026,140.0,49.0,Polished Facilities of Canyondale,93.0,Gleaming Microwave Popcorn,breakroom supplies,segA,1.0,20.0,41.6,41.6,20.0,21.6,8/31/2026,,,,,,,,
854,8/28/2026,140.0,49.0,Polished Facilities of Canyondale,101.0,Radiant Colored Paper,copy paper,segB,1.0,60.0,90.6,90.6,60.0,30.6,8/31/2026,,,,,,,,
855,8/28/2026,140.0,49.0,Polished Facilities of Canyondale,103.0,Spotless Colored Paper,copy paper,segB,1.0,45.0,70.2,70.2,45.0,25.2,8/31/2026,,,,,,,,
856,8/28/2026,140.0,49.0,Polished Facilities of Canyondale,118.0,Sparkling Cardstock,copy paper,segB,1.0,37.0,57.35,57.35,37.0,20.35,8/31/2026,,,,,,,,
857,8/27/2026,179.0,49.0,Polished Facilities of Canyondale,35.0,Dazzling Staplers,office products,segA,1.0,27.0,41.58,41.58,27.0,14.58,8/28/2026,,,,,,,,
858,8/27/2026,179.0,49.0,Polished Facilities of Canyondale,37.0,Bright Recycled Paper,office products,segA,5.0,24.0,31.2,156.0,120.0,36.0,8/28/2026,,,,,,,,
859,8/27/2026,179.0,49.0,Polished Facilities of Canyondale,43.0,Fresh File Folders,,  segA ,2.0,50.0,72.0,144.0,100.0,44.0,8/28/2026,,,,,,,,
860,8/27/2026,179.0,49.0,  Polished Facilities of Canyondale ,45.0,Immaculate Staplers,office products,segA,4.0,24.0,35.04,140.16,96.0,44.16,8/28/2026,,,,,,,,
861,27/08/2026,179.0,49.0,Polished Facilities of Canyondale,73.0,Spotless Creamers,breakroom supplies,segA,1.0,18.0,36.18,36.18,18.0,18.18,8/28/2026,,,,,,,,
862,8/27/2026,179.0,49.0,Polished Facilities of Canyondale,75.0,Fresh Microwave Popcorn,breakroom supplies,segA,1.0,18.0,30.96,30.96,18.0,12.96,8/28/2026,,,,,,,,
863,8/27/2026,179.0,49.0,Polished Facilities of Canyondale,79.0,Immaculate Microwave Popcorn,breakroom supplies,  segA ,1.0,32.344897959183676,44.75,44.75,25.0,19.75,8/28/2026,,,,,,,,
864,8/27/2026,179.0,49.0,Polished Facilities of Canyondale,84.0,Sparklin gCreamers,breakroom supplies,segA,34.0,18.0,27.0,918.0,612.0,306.0,8/28/2026,,,,,,,,
865,8/27/2026,179.0,49.0,Polished Facilities of Canyondale,94.0,Pristine Instant Soups,breakroom supplies,segA,1.0,7.0,51.29707511896669,12.04,7.0,5.04,8/28/2026,,,,,,,,
866,8/27/2026,179.0,49.0,Polished Facilities of Canyondale,99.0,Glossy Letter Size Paper,copy paper,segB,1.0,57.0,86.07,86.07,57.0,29.07,8/28/2026,,,,,,,,
867,8/25/2026,242.0,49.0,Polished Facilities of Canyondale,6.0,Pristine Bathroom Tissue,paper & tissue,segB,1.0,19.0,29.45,29.45,19.0,10.45,9/2/2026,,,,,,,,
868,8/25/2026,242.0,49.0,Polished Facilities of Canyondale,26.0,Radiant Sticky Notes,,segA,1.0,34.0,53.72,53.72,34.0,19.72,9/2/2026,,,,,,,,
869,8/25/2026,242.0,49.0,Polished Facilities of Canyondale,27.0,Sparkling Sticky Notes,office products,segA,2.0,43.0,56.76,56.76,43.0,13.76,9/2/2026,,,,,,,,
870,8/25/2026,242.0,49.0,Polished Facilities of Canyondale,28.0,Immaculate Binder Clips,office products,segA,2.0,29.0,41.18,82.36,58.0,24.36,9/2/2026,,,,,,,,
871,8/25/2026,242.0,49.0,Polished Facilities of Canyondale,34.0,Radiant Staplers,office products,segA,3.0,24.0,32.16,96.48,72.0,24.48,9/2/2026,,,,,,,,
872,8/25/2026,242.0,49.0,Polished Facilities of Canyondale,37.0,Bright Recycled Paper,office products,segA,2.0,24.0,31.2,62.4,48.0,37.8,9/2/2026,,,,,,,,
873,8/25/2026,242.0,49.0,Polished Facilities of Canyondale,43.0,Fresh File Folders,office products,segA,1.0,50.0,72.0,72.0,50.0,22.0,9/2/2026,,,,,,,,
874,8/25/2026,242.0,49.0,Polished Facilities of Canyondale,79.0,Immaculate Microwave Popcorn,breakroom supplies,segA,1.0,25.0,44.75,44.75,25.0,19.75,9/2/2026,,,,,,,,
875,8/25/2026,242.0,49.0,Polished Facilities of Canyondale,84.0,Sparkling Creamers,breakroom supplies,segA,34.0,18.0,27.0,918.0,612.0,306.0,9/2/2026,,,,,,,,
876,8/25/2026,242.0,49.0,Polished Facilities of Canyondale,87.0,Glossy Tea Selection,breakroom supplies,segA,1.0,11.0,22.0,22.0,11.0,11.0,9/2/2026,,,,,,,,
877,8/25/2026,242.0,49.0,Polished Facilities of Canyondale,88.0,Gleaming Coffee Beans,,segA,1.0,18.0,35.1,35.1,18.0,17.1,9/2/2026,,,,,,,,
878,8/25/2026,242.0,49.0,Polished Facilities of Canyondale,92.0,Glossy Intsant Soups,breakroom supplies,segA,1.0,24.0,48.96,102.06,24.0,24.96,9/2/2026,,,,,,,,
879,8/25/2026,242.0,49.0,Polished Facilities of Canyondale,93.0,Gleaming Microwave Popcorn,breakroom supplies,segA,1.0,20.0,51.29707511896669,41.6,20.0,21.6,9/2/2026,,,,,,,,
880,8/25/2026,242.0,49.0,Polished Facilities of Canyondale,94.0,Pristine Instant Soups,breakroom supplies,segA,1.0,7.0,12.04,12.04,7.0,5.04,9/2/2026,,,,,,,,
881,8/25/2026,242.0,49.0,Polished Facilities of Canyondale,101.0,Radiant Colored Paper,copy paper,segB,1.0,60.0,90.6,90.6,60.0,30.6,9/2/2026,,,,,,,,
882,8/28/2026,,49.0,Polished Facilities of Canyondale,87.0,Glossy Tea Selection,breakroom supplies,segA,1.0,11.0,22.0,22.0,11.0,11.0,8/31/2026,,,,,,,,
883,8/25/2026,,49.0,Polished Facilities of Canyondale,83.0,Spotless Energy Drinks,breakroom supplies,segA,1.0,26.0,47.58,47.58,26.0,21.58,9/2/2026,,,,,,,,
884,8/26/2026,211.0,50.0,Polished Maintainers of Mounthaven,63.0,Polished Glass Cleaner,cleaning supplies,segC,1.0,42.0,76.86,76.86,42.0,34.86,9/3/2026,,,,,,,,
885,26/08/2026,211.0,50.0,Polished Maintainers of Mounthaven,67.0,Sleek Citrus Cleaner,cleaning supplies,segC,1.0,39.0,73.71,73.71,39.0,34.71,9/3/2026,,,,,,,,
886,8/26/2026,211.0,50.0,Polished Maintainers of Mounthaven,73.0,Spotless Creamers,breakroom supplies,segA,2.0,18.0,30.78,102.06,18.0,12.78,9/3/2026,,,,,,,,
887,8/26/2026,211.0,50.0,Polished Maintainers of Mounthaven,77.0,Sleek Disposable Cups,breakroom supplies,segA,1.0,25.0,49.75,49.75,25.0,24.75,9/3/2026,,,,,,,,
888,8/26/2026,211.0,50.0,Polished Maintainers of Mounthaven,78.0,Glossy Creamers,breakroom supplies,segA,1.0,27.0,52.11,52.11,27.0,37.8,9/3/2026,,,,,,,,
889,8/26/2026,211.0,50.0,Polished Maintainers of Mounthaven,85.0,Sparkling Microwave Popcorn,breakroom supplies,segA,1.0,12.0,20.64,102.06,12.0,8.64,9/3/2026,,,,,,,,
890,8/26/2026,211.0,50.0,Polished Maintainers of Mounthaven,90.0,Dazzling Instant Soups,breakroom supplies,segA,1.0,24.0,44.16,44.16,24.0,20.16,9/3/2026,,,,,,,,
891,8/26/2026,211.0,50.0,Polished Maintainers of Mounthaven,96.0,Dazzling Disposable Cups,breakroom supplies,segA,1.0,19.0,35.34,35.34,19.0,16.34,9/3/2026,,,,,,,,
892,8/12/2026,506.0,50.0,Polished Maintainers of Mounthaven,13.0,Pristine Party Napkins,paper & tissue,segD,1.0,45.0,75.15,75.15,45.0,30.15,8/27/2026,,,,,,,,
893,8/12/2026,506.0,50.0,Polished Maintainers of Mounthaven,58.0,Spotless Floor Cleaner,cleaning supplies,segC,1.0,31.0,57.04,57.04,31.0,26.04,8/27/2026,,,,,,,,
894,8/12/2026,506.0,50.0,Polished Maintainers of Mounthaven,73.0,Spotless Creamers,breakroom supplies,segA,1.0,18.0,30.78,30.78,18.0,12.78,8/27/2026,,,,,,,,
895,8/12/2026,506.0,50.0,Polished Maintainers of Mounthaven,82.0,Pristine Granola Bars,breakroom supplies,segA,1.0,26.0,54.08,54.08,26.0,28.08,8/27/2026,,,,,,,,
896,8/12/2026,506.0,50.0,Polished Maintainers of Mounthaven,85.0,Sparkling Microwave Popcorn,breakroom supplies,segA,1.0,12.0,20.64,20.64,12.0,8.64,8/27/2026,,,,,,,,
897,8/12/2026,506.0,50.0,  Polished Maintainers of Mounthaven ,90.0,Dazzling Instant Soups,breakroom supplies,segA,1.0,24.0,44.16,44.16,24.0,20.16,8/27/2026,,,,,,,,
898,8/12/2026,506.0,50.0,Polished Maintainers of Mounthaven,92.0,Glossy Instant Soups,breakroom supplies,esgA,1.0,24.0,45.84,45.84,24.0,21.84,8/27/2026,,,,,,,,
899,8/12/2026,506.0,50.0,Polished Maintainers of Mounthaven,96.0,Dazzling Disposable Cups,breakroom supplies,segA,1.0,19.0,35.34,35.34,19.0,16.34,8/27/2026,,,,,,,,
900,8/11/2026,532.0,50.0,Polished Maintainers of Mounthaven,13.0,Pristine Party Napkins,paper & tissue,segD,1.0,45.0,75.15,75.15,45.0,30.15,8/12/2026,,,,,,,,
901,8/11/2026,532.0,50.0,Polished Maintainers of Mounthaven,64.0,Bright Glass Cleaner,cleaning supplies,segC,1.0,32.0,60.16,60.16,32.0,28.16,8/12/2026,,,,,,,,
902,8/11/2026,532.0,50.0,Polished Maintainers of Mounthaven,77.0,Sleek Disposable Cups,breakroom supplies,segA,2.0,25.0,49.75,49.75,25.0,24.75,8/12/2026,,,,,,,,
903,8/11/2026,532.0,50.0,Polished Maintainers of Mounthaven,78.0,Glossy Creamers,breakroom supplies,segA,1.0,27.0,52.11,52.11,27.0,25.11,8/12/2026,,,,,,,,
904,11/8/2026,532.0,50.0,Polished Maintainers of Mounthaven,82.0,Pristine Granola Bars,breakroom supplies,,2.0,26.0,54.08,108.16,52.0,56.16,8/12/2026,,,,,,,,
905,8/11/2026,532.0,50.0,Polished Maintainers of Mounthaven,86.0,Dazzling Instant Soups,breakroom supplies,segA,2.0,16.0,33.92,67.84,32.0,35.84,8/12/2026,,,,,,,,
906,8/11/2026,532.0,50.0,Polished Maintainers of Mounthaven,90.0,Dazzling Instant Soups,breakroom supplies,segA,1.0,24.0,44.16,102.06,24.0,20.16,8/12/2026,,,,,,,,
907,8/11/2026,532.0,50.0,Polished Maintainers of Mounthaven,94.0,Pristine Instant Soups,breakroom supplies,  segA ,1.0,7.0,13.44,13.44,7.0,6.44,8/12/2026,,,,,,,,
908,8/11/2026,532.0,50.0,Polished Maintainers of Mounthaven,96.0,Dazzling Disposable Cups,breakroom supplies,segA,1.0,19.0,35.34,35.34,19.0,16.34,8/12/2026,,,,,,,,
909,8/31/2026,107.0,51.0,Spotless Suppliers of Cedarburg,10.0,Pristine 2-Ply Toilet Paper,paper & tissue,segB,27.0,26.0,33.8,912.6,702.0,210.6,9/1/2026,,,,,,,,
910,8/31/2026,107.0,51.0,Spotless Suppliers of Cedarburg,16.0,Dazzling Bathroom Tissue,paper & tissue,segB,1.0,42.0,61.74,61.74,42.0,19.74,1/9/2026,,,,,,,,
911,8/31/2026,107.0,51.0,Spotless Spupliers of Cedarburg,22.0,Sparkling Pocket Tissues,paper & tissue,  seBg ,1.0,18.0,27.54,27.54,18.0,9.54,9/1/2026,,,,,,,,
912,8/31/2026,107.0,51.0,Spotless Suppilers of Cedarburg,25.0,Dazzling Binder Clips,office products,segB,1.0,45.0,72.9,72.9,45.0,27.9,9/1/2026,,,,,,,,
913,8/31/2026,107.0,51.0,Spotless Suppliers of Cedarburg,65.0,Sparkling Citrus Cleaner,cleaning supplies,segD,1.0,20.0,42.8,42.8,20.0,22.8,9/1/2026,,,,,,,,
914,8/31/2026,107.0,51.0,Spotless Suppliers of Cedarburg,114.0,Glossy Recycled Paper,copy paper,segA,3.0,54.0,72.9,218.7,63.0,56.7,9/1/2026,,,,,,,,
915,8/31/2026,107.0,51.0,SpotlessS uppliers of Cedarburg,114.0,Glossy Recycled Paper,copy paper,segA,3.0,32.0,49.92,149.76,96.0,53.76,9/1/2026,,,,,,,,
916,9/4/2026,2.0,52.0,Radiant Maintainers of Forestdale,41.0,Dazzling File Folders,office products,segC,1.0,46.0,74.52,74.52,46.0,28.52,9/7/2026,,,,,,,,
917,9/4/2026,2.0,52.0,Radiant Maintainers of Forestdale,45.0,Immaculate Staplers,office products,segC,22.0,50.0,70.0,1540.0,1100.0,440.0,9/7/2026,,,,,,,,
918,9/4/2026,2.0,52.0,Radiant Maintainers of Forestdale,52.0,Spotless Air Freshener,cleaning supplies,segA,1.0,49.0,81.34,81.34,49.0,32.34,9/7/2026,,,,,,,,
919,9/4/2026,2.0,52.0,Radiant Maintainers of Forestdale,58.0,Spotless Floor Cleaner,cleaning supplies,segA,1.0,31.0,54.25,54.25,31.0,23.25,9/7/2026,,,,,,,,
920,9/4/2026,2.0,52.0,Radiant Maintainers of Forestdale,71.0,Spotless Glass Cleaner,cleaning supplies,segA,1.0,31.0,57.35,57.35,31.0,26.35,9/7/2026,,,,,,,,
921,9/3/2026,31.0,52.0,Radiant Maintainers of Forestdale,41.0,Dazzling File Folders,office products,segC,1.0,46.0,74.52,74.52,46.0,28.52,9/4/2026,,,,,,,,
922,9/3/2026,31.0,52.0,Radiant Maintainers of Forestdale,49.0,Sparkling Disinfectant Wipes,cleaning supplies,,1.0,21.0,37.17,37.17,21.0,16.17,9/4/2026,,,,,,,,
923,9/3/2026,31.0,52.0,Radiant Maintainers of Forestdale,52.0,Spotless Air Freshener,cleaning supplies,segA,1.0,49.0,81.34,81.34,63.0,32.34,9/4/2026,,,,,,,,
924,9/3/2026,31.0,52.0,Radiant Maintainers of Forestdale,53.0,Glossy Glass Cleaner,cleaning supplies,segA,1.0,36.0,59.04,59.04,36.0,23.04,9/4/2026,,,,,,,,
925,9/3/2026,31.0,52.0,Radiant Maintainers of Forestdale,55.0,Spotless Floor Cleaner,cleaning supplies,segA,1.0,29.0,53.94,53.94,29.0,24.94,9/4/2026,,,,,,,,
926,9/3/2026,31.0,52.0,Radiant Maintainers of Forestdale,58.0,Spotless Floor Cleaner,cleaning supplies,segA,1.0,31.0,54.25,54.25,31.0,23.25,9/4/2026,,,,,,,,
927,9/3/2026,31.0,52.0,Radiant Maintainers of Forestdale,60.0,Polished Degreaser,cleaning supplies,,3.0,26.0,41.86,125.58,78.0,47.58,9/4/2026,,,,,,,,
928,9/3/2026,31.0,52.0,  Radiant Maintainers of Forestdale ,119.0,Immaculate Letter Size Paper,copy paper,segB,1.0,44.0,64.68,64.68,44.0,20.68,9/4/2026,,,,,,,,
929,8/13/2026,470.0,52.0,Radiant Maintainers of Forestdale,31.0,Polished Highlighters,office products,segC,1.0,17.0,25.67,102.06,17.0,8.67,8/14/2026,,,,,,,,
930,8/13/2026,470.0,52.0,Radiant Maintainers of Forestdale,50.0,Bright Glass Cleaner,cleaning supplies,segA,1.0,23.0,39.33,39.33,23.0,16.33,,,,,,,,,
931,8/13/2026,470.0,52.0,Radiant Maintainers of Forestdale,56.0,Pristine Citrus Cleaner,cleaning supplies,segA,2.0,48.0,90.72,181.44,96.0,85.44,8/14/2026,,,,,,,,
932,8/13/2026,470.0,52.0,Radiant Maintainers of Forestdale,58.0,Spotless Floor Cleaner,cleaning supplies,segA,2.0,31.0,54.25,54.25,31.0,23.25,8/14/2026,,,,,,,,
933,8/13/2026,470.0,52.0,Radiant Maintainers of Forestdale,60.0,Polished Degreaser,cleaning supplies,segA,3.0,26.0,41.86,125.58,78.0,47.58,8/14/2026,,,,,,,,
934,8/13/2026,470.0,52.0,Radiant Maintainers of Forestdale,62.0,Glossy Air Freshener,cleaning supplies,segA,1.0,20.0,32.2,32.2,20.0,12.2,8/14/2026,,,,,,,,
935,8/13/2026,470.0,52.0,Radiant Maintainers of Forestdale,71.0,Spotless Glass Cleaner,cleaning supplies,segA,1.0,31.0,57.35,57.35,31.0,26.35,8/14/2026,,,,,,,,
936,9/1/2026,81.0,53.0,Glossy Maintainers of Canyonville,87.0,Glossy Tea Selection,breakroom supplies,  segC ,1.0,11.0,20.79,20.79,11.0,9.79,9/2/2026,,,,,,,,
937,9/1/2026,81.0,53.0,Glossy Maintainers of Canyonville,106.0,Sleek Resume Paper,copy paper,segC,5.0,48.0,74.4,372.0,240.0,37.8,9/2/2026,,,,,,,,
938,9/1/2026,81.0,53.0,Glossy Maintainers of Canyonville,114.0,Glossy Recycled Paper,copy paper,segC,2.0,32.0,46.72,93.44,64.0,29.44,9/2/2026,,,,,,,,
939,8/31/2026,108.0,53.0,Glossy Maintainers of Canyonville,87.0,Glossy Tea Selection,  breakroom supplies ,segC,1.0,11.0,20.79,20.79,11.0,9.79,9/1/2026,,,,,,,,
940,9/4/2026,3.0,54.0,Spotless Wholesalers of Mountport,18.0,Pristine Lunch Napkins,paper & tissue,segB,2.0,20.0,31.0,62.0,40.0,22.0,9/7/2026,,,,,,,,
941,9/4/2026,3.0,54.0,Spotless Wholesalers of Mountport,25.0,Dazzling Binder Clips,office products,segC,1.0,45.0,65.7,65.7,45.0,20.7,9/7/2026,,,,,,,,
942,9/4/2026,3.0,54.0,Spotless Wholesalers of Mountport,53.0,Glossy Glass Cleaner,cleaning supplies,segA,28.0,36.0,54.0,1512.0,1008.0,504.0,9/7/2026,,,,,,,,
943,9/4/2026,3.0,54.0,Spotless Wholesalers of Mountprot,61.0,Pristine Degreaser,cleaning supplies,segA,1.0,50.0,91.0,91.0,50.0,41.0,9/7/2026,,,,,,,,
944,9/4/2026,3.0,54.0,Spotless Wholesalers of Mountport,65.0,Sparkling Citrus Cleaner,cleaning supplies,segA,1.0,20.0,34.2,34.2,20.0,14.2,,,,,,,,,
945,9/4/2026,3.0,54.0,Spotless Wholesalers of Mountport,86.0,  Dazzling Instant Soups ,breakroom supplies,segB,1.0,16.0,31.36,31.36,16.0,15.36,9/7/2026,,,,,,,,
946,9/4/2026,3.0,54.0,Spotless Wholesalers of Mountport,113.0,Polished Recycled Paper,copy paper,segC,2.0,36.0,51.84,51.84,36.0,15.84,9/7/2026,,,,,,,,
947,9/4/2026,3.0,54.0,Spotless Wholesalers of Mountport,114.0,Glossy Recycled Paper,copy paper,segC,1.0,32.0,47.04,47.04,32.0,15.04,9/7/2026,,,,,,,,
948,8/24/2026,276.0,54.0,Spotless Wholesalers of Mountport,10.0,Pristine 2-Ply Toilet Paper,paper & tissue,segB,1.0,32.344897959183676,40.56,40.56,26.0,14.56,8/25/2026,,,,,,,,
949,8/24/2026,276.0,54.0,Spotless Wholesalers of Mountport,13.0,Pristine Party Napkins,paper & tissue,segB,1.0,45.0,70.65,70.65,45.0,25.65,8/25/2026,,,,,,,,
950,8/24/2026,276.0,54.0,Spotless Wholesalers of Mountport,20.0,Gleaming Roll Paper Towels,paper & tissue,segB,1.0,28.0,41.44,41.44,28.0,13.44,25/08/2026,,,,,,,,
951,8/24/2026,276.0,54.0,Spotless Wholesalers of Mountport,53.0,Glossy Glass Cleaner,,segA,40.0,36.0,54.0,2160.0,1440.0,37.8,8/25/2026,,,,,,,,
952,8/24/2026,276.0,54.0,Spotless Wholesalers of Mountport,55.0,Spotless Floor Cleaner,cleaning supplies,segA,1.0,29.0,51.29707511896669,54.23,29.0,25.23,8/25/2026,,,,,,,,
953,8/24/2026,276.0,54.0,Spotless Wholesalers of Mountport,58.0,Spotless Floor Cleaner,cleaning supplies,segA,3.0,31.0,49.91,149.73,93.0,56.73,8/25/2026,,,,,,,,
954,8/24/2026,276.0,54.0,Spotless Wholesalers of Mountport,61.0,Pristine Degreaser,cleaning supplies,segA,1.0,50.0,91.0,91.0,50.0,41.0,8/25/2026,,,,,,,,
955,8/24/2026,276.0,54.0,Spotless Wholesalers of Mountport,68.0,Dazzling Disinfectant Wipes,cleaning supplies,segA,1.0,54.0,97.2,97.2,54.0,43.2,8/25/2026,,,,,,,,
956,8/24/2026,276.0,54.0,Spotless Wholesalers of Mountport,70.0,Sleek Air Freshener,cleaning supplies,  segA ,1.0,33.0,60.72,60.72,33.0,27.72,8/25/2026,,,,,,,,
957,8/24/2026,276.0,54.0,Spotless Wholesalers of Mountport,92.0,Glossy Instant Soups,breakroom supplies,segB,1.0,24.0,50.16,50.16,24.0,26.16,8/25/2026,,,,,,,,
958,8/24/2026,276.0,54.0,Spotless Wholesalers of Mountport,93.0,Gleaming Microwave Popcorn,breakroom supplies,segB,1.0,20.0,38.0,38.0,20.0,18.0,8/25/2026,,,,,,,,
959,8/24/2026,276.0,54.0,Spotless Wholesalers of Mountport,112.0,Sparkling Letter Size Paper,copy paper,segC,2.0,46.0,66.24,132.48,92.0,40.48,8/25/2026,,,,,,,,
960,8/24/2026,276.0,54.0,Spotless Wholesalers of Mountport,114.0,Glossy Recycled Paper,copy paper,,1.0,32.0,47.04,47.04,32.0,15.04,8/25/2026,,,,,,,,
961,8/21/2026,307.0,54.0,Spotless Wholesalers of Mountport,47.0,Immaculate Staplers,office products,segC,1.0,24.0,34.8,34.8,24.0,10.8,8/24/2026,,,,,,,,
962,8/21/2026,307.0,54.0,Spotless Wholesalers of Mountport,52.0,Spotless Air Freshener,cleaning supplies,segA,1.0,49.0,88.69,88.69,49.0,39.69,8/24/2026,,,,,,,,
963,21/08/2026,307.0,54.0,Spotless Wholesalers of Mountport,53.0,Glossy Glass Cleaner,cleaning supplies,segA,47.0,36.0,54.0,2538.0,1692.0,846.0,8/24/2026,,,,,,,,
964,8/21/2026,307.0,54.0,Spotless Wholesalers of Mountport,55.0,Spotless Floor Cleaner,cleaning supplies,,1.0,29.0,54.23,54.23,29.0,25.23,8/24/2026,,,,,,,,
965,8/21/2026,307.0,54.0,Spotless Wholesalers of Mountport,61.0,Pristine Degreaser,cleaning supplies,segA,1.0,50.0,91.0,91.0,50.0,41.0,8/24/2026,,,,,,,,
966,8/21/2026,307.0,54.0,Spotless Wholesalers of Mountport,68.0,Dazzling Disinfectant Wipes,cleaning supplies,segA,3.0,54.0,97.2,291.6,162.0,129.6,8/24/2026,,,,,,,,
967,8/21/2026,307.0,54.0,Spotelss Wholesalers of Mountport,70.0,Sleek Air Freshener,cleaning supplies,seAg,1.0,33.0,60.72,60.72,33.0,27.72,24/08/2026,,,,,,,,
968,8/21/2026,307.0,54.0,Spotless Wholesalers of Mountport,83.0,Spotless Energy Drinks,breakroom supplies,segB,1.0,26.0,49.14,49.14,26.0,23.14,8/24/2026,,,,,,,,
969,8/21/2026,307.0,54.0,Sparkling Maintainers of Cedarwood,112.0,Sparkling Letter Size Paper,copy paper,segC,2.0,46.0,66.24,132.48,92.0,40.48,8/24/2026,,,,,,,,
970,8/20/2026,341.0,54.0,Spotless Wholesalers of Mountport,18.0,Pristine Lunch Napkins,paper & tissue,segB,2.0,20.0,31.0,102.06,40.0,22.0,9/4/2026,,,,,,,,
971,8/20/2026,341.0,54.0,Spotless Wholesalers of Mountport,52.0,Spotless Air Freshener,cleaning supplies,segA,1.0,49.0,88.69,88.69,49.0,39.69,9/4/2026,,,,,,,,
972,8/20/2026,341.0,54.0,Spotless Wholesalers of Mountport,53.0,Glossy Glass Cleaner,cleaning supplies,segA,25.0,36.0,54.0,1350.0,900.0,450.0,9/4/2026,,,,,,,,
973,8/20/2026,341.0,54.0,Sparkling Maintainers of Cedarwood,55.0,Spotless Floor Cleaner,cleaning supplies,segA,1.0,29.0,54.23,54.23,29.0,25.23,9/4/2026,,,,,,,,
974,8/20/2026,341.0,54.0,Spotless Wholesalers of Mountport,61.0,Pristine Degreaser,cleaning supplies,segA,1.0,50.0,91.0,91.0,50.0,41.0,9/4/2026,,,,,,,,
975,8/20/2026,341.0,54.0,Spotless Wholesalers of Mountport,67.0,Sleek Citrus Cleaner,cleaning supplies,segA,2.0,39.0,70.59,141.18,78.0,63.18,9/4/2026,,,,,,,,
976,8/20/2026,341.0,54.0,Spotless Wholesalers of Mountport,70.0,Sleek Air Freshener,cleaning supplies,segA,2.0,33.0,60.72,60.72,33.0,27.72,9/4/2026,,,,,,,,
977,8/20/2026,341.0,54.0,Spotless Wholesalers of Mountport,88.0,Gleaming Coffee Beans,breakroom supplies,segB,1.0,18.0,32.94,32.94,18.0,14.94,9/4/2026,,,,,,,,
978,8/20/2026,341.0,54.0,Spotless Wholesalers of Mountport,112.0,Sparkling Letter Size Paper,copy paper,segC,1.0,46.0,66.24,66.24,46.0,20.24,9/4/2026,,,,,,,,
979,8/13/2026,471.0,55.0,Glossy Cleaners of Harborridge,26.0,Radiant Sticky Notes,office products,segA,2.0,34.0,46.92,93.84,68.0,25.84,8/14/2026,,,,,,,,
980,8/13/2026,471.0,55.0,Glossy Cleaners of Harborridge,41.0,Dazzling File Folders,office products,segA,4.0,46.0,68.54,274.16,184.0,90.16,8/14/2026,,,,,,,,
981,8/13/2026,471.0,55.0,Glossy Cleaners of Harborridge,42.0,Polished Markers,office products,segA,3.0,28.0,44.24,132.72,84.0,48.72,8/14/2026,,,,,,,,
982,8/13/2026,471.0,55.0,Glossy Cleaners of Harborridge,44.0,Gleaming Recycled Paper,office products,  segA ,2.0,34.0,54.06,108.12,68.0,40.12,,,,,,,,,
983,8/13/2026,471.0,55.0,Glossy Cleaners of Harborridge,49.0,Sparkling Disinfectant Wipes,cleaning supplies,,1.0,21.0,39.48,39.48,21.0,18.48,8/14/2026,,,,,,,,
984,8/13/2026,471.0,55.0,Glossy Cleaners of Harborridge,50.0,Bright Glass Cleaner,cleaning supplies,segA,1.0,23.0,43.24,43.24,23.0,20.24,8/14/2026,,,,,,,,
985,8/13/2026,471.0,55.0,Glossy Cleaners of Harborridge,53.0,Glossy Glass Cleaner,cleaning supplies,segA,2.0,32.344897959183676,64.8,64.8,36.0,28.8,8/14/2026,,,,,,,,
986,8/13/2026,471.0,55.0,Glossy Cleaners of Harborridge,57.0,Glossy All-Purpose Cleaner,cleaning supplies,segA,3.0,51.0,82.11,246.33,153.0,93.33,8/14/2026,,,,,,,,
987,8/13/2026,471.0,55.0,Glossy Cleaners of Harborridge,66.0,Radiant Glass Cleaner,cleaning supplies,segA,1.0,21.0,38.64,38.64,21.0,17.64,8/14/2026,,,,,,,,
988,8/13/2026,471.0,55.0,Glossy Cleaners of Harborridge,72.0,Gleaming Glass Cleaner,cleaning supplies,segA,1.0,23.0,42.32,42.32,23.0,19.32,8/14/2026,,,,,,,,
989,8/13/2026,471.0,55.0,Glossy Cleaners of Harborridge,104.0,Gleaming Glossy Photo Paper,copy paper,segC,1.0,52.0,72.8,72.8,52.0,20.8,8/14/2026,,,,,,,,
990,8/26/2026,212.0,56.0,Glossy Janitors of Granitehaven,3.0,Sparkling Party Napkins,paper & tissue,segA,19.0,21.0,31.5,598.5,399.0,199.5,8/27/2026,,,,,,,,
991,8/26/2026,212.0,56.0,Glossy Janitors of Granitehaven,7.0,Gleaming Bathroom Tissue,paper & tissue,segA,11.0,16.0,23.52,258.72,176.0,82.72,8/27/2026,,,,,,,,
992,8/26/2026,212.0,56.0,Glossy Janitors of Granitehaven,13.0,Pristine Party Napkins,paper & tissue,segA,23.0,45.0,59.85,1376.55,1035.0,341.55,8/27/2026,,,,,,,,
993,8/26/2026,212.0,56.0,Glossy Janitors of Granitehaven,15.0,Sparkling 2-Ply Toilet Paper,paper & tissue,segA,20.0,43.0,61.92,1238.4,860.0,378.4,8/27/2026,,,,,,,,
994,8/26/2026,212.0,56.0,Glossy Janitors of Granitehaven,23.0,Dazzling Roll Paper Towels,paper & tissue,segA,196.0,40.0,44.4,8702.4,7840.0,862.4,8/27/2026,,,,,,,,
995,8/26/2026,212.0,56.0,Glossy Janitors of Granitehaven,52.0,Spotless Air Freshener,cleaning supplies,segB,5.0,49.0,94.08,470.4,245.0,225.4,8/27/2026,,,,,,,,
996,8/26/2026,212.0,56.0,Glossy Janitors o fGranitehaven,55.0,Spotless Floor Cleaner,cleaning supplies,segB,1.0,29.0,51.29707511896669,52.78,29.0,23.78,8/27/2026,,,,,,,,
997,8/26/2026,212.0,56.0,Glossy Janitors of Granitehaven,62.0,Glossy Air Freshener,cleaning supplies,segB,2.0,20.0,38.2,76.4,40.0,36.4,8/27/2026,,,,,,,,
999,8/25/2026,243.0,56.0,Glossy Janitors of Granitehaven,1.0,Sleek Party Napkins,paper & tissue,segA,7.0,29.0,39.44,276.08,203.0,73.08,8/26/2026,,,,,,,,
1000,8/25/2026,243.0,56.0,Glossy Janitors of Granitehaven,5.0,Polished Kitchen Towels,paper & tissue,  segA ,7.0,35.0,50.4,352.8,245.0,107.8,8/26/2026,,,,,,,,
1001,8/25/2026,243.0,56.0,Glossy Janitors of Granitehaven,15.0,Sparkling 2-Ply Toilet Paper,paper & tissue,segA,19.0,43.0,61.92,1176.48,817.0,359.48,8/26/2026,,,,,,,,
1002,8/25/2026,243.0,56.0,Glossy Janitors of Granitehaven,22.0,Sparkling Pocket Tissues,paper & tissue,,8.0,41.0,61.09,488.72,328.0,160.72,8/26/2026,,,,,,,,
1003,8/25/2026,243.0,56.0,Glossy Janitors of Granitehaven,23.0,Dazzling Roll Paper Towels,paper & tissue,segA,199.0,40.0,44.4,8835.6,7960.0,875.6,8/26/2026,,,,,,,,
1004,8/25/2026,243.0,56.0,Glossy Janitors of Granitehaven,26.0,Radiant Sticky Notes,office products,segD,1.0,34.0,61.54,61.54,34.0,27.54,8/26/2026,,,,,,,,
1005,8/14/2026,438.0,57.0,Spotless Janitors of Granitewood,52.0,Spotless Air Freshener,cleaning supplies,segA,1.0,49.0,85.26,85.26,49.0,36.26,8/17/2026,,,,,,,,
1006,8/14/2026,438.0,57.0,Spotless Janitors of Granitewood,54.0,Dazzling Floor Cleaner,cleaning supplies,segA,1.0,45.0,85.5,85.5,45.0,40.5,8/17/2026,,,,,,,,
1007,8/14/2026,438.0,57.0,Spotless Janitors of Granitewood,56.0,Pristine Citrus Cleaner,cleaning supplies,segA,1.0,32.344897959183676,82.08,82.08,48.0,34.08,8/17/2026,,,,,,,,
1008,8/14/2026,438.0,57.0,Spotless Janitors of Granitewood,63.0,Polished Glass Cleaner,cleaning supplies,segA,1.0,42.0,77.28,77.28,42.0,35.28,8/17/2026,,,,,,,,
1009,8/14/2026,438.0,57.0,Spotless Janitors of Granitewood,68.0,Dazzling Disinfectant Wipes,cleaning supplies,  segA ,1.0,54.0,97.2,97.2,54.0,43.2,8/17/2026,,,,,,,,
1010,8/14/2026,438.0,57.0,Spotless Janitors of Granitewood,70.0,Sleek Air Freshener,cleaning supplies,segA,2.0,33.0,59.4,118.8,66.0,52.8,8/17/2026,,,,,,,,
1011,8/14/2026,438.0,57.0,Spotless Janitors of Graintewood,72.0,Gleaming Glass Cleaner,cleaning supplies,segA,1.0,23.0,41.86,41.86,23.0,18.86,8/17/2026,,,,,,,,
1012,8/14/2026,438.0,57.0,Spotless Janitors of Granitewood,120.0,Sparkling Letter Size Paper,copy paper,segC,1.0,45.0,63.45,63.45,45.0,18.45,8/17/2026,,,,,,,,
1013,8/12/2026,507.0,57.0,Spotless Janitors of Granitewood,27.0,Sparkling Sticky Notes,office products,segD,1.0,32.344897959183676,51.29707511896669,68.8,43.0,25.8,8/13/2026,,,,,,,,
1014,12/8/2026,507.0,57.0,Spotless Janitors of Granitewood,38.0,Radiant Pens,office products,segD,1.0,17.0,30.94,30.94,17.0,13.94,8/13/2026,,,,,,,,
1015,8/12/2026,507.0,57.0,Spotless Janitors of Granitewood,54.0,Dazzling Floor Cleaner,cleaning supplies,segA,2.0,45.0,85.5,171.0,90.0,81.0,8/13/2026,,,,,,,,
1016,8/12/2026,507.0,57.0,Spotless Janitors of Granitewood,56.0,Pristine Citrus Cleaner,  cleaning supplies ,segA,1.0,48.0,82.08,82.08,48.0,34.08,8/13/2026,,,,,,,,
1017,8/12/2026,507.0,57.0,Spotless Janitors of Granitewood,72.0,Gleaming Glass Cleaner,cleaning supplies,segA,2.0,23.0,41.86,83.72,46.0,37.72,8/13/2026,,,,,,,,
1018,8/12/2026,507.0,57.0,Spotless Janitors of Granitewood,120.0,Sparkling Letter Size Paper,,segC,1.0,45.0,63.45,63.45,45.0,18.45,8/13/2026,,,,,,,,
1019,8/11/2026,533.0,57.0,Spotless Janitors of Granitewood,52.0,Spotless Air Freshener,cleaning supplies,segA,3.0,49.0,85.26,255.78,147.0,108.78,8/12/2026,,,,,,,,
1020,8/11/2026,533.0,57.0,Spotless Janitors of Granitewood,54.0,Dazzling Floor Cleaner,cleaning supplies,segA,1.0,45.0,85.5,85.5,45.0,40.5,8/12/2026,,,,,,,,
1021,8/11/2026,533.0,57.0,Spotless Janitors of Granitewood,63.0,Polished Glass Cleaner,cleaning supplies,segA,2.0,42.0,77.28,154.56,84.0,70.56,8/12/2026,,,,,,,,
1022,8/11/2026,533.0,57.0,Spotless Janitors of Granitewood,66.0,Radiant Glass Cleaner,,segA,1.0,21.0,33.6,33.6,21.0,12.6,8/12/2026,,,,,,,,
1023,8/11/2026,533.0,57.0,  Spotless Janitors of Granitewood ,70.0,Sleek Air Freshener,cleaning supplies,segA,2.0,33.0,59.4,59.4,33.0,26.4,8/12/2026,,,,,,,,
1024,8/11/2026,533.0,57.0,Spotless Janitors of Granitewood,78.0,Glossy Creamers,  breakroom supplies ,segD,1.0,27.0,62.91,62.91,27.0,35.91,8/12/2026,,,,,,,,
1025,8/11/2026,533.0,57.0,Spotless Janitors of Granitewood,98.0,Radiant Glossy Photo Paper,copy paper,segC,1.0,23.0,38.87,38.87,63.0,15.87,8/12/2026,,,,,,,,
1026,8/12/2026,,57.0,Spotless Janitors of Granitewood,65.0,Sparkling Citrus Cleaner,cleaning supplies,segA,2.0,20.0,34.0,68.0,40.0,28.0,8/13/2026,,,,,,,,
1027,8/14/2026,439.0,58.0,Spotless Facilities of Lakeport,66.0,Radiant Glass Cleaner,cleaning supplies,segD,2.0,21.0,40.11,40.11,21.0,19.11,8/24/2026,,,,,,,,
1028,8/14/2026,439.0,58.0,Spotless Facilities of Lakeport,78.0,Glossy Creamers,breakroom supplies,segC,1.0,27.0,59.4,59.4,27.0,32.4,8/24/2026,,,,,,,,
1029,9/3/2026,32.0,59.0,Spotless Janitors of Maplefield,3.0,Sparkling Party Napkins,paper & tissue,segA,11.0,21.0,29.82,328.02,231.0,97.02,9/4/2026,,,,,,,,
1030,9/3/2026,32.0,59.0,Spotless Janitors of Maplefield,9.0,Fresh Kitchen Towels,paper & tissue,segA,16.0,33.0,44.88,718.08,63.0,190.08,9/4/2026,,,,,,,,
1031,9/3/2026,32.0,59.0,Spotless Janitors of Maplefield,14.0,Spotless Pocket Tissues,paper & tissue,segA,13.0,20.0,28.8,374.4,260.0,114.4,9/4/2026,,,,,,,,
1032,9/3/2026,32.0,59.0,Spotless Janitors of Maplefield,19.0,Fresh Party Napkins,paper & tissue,segA,13.0,45.0,61.65,801.45,585.0,216.45,9/4/2026,,,,,,,,
1033,9/3/2026,32.0,59.0,Spotless Janitors of Maplefield,26.0,Radiant Sticky Notes,office products,segA,2.0,34.0,46.92,563.04,408.0,155.04,9/4/2026,,,,,,,,
1034,9/3/2026,32.0,59.0,Spotless Janitors of Maplefield,32.0,Bright Desk Organizers,office products,segA,19.0,44.0,69.08,1312.52,836.0,476.52,9/4/2026,,,,,,,,
1035,9/3/2026,32.0,59.0,Spotless Janitors of Maplefield,38.0,Radiant Pens,office products,segA,9.0,17.0,23.29,209.61,153.0,56.61,9/4/2026,,,,,,,,
1036,9/3/2026,32.0,59.0,Spotless Janitors ofM aplefield,43.0,Fresh File Folders,office products,,9.0,50.0,68.5,102.06,450.0,166.5,9/4/2026,,,,,,,,
1037,9/3/2026,32.0,59.0,Spotless Janitors of Maplefield,97.0,Sparkling Legal Size Paper,copy paper,segA,12.0,39.0,59.67,716.04,63.0,248.04,4/9/2026,,,,,,,,
1038,9/3/2026,32.0,59.0,Spotless Janitors of Maplefield,98.0,Radiant Glossy Photo Paper,copy paper,segA,14.0,23.0,31.97,447.58,322.0,125.58,9/4/2026,,,,,,,,
1039,9/3/2026,32.0,59.0,Spotless Janitors of Maplefield,99.0,Glossy Letter Size Paper,copy paper,segA,17.0,57.0,83.22,1414.74,969.0,445.74,9/4/2026,,,,,,,,
1040,9/3/2026,32.0,59.0,Spotless Janitors of Maplefield,103.0,Spotless Colored Paper,copy paper,segA,9.0,45.0,58.95,530.55,405.0,125.55,9/4/2026,,,,,,,,
1041,9/3/2026,32.0,59.0,Spotless Janitors of Maplefield,107.0,Radiant Glossy Photo Paper,copy paper,segA,15.0,58.0,85.84,1287.6,870.0,417.6,4/9/2026,,,,,,,,
1042,9/3/2026,32.0,59.0,Spotless Janitors of Maplefield,115.0,Polished Glossy Photo Paper,,segA,15.0,59.0,91.45,1371.75,885.0,486.75,9/4/2026,,,,,,,,
1043,9/3/2026,32.0,59.0,Spotless Janitors of Maplefield,117.0,Dazzling Graph Paper,copy paper,segA,29.0,51.0,71.4,2070.6,1479.0,591.6,9/4/2026,,,,,,,,
1044,9/3/2026,32.0,59.0,  Spotless Janitors of Maplefield ,118.0,Sparkling Cardstock,copy paper,segA,21.0,37.0,56.61,1188.81,777.0,411.81,9/4/2026,,,,,,,,
1045,9/3/2026,32.0,59.0,Spotless Janitors of Maplefield,119.0,Immaculate Letter Size Paper,copy paper,segA,9.0,44.0,58.52,526.68,396.0,130.68,9/4/2026,,,,,,,,
1046,8/28/2026,141.0,60.0,  Sparkling Sanitizers of Graniteville ,7.0,Gleaming Bathroom Tissue,paper & tissue,segA,3.0,16.0,21.6,64.8,48.0,37.8,8/31/2026,,,,,,,,
1047,8/28/2026,141.0,60.0,Sparkling Sanitizers of Graniteville,15.0,Sparkling 2-Pl yToilet Paper,paper & tissue,segA,1.0,43.0,56.76,56.76,43.0,13.76,8/31/2026,,,,,,,,
1048,8/28/2026,141.0,60.0,Sparkling Sanitizers of Graniteville,20.0,Gleaming Roll Paper Towels,paper & tissue,segA,3.0,28.0,40.6,121.8,84.0,37.8,8/31/2026,,,,,,,,
1049,8/28/2026,141.0,60.0,Sparkling Sanitizers of Graniteville,22.0,Sparkling Pocket Tissues,paper & tissue,segA,2.0,41.0,55.76,111.52,82.0,29.52,,,,,,,,,
1050,8/28/2026,141.0,60.0,Sparkling Sanitizers of Graniteville,24.0,Sparkling Pocket Tissues,paper & tissue,segA,7.0,18.0,51.29707511896669,172.62,126.0,46.62,8/31/2026,,,,,,,,
1051,8/28/2026,141.0,60.0,Sparkling Sanitizers of Graniteville,69.0,Gleaming Degreaser,cleaning supplies,segB,1.0,27.0,49.41,49.41,27.0,22.41,8/31/2026,,,,,,,,
1052,8/28/2026,141.0,60.0,Sparkling Sanitizers of Graniteville,78.0,Glossy Creamers,breakroom supplies,segB,1.0,27.0,59.13,59.13,27.0,32.13,8/31/2026,,,,,,,,
1053,8/28/2026,141.0,60.0,Sparkling Sanitizers of Graniteville,95.0,Bright Disposable Cups,breakroom supplies,segB,1.0,13.0,23.92,102.06,13.0,10.92,8/31/2026,,,,,,,,
1054,8/28/2026,141.0,60.0,Sparkling Sanitizers of Graniteville,114.0,Glossy Recycled Paper,copy paper,segD,1.0,54.0,84.24,84.24,54.0,30.24,8/31/2026,,,,,,,,
1055,8/11/2026,534.0,60.0,Sparkling Sanitizers of Graniteville,3.0,Sparkling Party Napkins,paper & tissue,segA,5.0,21.0,31.08,155.4,105.0,50.4,8/26/2026,,,,,,,,
1056,8/11/2026,534.0,60.0,Sparkling Sanitizers of Graniteville,16.0,Dazzling Bathroom Tissue,paper & tissue,segA,29.0,42.0,49.56,1437.24,1218.0,219.24,8/26/2026,,,,,,,,
1057,8/11/2026,534.0,60.0,Sparkling Sanitizers of Graniteville,24.0,Sparkling Pocket Tissues,paper & tissue,segA,6.0,18.0,24.66,147.96,108.0,39.96,8/26/2026,,,,,,,,
1058,8/11/2026,534.0,60.0,Sparkling Sanitizers of Graniteville,93.0,Gleaming Microwave Popcorn,breakroom supplies,segB,1.0,20.0,42.6,42.6,20.0,22.6,8/26/2026,,,,,,,,
1059,8/11/2026,534.0,60.0,Sparkling Sanitizers of Graniteville,96.0,Dazzling Disposable Cups,breakroom supplies,segB,1.0,19.0,37.62,37.62,19.0,18.62,8/26/2026,,,,,,,,
1060,9/1/2026,82.0,61.0,Glossy Maintainers of Cedarville,26.0,Radiant Sticky Notes,office products,segA,24.0,34.0,49.98,1199.52,816.0,383.52,,,,,,,,,
1061,9/1/2026,82.0,61.0,Glossy Maintainers of Cedarville,27.0,Sparkling Sticky Notes,office products,  segA ,18.0,43.0,67.08,1207.44,774.0,433.44,9/16/2026,,,,,,,,
1062,9/1/2026,82.0,61.0,Glossy Maintainers of Cedarville,28.0,Immaculate Binder Clips,office products,segA,18.0,29.0,40.02,720.36,522.0,37.8,9/16/2026,,,,,,,,
1063,9/1/2026,82.0,61.0,Glossy Maintainers of Cedarville,36.0,Glossy Staplers,office products,segA,18.0,50.0,71.5,1287.0,900.0,387.0,9/16/2026,,,,,,,,
1064,9/1/2026,82.0,61.0,Glossy Maintainers of Cedarville,42.0,Polished Markers,office products,segA,41.0,28.0,40.6,1664.6,1148.0,516.6,9/16/2026,,,,,,,,
1065,9/1/2026,82.0,61.0,Glossy Maintainers of Cedarville,48.0,Fresh Desk Organizers,office products,segA,46.0,29.0,44.95,2067.7,1334.0,733.7,9/16/2026,,,,,,,,
1066,9/1/2026,82.0,61.0,Glossy Maintainers of Cedarville,81.0,Polished Stirrers,,segB,3.0,32.344897959183676,44.88,134.64,66.0,68.64,9/16/2026,,,,,,,,
1067,9/1/2026,82.0,61.0,Glossy Maintainers of Cedarville,113.0,Polished Recycled Paper,copy paper,segB,14.0,36.0,52.2,730.8,504.0,226.8,9/16/2026,,,,,,,,
1068,9/1/2026,82.0,61.0,Glossy Maintainers of Cedarville,115.0,Polished Glossy Photo Paper,copy paper,segB,17.0,59.0,96.17,1634.89,1003.0,631.89,9/16/2026,,,,,,,,
1070,8/18/2026,378.0,61.0,Glossy Maintainers of Cedarville,27.0,Sparkling Sticky Notes,office products,segA,9.0,43.0,67.08,603.72,387.0,216.72,8/19/2026,,,,,,,,
1071,8/18/2026,378.0,61.0,Glossy Maintainers of Cedarville,29.0,Dazzling Paper Clips,office products,segA,34.0,37.0,48.47,1647.98,1258.0,389.98,8/19/2026,,,,,,,,
1072,8/18/2026,378.0,61.0,Glossy Maintainers of Cedarville,32.0,Bright Desk Organizers,office products,segA,41.0,44.0,51.29707511896669,2669.92,1804.0,865.92,,,,,,,,,
1073,8/18/2026,378.0,61.0,Glossy Maintainers of Cedarville,36.0,Glossy Staplers,office products,segA,2.0,50.0,71.5,1287.0,900.0,387.0,8/19/2026,,,,,,,,
1074,8/18/2026,378.0,61.0,Glossy Maintainers of Cedarville,37.0,Bright Recycled Paper,office products,segA,18.0,24.0,35.52,639.36,432.0,207.36,8/19/2026,,,,,,,,
1075,8/18/2026,378.0,61.0,Glossy Maintainers of Cedarville,42.0,Polished Markers,office products,segA,45.0,28.0,40.6,1827.0,1260.0,567.0,8/19/2026,,,,,,,,
1076,8/18/2026,378.0,61.0,Glossy Maintainers of Cedarville,43.0,Fresh File Folders,offcie products,segA,33.0,50.0,75.0,2475.0,1650.0,825.0,8/19/2026,,,,,,,,
1077,8/18/2026,378.0,61.0,Glossy Maintainers of Cedarville,48.0,Fresh Desk Organizers,office products,segA,53.0,29.0,44.95,2382.35,1537.0,845.35,8/19/2026,,,,,,,,
1078,8/18/2026,378.0,61.0,Glossy Maintainers of Cedarville,64.0,Bright Glass Cleaner,cleaning supplies,segD,1.0,32.0,67.2,67.2,32.0,35.2,8/19/2026,,,,,,,,
1079,8/18/2026,378.0,61.0,Glossy Maintainers of Cedarville,79.0,Immaculate Microwave Popcorn,breakroom supplies,segB,3.0,25.0,56.0,168.0,75.0,93.0,8/19/2026,,,,,,,,
1080,8/18/2026,378.0,61.0,Glossy Maintainers of Cedarville,,,breakroom supplies,segB,3.0,21.0,39.48,118.44,63.0,55.44,8/19/2026,,,,,,,,
1081,8/13/2026,472.0,61.0,Glossy Maintainers of Cedarville,27.0,Sparkling Sticky Notes,office products,segA,18.0,43.0,67.08,1207.44,63.0,433.44,8/14/2026,,,,,,,,
1082,8/13/2026,472.0,61.0,Glossy Maintainers of Cedarville,28.0,Immaculate Binder Clips,office products,segA,13.0,29.0,40.02,520.26,377.0,143.26,8/14/2026,,,,,,,,
1083,8/13/2026,472.0,61.0,Glossy Maintainers of Cedarville,29.0,Dazzling Paper Clips,,segA,24.0,37.0,48.47,1163.28,888.0,275.28,8/14/2026,,,,,,,,
1084,8/13/2026,472.0,61.0,Glossy Maintainers of Cedarville,34.0,Radiant Staplers,office products,segA,31.0,24.0,33.6,1041.6,744.0,297.6,8/14/2026,,,,,,,,
1085,8/13/2026,472.0,61.0,Glossy Maintainers of Cedarville,36.0,Glossy Staplers,office products,segA,11.0,50.0,71.5,786.5,550.0,236.5,8/14/2026,,,,,,,,
1086,8/13/2026,472.0,61.0,Glossy Maintainers of Cedarville,37.0,Bright Recycled Paper,office products,segA,15.0,24.0,35.52,532.8,360.0,172.8,,,,,,,,,
1087,8/13/2026,472.0,61.0,Glossy Maintainers of Cedarville,48.0,Fresh Desk Organizers,office products,segA,49.0,29.0,44.95,2202.55,1421.0,781.55,8/14/2026,,,,,,,,
1088,8/13/2026,472.0,61.0,Glossy Maintainers of Cedarville,92.0,Glossy Instant Soups,  breakroom supplies ,segB,4.0,24.0,48.48,193.92,96.0,97.92,8/14/2026,,,,,,,,
1089,8/13/2026,472.0,61.0,Glossy Maintainers of Cedarville,98.0,Radiant Glossy Photo Paper,copy paper,segB,14.0,23.0,38.41,537.74,322.0,215.74,8/14/2026,,,,,,,,
1090,12/8/2026,508.0,61.0,Glossy Maintainers of Cedarville,1.0,Sleek Party Napkins,paper & tissue,segC,24.0,29.0,40.6,974.4,696.0,278.4,8/13/2026,,,,,,,,
1091,12/8/2026,508.0,61.0,Glossy Maintainers of Cedarville,19.0,Fresh Party Napkins,paper & tissue,segC,8.0,45.0,64.35,514.8,360.0,37.8,8/13/2026,,,,,,,,
1092,8/12/2026,508.0,61.0,Glossy Maintainers of Cedarville,28.0,Immaculate Binder Clips,office products,segA,2.0,29.0,40.02,960.48,696.0,264.48,8/13/2026,,,,,,,,
1093,8/12/2026,508.0,61.0,Glossy Maintainers of Cedarville,33.0,Dazzling File Folders,office products,segA,10.0,26.0,39.78,397.8,260.0,137.8,8/13/2026,,,,,,,,
1094,8/12/2026,508.0,61.0,Glossy Maintainers of Cedarville,35.0,Dazzling Staplers,office products,segA,563.0,27.0,34.83,19609.29,15201.0,4408.29,8/13/2026,,,,,,,,
1095,8/12/2026,508.0,61.0,Glossy Maintainers of Cedarville,37.0,Bright Recycled Paper,office products,esgA,16.0,24.0,35.52,568.32,384.0,184.32,8/13/2026,,,,,,,,
1096,8/12/2026,508.0,61.0,Glossy Maintainers of Cedarville,42.0,Polished Markers,office products,segA,2.0,28.0,40.6,1218.0,840.0,378.0,8/13/2026,,,,,,,,
1097,8/12/2026,508.0,61.0,Glossy Maintainers of Cedarville,43.0,Fresh File Folders,office products,segA,35.0,50.0,75.0,2625.0,1750.0,875.0,8/13/2026,,,,,,,,
1098,8/12/2026,508.0,61.0,Glossy Maintainers of Cedarville,47.0,Immaculate Staplers,office products,segA,14.0,24.0,34.56,483.84,336.0,147.84,8/13/2026,,,,,,,,
1099,8/12/2026,508.0,61.0,Glossy Maintainers of Cedarville,95.0,Bright Disposable Cups,breakroom supplies,segB,3.0,13.0,25.48,76.44,39.0,37.44,8/13/2026,,,,,,,,
1100,12/8/2026,508.0,61.0,Glossy Maintainers of Cedarville,114.0,Glossy Recycled Paper,copy paper,,23.0,32.344897959183676,88.56,2036.88,1242.0,794.88,8/13/2026,,,,,,,,
1101,8/26/2026,213.0,62.0,Sleek Custodians of Gardenhaven,18.0,Pristine Lunch Napkins,paper & tissue,segD,1.0,20.0,31.6,31.6,20.0,11.6,8/27/2026,,,,,,,,
1102,8/26/2026,213.0,62.0,Sleek Custodians of Gardenhaven,56.0,Pristine Citrus Cleaner,cleaning supplies,segA,2.0,48.0,83.04,102.06,96.0,70.08,8/27/2026,,,,,,,,
1103,8/26/2026,213.0,62.0,Sleek Custodians of Gardenhaven,67.0,Sleek Citrus Cleaner,cleaning supplies,segA,1.0,39.0,66.69,66.69,39.0,27.69,8/27/2026,,,,,,,,
1104,8/26/2026,213.0,62.0,Sleek Custodians of Gardenhaven,70.0,Sleek Air Freshener,cleaning supplies,segA,2.0,33.0,58.41,116.82,66.0,50.82,8/27/2026,,,,,,,,
1105,8/26/2026,213.0,62.0,Sleek Custodians of Gardenhaven,71.0,Spotless Glass Cleaner,cleaning supplies,segA,1.0,31.0,54.56,54.56,31.0,23.56,8/27/2026,,,,,,,,
1106,8/26/2026,213.0,62.0,Sleek Custodians of Gardenhaven,72.0,Gleaming Glass Cleaner,cleaning supplies,segA,1.0,23.0,38.41,38.41,23.0,15.41,8/27/2026,,,,,,,,
1107,8/26/2026,213.0,62.0,Sleek Custodians of Gardenhaven,73.0,Sptoless Creamers,breakroom supplies,segA,1.0,18.0,37.62,37.62,18.0,19.62,8/27/2026,,,,,,,,
1108,8/26/2026,213.0,62.0,Sleek Custodians of Gardenhaven,77.0,Sleek Disposable Cups,breakroom supplies,segA,1.0,25.0,45.25,45.25,25.0,20.25,8/27/2026,,,,,,,,
1109,8/26/2026,213.0,62.0,Sleek Custodians of Gardenhaven,91.0,Glossy Microwave Popcorn,breakroom supplies,segA,2.0,29.0,56.84,113.68,58.0,55.68,8/27/2026,,,,,,,,
1110,8/27/2026,180.0,63.0,Fresh Wholesalers of Gardenridge,2.0,Glossy Party Napkins,paper & tissue,segA,6.0,29.0,43.21,259.26,174.0,85.26,8/28/2026,,,,,,,,
1111,8/27/2026,180.0,63.0,Fresh Wholesalers of Gardenridge,7.0,Gleaming Bathroom Tissue,paper & tissue,segA,3.0,16.0,21.76,65.28,48.0,17.28,8/28/2026,,,,,,,,
1112,8/27/2026,180.0,63.0,Fresh Wholesalers of Gardenridge,9.0,Fresh Kitchen Towels,paper & tissue,segA,3.0,33.0,48.18,144.54,99.0,45.54,8/28/2026,,,,,,,,
1113,8/27/2026,180.0,63.0,Fresh Wholesalers of Gardenridge,10.0,Pristine 2-Ply Toilet Paper,paper & tissue,segA,1.0,26.0,34.06,34.06,26.0,8.06,,,,,,,,,
1114,8/27/2026,180.0,63.0,Fresh Wholesalers of Gardenridge,11.0,Fresh Lunch Napkins,paper & tissue,segA,3.0,21.0,51.29707511896669,83.16,63.0,20.16,8/28/2026,,,,,,,,
1115,27/08/2026,180.0,63.0,  Fresh Wholesalers of Gardenridge ,17.0,Glossy Lunch Napkins,paper & tissue,segA,6.0,31.0,43.71,262.26,186.0,76.26,8/28/2026,,,,,,,,
1116,8/27/2026,180.0,63.0,Fresh Wholesalers of Gardenridge,20.0,Gleaming Roll Paper Towels,paper & tissue,segA,7.0,28.0,40.04,280.28,196.0,84.28,8/28/2026,,,,,,,,
1117,8/27/2026,180.0,63.0,Fresh Wholesalers of Gardenridge,22.0,Sparkling Pocket Tissues,paper & tissue,segA,1.0,41.0,60.27,60.27,41.0,19.27,8/28/2026,,,,,,,,
1118,8/27/2026,180.0,63.0,Fresh Wholesalers of Gardenridge,24.0,Sparkling Pocket Tissues,paper & tissue,segA,3.0,18.0,24.48,102.06,54.0,19.44,8/28/2026,,,,,,,,
1119,8/27/2026,180.0,63.0,Fresh Wholesalers of Gardenridge,63.0,Polished Glass Cleaner,cleaning supplies,sgeD,1.0,42.0,82.32,82.32,42.0,40.32,8/28/2026,,,,,,,,
1120,8/27/2026,180.0,63.0,Fresh Wholesalers of Gardenridge,73.0,Spotless Creamers,  breakroom supplies ,segB,1.0,18.0,33.84,33.84,18.0,15.84,28/08/2026,,,,,,,,
1121,8/27/2026,180.0,63.0,Fresh Wholesalers of Gardenridge,93.0,Gleaming Microwave Popcorn,breakroom supplies,segB,1.0,20.0,43.6,43.6,20.0,23.6,8/28/2026,,,,,,,,
1122,8/27/2026,180.0,63.0,Fresh Wholesalers of Gardenridge,116.0,Immaculate Legal Size Paper,copy paper,segD,1.0,32.344897959183676,102.07,102.07,59.0,43.07,8/28/2026,,,,,,,,
1123,8/18/2026,379.0,63.0,Fresh Wholesalers of Gardenridge,2.0,Glossy Party Napkins,paper & tissue,segA,7.0,29.0,43.21,102.06,203.0,99.47,8/19/2026,,,,,,,,
1124,8/18/2026,379.0,63.0,Fresh Wholesalers of Gardenridge,3.0,Sparkling Party Napkins,paper & tissue,segA,4.0,21.0,28.56,114.24,84.0,30.24,8/19/2026,,,,,,,,
1125,8/18/2026,379.0,63.0,Fresh Wholesalers of Gardenridge,8.0,Bright Party Napkins,paper & tissue,segA,4.0,50.0,72.5,290.0,200.0,90.0,8/19/2026,,,,,,,,
1126,8/18/2026,379.0,63.0,Fresh Wholesalers of Gardenridge,10.0,Pristine 2-Ply Toilet Paper,paper & tissue,segA,1.0,26.0,34.06,34.06,26.0,8.06,8/19/2026,,,,,,,,
1127,8/18/2026,379.0,63.0,Fresh Wholesalers of Gardenridge,14.0,Spotless Pockte Tissues,  paper & tissue ,segA,2.0,20.0,27.8,55.6,40.0,15.6,8/19/2026,,,,,,,,
1128,8/18/2026,379.0,63.0,Fresh Wholesalers of Gardenridge,19.0,Fresh Party Napkins,paper & tissue,segA,3.0,45.0,66.15,198.45,135.0,63.45,8/19/2026,,,,,,,,
1129,8/18/2026,379.0,63.0,Fresh Wholesalers of Gardenridge,67.0,Sleek Citrus Cleaner,cleaning supplies,segD,1.0,39.0,83.07,83.07,39.0,44.07,8/19/2026,,,,,,,,
1130,8/18/2026,379.0,63.0,Fresh Wholesalers of Gardenridge,77.0,Sleek Disposable Cups,breakroom supplies,segB,1.0,25.0,54.0,54.0,25.0,29.0,19/08/2026,,,,,,,,
1131,8/18/2026,379.0,63.0,Fresh Wholesalers of Gardenridge,78.0,Glossy rCeamers,breakroom supplies,segB,1.0,27.0,51.3,51.3,27.0,24.3,8/19/2026,,,,,,,,
1132,8/20/2026,342.0,64.0,Gleaming Maintainers of Harborhaven,73.0,Spotless Creamers,breakroom supplies,segA,2.0,18.0,35.46,70.92,36.0,34.92,,,,,,,,,
1133,8/20/2026,342.0,64.0,Gleaming Maintainers of Harborhaven,79.0,Immaculate Microwave Popcorn,breakroom supplies,segA,1.0,25.0,43.5,43.5,25.0,18.5,8/21/2026,,,,,,,,
1134,8/20/2026,342.0,64.0,Gleaming Maintainers of Harborhaven,81.0,Polished Stirrers,breakroom supplies,segA,1.0,22.0,39.82,39.82,22.0,17.82,8/21/2026,,,,,,,,
1135,8/20/2026,342.0,64.0,Gleaming Maintainers of Harborhaven,82.0,Pristine Granola Bars,,segA,1.0,26.0,49.14,49.14,26.0,23.14,8/21/2026,,,,,,,,
1136,8/20/2026,342.0,64.0,Gleaming Maintainers of Harborhaven,83.0,Spotless Energy Drinks,breakroom supplies,segA,1.0,26.0,52.52,102.06,26.0,26.52,8/21/2026,,,,,,,,
1137,8/20/2026,342.0,64.0,Gleaming Maintainers of Harborhaven,92.0,Glossy Instant Soups,breakroom supplies,segA,1.0,24.0,47.04,47.04,24.0,23.04,8/21/2026,,,,,,,,
1138,8/20/2026,342.0,64.0,Gleaming Maintainers of Harborhaven,110.0,Pristine Cardstock,copy paper,segB,1.0,42.0,60.06,60.06,42.0,18.06,8/21/2026,,,,,,,,
1140,9/3/2026,33.0,67.0,Sleek Suppliers of Gardenwood,7.0,Gleaming Bathroom Tissue,paper & tissue,segB,1.0,16.0,22.56,22.56,16.0,6.56,9/4/2026,,,,,,,,
1141,9/3/2026,33.0,67.0,Sleek Suppliers of Gardenwood,24.0,Sparkling Pocket Tissues,paper & tissue,segB,1.0,18.0,28.26,28.26,18.0,10.26,9/4/2026,,,,,,,,
1142,9/3/2026,33.0,67.0,Sleek Suppliers of Gardenwood,26.0,Radiant Sticky Notes,office products,  segA ,4.0,34.0,50.66,202.64,136.0,66.64,9/4/2026,,,,,,,,
1143,9/3/2026,33.0,67.0,Sleek Suppliers of Gardenwood,29.0,Dazzling Paper Clips,office products,segA,6.0,37.0,59.2,355.2,222.0,133.2,9/4/2026,,,,,,,,
1144,9/3/2026,33.0,67.0,Sleek Suppliers of Gardenwood,30.0,Immaculate Markers,office products,segA,1.0,32.344897959183676,41.72,41.72,28.0,13.72,9/4/2026,,,,,,,,
1145,9/3/2026,33.0,67.0,Sleek Suppliers of Gardenwood,31.0,Polished Highlighters,office products,segA,4.0,17.0,24.14,96.56,68.0,28.56,9/4/2026,,,,,,,,
1146,9/3/2026,33.0,67.0,Sleek Suppliers of Gardenwood,33.0,Dazzling File Folders,office products,segA,1.0,26.0,39.26,39.26,26.0,13.26,9/4/2026,,,,,,,,
1147,9/3/2026,33.0,67.0,Sleek Spupliers of Gardenwood,67.0,Sleek Citrus Cleaner,cleaning supplies,segB,1.0,39.0,69.03,102.06,39.0,30.03,9/4/2026,,,,,,,,
1149,9/1/2026,83.0,67.0,Sleek Suppliers of Gardenwood,6.0,Pristine Bathroom Tissue,paper & tissue,segB,1.0,19.0,28.69,28.69,19.0,9.69,9/2/2026,,,,,,,,
1150,9/1/2026,83.0,67.0,Sleek Suppliers of Gardenwood,26.0,Radiant Sticky Notes,office products,segA,2.0,32.344897959183676,50.66,101.32,68.0,33.32,9/2/2026,,,,,,,,
1151,9/1/2026,83.0,67.0,Sleek Suppliers of Gardenwood,30.0,Immaculate Markers,office products,segA,1.0,28.0,41.72,41.72,28.0,13.72,9/2/2026,,,,,,,,
1152,9/1/2026,83.0,67.0,Sleek Suppliers of Gardenwood,33.0,Dazzling File Folders,office products,esgA,1.0,26.0,39.26,39.26,26.0,13.26,9/2/2026,,,,,,,,
1153,9/1/2026,83.0,67.0,Sleek Suppliers of Gardenwood,43.0,Fresh File Folders,office products,segA,3.0,50.0,79.5,238.5,150.0,88.5,9/2/2026,,,,,,,,
1154,9/1/2026,83.0,67.0,Sleek Suppliers of Gardenwood,119.0,Immaculate Letter Size Paper,copy paper,segC,1.0,44.0,72.16,72.16,44.0,28.16,9/2/2026,,,,,,,,
1155,8/28/2026,142.0,67.0,Sleek Suppliers of Gardenwood,8.0,Bright Party Napkins,paper & tissue,segB,2.0,50.0,76.5,153.0,100.0,53.0,8/31/2026,,,,,,,,
1156,8/28/2026,142.0,67.0,Sleek Suppliers of Gardenwood,25.0,Dazzling Binder Clips,office products,segA,1.0,45.0,61.2,61.2,45.0,16.2,8/31/2026,,,,,,,,
1157,8/28/2026,142.0,67.0,Sleek Suppliers of Gardenwood,30.0,Immaculate Markers,office products,segA,1.0,28.0,41.72,41.72,28.0,13.72,8/31/2026,,,,,,,,
1158,8/28/2026,142.0,67.0,Sleek Suppliers of Gardenwood,33.0,Dazzling File Folders,office products,segA,1.0,26.0,39.26,39.26,26.0,13.26,8/31/2026,,,,,,,,
1159,8/28/2026,142.0,67.0,Sleek Suppliers of Gardenwood,44.0,Gleaming Recycled Paper,office products,segA,3.0,34.0,47.94,143.82,102.0,41.82,31/08/2026,,,,,,,,
1160,8/28/2026,142.0,67.0,Sleek Suppliers of Gardenwood,45.0,Immaculate Staplers,office products,segA,3.0,50.0,73.5,220.5,150.0,70.5,8/31/2026,,,,,,,,
1161,8/28/2026,142.0,67.0,Sleek Suppliers of Gardenwood,72.0,Gleaming Glass Cleaner,cleaning supplies,segB,1.0,23.0,41.17,41.17,23.0,18.17,8/31/2026,,,,,,,,
1162,28/08/2026,142.0,67.0,Sleek Suppliers of Gardenwood,119.0,Immaculate Letter Size Paper,copy paper,segC,1.0,44.0,72.16,72.16,44.0,28.16,8/31/2026,,,,,,,,
1163,8/13/2026,473.0,67.0,Sleek Suppliers of Gardenwood,9.0,Frseh Kitchen Towels,paper & tissue,segB,1.0,33.0,49.83,49.83,33.0,16.83,8/14/2026,,,,,,,,
1164,8/13/2026,473.0,67.0,Sleek Suppliers of Gardenwood,26.0,Radiant Sticky Notes,office products,segA,4.0,34.0,50.66,202.64,136.0,66.64,8/14/2026,,,,,,,,
1165,13/08/2026,473.0,67.0,Sleek Suppliers of Gardenwood,30.0,Immaculate Markers,office products,segA,1.0,28.0,41.72,41.72,28.0,13.72,8/14/2026,,,,,,,,
1166,8/13/2026,473.0,67.0,Sleek Suppliers of Gardenwood,33.0,Dazzling File Folders,office products,segA,1.0,26.0,39.26,39.26,26.0,13.26,8/14/2026,,,,,,,,
1167,8/13/2026,473.0,67.0,Sleek Suppliers of Gardenwood,44.0,Gleaming Recycled Paper,office products,segA,4.0,34.0,47.94,191.76,136.0,55.76,8/14/2026,,,,,,,,
1168,8/13/2026,473.0,67.0,Sleek Suppliers of Gardenwood,48.0,Fresh Desk Organizers,  office products ,segA,4.0,29.0,39.15,156.6,116.0,40.6,8/14/2026,,,,,,,,
1169,8/13/2026,473.0,67.0,Sleek Suppliers of Gardenwood,54.0,Dazzling Floor Cleaner,cleaning supplies,segB,1.0,45.0,76.5,76.5,45.0,31.5,8/14/2026,,,,,,,,
1170,8/13/2026,473.0,67.0,Sleek Suppliers of Gardenwood,58.0,Spotless Floor Cleaner,cleaning supplise,segB,1.0,31.0,58.28,58.28,31.0,27.28,8/14/2026,,,,,,,,
1171,8/13/2026,473.0,67.0,Sleek Suppliers of Gardenwood,72.0,Gleaming Glass Cleaner,cleaning supplies,segB,1.0,23.0,41.17,41.17,23.0,18.17,8/14/2026,,,,,,,,
1172,8/13/2026,473.0,67.0,Sleek Suppliers of Gardenwood,75.0,Fresh Microwave Popcorn,breakroom supplies,segC,1.0,18.0,35.46,35.46,18.0,17.46,8/14/2026,,,,,,,,
1173,8/13/2026,473.0,67.0,Sleek Suppliers of Gardenwood,119.0,Immaculate Letter Size Paper,copy paper,segC,1.0,44.0,72.16,72.16,44.0,28.16,8/14/2026,,,,,,,,
1174,8/7/2026,581.0,67.0,Sleek Suppliers of Gardenwood,9.0,Fresh Kitchen Towels,paper & tissue,segB,1.0,33.0,49.83,49.83,33.0,37.8,8/10/2026,,,,,,,,
1175,8/7/2026,581.0,67.0,Sleek Suppliers of Gardenwood,21.0,Glossy Facial Tissues,paper & tissue,sgeB,1.0,47.0,68.62,68.62,47.0,21.62,8/10/2026,,,,,,,,
1176,8/7/2026,581.0,67.0,Sleek Suppliers of Gardenwood,26.0,Radiant Sticky Notes,office products,segA,2.0,34.0,50.66,101.32,68.0,33.32,8/10/2026,,,,,,,,
1177,8/7/2026,581.0,67.0,Sleke Suppliers of Gardenwood,30.0,Immaculate Markers,,segA,1.0,28.0,41.72,41.72,28.0,13.72,8/10/2026,,,,,,,,
1178,8/7/2026,581.0,67.0,Sleek Suppliers of Gardenwood,33.0,Dazzling File Folders,,segA,1.0,26.0,39.26,39.26,26.0,13.26,8/10/2026,,,,,,,,
1179,8/7/2026,581.0,67.0,Sleek Suppliers of Gardenwood,43.0,Fresh File Folders,  office products ,  segA ,1.0,50.0,79.5,79.5,50.0,29.5,8/10/2026,,,,,,,,
1180,8/7/2026,581.0,67.0,Sleek Suppliers of Gardenwood,44.0,Gleaming Recycled Paper,office products,segA,4.0,34.0,47.94,191.76,136.0,55.76,8/10/2026,,,,,,,,
1181,8/7/2026,581.0,67.0,Sleek Suppliers of Gardenwood,48.0,Fresh Desk Organizers,office products,segA,2.0,29.0,39.15,78.3,58.0,20.3,8/10/2026,,,,,,,,
1182,8/7/2026,581.0,67.0,Sleek Suppliers of Gardenwood,54.0,Dazzling Floor Cleaner,cleaning supplies,,1.0,45.0,76.5,76.5,45.0,31.5,8/10/2026,,,,,,,,
1183,8/7/2026,581.0,67.0,Sleek Suppliers of Gardenwood,119.0,Immaculate Letter Size Paper,copy paper,segC,1.0,44.0,72.16,72.16,44.0,28.16,8/10/2026,,,,,,,,
1184,9/2/2026,62.0,68.0,Pristine Keepers of Graniteville,45.0,Immaculate Staplers,office products,segB,5.0,50.0,75.0,375.0,250.0,125.0,9/3/2026,,,,,,,,
1185,9/2/2026,62.0,68.0,  Pristine Keepers of Garniteville ,52.0,Spotless Air Freshener,cleaning supplies,segD,1.0,49.0,105.35,105.35,49.0,56.35,9/3/2026,,,,,,,,
1186,8/31/2026,109.0,68.0,Pristine Keepers of Graniteville,8.0,Bright Party Napkins,,segD,1.0,50.0,82.5,102.06,50.0,32.5,9/1/2026,,,,,,,,
1187,8/31/2026,109.0,68.0,Pristine Keepesr of Graniteville,31.0,Polished Highlighters,office products,,3.0,17.0,24.82,74.46,51.0,23.46,9/1/2026,,,,,,,,
1188,8/31/2026,109.0,68.0,Pristine Keepers of Graniteville,73.0,Spotless Creamers,breakroom supplies,segC,1.0,18.0,34.38,34.38,18.0,16.38,9/1/2026,,,,,,,,
1189,8/27/2026,181.0,68.0,Pristine Keepers of Graniteville,27.0,Sparkling Sticky Notes,office products,segB,5.0,43.0,71.81,359.05,215.0,144.05,8/28/2026,,,,,,,,
1190,8/27/2026,181.0,68.0,Pristine Keepers of Graniteville,31.0,Polished Highlighters,office products,segB,5.0,17.0,24.82,124.1,85.0,39.1,8/28/2026,,,,,,,,
1191,9/4/2026,4.0,69.0,Dazzling Suppliers of Lakewood,1.0,Sleek Party Napkins,paper & tissue,segA,2.0,29.0,40.89,81.78,58.0,23.78,9/7/2026,,,,,,,,
1192,4/9/2026,4.0,69.0,Dazzling Suppliers of Lakewood,2.0,Glossy Party Napkins,paper & tissue,segA,1.0,29.0,41.76,41.76,29.0,12.76,9/7/2026,,,,,,,,
1193,9/4/2026,4.0,69.0,Dazzling Suppliers of Lakewood,4.0,Bright Bathroom Tissue,paper & tissue,segA,2.0,26.0,34.06,68.12,52.0,16.12,9/7/2026,,,,,,,,
1194,9/4/2026,4.0,69.0,Dazzling Suppliers of Lakewood,6.0,Pristine Bathroom Tissue,paper & tissue,segA,6.0,19.0,26.98,161.88,114.0,47.88,9/7/2026,,,,,,,,
1195,9/4/2026,4.0,69.0,Dazzling Suppliers of Lakewood,14.0,Spotless Pocket Tissues,paper & tissue,segA,36.0,20.0,51.29707511896669,864.0,63.0,144.0,9/7/2026,,,,,,,,
1196,9/4/2026,4.0,69.0,Dazzling Suppliers of Lakewood,19.0,Fresh Party Napkins,paper & tissue,esgA,5.0,45.0,65.25,326.25,225.0,101.25,9/7/2026,,,,,,,,
1197,9/4/2026,4.0,69.0,Dazzling Suppliers of Lakewood,20.0,Gleaming Roll Paper Towels,paper & tissue,segA,2.0,28.0,37.8,75.6,56.0,19.6,9/7/2026,,,,,,,,
1198,9/4/2026,4.0,69.0,Dazzling Suppliers of Lakewood,21.0,Glossy Facial Tissues,paper & tissue,segA,3.0,47.0,64.39,193.17,141.0,52.17,9/7/2026,,,,,,,,
1199,4/9/2026,4.0,69.0,Dazzling Suppliers of Lakewood,33.0,Dazzling File Folders,office products,segD,1.0,26.0,42.38,42.38,26.0,16.38,9/7/2026,,,,,,,,
1200,4/9/2026,4.0,69.0,Dazzling Suppliers of Lakewood,76.0,Immaculate Granola Bars,breakroom supplies,segA,2.0,10.0,21.4,42.8,20.0,22.8,7/9/2026,,,,,,,,
1201,9/4/2026,4.0,69.0,Dazzling Suppliers of Lakewood,89.0,Sparkling Disposable Cups,breakroom supplies,segA,1.0,21.0,44.94,44.94,21.0,23.94,9/7/2026,,,,,,,,
1202,9/4/2026,4.0,69.0,Dazzling Suppliers of Lakewood,95.0,Bright Disposable Cups,breakroom supplies,segA,32.0,13.0,19.5,624.0,416.0,208.0,9/7/2026,,,,,,,,
1203,9/1/2026,84.0,69.0,Dazzling Suppliers of Lakewood,2.0,Glossy Party Napkins,paper & tissue,segA,2.0,29.0,51.29707511896669,83.52,58.0,25.52,9/16/2026,,,,,,,,
1204,9/1/2026,84.0,69.0,Dazzling Suppliers of Lakewood,24.0,Sparkling Pocket Tissues,paper & tissue,segA,3.0,18.0,23.4,70.2,54.0,16.2,9/16/2026,,,,,,,,
1205,9/1/2026,84.0,69.0,Dazzling Suppliers of Lakewood,78.0,  Glossy Creamers ,breakroom supplies,segA,1.0,27.0,46.71,46.71,27.0,37.8,9/16/2026,,,,,,,,
1206,9/1/2026,84.0,69.0,Dazzling Suppliers of Lakewood,88.0,  Gleaming Coffee Beans ,breakroom supplies,segA,21.0,18.0,27.0,567.0,378.0,189.0,9/16/2026,,,,,,,,
1207,9/1/2026,84.0,69.0,Dazzling Suppliers of Lakewood,95.0,Bright Disposable Cups,breakroom supplies,segA,51.0,13.0,19.5,994.5,663.0,331.5,9/16/2026,,,,,,,,
1208,8/12/2026,509.0,69.0,Dazzling Suppliers of Lakewood,2.0,Glossy Party Napkins,paper & tissue,segA,1.0,29.0,41.76,41.76,29.0,12.76,8/13/2026,,,,,,,,
1209,8/12/2026,509.0,69.0,Dazzling Suppliers of Lakewood,4.0,Bright Bathroom Tissue,paper & tissue,segA,3.0,26.0,34.06,102.18,78.0,24.18,8/13/2026,,,,,,,,
1210,8/12/2026,509.0,69.0,Dazzling Suppliers of Lakewood,6.0,Pristine Bathroom Tissue,paper & tissue,segA,6.0,32.344897959183676,26.98,161.88,114.0,47.88,8/13/2026,,,,,,,,
1211,8/12/2026,509.0,69.0,Dazzling Suppliers of Lakewood,12.0,  Immaculate Roll Paper Towels ,paper & tissue,segA,5.0,44.0,65.12,325.6,220.0,105.6,8/13/2026,,,,,,,,
1212,8/12/2026,509.0,69.0,Dazzling Suppliers of Lakewood,14.0,Spotless Pocket Tissues,paper & tissue,segA,30.0,20.0,24.0,720.0,600.0,120.0,8/13/2026,,,,,,,,
1213,8/12/2026,509.0,69.0,Dazzling Suppliers of Lakewood,22.0,Sparkling Pocket Tissues,paper & tissue,segA,4.0,41.0,56.58,226.32,164.0,62.32,8/13/2026,,,,,,,,
1214,8/12/2026,509.0,69.0,Dazzling Suppliers of Lakewood,24.0,Sparkling Pocket Tissues,paper & tissue,segA,3.0,18.0,23.4,70.2,54.0,16.2,8/13/2026,,,,,,,,
1215,8/12/2026,509.0,69.0,Dazzling Suppliers of Lakewood,94.0,Pristine Instant Soups,breakroom supplies,segA,1.0,7.0,13.79,13.79,7.0,6.79,8/13/2026,,,,,,,,
1216,9/2/2026,63.0,70.0,Sparkling Wholesalers of Canyonfield,13.0,Pristine Party Napkins,paper & tissue,segC,2.0,45.0,69.3,138.6,90.0,48.6,9/3/2026,,,,,,,,
1217,9/2/2026,63.0,70.0,Sparkling Wholesalers of Canyonfield,31.0,Polished Highlighters,office products,segB,1.0,17.0,28.39,28.39,17.0,11.39,9/3/2026,,,,,,,,
1218,9/2/2026,63.0,70.0,Sparkling Wholesalers of Canyonfield,83.0,Spotless Energy Drinks,breakroom supplies,segC,1.0,26.0,46.8,46.8,63.0,37.8,9/3/2026,,,,,,,,
1219,9/2/2026,63.0,70.0,Sparkling Wholesalers of Canyonfield,85.0,Sparkling Microwave Popcorn,breakroom supplies,segC,1.0,12.0,22.56,22.56,12.0,10.56,9/3/2026,,,,,,,,
1220,9/2/2026,63.0,70.0,  Sparkling Wholesalers of Canyonfield ,104.0,  Gleaming Glossy Photo Paper ,copy paper,segA,4.0,52.0,74.88,299.52,208.0,91.52,9/3/2026,,,,,,,,
1221,9/2/2026,63.0,70.0,Sparkling Wholesalers of Canyonfield,105.0,Pristine Graph Paper,copy paper,segA,2.0,52.0,75.92,151.84,104.0,47.84,9/3/2026,,,,,,,,
1222,9/2/2026,63.0,70.0,Sparkling Wholesalers of Canyonfield,108.0,Dazzling Cardstock,copy paper,segA,2.0,21.0,30.03,60.06,42.0,18.06,9/3/2026,,,,,,,,
1223,9/2/2026,63.0,70.0,Sparkling Wholesalers of Canyonfield,114.0,Glossy Recycled Paper,copy paper,segA,2.0,54.0,72.36,217.08,162.0,55.08,9/3/2026,,,,,,,,
1224,9/2/2026,63.0,70.0,Sparkling Wholesalers of Canyonfield,114.0,Glossy Recycled Paper,copy paper,segA,1.0,32.0,49.92,49.92,32.0,37.8,9/3/2026,,,,,,,,
1225,9/2/2026,63.0,70.0,Sparkling Wholesalers of Canyonfield,117.0,Dazzling Graph Paper,copy paper,segA,45.0,51.0,66.3,2983.5,2295.0,688.5,9/3/2026,,,,,,,,
1226,9/2/2026,63.0,70.0,Sparkling Wholesalers of Canyonfield,120.0,Sparkling Letter Size Paper,copy paper,,2.0,45.0,59.85,119.7,63.0,29.7,9/3/2026,,,,,,,,
1228,8/18/2026,380.0,70.0,Sparkling Wholesalers of Canyonfield,26.0,Radiant Sticky Notes,office products,segB,1.0,34.0,54.4,54.4,34.0,20.4,8/19/2026,,,,,,,,
1229,8/18/2026,380.0,70.0,Sparkling Wholesalers of Canyonfield,36.0,Glossy Staplers,office products,segB,1.0,50.0,76.0,76.0,50.0,26.0,8/19/2026,,,,,,,,
1230,8/18/2026,380.0,70.0,Sparkling Wholesalers of Canyonfield,45.0,Immaculate Staplers,office products,segB,1.0,50.0,72.5,72.5,50.0,22.5,8/19/2026,,,,,,,,
1231,8/18/2026,380.0,70.0,Sparkling Wholesalers of Canyonfield,77.0,Sleek Disposable Cups,breakroom supplies,segC,1.0,25.0,53.0,53.0,25.0,28.0,8/19/2026,,,,,,,,
1232,8/18/2026,380.0,70.0,Sparkling Wholesalers of Canyonfield,85.0,Sparkling Microwave Popcorn,breakroom supplies,segC,1.0,12.0,22.56,22.56,12.0,10.56,8/19/2026,,,,,,,,
1233,8/18/2026,380.0,70.0,Sparkling Wholesalers of Canyonfield,107.0,Radiant Glossy Photo Paper,copy paper,segA,5.0,58.0,87.0,435.0,290.0,145.0,8/19/2026,,,,,,,,
1234,8/18/2026,380.0,70.0,Sparkling Wholesalers of Canyonfield,113.0,Polished Recycled Paper,copy paper,segA,5.0,36.0,49.68,248.4,180.0,68.4,8/19/2026,,,,,,,,
1235,8/18/2026,380.0,70.0,Sparkling Wholesalers of Canyonfield,114.0,Glossy Recycled Paper,copy paper,segA,3.0,32.0,49.92,149.76,96.0,53.76,8/19/2026,,,,,,,,
1236,8/18/2026,380.0,70.0,Sparkling Wholesalers of Canyonfield,117.0,Dazzling Graph Paper,,segA,61.0,51.0,66.3,102.06,3111.0,933.3,8/19/2026,,,,,,,,
1237,8/18/2026,380.0,70.0,Sparkling Wholesalers of Canyonfield,120.0,Sparkling Letter Size Paper,copy paper,segA,1.0,45.0,59.85,59.85,45.0,14.85,8/19/2026,,,,,,,,
1238,8/14/2026,440.0,70.0,Sparkling Wholesalers of Canyonfield,29.0,Dazzling Paper Clips,office products,segB,1.0,37.0,53.65,53.65,37.0,16.65,8/17/2026,,,,,,,,
1239,8/14/2026,440.0,70.0,Sparkling Wholesalers of Canyonfield,58.0,Spotless Floor Cleaner,cleaning supplies,segD,1.0,31.0,59.83,59.83,31.0,28.83,8/17/2026,,,,,,,,
1240,8/14/2026,440.0,70.0,Sparkling Wholesalers of Canyonfield,77.0,Sleek Disposable Cups,breakroom supplies,segC,1.0,25.0,53.0,53.0,25.0,28.0,8/17/2026,,,,,,,,
1241,8/14/2026,440.0,70.0,Sparkling Wholesalers of Canyonfield,83.0,Spotless Energy Drinks,breakroom supplies,segC,1.0,26.0,46.8,46.8,26.0,20.8,8/17/2026,,,,,,,,
1242,8/14/2026,440.0,70.0,Sparkling Wholesalers of Canyonfield,114.0,Glossy Recycled Paper,copy paper,segA,4.0,54.0,72.36,289.44,216.0,73.44,8/17/2026,,,,,,,,
1244,8/11/2026,535.0,70.0,Sparkling Wholesalers of Canyonfield,16.0,Dazzling Bathroom Tissue,paper & tissue,segC,1.0,42.0,65.94,65.94,42.0,37.8,8/12/2026,,,,,,,,
1245,8/11/2026,535.0,70.0,Sparkling Wholesalers of Canyonfield,17.0,  Glossy Lunch Napknis ,paper & tissue,segC,1.0,31.0,45.57,45.57,31.0,14.57,8/12/2026,,,,,,,,
1246,8/11/2026,535.0,70.0,Sparkling Wholesalers of Canyonfield,26.0,  Radiant Sticky Notes ,office rpoducts,segB,1.0,34.0,54.4,54.4,34.0,20.4,8/12/2026,,,,,,,,
1247,8/11/2026,535.0,70.0,Sparkling Wholesalers of Canyonfield,37.0,Bright Recycled Paper,office products,segB,1.0,24.0,37.92,37.92,24.0,13.92,8/12/2026,,,,,,,,
1248,8/11/2026,535.0,70.0,Sparkling Wholesalers of Canyonfield,107.0,Radiant Glossy Photo Paper,copy paper,segA,4.0,58.0,87.0,348.0,232.0,116.0,8/12/2026,,,,,,,,
1249,8/11/2026,535.0,70.0,Sparkling Wholesalers of Canyonfield,114.0,Glossy Recycled Paper,copy paper,segA,7.0,54.0,72.36,506.52,378.0,128.52,8/12/2026,,,,,,,,
1250,8/11/2026,535.0,70.0,Sparkling Wholesalers of Canyonfield,112.0,Sparkling Letter Size Paper,copy paper,segA,11.0,46.0,56.58,622.38,506.0,116.38,8/12/2026,,,,,,,,
1251,8/11/2026,535.0,70.0,Sparkling Wholesalers of Canyonfield,113.0,Polished Recycled Paper,copy paper,segA,5.0,36.0,49.68,248.4,180.0,68.4,8/12/2026,,,,,,,,
1252,8/11/2026,535.0,70.0,Sparkling Wholesalers of Canyonfield,114.0,Glossy Recycled Paper,copy paper,segA,2.0,32.0,49.92,99.84,64.0,35.84,8/12/2026,,,,,,,,
1253,8/11/2026,535.0,70.0,Sparkling Wholesalers of Canyonfield,117.0,Dazzling Graph Paper,copy paper,segA,47.0,51.0,66.3,3116.1,2397.0,719.1,8/12/2026,,,,,,,,
1254,8/11/2026,535.0,70.0,Sparkling Wholesalers of Canyonfield,120.0,Sparkling Letter Size Paper,copy paper,segA,1.0,45.0,59.85,59.85,45.0,14.85,8/12/2026,,,,,,,,
1255,8/18/2026,,70.0,Sparkling Wholesalers of Canyonfield,15.0,Sparkling 2-Ply Toilet Paper,paper & tissue,segC,1.0,43.0,68.8,68.8,43.0,25.8,8/19/2026,,,,,,,,
1257,8/26/2026,214.0,71.0,Sleek Providers of Gardencrest,28.0,Immaculate Binder Clips,office products,segA,15.0,29.0,43.79,656.85,435.0,221.85,9/3/2026,,,,,,,,
1258,8/26/2026,214.0,71.0,Sleek Providers of Gardencrest,39.0,Immaculate Sticky Notes,office products,segA,13.0,32.344897959183676,49.64,645.32,442.0,203.32,9/3/2026,,,,,,,,
1259,8/26/2026,214.0,71.0,Sleek Providers of Gardencrest,44.0,Gleaming Recycled Paper,office products,segA,2.0,34.0,49.64,744.6,510.0,234.6,9/3/2026,,,,,,,,
1260,26/08/2026,214.0,71.0,Sleek Providers of Gardencrest,48.0,Fresh Desk Organizers,office products,segA,8.0,29.0,40.6,324.8,232.0,92.8,9/3/2026,,,,,,,,
1261,8/26/2026,214.0,71.0,Sleek Providers of Gardencrest,75.0,  Fresh Microwave Popcorn ,breakroom supplies,segA,7.0,18.0,30.78,215.46,126.0,89.46,9/3/2026,,,,,,,,
1262,8/26/2026,214.0,71.0,Sleek Providers of Gardencrest,81.0,Polished Stirrers,breakroom supplies,segA,6.0,22.0,41.58,249.48,132.0,117.48,9/3/2026,,,,,,,,
1263,8/26/2026,214.0,71.0,Sleek Providers of Gardencrest,82.0,Pristine Granola Bars,breakroom supplies,segA,6.0,26.0,46.28,277.68,156.0,121.68,9/3/2026,,,,,,,,
1264,8/26/2026,214.0,71.0,Sleek Providers of Gardencrest,85.0,Sparkling Microwave Popcorn,breakroom supplies,segA,4.0,12.0,22.8,91.2,48.0,43.2,9/3/2026,,,,,,,,
1265,8/26/2026,214.0,71.0,Sleek Providers of Gardencrest,90.0,Dazzling Instant Soups,breakroom supplies,segA,1.0,24.0,45.12,45.12,24.0,21.12,9/3/2026,,,,,,,,
1266,8/26/2026,214.0,71.0,Sleek Providers of Gardencrest,101.0,Radiant Colored Paper,copy paper,segB,3.0,60.0,94.8,102.06,180.0,104.4,9/3/2026,,,,,,,,
1267,8/26/2026,214.0,71.0,Sleek Providers of Gardencrest,110.0,Pristine Cardstock,copy paper,segB,5.0,42.0,58.8,294.0,210.0,84.0,9/3/2026,,,,,,,,
1268,9/4/2026,5.0,72.0,Immaculate Stewards of Valleyport,52.0,Spotless Air Freshener,cleaning supplies,segA,36.0,49.0,69.58,2504.88,1764.0,740.88,9/7/2026,,,,,,,,
1269,9/4/2026,5.0,72.0,Immaculate Stewards of Valleyport,54.0,Dazzling Floor Cleaner,cleaning supplies,segA,2.0,45.0,80.1,160.2,90.0,70.2,9/7/2026,,,,,,,,
1270,9/4/2026,5.0,72.0,Immaculate Stewards of Valleyport,61.0,Pristine Degreaser,cleaning supplies,segA,18.0,50.0,75.0,1350.0,900.0,450.0,9/7/2026,,,,,,,,
1271,4/9/2026,5.0,72.0,Immaculate Stewards of Valleyport,64.0,Bright Glass Cleaner,  cleaning supplies ,segA,1.0,32.344897959183676,51.2,51.2,32.0,19.2,9/7/2026,,,,,,,,
1272,9/4/2026,5.0,72.0,Immaculate Stewards of Valleyport,70.0,Sleek Air Freshener,cleaning supplies,segA,8.0,33.0,49.5,396.0,264.0,132.0,9/7/2026,,,,,,,,
1273,9/4/2026,5.0,72.0,Immaculate Stewards of Valleyport,100.0,Dazzling Legal Size Paper,  copy paper ,segA,3.0,24.0,37.92,113.76,63.0,41.76,9/7/2026,,,,,,,,
1274,9/4/2026,5.0,72.0,Immaculate Stewards of Valleyport,103.0,Spotless Colored Paper,copy paper,  seAg ,1.0,45.0,60.3,60.3,45.0,15.3,9/7/2026,,,,,,,,
1275,9/4/2026,5.0,72.0,Immaculate Stewards of Valleyport,109.0,Immaculate Resume Paper,,segA,3.0,31.0,40.3,120.9,93.0,27.9,9/7/2026,,,,,,,,
1276,9/4/2026,5.0,72.0,Immaculate Stewards of Valleyport,110.0,Pristine Cardstock,copy paper,segA,32.0,42.0,51.29707511896669,1572.48,1344.0,228.48,9/7/2026,,,,,,,,
1277,9/4/2026,5.0,72.0,Immaculate Stewards of Valleyport,113.0,Polished Recycled Paper,copy paper,segA,1.0,36.0,57.24,57.24,36.0,21.24,9/7/2026,,,,,,,,
1278,9/4/2026,5.0,72.0,Immaculate Stewards of Valleyport,114.0,Glossy Recycled Paper,copy paper,segA,5.0,32.0,50.88,254.4,160.0,94.4,9/7/2026,,,,,,,,
1279,9/4/2026,5.0,72.0,  Immaculate Stewards of Valleyport ,116.0,Immaculate Legal Size Paper,copy paper,segA,2.0,59.0,79.65,159.3,118.0,41.3,9/7/2026,,,,,,,,
1280,9/2/2026,64.0,72.0,Immaculate Stewards of Valleyport,48.0,Frseh Desk Organizers,office products,segD,1.0,29.0,51.91,51.91,29.0,22.91,9/3/2026,,,,,,,,
1281,9/2/2026,64.0,72.0,Immaculate Stewards of Valleyport,61.0,Pristine Degreaser,cleaning supplies,segA,12.0,50.0,75.0,900.0,600.0,300.0,9/3/2026,,,,,,,,
1282,9/2/2026,64.0,72.0,Immaculate Stewards of Valleyport,62.0,Glossy Air Freshener,cleaning supplies,segA,1.0,20.0,32.6,32.6,20.0,12.6,9/3/2026,,,,,,,,
1283,9/2/2026,64.0,72.0,Immaculate Stewards of Valleyport,64.0,Bright Glass Cleaner,cleaning supplies,segA,1.0,32.0,51.2,51.2,32.0,19.2,9/3/2026,,,,,,,,
1284,9/2/2026,64.0,72.0,Immaculate Stewards of Valleyport,67.0,Sleek Citrus Cleaner,cleaning supplies,segA,1.0,39.0,72.15,72.15,39.0,33.15,9/3/2026,,,,,,,,
1285,9/2/2026,64.0,72.0,Immaculate Stewards of Valleyport,96.0,Dazzling Disposable Cups,breakroom supplies,segD,1.0,19.0,45.03,45.03,19.0,26.03,9/3/2026,,,,,,,,
1286,9/2/2026,64.0,72.0,Immaculate Stewards of Valleyport,100.0,Dazzling Legal Size Paper,copy paper,segA,1.0,24.0,37.92,37.92,24.0,13.92,9/3/2026,,,,,,,,
1287,9/2/2026,64.0,72.0,Immaculate Stewards of Valleyport,106.0,Sleek Resume Paper,copy paper,segA,5.0,48.0,74.4,372.0,240.0,132.0,9/3/2026,,,,,,,,
1288,9/2/2026,64.0,72.0,Immaculate Stewards of Valleyport,107.0,Radiant Glossy Photo Paper,  copy paper ,segA,6.0,58.0,89.32,535.92,348.0,187.92,9/3/2026,,,,,,,,
1289,9/2/2026,64.0,72.0,Immaculate Stewards of Valleyport,109.0,Immaculate Resume Paper,coyp paper,segA,4.0,31.0,40.3,102.06,124.0,37.2,,,,,,,,,
1290,2/9/2026,64.0,72.0,Immaculate Stewards of Valleyport,110.0,Pristine Cardstock,copy paper,segA,36.0,42.0,49.14,1769.04,1512.0,257.04,9/3/2026,,,,,,,,
1291,9/2/2026,64.0,72.0,Immaculate Stewards of Valleyport,114.0,Glossy Recycled Paper,copy paper,  segA ,3.0,54.0,82.62,247.86,162.0,85.86,9/3/2026,,,,,,,,
1292,9/2/2026,64.0,72.0,Immaculate Stewards of Valleyport,114.0,Glossy Recycled Paper,copy paper,segA,6.0,32.0,50.88,305.28,192.0,113.28,9/3/2026,,,,,,,,
1293,8/25/2026,244.0,72.0,Immaculate Stewards of Valleyport,49.0,Sparkling Disinfectant Wipes,cleaning supplies,segA,1.0,21.0,39.06,39.06,21.0,18.06,9/2/2026,,,,,,,,
1294,8/25/2026,244.0,72.0,Immaculate Stewards of Valleyport,55.0,Spotless Floor Cleaner,cleaning supplies,segA,24.0,29.0,42.63,1023.12,696.0,327.12,9/2/2026,,,,,,,,
1295,8/25/2026,244.0,72.0,Immaculate Stewards of Valleyport,66.0,Radiant Glass Cleaner,cleaning supplies,segA,2.0,21.0,35.49,70.98,63.0,28.98,9/2/2026,,,,,,,,
1296,8/25/2026,244.0,72.0,Immaculate Stewards of Valleyport,70.0,Sleek Air Freshener,cleaning supplies,segA,12.0,33.0,49.5,594.0,396.0,198.0,9/2/2026,,,,,,,,
1297,8/25/2026,244.0,72.0,Immaculate Stewards of Valleyport,88.0,Gleaming Coffee Beans,breakroom supplies,segD,1.0,18.0,43.2,43.2,18.0,25.2,2/9/2026,,,,,,,,
1298,8/25/2026,244.0,72.0,Immaculate Stewards of Valleyport,112.0,Sparkling Letter Size Paper,ocpy paper,segA,5.0,46.0,63.94,319.7,230.0,89.7,9/2/2026,,,,,,,,
1299,8/25/2026,244.0,72.0,Immaculate Stewards of Valleyport,114.0,Glossy Recycled Paper,copy paper,segA,4.0,32.0,50.88,203.52,128.0,75.52,,,,,,,,,
1300,8/25/2026,244.0,72.0,Immaculate Stewards of Valleyport,118.0,Sparkling Cardstock,copy paper,segA,6.0,37.0,54.39,326.34,222.0,104.34,9/2/2026,,,,,,,,
1301,8/21/2026,308.0,72.0,Immaculate Stewards of Valleyport,29.0,Dazzling Paper Clips,office products,segD,2.0,37.0,64.01,64.01,37.0,27.01,8/24/2026,,,,,,,,
1302,8/21/2026,308.0,72.0,Immaculate Stewards of Valleyport,34.0,Radiant Staplers,office products,segD,1.0,24.0,42.48,42.48,24.0,18.48,8/24/2026,,,,,,,,
1303,8/21/2026,308.0,72.0,Immaculate Stewards of Valleyport,55.0,Spotless Floor Cleaner,cleaning supplies,,20.0,29.0,42.63,852.6,580.0,272.6,8/24/2026,,,,,,,,
1304,8/21/2026,308.0,72.0,Immaculate Stewards of Valleyport,66.0,Radiant Glass Cleaner,cleaning supplies,segA,3.0,21.0,35.49,106.47,63.0,43.47,8/24/2026,,,,,,,,
1305,8/21/2026,308.0,72.0,Immaculate Stewards of Valleyport,70.0,Sleek Air Freshener,cleaning supplies,segA,8.0,33.0,49.5,396.0,264.0,132.0,8/24/2026,,,,,,,,
1306,8/21/2026,308.0,72.0,Immaculate Stewards of Valleyport,102.0,Sleek Resume Paper,cop ypaper,segA,2.0,26.0,38.22,76.44,52.0,24.44,8/24/2026,,,,,,,,
1307,8/21/2026,308.0,72.0,Immaculate Stewards of Valleyport,105.0,Pristine Graph Paper,copy paper,segA,6.0,52.0,83.2,499.2,312.0,187.2,8/24/2026,,,,,,,,
1308,8/21/2026,308.0,72.0,Immaculate Stewards of Valleyport,107.0,Radiant Glossy Photo Paper,,segA,6.0,58.0,89.32,535.92,348.0,187.92,8/24/2026,,,,,,,,
1309,8/21/2026,308.0,72.0,Immaculate Stewards of Valleyport,110.0,Pristine Cardstock,copy paper,segA,45.0,42.0,49.14,2211.3,1890.0,321.3,8/24/2026,,,,,,,,
1310,8/21/2026,308.0,72.0,Immaculate Stewards of Valleyport,112.0,Sparkling Letter Size Paper,ocpy paper,segA,5.0,46.0,63.94,319.7,230.0,89.7,8/24/2026,,,,,,,,
1311,8/21/2026,308.0,72.0,Immaculate Stewards of Valleyport,114.0,Glossy Recycled aPper,copy paper,segA,3.0,32.0,50.88,152.64,96.0,56.64,8/24/2026,,,,,,,,
1312,8/25/2026,,72.0,Immaculate Stewards of Valleyport,54.0,Dazzling Floor Cleaner,cleaning supplies,segA,1.0,45.0,80.1,80.1,45.0,35.1,9/2/2026,,,,,,,,
1313,8/25/2026,,72.0,Immaculate Stewards of Valleyport,64.0,Bright Glass Cleaner,cleaning supplies,segA,1.0,32.0,51.2,51.2,32.0,19.2,9/2/2026,,,,,,,,
1314,8/13/2026,474.0,73.0,Pristine Stewards of Gardenfield,41.0,Dazzling File Folders,office products,segD,1.0,46.0,74.52,74.52,46.0,28.52,8/21/2026,,,,,,,,
1315,8/13/2026,474.0,73.0,Pristine Stewards of Gardenfield,68.0,Dazzling Disinfectant Wipes,cleaning supplies,segD,1.0,54.0,115.56,115.56,54.0,61.56,8/21/2026,,,,,,,,
1316,13/08/2026,474.0,73.0,Pristine Stewards of Gardenfield,80.0,Spotless Instant Soups,breakroom supplies,segA,1.0,17.0,28.9,28.9,17.0,11.9,8/21/2026,,,,,,,,
1317,8/13/2026,474.0,73.0,Pristine Stewards of Gardenfield,87.0,Glossy Tea Selection,breakroom supplies,segA,1.0,11.0,18.81,18.81,11.0,7.81,8/21/2026,,,,,,,,
1318,8/13/2026,474.0,73.0,Pristine Stewards of Gardenfield,92.0,Glossy Instant Soups,breakroom supplies,esgA,2.0,24.0,48.96,97.92,48.0,49.92,8/21/2026,,,,,,,,
1319,9/3/2026,34.0,74.0,Sparkling Custodians of Valleyville,26.0,Radiant Sticky Notes,office products,segC,1.0,34.0,55.42,55.42,34.0,21.42,9/4/2026,,,,,,,,
1320,9/3/2026,34.0,74.0,Sparkling Custodians of Valleyville,61.0,Pristine Degreaser,cleaning supplies,,1.0,50.0,98.5,98.5,50.0,48.5,,,,,,,,,
1321,9/3/2026,34.0,74.0,Sparkling Custodians of Valleyville,64.0,Bright Glass Cleaner,cleaning supplies,segB,1.0,32.0,63.68,63.68,32.0,31.68,9/4/2026,,,,,,,,
1322,9/3/2026,34.0,74.0,Sparkling Custodians of Valleyville,108.0,Dazzling Cardstock,copy paper,segA,2.0,21.0,29.19,145.95,105.0,40.95,9/4/2026,,,,,,,,
1323,9/3/2026,34.0,74.0,Sparkling Custodians of Valleyville,114.0,Glossy Recycled Paper,copy paper,segA,3.0,32.0,50.24,150.72,96.0,54.72,9/4/2026,,,,,,,,
1324,9/3/2026,34.0,74.0,Sparkling Custodians of Valleyville,116.0,Immaculate Legal Size Paper,copy paper,segA,18.0,59.0,72.57,1306.26,1062.0,244.26,9/4/2026,,,,,,,,
1325,9/3/2026,34.0,74.0,Sparkling Custodians of Valleyville,119.0,Immaculate Letter Size Paper,copy paper,segA,2.0,44.0,68.64,137.28,88.0,49.28,9/4/2026,,,,,,,,
1326,8/26/2026,215.0,74.0,Sparkling Custodians of Valleyville,69.0,Gleaming Degreaser,cleaning supplies,segB,1.0,27.0,50.22,50.22,27.0,37.8,8/27/2026,,,,,,,,
1327,8/26/2026,215.0,74.0,Sparkling Custodians of Valleyville,108.0,Dazzling Cardstock,copy paper,segA,3.0,21.0,29.19,87.57,63.0,24.57,8/27/2026,,,,,,,,
1328,8/26/2026,215.0,74.0,Sparkling Custodians of Valleyville,114.0,Glossy Recycled Paper,copy paper,segA,3.0,32.0,50.24,150.72,96.0,54.72,8/27/2026,,,,,,,,
1329,8/26/2026,215.0,74.0,Sparkling Custodians of Valleyville,117.0,Dazzling Graph Paper,copy paper,segA,3.0,51.0,75.99,227.97,153.0,74.97,8/27/2026,,,,,,,,
1330,8/26/2026,215.0,74.0,Sparkling Custodians of Valleyville,119.0,Immaculate Letter Size Paper,copy paper,segA,2.0,44.0,68.64,137.28,88.0,49.28,8/27/2026,,,,,,,,
1331,8/31/2026,110.0,76.0,Sparkling Servicers of Granitefield,39.0,Immaculate Sticky Notes,office products,,3.0,34.0,57.8,102.06,102.0,71.4,9/1/2026,,,,,,,,
1332,31/08/2026,110.0,76.0,Sparkling Servicers of Granitefield,47.0,Immaculate Staplers,office products,segB,5.0,24.0,36.24,181.2,120.0,61.2,9/1/2026,,,,,,,,
1333,8/31/2026,110.0,76.0,Sparkling Servicers of Granitefield,51.0,Bright Glass Cleaner,cleaning supplies,segA,2.0,26.0,44.46,88.92,52.0,36.92,9/1/2026,,,,,,,,
1334,8/31/2026,110.0,76.0,Sparkling Servicers of Granitefield,52.0,Spotless Air Freshener,cleaning supplies,segA,3.0,49.0,81.83,102.06,147.0,98.49,9/1/2026,,,,,,,,
1335,8/31/2026,110.0,76.0,Sparkling Servicers of Granitefield,53.0,Glossy Glass Cleaner,cleaning supplies,,5.0,36.0,59.76,298.8,180.0,118.8,9/1/2026,,,,,,,,
1336,8/31/2026,110.0,76.0,Sparkling Servicers of Granitefield,57.0,Glossy All-Purpose Cleaner,cleaning supplies,segA,10.0,51.0,96.39,963.9,510.0,453.9,9/1/2026,,,,,,,,
1337,31/08/2026,110.0,76.0,Sparkling Servicers of Granitefield,66.0,Radiant Glass Cleaner,cleaning supplies,segA,6.0,21.0,34.23,205.38,126.0,79.38,9/1/2026,,,,,,,,
1338,8/31/2026,110.0,76.0,Sparkling Servicers of Granitefield,67.0,Sleek Citrus Cleaner,cleaning supplies,segA,10.0,39.0,63.96,639.6,390.0,249.6,9/1/2026,,,,,,,,
1339,8/31/2026,110.0,76.0,Sparkling Servicers of Granitefield,69.0,Gleaming Degreaser,cleaning supplies,segA,7.0,27.0,51.3,359.1,189.0,170.1,9/1/2026,,,,,,,,
1340,8/31/2026,110.0,76.0,Sparkling Servicers of Granitefield,108.0,Dazzling Cardstock,copy paper,segD,1.0,21.0,38.01,38.01,21.0,17.01,9/1/2026,,,,,,,,
1342,8/25/2026,245.0,76.0,Sparkling Servicers of Granitefield,29.0,Dazzling Paper Clips,office products,segB,2.0,37.0,57.35,114.7,63.0,40.7,8/26/2026,,,,,,,,
1343,8/25/2026,245.0,76.0,Sparkling Servicers of Granitefield,39.0,Immaculate Sticky Notes,office products,segB,6.0,34.0,57.8,346.8,204.0,142.8,8/26/2026,,,,,,,,
1344,8/25/2026,245.0,76.0,Sparkling Servicers of Granitefield,57.0,Glossy All-Purpose Cleaner,cleaning supplies,segA,10.0,51.0,96.39,963.9,510.0,453.9,,,,,,,,,
1345,8/25/2026,245.0,76.0,Sparkling Servicers of Granitefield,64.0,Bright Glass Cleaner,cleaning supplies,,1.0,32.0,58.88,58.88,63.0,26.88,8/26/2026,,,,,,,,
1346,8/25/2026,245.0,76.0,Sparkling Servicers of Granitefield,66.0,Radiant Glass Cleaner,cleaning supplies,segA,6.0,21.0,34.23,205.38,126.0,79.38,8/26/2026,,,,,,,,
1347,8/25/2026,245.0,76.0,Sparkling Serviecrs of Granitefield,70.0,Sleek Air Freshener,cleaning supplies,segA,13.0,33.0,56.43,733.59,429.0,304.59,8/26/2026,,,,,,,,
1349,9/4/2026,6.0,79.0,Fresh Suppliers of Mapleton,24.0,Sparkling Pocket Tissues,paper & tissue,segB,1.0,18.0,26.46,26.46,63.0,8.46,9/7/2026,,,,,,,,
1350,9/4/2026,6.0,79.0,Fresh Suppliers of Mapleton,101.0,Radiant Colored Paper,copy paper,segA,3.0,60.0,85.8,257.4,180.0,77.4,9/7/2026,,,,,,,,
1351,9/4/2026,6.0,79.0,Fresh Suppliers of Mapleton,102.0,Sleek Resume Paper,,segA,5.0,26.0,35.62,178.1,130.0,48.1,9/7/2026,,,,,,,,
1352,9/4/2026,6.0,79.0,Fresh Suppliers of Mapleton,106.0,Sleek Resume Paper,copy paper,segA,5.0,48.0,75.36,376.8,63.0,37.8,9/7/2026,,,,,,,,
1353,9/4/2026,6.0,79.0,Fresh Suppliers of Mapleton,109.0,Immaculate Resume Paper,copy paper,segA,1.0,31.0,49.6,49.6,31.0,18.6,9/7/2026,,,,,,,,
1354,9/4/2026,6.0,79.0,Fresh Suppliers of Mapleton,114.0,Glossy Recycled Paper,copy paper,segA,1.0,32.0,50.88,50.88,32.0,18.88,9/7/2026,,,,,,,,
1356,3/9/2026,35.0,79.0,Fresh Suppliers of Mapleton,19.0,Fresh Party Napkins,paper & tissue,segB,2.0,45.0,68.4,68.4,45.0,23.4,9/4/2026,,,,,,,,
1357,9/3/2026,35.0,79.0,Fresh Suppliers of Mapleton,31.0,Polished Highlighters,office products,segD,1.0,17.0,28.9,28.9,17.0,11.9,9/4/2026,,,,,,,,
1358,9/3/2026,35.0,79.0,Fresh Suppliers of Mapleton,41.0,Dazzling File Folders,office products,segD,1.0,46.0,82.34,82.34,46.0,36.34,9/4/2026,,,,,,,,
1359,9/3/2026,35.0,79.0,Fresh Suppliers of Mapleton,62.0,Glossy Air Freshener,cleaning supplies,segD,1.0,20.0,38.4,38.4,20.0,18.4,,,,,,,,,
1360,9/3/2026,35.0,79.0,Fresh Suppliers of Mapleton,87.0,Glossy Tea Selection,breakroom supplies,segB,1.0,11.0,24.31,24.31,11.0,13.31,9/4/2026,,,,,,,,
1361,9/3/2026,35.0,79.0,Fresh Suppliers of Mapleton,95.0,Bright Disposable Cups,breakroom supplies,segB,1.0,13.0,25.74,25.74,13.0,12.74,9/4/2026,,,,,,,,
1362,9/3/2026,35.0,79.0,Fresh Suppliers of Mapleton,103.0,Spotless Colored Paper,copy paper,segA,5.0,45.0,61.65,308.25,225.0,83.25,9/4/2026,,,,,,,,
1363,9/3/2026,35.0,79.0,Fresh Suppliers of Mapleton,104.0,Gleaming Glossy Photo Paper,copy paper,segA,4.0,52.0,81.12,324.48,208.0,116.48,9/4/2026,,,,,,,,
1364,9/3/2026,35.0,79.0,Fresh Suppliers of Mapleton,106.0,Sleek Resume Paper,copy paper,segA,5.0,48.0,75.36,376.8,240.0,37.8,9/4/2026,,,,,,,,
1365,9/3/2026,35.0,79.0,Fresh Suppliers of Mapleton,114.0,Glossy Recycled Paper,copy paper,segA,1.0,32.0,50.88,50.88,32.0,18.88,9/4/2026,,,,,,,,
1366,9/3/2026,35.0,79.0,Fresh Suppliers of Mapleton,117.0,Dazzling Graph Paper,copy paper,segA,4.0,51.0,70.38,281.52,204.0,77.52,9/4/2026,,,,,,,,
1367,3/9/2026,35.0,79.0,Fresh Suppliers of Mapleton,118.0,Sparkling Cardstock,  copy paper ,,3.0,37.0,56.98,170.94,111.0,59.94,9/4/2026,,,,,,,,
1368,8/12/2026,510.0,79.0,Fresh Suppliers of Mapleton,19.0,Fresh Party Napkins,paper & tissue,segB,1.0,32.344897959183676,68.4,68.4,45.0,23.4,8/13/2026,,,,,,,,
1369,12/8/2026,510.0,79.0,Fresh Suppliers of Mapleton,102.0,Sleek Resume Paper,copy paepr,segA,6.0,26.0,35.62,213.72,156.0,57.72,8/13/2026,,,,,,,,
1370,8/12/2026,510.0,79.0,Fresh Suppliers of Mapleton,103.0,Spotless Colored Paper,copy paper,segA,5.0,45.0,61.65,308.25,225.0,83.25,8/13/2026,,,,,,,,
1371,8/12/2026,510.0,79.0,Fresh Suppliers of Mapleton,105.0,Pristine Graph Paper,cpoy paper,segA,3.0,52.0,78.0,234.0,156.0,78.0,8/13/2026,,,,,,,,
1372,8/12/2026,510.0,79.0,Fres hSuppliers of Mapleton,108.0,Dazzling Cardstock,copy paper,segA,4.0,21.0,30.66,122.64,84.0,38.64,8/13/2026,,,,,,,,
1373,8/12/2026,510.0,79.0,Fresh Suppliers of Mapleton,109.0,Immaculate Resume Paper,copy paper,segA,2.0,32.344897959183676,49.6,99.2,62.0,37.2,8/13/2026,,,,,,,,
1374,8/12/2026,510.0,79.0,Fresh Suppliers of Mapleton,112.0,Sparkling Letter Size Paper,copy paper,segA,2.0,46.0,62.1,124.2,92.0,32.2,8/13/2026,,,,,,,,
1375,8/12/2026,510.0,79.0,Fresh Suppliers of Mapleton,114.0,Glossy Recycled Paper,copy paper,segA,1.0,32.0,51.29707511896669,50.88,32.0,18.88,8/13/2026,,,,,,,,
1376,8/12/2026,510.0,79.0,Fresh Suppliers of Mapleton,117.0,Dazzling Graph Paper,copy paper,segA,3.0,51.0,70.38,211.14,153.0,58.14,8/13/2026,,,,,,,,
1377,8/12/2026,510.0,79.0,Fresh Suppliers of Mapleton,118.0,Sparkling Cardstock,copy paper,segA,4.0,37.0,56.98,227.92,148.0,79.92,8/13/2026,,,,,,,,
1378,8/12/2026,,79.0,Fresh Suppliers of Mapleton,98.0,Radiant Glossy Photo Paper,copy paper,segA,6.0,23.0,31.51,189.06,138.0,51.06,8/13/2026,,,,,,,,
1379,8/21/2026,309.0,80.0,Dazzling Janitors of Forestburg,1.0,Sleek Party Napkins,paper & tissue,segA,9.0,29.0,34.8,313.2,261.0,52.2,8/24/2026,,,,,,,,
1380,8/21/2026,309.0,80.0,Dazzling Janitors of Forestburg,3.0,Sparkling Party Napkins,paper & tissue,segA,4.0,21.0,31.08,124.32,84.0,40.32,8/24/2026,,,,,,,,
1381,8/21/2026,309.0,80.0,Dazzling Janitors of Forestburg,15.0,Sparkling 2-Ply Toilet Paper,paper & tissue,segA,11.0,43.0,51.6,567.6,473.0,94.6,8/24/2026,,,,,,,,
1382,8/21/2026,309.0,80.0,Dazzling Janitors of Forestburg,19.0,Fresh Party Napkins,paper & tissue,segA,5.0,45.0,67.05,335.25,225.0,110.25,8/24/2026,,,,,,,,
1383,8/21/2026,309.0,80.0,Dazzling Janitors of Forestburg,23.0,Dazzling Roll Paper Towels,paper & tissue,segA,2.0,40.0,52.8,105.6,80.0,37.8,8/24/2026,,,,,,,,
1384,8/21/2026,309.0,80.0,Dazzling Janitors of Forestburg,24.0,Sparkling Pocket Tissues,paper & tissue,segA,25.0,18.0,20.52,513.0,450.0,63.0,8/24/2026,,,,,,,,
1385,8/21/2026,309.0,80.0,Dazzling Janitors of Forestburg,26.0,Radiant Sticky Notes,office products,segA,1.0,34.0,46.92,46.92,34.0,12.92,8/24/2026,,,,,,,,
1386,8/21/2026,309.0,80.0,Dazzling Janitors of Forestburg,46.0,Spotless Desk Organizers,office products,segA,1.0,33.0,51.81,51.81,33.0,18.81,8/24/2026,,,,,,,,
1387,8/21/2026,309.0,80.0,Dazzling Janitors of Forestburg,47.0,Immaculate Staplers,office products,segA,2.0,24.0,33.84,67.68,48.0,19.68,8/24/2026,,,,,,,,
1388,8/21/2026,309.0,80.0,Dazzling Janitors of Forestburg,59.0,Spotless All-Purpose Cleaner,cleaning supplies,esgB,1.0,47.0,89.3,89.3,47.0,42.3,8/24/2026,,,,,,,,
1389,8/21/2026,309.0,80.0,Dazzling Janitors of Forestburg,60.0,Polished Degreaser,cleaning supplies,segB,1.0,26.0,48.62,48.62,26.0,22.62,8/24/2026,,,,,,,,
1390,8/21/2026,309.0,80.0,Dazzling Janitors of Forestburg,75.0,Fresh Microwave Popcorn,breakroom supplies,segA,2.0,18.0,32.4,32.4,18.0,14.4,8/24/2026,,,,,,,,
1391,8/21/2026,309.0,80.0,Dazzling Janitors of Forestburg,76.0,  Immaculate Granola Bars ,breakroom supplies,segA,1.0,10.0,51.29707511896669,17.2,10.0,7.2,8/24/2026,,,,,,,,
1392,8/21/2026,309.0,80.0,Dazzling Janitors of Forestburg,80.0,Spotless Instant Soups,breakroom supplies,segA,1.0,17.0,32.13,32.13,17.0,15.13,8/24/2026,,,,,,,,
1393,8/21/2026,309.0,80.0,Dazzling Janitors of Forestburg,81.0,Polished Stirrers,,segA,39.0,22.0,33.0,1287.0,858.0,429.0,8/24/2026,,,,,,,,
1394,8/21/2026,309.0,80.0,Dazzling Janitors of Forestburg,82.0,Pristine Granola Bars,breakroom supplies,segA,1.0,26.0,44.2,44.2,26.0,18.2,8/24/2026,,,,,,,,
1395,8/21/2026,309.0,80.0,Dazzling Janitors of Forestburg,83.0,Spotless Energy Drinks,breakroom supplies,segA,1.0,26.0,53.3,102.06,26.0,27.3,8/24/2026,,,,,,,,
1396,8/21/2026,309.0,80.0,Dazzling Janitors of Forestburg,88.0,Gleaming Coffee Beans,breakroom supplies,segA,1.0,18.0,51.29707511896669,37.8,18.0,19.8,8/24/2026,,,,,,,,
1397,8/21/2026,309.0,80.0,Dazzling Janitors of Forestburg,91.0,Glossy Microwave Popcorn,breakroom supplies,segA,1.0,29.0,54.52,54.52,29.0,25.52,8/24/2026,,,,,,,,
1398,8/21/2026,309.0,80.0,Dazzling Janitors of Forestburg,92.0,Glossy Instant Soups,breakroom supplies,segA,1.0,24.0,45.36,45.36,24.0,21.36,,,,,,,,,
1399,8/21/2026,309.0,80.0,Dazzling Janitors of Forestburg,100.0,Dazzling Legal Size Paper,copy paper,segC,34.0,24.0,33.6,1142.4,816.0,326.4,8/24/2026,,,,,,,,
1400,8/20/2026,343.0,80.0,  Dazzling Janitors of Forestburg ,3.0,Sparkling Party Napkins,paepr & tissue,segA,5.0,21.0,31.08,155.4,105.0,50.4,8/21/2026,,,,,,,,
1401,8/20/2026,343.0,80.0,Dazzling Janitors of Forestburg,11.0,Fresh Lunch Napkins,paper & tissue,segA,3.0,21.0,30.24,90.72,63.0,27.72,8/21/2026,,,,,,,,
1402,8/20/2026,343.0,80.0,Dazzling Janitors of Forestburg,15.0,Sparkling 2-Ply Toilet Paper,paper & tissue,segA,7.0,43.0,51.6,361.2,301.0,60.2,8/21/2026,,,,,,,,
1403,8/20/2026,343.0,80.0,Dazzling Janitors of Forestburg,17.0,Glossy Lunch Napkins,paper & tissue,segA,2.0,31.0,44.64,89.28,62.0,27.28,8/21/2026,,,,,,,,
1404,8/20/2026,343.0,80.0,Dazzling Janitors of Forestburg,18.0,Pristine Lunch Napkins,paper & tissue,segA,1.0,20.0,29.4,29.4,20.0,9.4,8/21/2026,,,,,,,,
1405,8/20/2026,343.0,80.0,Dazzling Janitors of Forestburg,20.0,Gleaming Roll Paper Towels,paper & tissue,segA,4.0,32.344897959183676,36.68,146.72,112.0,34.72,8/21/2026,,,,,,,,
1406,8/20/2026,343.0,80.0,Dazzling Janitors of Forestburg,23.0,Dazzling Roll Paper Towels,paper & tissue,segA,3.0,32.344897959183676,52.8,158.4,120.0,38.4,8/21/2026,,,,,,,,
1407,8/20/2026,343.0,80.0,Dazzling Janitors of Forestburg,24.0,Sparkling Pocket Tissues,paper & tissue,segA,50.0,18.0,20.52,1026.0,900.0,126.0,21/08/2026,,,,,,,,
1408,8/20/2026,343.0,80.0,Dazzling Janitors of Forestburg,25.0,Dazzling Binder Clips,office products,segA,2.0,45.0,67.05,134.1,90.0,44.1,8/21/2026,,,,,,,,
1409,8/20/2026,343.0,80.0,Dazzling Janitors of Forestburg,27.0,  Sparkling Sticky Notes ,office products,segA,3.0,43.0,58.48,175.44,129.0,46.44,21/08/2026,,,,,,,,
1410,8/20/2026,343.0,80.0,Dazzling Janitors of Forestburg,31.0,Polished Highlighters,office products,segA,2.0,17.0,26.52,53.04,34.0,19.04,8/21/2026,,,,,,,,
1411,8/20/2026,343.0,80.0,Dazzling Janitors of Forestburg,47.0,Immaculate Staplers,office products,segA,2.0,24.0,33.84,67.68,48.0,19.68,8/21/2026,,,,,,,,
1412,8/20/2026,343.0,80.0,Dazzling Janitors of Forestburg,75.0,Fresh Microwave Popcorn,breakroom supplies,segA,1.0,18.0,32.4,32.4,18.0,14.4,8/21/2026,,,,,,,,
1413,8/20/2026,343.0,80.0,Dazzling Janitors of Forestburg,76.0,Immaculate Granola Bars,breakroom supplies,,1.0,10.0,17.2,17.2,10.0,7.2,8/21/2026,,,,,,,,
1414,8/20/2026,343.0,80.0,Dazzling Janitors of Forestburg,77.0,Sleek Disposable Cups,breakroom supplies,segA,1.0,25.0,50.0,50.0,25.0,25.0,8/21/2026,,,,,,,,
1415,8/20/2026,343.0,80.0,Dazzling Janitors of Forestburg,82.0,Pristine Granola Bars,breakroom supplies,segA,1.0,26.0,44.2,44.2,26.0,18.2,8/21/2026,,,,,,,,
1416,8/20/2026,343.0,80.0,Dazzling Janitors of Forestburg,86.0,Dazzling Instant Soups,,esgA,1.0,16.0,29.12,29.12,16.0,37.8,8/21/2026,,,,,,,,
1417,8/20/2026,343.0,80.0,Dazzling Janitors of Forestburg,91.0,Glossy Microwave Popcorn,breakroom supplies,segA,1.0,29.0,54.52,54.52,29.0,25.52,8/21/2026,,,,,,,,
1418,8/20/2026,343.0,80.0,Dazzling Janitors of Forestburg,95.0,Bright Disposable Cups,breakroom supplies,segA,1.0,13.0,24.83,24.83,13.0,11.83,8/21/2026,,,,,,,,
1419,8/20/2026,343.0,80.0,Dazzling Janitors of Forestburg,96.0,Dazzling Disposable Cups,breakroom supplies,segA,1.0,19.0,33.82,33.82,19.0,14.82,8/21/2026,,,,,,,,
1420,8/20/2026,343.0,80.0,Dazzling Janitors of Forestburg,114.0,Glossy Recycled Paper,copy paper,segC,1.0,54.0,79.38,79.38,54.0,25.38,8/21/2026,,,,,,,,
1421,8/18/2026,381.0,80.0,Dazzling Janitors of Forestburg,1.0,Sleek Party Napkins,paper & tissue,segA,7.0,29.0,34.8,243.6,203.0,40.6,8/19/2026,,,,,,,,
1422,8/18/2026,381.0,80.0,Dazzling Janitors of Forestburg,5.0,Polished Kitchen Towels,paper & tissue,segA,2.0,35.0,52.15,104.3,70.0,34.3,8/19/2026,,,,,,,,
1423,8/18/2026,381.0,80.0,Dazzling Janitors of Forestburg,7.0,Gleaming Bathroom Tissue,paper & tissue,segA,10.0,32.344897959183676,17.76,177.6,160.0,17.6,19/08/2026,,,,,,,,
1424,8/18/2026,381.0,80.0,Dazzling Janitors of Forestburg,10.0,Pristine 2-Ply Toilet Paper,paper & tissue,segA,1.0,26.0,37.44,37.44,26.0,11.44,19/08/2026,,,,,,,,
1425,8/18/2026,381.0,80.0,Dazzling Janitors of Forestburg,15.0,Sparkling 2-Ply Toilet Paper,paper & tissue,segA,8.0,43.0,51.6,412.8,344.0,68.8,8/19/2026,,,,,,,,
1426,8/18/2026,381.0,80.0,Dazzling Janitors of Forestburg,16.0,Dazzling Bathroom Tissue,paper & tissue,segA,2.0,42.0,55.02,110.04,84.0,26.04,8/19/2026,,,,,,,,
1427,8/18/2026,381.0,80.0,Dazzling Janitors of Forestburg,18.0,Pristine Lunch Napkins,paper & tissue,segA,2.0,20.0,29.4,58.8,40.0,18.8,19/08/2026,,,,,,,,
1428,8/18/2026,381.0,80.0,Dazzling Janitors of Forestburg,25.0,Dazzling Binder Clips,office products,segA,2.0,45.0,67.05,134.1,90.0,44.1,8/19/2026,,,,,,,,
1429,8/18/2026,381.0,80.0,Dazzling Janitors of Forestburg,26.0,Radiant Sticky Notes,office products,segA,1.0,34.0,51.29707511896669,46.92,34.0,37.8,8/19/2026,,,,,,,,
1430,8/18/2026,381.0,80.0,Dazzling Janitors of Forestburg,38.0,Radiant Pens,office products,segA,3.0,17.0,51.29707511896669,78.03,51.0,27.03,8/19/2026,,,,,,,,
1431,8/18/2026,381.0,80.0,Dazzling Janitors of Forestburg,62.0,Glossy Air Freshener,cleaning supplies,,2.0,20.0,51.29707511896669,34.6,20.0,14.6,8/19/2026,,,,,,,,
1432,8/18/2026,381.0,80.0,Dazzling Janitors of Forestburg,68.0,Dazzling Disinfectant Wipes,cleaning supplies,segB,1.0,54.0,108.0,108.0,54.0,54.0,8/19/2026,,,,,,,,
1433,8/18/2026,381.0,80.0,Dazzling Janitors of Forestburg,82.0,Pristine Granola Bars,breakroom supplies,segA,1.0,26.0,44.2,44.2,26.0,18.2,8/19/2026,,,,,,,,
1434,8/18/2026,381.0,80.0,Dazzling Janitors of Forestburg,83.0,Spotless Energy Drinks,breakroom supplies,segA,2.0,26.0,53.3,106.6,52.0,54.6,8/19/2026,,,,,,,,
1435,8/18/2026,381.0,80.0,Dazzling Janitors of Forestburg,88.0,Gleaming Coffee Beans,breakroom supplies,segA,1.0,18.0,37.8,37.8,18.0,19.8,8/19/2026,,,,,,,,
1436,8/18/2026,381.0,80.0,Dazzling Janitors of Forestburg,91.0,  Glossy Microwave Popcorn ,breakroom supplies,segA,1.0,29.0,54.52,54.52,29.0,25.52,8/19/2026,,,,,,,,
1437,8/18/2026,381.0,80.0,Dazzling Janitors of Forestburg,94.0,Pristine Instant Soups,breakroom supplies,segA,1.0,7.0,13.72,13.72,7.0,6.72,8/19/2026,,,,,,,,
1438,8/7/2026,582.0,80.0,Dazzling Janitors of Forestburg,1.0,Sleek Party Napkins,paper & tissue,segA,7.0,29.0,34.8,243.6,203.0,40.6,8/17/2026,,,,,,,,
1439,8/7/2026,582.0,80.0,Dazzling Janitors of Forestburg,6.0,Pristine Bathroom Tissue,paper & tissue,segA,2.0,19.0,26.22,52.44,38.0,14.44,8/17/2026,,,,,,,,
1440,8/7/2026,582.0,80.0,Dazzling Janitors of Forestburg,10.0,Pristien 2-Ply Toilet Paper,paper & tissue,segA,1.0,26.0,37.44,37.44,26.0,11.44,8/17/2026,,,,,,,,
1441,8/7/2026,582.0,80.0,Dazzling Janitors of Forestburg,16.0,Dazzling Bathroom Tissue,paper & tissue,segA,3.0,42.0,55.02,165.06,126.0,39.06,8/17/2026,,,,,,,,
1442,7/8/2026,582.0,80.0,Dazzling Janitors of Forestburg,17.0,Glossy Lunch Napkins,paper & tissue,segA,3.0,31.0,44.64,133.92,93.0,40.92,8/17/2026,,,,,,,,
1443,8/7/2026,582.0,80.0,Dazzling Janitors of Forestburg,18.0,Pristine Lunch Napkins,paper & tissue,segA,1.0,20.0,29.4,29.4,20.0,9.4,8/17/2026,,,,,,,,
1444,8/7/2026,582.0,80.0,Dazzling Janitors of Forestburg,19.0,Fresh Party Napkins,paper & tissue,segA,5.0,45.0,67.05,335.25,225.0,110.25,8/17/2026,,,,,,,,
1445,8/7/2026,582.0,80.0,Dazzling Janitors of Forestburg,24.0,Sparkling Pocket Tissues,paper & tissue,segA,37.0,18.0,20.52,102.06,666.0,93.24,8/17/2026,,,,,,,,
1446,8/7/2026,582.0,80.0,Dazzling Janitors of Forestburg,27.0,Sparkling Sticky Notes,office products,segA,3.0,43.0,58.48,175.44,129.0,46.44,8/17/2026,,,,,,,,
1447,8/7/2026,582.0,80.0,Dazzling Janitors of Forestburg,30.0,Immaculate Markers,office products,segA,6.0,28.0,36.68,220.08,168.0,52.08,8/17/2026,,,,,,,,
1448,7/8/2026,582.0,80.0,Dazzling Janitors of Forestburg,36.0,Glossy Staplers,office products,segA,3.0,50.0,80.0,240.0,150.0,90.0,8/17/2026,,,,,,,,
1449,8/7/2026,582.0,80.0,Dazzling Janitors of Forestburg,38.0,Radiant Pens,office products,segA,1.0,17.0,26.01,26.01,17.0,9.01,8/17/2026,,,,,,,,
1450,8/7/2026,582.0,80.0,Dazzling Janitors of Forestburg,44.0,Gleaming Recycled Paper,office products,segA,5.0,34.0,44.2,221.0,170.0,51.0,8/17/2026,,,,,,,,
1451,8/7/2026,582.0,80.0,Dazzling Janitors of Forestburg,46.0,Spotless Desk Organizers,office products,segA,1.0,33.0,51.81,51.81,33.0,18.81,8/17/2026,,,,,,,,
1452,8/7/2026,582.0,80.0,Dazzling Janitors of Forestburg,47.0,Immaculate Staplers,office products,segA,4.0,24.0,33.84,135.36,96.0,39.36,8/17/2026,,,,,,,,
1453,8/7/2026,582.0,80.0,Dazzling Janitors of Forestburg,75.0,Fresh Microwave Popcorn,breakroom supplies,segA,1.0,18.0,32.4,32.4,18.0,14.4,8/17/2026,,,,,,,,
1454,8/7/2026,582.0,80.0,Dazzling Janitors of Forestburg,76.0,Immaculate Granola Bars,breakroom supplies,segA,1.0,10.0,17.2,17.2,10.0,7.2,8/17/2026,,,,,,,,
1455,8/7/2026,582.0,80.0,Dazzling Janitors of Forestburg,77.0,Sleek Disposable Cups,breakroom supplies,segA,1.0,25.0,50.0,50.0,25.0,25.0,8/17/2026,,,,,,,,
1456,8/7/2026,582.0,80.0,Dazzling Janitors of Forestburg,81.0,Polished Stirrers,breakroom supplies,segA,43.0,22.0,33.0,1419.0,946.0,473.0,8/17/2026,,,,,,,,
1457,8/7/2026,582.0,80.0,Dazzling Janitors of Forestburg,83.0,Spotless Energy Drinks,breakroom supplies,segA,1.0,26.0,53.3,53.3,26.0,27.3,8/17/2026,,,,,,,,
1458,8/7/2026,582.0,80.0,Dazzling Janitors of Forestburg,91.0,Glossy Microwave Popcorn,breakroom supplies,segA,1.0,29.0,54.52,54.52,29.0,25.52,8/17/2026,,,,,,,,
1459,8/7/2026,582.0,80.0,Dazzling Janitors of Forestburg,96.0,Dazzling Disposable Cups,breakroom supplies,segA,1.0,19.0,33.82,33.82,19.0,14.82,8/17/2026,,,,,,,,
1460,8/7/2026,,80.0,Dazzling Janitors of Forestburg,80.0,Spotless Instant Soups,  breakroom supplies ,segA,1.0,17.0,32.13,32.13,17.0,15.13,8/17/2026,,,,,,,,
1461,8/25/2026,246.0,81.0,Immaculate Wholesalers of Baywood,50.0,Bright Glass Cleaner,cleaning suppiles,segA,1.0,23.0,41.63,102.06,23.0,18.63,8/26/2026,,,,,,,,
1462,8/25/2026,246.0,81.0,Immaculate Wholesalers of Baywood,,  Spotless All-Purpose Cleaner ,cleaning supplies,segA,1.0,47.0,75.67,75.67,47.0,28.67,8/26/2026,,,,,,,,
1463,8/25/2026,246.0,81.0,Immaculate Wholesalers of Baywood,60.0,Polished Degreaser,cleaning supplies,segA,3.0,26.0,49.14,147.42,78.0,69.42,8/26/2026,,,,,,,,
1464,8/25/2026,246.0,81.0,Immaculate Wholesalers of Baywood,63.0,Polished Glass Cleaner,cleaning supplies,segA,2.0,42.0,69.72,102.06,84.0,55.44,8/26/2026,,,,,,,,
1465,8/25/2026,246.0,81.0,Immaculate Wholesalers of Baywood,67.0,Sleek Citrus Cleaner,cleaning supplies,segA,1.0,39.0,72.54,72.54,39.0,33.54,8/26/2026,,,,,,,,
1466,8/25/2026,246.0,81.0,Immaculate Wholesalers of Baywood,68.0,Dazzling Disinfectant Wipes,cleaning supplies,segA,1.0,54.0,101.52,102.06,54.0,47.52,8/26/2026,,,,,,,,
1467,8/25/2026,246.0,81.0,Immaculate Wholesalers of Baywood,69.0,Gleaming Degreaser,cleaning supplies,segA,2.0,27.0,49.95,99.9,63.0,45.9,8/26/2026,,,,,,,,
1468,8/25/2026,246.0,81.0,Immaculate Wholesalers of Baywood,74.0,Pristine Energy Drinks,breakroom supplies,segB,1.0,15.0,28.95,28.95,15.0,13.95,8/26/2026,,,,,,,,
1469,8/25/2026,246.0,81.0,Immaculate Wholesalers of Baywood,81.0,Polished Stirrers,breakroom supplies,segB,1.0,22.0,51.29707511896669,39.82,22.0,17.82,8/26/2026,,,,,,,,
1470,8/25/2026,246.0,81.0,Immaculate Wholesalers of Baywood,89.0,Sparkling Disposable Cups,breakroom supplies,segB,1.0,21.0,40.95,40.95,21.0,19.95,8/26/2026,,,,,,,,
1471,8/25/2026,246.0,81.0,Immaculate Wholesalers of Baywood,95.0,Bright Disposable Cups,breakroom supplies,segB,1.0,13.0,27.04,27.04,13.0,14.04,8/26/2026,,,,,,,,
1472,8/25/2026,246.0,81.0,Immaculate Wholesalers of Baywood,99.0,Glossy Letter Size Paper,copy paper,segA,1.0,57.0,78.09,78.09,57.0,21.09,8/26/2026,,,,,,,,
1473,8/25/2026,246.0,81.0,Immaculate Wholesalers of Baywood,102.0,Sleek Resume Paper,copy paper,segA,3.0,26.0,34.84,102.06,78.0,26.52,8/26/2026,,,,,,,,
1474,8/25/2026,246.0,81.0,Immaculate Wholesalers of Baywood,105.0,Pristine Graph Paper,copy paper,segA,2.0,52.0,80.6,161.2,104.0,57.2,8/26/2026,,,,,,,,
1475,8/25/2026,246.0,81.0,Immaculate Wholesalers of Baywood,107.0,Radiant Glossy Photo Paper,copy paper,segA,1.0,58.0,83.52,83.52,58.0,25.52,8/26/2026,,,,,,,,
1476,8/25/2026,246.0,81.0,Immaculate Wholesalers of Baywood,110.0,Pristine Cardstock,,segA,6.0,42.0,54.6,327.6,252.0,75.6,8/26/2026,,,,,,,,
1477,8/25/2026,246.0,81.0,Immaculate Whloesalers of Baywood,112.0,Sparkling Letter Size Paper,copy paper,segA,33.0,46.0,59.8,1973.4,1518.0,455.4,8/26/2026,,,,,,,,
1478,8/28/2026,143.0,82.0,Sparkling Providers of Valleyfield,49.0,Sparkling Disinfectant Wipes,cleaning supplies,segA,1.0,21.0,35.91,35.91,21.0,14.91,8/31/2026,,,,,,,,
1479,8/28/2026,143.0,82.0,  Sparkling Providers of Valleyfield ,55.0,Spotless Floor Cleaner,cleaning supplies,segA,50.0,29.0,43.5,2175.0,1450.0,725.0,8/31/2026,,,,,,,,
1480,8/28/2026,143.0,82.0,Sparkling Providers of Valleyfield,82.0,Pristine Granola Bars,breakroom supplies,segA,2.0,26.0,54.6,102.06,52.0,57.2,8/31/2026,,,,,,,,
1481,8/28/2026,143.0,82.0,Sparkling Providers of Valleyfield,86.0,Dazzling Instant Soups,breakroom supplies,segA,1.0,16.0,27.36,27.36,16.0,11.36,8/31/2026,,,,,,,,
1482,8/28/2026,143.0,82.0,Sparkling Providers of Valleyfield,87.0,Glossy Tea Selection,breakroom supplies,segA,1.0,11.0,18.7,18.7,11.0,7.7,,,,,,,,,
1483,8/28/2026,143.0,82.0,Sparkling Providers of Valleyfield,92.0,Glossy Instant Soups,breakroom supplies,segA,1.0,24.0,49.92,49.92,24.0,25.92,8/31/2026,,,,,,,,
1484,8/28/2026,143.0,82.0,Sparkling Providers of Valleyfield,95.0,Bright Disposable Cups,breakroom supplies,segA,1.0,13.0,24.05,24.05,13.0,37.8,8/31/2026,,,,,,,,
1485,8/28/2026,143.0,82.0,Sparkling Providers of Valleyfield,96.0,Dazzling Disposable Cups,breakroom supplies,segA,1.0,19.0,36.48,36.48,19.0,17.48,8/31/2026,,,,,,,,
1486,8/12/2026,511.0,82.0,Sparkling Providers of Valleyfield,12.0,Immaculate Roll Paper Towels,paper & tissue,segD,1.0,44.0,73.48,73.48,44.0,29.48,8/13/2026,,,,,,,,
1487,8/12/2026,511.0,82.0,Sparkling Providers of Valleyfield,50.0,Bright Glass Cleaner,cleaning supplies,segA,2.0,23.0,42.55,85.1,46.0,39.1,8/13/2026,,,,,,,,
1488,8/12/2026,511.0,82.0,Sparkling Providers of Valleyfield,55.0,Spotless Floor Cleaner,cleaning supplies,segA,47.0,29.0,43.5,2044.5,1363.0,681.5,8/13/2026,,,,,,,,
1489,8/12/2026,511.0,82.0,Sparkling Providers of Valleyfield,60.0,Polished Degreaser,cleaning supplies,segA,3.0,32.344897959183676,44.98,134.94,78.0,56.94,8/13/2026,,,,,,,,
1490,8/12/2026,511.0,82.0,Sparkling Providers of Valleyfield,65.0,Sparkling Citrus Cleaner,cleaning supplies,segA,2.0,20.0,36.8,73.6,40.0,37.8,13/08/2026,,,,,,,,
1491,8/12/2026,511.0,82.0,Sparkling Providers of Valleyfield,72.0,Gleaming Glass Cleaner,cleaning supplies,segA,1.0,23.0,37.03,37.03,23.0,14.03,8/13/2026,,,,,,,,
1492,8/12/2026,511.0,82.0,Sparkling Providers of Valleyfield,78.0,Glossy Creamers,breakroom supplies,  segA ,1.0,27.0,55.35,55.35,27.0,28.35,8/13/2026,,,,,,,,
1493,8/12/2026,511.0,82.0,Sparkling Providers of Valleyfield,82.0,Pristine Granola Bars,breakroom supplies,,2.0,26.0,54.6,102.06,52.0,57.2,,,,,,,,,
1494,8/12/2026,511.0,82.0,Sparkling Providers of Valleyfield,85.0,Sparkling Microwave Popcorn,breakroom supplies,segA,1.0,12.0,23.04,23.04,12.0,11.04,8/13/2026,,,,,,,,
1495,8/12/2026,511.0,82.0,Sparkling Providers of Valleyfield,87.0,Glossy Tea Selection,breakroom supplies,segA,1.0,11.0,18.7,102.06,11.0,7.7,8/13/2026,,,,,,,,
1496,8/12/2026,511.0,82.0,Sparkling Providers of Valleyfield,120.0,Sparkling Letter Size Paper,copy paper,,1.0,45.0,79.2,79.2,45.0,34.2,8/13/2026,,,,,,,,
1497,8/12/2026,,82.0,Sparkling Providers of Valleyfield,92.0,Glossy Instant Soups,breakroom supplies,segA,1.0,24.0,49.92,49.92,24.0,25.92,8/13/2026,,,,,,,,
1498,8/26/2026,216.0,83.0,Pristine Cleaners of Cedarhaven,6.0,Pristine Bathroom Tissue,paper & tissue,segA,2.0,19.0,24.7,3235.7,2489.0,746.7,8/27/2026,,,,,,,,
1499,8/26/2026,216.0,83.0,Pristine Cleaners of Cedarhaven,7.0,Gleaming Bathroom Tissue,paper & tissue,segA,61.0,16.0,23.52,1434.72,976.0,458.72,8/27/2026,,,,,,,,
1500,8/26/2026,216.0,83.0,Pristine Cleaners of Cedarhaven,8.0,Bright Party Nakpins,paper & tissue,segA,68.0,50.0,72.0,4896.0,3400.0,1496.0,8/27/2026,,,,,,,,
1501,8/26/2026,216.0,83.0,Pristine Cleaners of Cedarhaven,10.0,Pristine 2-Ply Toilet Paper,paper & tissue,segA,108.0,26.0,35.88,3875.04,2808.0,1067.04,8/27/2026,,,,,,,,
1502,8/26/2026,216.0,83.0,Pristine Cleaners of Cedarhaven,17.0,Glossy Lunch Napkins,paper & tissue,  segA ,75.0,31.0,44.64,102.06,2325.0,1023.0,8/27/2026,,,,,,,,
1503,8/26/2026,216.0,83.0,Pristine Cleaners of Cedarhaven,18.0,Pristine Lunch Napkins,paper & tissue,segA,39.0,20.0,28.8,1123.2,780.0,343.2,8/27/2026,,,,,,,,
1504,8/26/2026,216.0,83.0,Pristine Cleaners of Cedarhaven,19.0,Fresh Party Napkins,paper & tissue,segA,94.0,45.0,64.35,6048.9,4230.0,1818.9,8/27/2026,,,,,,,,
1505,8/26/2026,216.0,83.0,Pristine Cleaners of Cedarhaven,22.0,Sparkling Pocket Tissues,paper & tissue,segA,104.0,41.0,57.81,6012.24,4264.0,1748.24,8/27/2026,,,,,,,,
1506,8/26/2026,216.0,83.0,Pristine Cleaners of Cedarhaven,23.0,Dazzling Roll Paper Towels,paper & tissue,segA,250.0,40.0,44.4,11100.0,10000.0,1100.0,,,,,,,,,
1507,8/26/2026,216.0,83.0,Pristine Cleaners of Cedarhaven,87.0,Glossy Tea Selection,breakroom supplies,segD,1.0,11.0,21.78,21.78,11.0,10.78,8/27/2026,,,,,,,,
1508,8/25/2026,247.0,83.0,Pristine Cleaners of Cedarhaven,5.0,Polished Kitchen Towels,paper & tissue,segA,86.0,35.0,47.6,4093.6,3010.0,37.8,8/26/2026,,,,,,,,
1509,8/25/2026,247.0,83.0,Pristine Cleaners of Cedarhaven,7.0,Gleaming Bathroom Tissue,paper & tissue,segA,68.0,16.0,23.52,1599.36,1088.0,511.36,8/26/2026,,,,,,,,
1510,8/25/2026,247.0,83.0,Pristine Cleaners of Cedarhaven,8.0,Bright Party Napkins,paper & tissue,segA,85.0,50.0,72.0,6120.0,4250.0,1870.0,8/26/2026,,,,,,,,
1511,8/25/2026,247.0,83.0,Pristine Cleaners of Cedarhaven,23.0,Dazzling Roll Paper Towels,paper & tissue,segA,374.0,40.0,44.4,16605.6,14960.0,1645.6,8/26/2026,,,,,,,,
1512,8/25/2026,247.0,83.0,Pristine Cleaners of Cedarhaven,42.0,Polished Markers,office products,segC,26.0,28.0,44.8,1164.8,728.0,436.8,8/26/2026,,,,,,,,
1513,8/25/2026,247.0,83.0,Pristine Cleaners of Cedarhaven,48.0,Fresh Desk Organizers,office products,segC,4.0,29.0,48.72,194.88,116.0,78.88,8/26/2026,,,,,,,,
1514,8/25/2026,247.0,83.0,Pristine Cleaners of Cedarhaven,53.0,Glossy Glass Cleaner,cleaning supplies,segC,13.0,36.0,63.36,823.68,468.0,355.68,8/26/2026,,,,,,,,
1515,8/25/2026,247.0,83.0,Pristine Cleaners of Cedarhaven,67.0,Sleek Citrus Cleaner,cleaning supplies,segC,2.0,39.0,69.03,138.06,78.0,60.06,8/26/2026,,,,,,,,
1516,8/31/2026,111.0,84.0,Gleaming Maintainers of Baywood,2.0,Glossy Party Napkins,paper & tissue,segA,4.0,29.0,41.47,165.88,116.0,49.88,9/8/2026,,,,,,,,
1517,8/31/2026,111.0,84.0,Gleaming Maintainers of Baywood,13.0,Pristine Party Napkins,paper & tissue,segA,2.0,45.0,61.65,123.3,90.0,33.3,9/8/2026,,,,,,,,
1518,8/31/2026,111.0,84.0,Gleaming Maintainers of Baywood,22.0,Sparkling Pocket Tissues,,segA,1.0,41.0,54.12,54.12,41.0,13.12,9/8/2026,,,,,,,,
1519,8/31/2026,111.0,84.0,Gleaming Maintainers of Baywood,81.0,Polished Stirrers,breakroom supplies,  segC ,2.0,22.0,43.56,43.56,22.0,21.56,9/8/2026,,,,,,,,
1520,8/24/2026,277.0,84.0,Gleaming Maintainers of Baywood,3.0,Sparkling Party Napkins,,segA,2.0,21.0,29.4,58.8,42.0,16.8,9/8/2026,,,,,,,,
1521,8/24/2026,277.0,84.0,Gleaming Maintainers of Baywood,9.0,Fresh Kitchen Towels,paper & tissue,segA,5.0,33.0,43.23,216.15,165.0,51.15,9/8/2026,,,,,,,,
1522,8/24/2026,277.0,84.0,Gleaming Maintainers of Baywood,13.0,Pristine Party Napkins,paper & tissue,esgA,1.0,45.0,61.65,61.65,45.0,16.65,9/8/2026,,,,,,,,
1523,8/24/2026,277.0,84.0,Gleaming Maintainers of Baywood,20.0,Gleaming Roll Paper Towels,paper & tissue,segA,3.0,28.0,40.04,120.12,84.0,36.12,8/9/2026,,,,,,,,
1524,8/24/2026,277.0,84.0,Gleaming Maintainers of Baywood,22.0,Sparkling Pocket Tissues,paper & tissue,segA,2.0,41.0,54.12,108.24,82.0,26.24,9/8/2026,,,,,,,,
1525,8/24/2026,277.0,84.0,Gleaming Maintainers of Baywood,87.0,Glossy Tea Selection,breakroom supplies,segC,1.0,11.0,20.35,20.35,11.0,9.35,9/8/2026,,,,,,,,
1526,8/20/2026,344.0,84.0,Gleaming Maintainers of Baywood,3.0,Sparkling Party Napkins,paper & tissue,segA,2.0,21.0,29.4,58.8,42.0,16.8,8/21/2026,,,,,,,,
1527,8/20/2026,344.0,84.0,Gleaming Maintainers of Baywood,4.0,Bright Bathroom Tissue,paper & tissue,segA,6.0,26.0,37.96,227.76,156.0,71.76,8/21/2026,,,,,,,,
1528,8/20/2026,344.0,84.0,Gleaming Maintainers of Baywood,12.0,Immaculate Roll Paper Towels,paper & tissue,segA,1.0,44.0,64.24,64.24,44.0,20.24,,,,,,,,,
1529,8/20/2026,344.0,84.0,Gleaming Maintianers of Baywood,13.0,  Pristine Party Napkins ,paper & tissue,,1.0,45.0,61.65,61.65,45.0,16.65,21/08/2026,,,,,,,,
1530,8/20/2026,344.0,84.0,Gleaming Maintainers of Baywood,14.0,  Spotless Pocket Tissues ,paper & tissue,segA,23.0,20.0,24.0,552.0,460.0,92.0,,,,,,,,,
1531,8/20/2026,344.0,84.0,Gleaming Maintainers of Baywood,20.0,Gleaming Roll Paper Towels,paper & tissue,segA,3.0,28.0,40.04,102.06,84.0,36.12,8/21/2026,,,,,,,,
1532,8/20/2026,344.0,84.0,Gleaming Maintainers of Baywood,58.0,Spotless Floor Cleaner,cleaning supplies,segC,1.0,31.0,62.0,62.0,31.0,31.0,8/21/2026,,,,,,,,
1533,8/20/2026,344.0,84.0,Gleaming Maintainers of Baywood,78.0,Glossy Creamers,breakroom supplies,segC,1.0,27.0,52.38,52.38,27.0,25.38,8/21/2026,,,,,,,,
1534,31/08/2026,,84.0,Gleaming Maintainers of Baywood,3.0,Sparkling Party Napkins,paper & tissue,segA,3.0,21.0,29.4,88.2,63.0,37.8,9/8/2026,,,,,,,,
1535,8/31/2026,,84.0,Gleaming Maintainers of Baywood,20.0,Gleaming Roll Paper Towels,paper & tissue,segA,2.0,28.0,40.04,240.24,168.0,72.24,9/8/2026,,,,,,,,
1536,9/4/2026,7.0,86.0,Bright Janitors of Graniteburg,9.0,Fresh Kitchen Towels,paper & tissue,segB,1.0,33.0,50.49,50.49,33.0,17.49,9/7/2026,,,,,,,,
1537,9/4/2026,7.0,86.0,Bright Janitors of Graniteburg,21.0,Glossy Facial Tissues,paper & tissue,segB,1.0,47.0,72.85,72.85,47.0,25.85,9/7/2026,,,,,,,,
1538,9/4/2026,7.0,86.0,Bright Janitors of Grantieburg,51.0,Bright Glass Cleaner,cleaning supplies,segD,2.0,26.0,52.52,52.52,26.0,26.52,9/7/2026,,,,,,,,
1539,8/28/2026,144.0,86.0,Bright Janitors of Graniteburg,2.0,Glossy Party Napkins,paper & tissue,segB,1.0,29.0,44.95,44.95,29.0,15.95,8/31/2026,,,,,,,,
1540,8/28/2026,144.0,86.0,Bright Janitors of Graniteburg,20.0,Gleaming Roll Paper Towels,paper & tissue,segB,1.0,28.0,42.84,42.84,28.0,14.84,,,,,,,,,
1541,8/28/2026,144.0,86.0,Bright Janitors of Graniteburg,55.0,Spotless Floor Cleaner,cleaning supplies,segD,1.0,29.0,53.65,53.65,29.0,24.65,8/31/2026,,,,,,,,
1542,8/28/2026,144.0,86.0,Bright Janitors of Graniteburg,76.0,Immaculate Granola Bars,breakroom supplies,seBg,1.0,10.0,21.1,21.1,10.0,11.1,8/31/2026,,,,,,,,
1543,8/28/2026,144.0,86.0,Bright Janitors of Graniteburg,85.0,Sparkling Microwave Popcorn,breakroom supplies,segB,1.0,12.0,23.4,23.4,12.0,11.4,8/31/2026,,,,,,,,
1544,8/28/2026,144.0,86.0,Bright Janitors of Graniteburg,118.0,Sparkling Cardstock,copy paper,segD,2.0,37.0,61.79,61.79,37.0,24.79,8/31/2026,,,,,,,,
1545,8/25/2026,248.0,86.0,Bright Janitors of Graniteburg,5.0,Polished Kitchen Towels,paper & tissue,segB,1.0,35.0,54.95,54.95,35.0,19.95,8/26/2026,,,,,,,,
1546,8/25/2026,248.0,86.0,Bright Janitors of Graniteburg,21.0,Glossy Facial Tissues,paper & tissue,,1.0,47.0,72.85,102.06,47.0,25.85,8/26/2026,,,,,,,,
1547,8/25/2026,248.0,86.0,Bright Janitors of Graniteburg,78.0,Glossy Creamers,breakroom supplies,segB,2.0,27.0,54.81,54.81,27.0,27.81,8/26/2026,,,,,,,,
1548,8/25/2026,248.0,86.0,Bright Janitors of Graniteburg,89.0,Sparkling Disposable Cups,breakroom supplies,segB,1.0,21.0,45.78,45.78,21.0,24.78,8/26/2026,,,,,,,,
1549,8/14/2026,441.0,86.0,Bright Janitors of Graniteburg,8.0,Bright Party Napkins,,segB,1.0,50.0,75.0,75.0,50.0,25.0,8/17/2026,,,,,,,,
1550,8/14/2026,441.0,86.0,Bright Janitors of Graniteburg,13.0,Pristine Party Napkins,paper & tissue,segB,2.0,45.0,70.65,141.3,90.0,51.3,8/17/2026,,,,,,,,
1551,14/08/2026,441.0,86.0,Bright Janitors of Graniteburg,23.0,Dazzling Roll Paper Towels,paper & tissue,segB,2.0,40.0,58.4,116.8,80.0,36.8,8/17/2026,,,,,,,,
1552,8/14/2026,441.0,86.0,Bright Janitors of Graniteburg,27.0,Sparkling Sticky Notes,office products,segD,1.0,43.0,66.65,66.65,43.0,23.65,8/17/2026,,,,,,,,
1553,8/14/2026,441.0,86.0,Bright Janitors of rGaniteburg,74.0,Pristine Energy Drinks,breakroom supplies,segB,22.0,15.0,24.0,528.0,330.0,198.0,8/17/2026,,,,,,,,
1554,9/1/2026,85.0,87.0,Sleek Cleaners of Harborcrest,27.0,Sparkling Sticky Notes,office products,segA,14.0,43.0,66.65,933.1,602.0,331.1,9/16/2026,,,,,,,,
1555,9/1/2026,85.0,87.0,Sleek Cleaners of Harborcrest,28.0,Immaculate Binder Clips,office products,segA,9.0,29.0,44.95,404.55,261.0,143.55,9/16/2026,,,,,,,,
1556,9/1/2026,85.0,87.0,Sleek Cleaners of Harborcrest,31.0,Polished Highlighters,office products,segA,7.0,17.0,26.18,183.26,119.0,64.26,9/16/2026,,,,,,,,
1557,9/1/2026,85.0,87.0,Sleek Cleaners of Harborcrest,34.0,Radiant Staplers,office products,segA,10.0,24.0,34.56,345.6,240.0,105.6,9/16/2026,,,,,,,,
1558,9/1/2026,85.0,87.0,Sleek Cleaners of Harborcrest,41.0,Dazzling File Folders,office products,segA,24.0,46.0,72.22,1733.28,1104.0,629.28,9/16/2026,,,,,,,,
1559,9/1/2026,85.0,87.0,Sleek Cleaners of Harborcrest,42.0,Polished Markers,office products,segA,11.0,28.0,42.84,471.24,308.0,163.24,9/16/2026,,,,,,,,
1560,9/1/2026,85.0,87.0,Sleek Cleaners of Harborcrest,44.0,Gleaming Recycle dPaper,,segA,2.0,34.0,46.24,277.44,204.0,73.44,9/16/2026,,,,,,,,
1561,9/1/2026,85.0,87.0,Sleek Cleaners of Harborcrest,47.0,Immaculate Staplers,office products,segA,8.0,24.0,34.08,272.64,192.0,80.64,9/16/2026,,,,,,,,
1562,9/1/2026,85.0,87.0,  Sleek Cleaners of Harborcrest ,55.0,Spotless Floor Cleaner,cleaning supplies,segA,9.0,29.0,54.52,490.68,261.0,229.68,9/16/2026,,,,,,,,
1563,8/27/2026,182.0,87.0,Sleek Cleaners of Harborcrest,6.0,Pristine Bathroom Tissue,paper & tissue,segC,2.0,19.0,29.26,58.52,38.0,20.52,8/28/2026,,,,,,,,
1564,8/27/2026,182.0,87.0,Sleek Cleaners of Harborcrest,25.0,Dazzling Binder Clips,office products,segA,8.0,45.0,60.75,486.0,360.0,126.0,8/28/2026,,,,,,,,
1565,8/27/2026,182.0,87.0,Sleek Cleaners of Harborcrest,27.0,Sparkling Sticky Notes,office products,segA,19.0,32.344897959183676,66.65,1266.35,817.0,449.35,8/28/2026,,,,,,,,
1566,8/27/2026,182.0,87.0,  Sleek Cleaners of Harborcrest ,29.0,Dazzling Paper Clips,office products,segA,13.0,37.0,51.29707511896669,649.35,481.0,168.35,8/28/2026,,,,,,,,
1567,8/27/2026,182.0,87.0,Sleek Cleaners of Harborcrest,31.0,Polished Highlighters,office products,segA,9.0,17.0,26.18,235.62,153.0,82.62,8/28/2026,,,,,,,,
1568,8/27/2026,182.0,87.0,Sleek Cleaners of Harborcrest,44.0,Gleaming Recycled Paper,,segA,3.0,34.0,46.24,138.72,102.0,36.72,8/28/2026,,,,,,,,
1569,8/27/2026,182.0,87.0,Sleek Cleaners of Harborcrest,47.0,Immaculate Staplers,office products,segA,12.0,24.0,34.08,408.96,288.0,120.96,8/28/2026,,,,,,,,
1570,8/27/2026,182.0,87.0,Sleek Cleaners of Harborcrest,52.0,Spotless Air Freshener,cleaning supplies,segA,1.0,49.0,92.61,92.61,49.0,37.8,8/28/2026,,,,,,,,
1571,8/27/2026,182.0,87.0,Sleek Cleaners of Harborcrest,55.0,Spotless Floor Cleaner,cleaning supplies,segA,8.0,29.0,54.52,436.16,232.0,204.16,28/08/2026,,,,,,,,
1572,8/27/2026,182.0,87.0,Sleek Cleaners of Harborcrest,60.0,Polished Degreaser,cleaning supplies,segA,8.0,26.0,43.94,351.52,208.0,143.52,28/08/2026,,,,,,,,
1573,8/27/2026,182.0,87.0,Sleek Cleaners of Harborcrest,66.0,Radiant Glass Cleaner,cleaning supplies,segA,3.0,21.0,38.43,115.29,63.0,52.29,8/28/2026,,,,,,,,
1574,8/27/2026,182.0,87.0,Sleek Cleaners of Harborcrest,101.0,Radiant Colored Paper,copy paper,segC,2.0,60.0,88.8,177.6,120.0,57.6,8/28/2026,,,,,,,,
1575,8/27/2026,182.0,87.0,Sleek Cleaners of Harborcrest,104.0,Gleaming Glossy Photo Paper,copy paper,segC,4.0,52.0,86.32,345.28,208.0,137.28,8/28/2026,,,,,,,,
1576,8/27/2026,182.0,87.0,Sleek Cleaners of Harborcrest,108.0,Dazzling Cardstock,copy paper,segC,1.0,21.0,30.45,30.45,21.0,9.45,8/28/2026,,,,,,,,
1577,8/25/2026,249.0,87.0,Sleek Cleaners of Harborcrest,6.0,Pristine Bathroom Tissue,paper & tissue,segC,2.0,19.0,29.26,29.26,19.0,10.26,8/26/2026,,,,,,,,
1578,8/25/2026,249.0,87.0,Sleek Cleaners of Harborcrest,26.0,Radiant Sticky Notes,office products,segA,20.0,34.0,50.32,1006.4,680.0,326.4,8/26/2026,,,,,,,,
1579,8/25/2026,249.0,87.0,Sleek Cleaners of Harborcrest,27.0,Sparkling Sticky Notes,office products,segA,12.0,43.0,66.65,799.8,516.0,283.8,8/26/2026,,,,,,,,
1580,8/25/2026,249.0,87.0,Sleek Cleaners of Harborcrest,28.0,Immaculate Binder Clips,office products,segA,15.0,29.0,44.95,674.25,63.0,239.25,8/26/2026,,,,,,,,
1581,8/25/2026,249.0,87.0,Sleek Cleaners of Harborcrest,29.0,Dazzling Paper Clips,office products,segA,21.0,37.0,49.95,1048.95,777.0,271.95,8/26/2026,,,,,,,,
1582,8/25/2026,249.0,87.0,Sleek Cleaners of Harborcrest,31.0,Polished Highlighters,office products,segA,13.0,17.0,26.18,340.34,221.0,119.34,8/26/2026,,,,,,,,
1583,8/25/2026,249.0,87.0,Sleek Cleaners of Harborcrest,46.0,Spotless Desk Organizers,office products,segA,13.0,33.0,46.53,604.89,429.0,175.89,8/26/2026,,,,,,,,
1584,8/25/2026,249.0,87.0,Sleek Cleaners of Harborcrest,47.0,Immaculate Staplers,office products,segA,8.0,24.0,34.08,272.64,192.0,80.64,8/26/2026,,,,,,,,
1585,8/25/2026,249.0,87.0,Sleek Cleaners of Harborcrest,62.0,Glossy Air Freshener,cleaning supplies,segA,10.0,20.0,32.6,326.0,200.0,126.0,8/26/2026,,,,,,,,
1586,8/25/2026,249.0,87.0,Sleek Cleaners of Harborcrest,99.0,Glossy Letter Size Paper,copy paper,segC,1.0,57.0,82.08,82.08,57.0,25.08,8/26/2026,,,,,,,,
1587,8/25/2026,249.0,87.0,Sleek Cleaners of Harborcrest,107.0,Radiant Glossy Photo Paper,copy paper,segC,7.0,58.0,98.6,690.2,406.0,284.2,8/26/2026,,,,,,,,
1588,8/25/2026,249.0,87.0,Sleek Cleaners of Harborcrest,113.0,Polished Recycled Paper,copy paper,segC,7.0,36.0,51.48,360.36,252.0,108.36,8/26/2026,,,,,,,,
1590,8/7/2026,583.0,87.0,Sleek Cleaners of Harborcrest,18.0,Pristine Lunch Napkins,paper & tissue,segC,2.0,20.0,29.4,58.8,40.0,18.8,8/10/2026,,,,,,,,
1591,8/7/2026,583.0,87.0,Sleek Cleaners of Harborcrest,25.0,Dazzling Binder Clips,office products,segA,4.0,45.0,60.75,243.0,180.0,63.0,8/10/2026,,,,,,,,
1592,8/7/2026,583.0,87.0,Sleek Cleaners of Harborcrest,26.0,Radiant Sticky Notes,office products,segA,21.0,32.344897959183676,51.29707511896669,1056.72,714.0,342.72,8/10/2026,,,,,,,,
1593,8/7/2026,583.0,87.0,Sleek Cleaners of Harborcrset,28.0,Immaculate Binder Clips,office products,  segA ,10.0,32.344897959183676,44.95,449.5,290.0,159.5,8/10/2026,,,,,,,,
1594,8/7/2026,583.0,87.0,Sleek Cleaners of Harborcrest,30.0,mImaculate Markers,office products,segA,4.0,28.0,43.96,175.84,112.0,63.84,8/10/2026,,,,,,,,
1595,8/7/2026,583.0,87.0,Sleek Cleaners of Harborcrest,46.0,Spotless Desk Organizers,office products,segA,17.0,33.0,46.53,102.06,561.0,230.01,8/10/2026,,,,,,,,
1596,8/7/2026,583.0,87.0,Sleek Cleaners of Harborcrest,47.0,Immaculate Staplers,,segA,10.0,24.0,34.08,340.8,63.0,100.8,8/10/2026,,,,,,,,
1597,8/7/2026,583.0,87.0,Sleek Cleaners of Harborcrest,60.0,Polished Degreaser,cleaning supplies,  segA ,9.0,26.0,43.94,395.46,234.0,161.46,8/10/2026,,,,,,,,
1598,8/7/2026,583.0,87.0,Sleek Cleaners of Harborcrest,66.0,Radiant Glass Cleaner,cleaning supplies,segA,2.0,21.0,38.43,38.43,21.0,17.43,8/10/2026,,,,,,,,
1599,7/8/2026,583.0,87.0,Sleek Cleaners of Harborcrest,107.0,Radiant Glossy Photo Paper,copy paper,segC,7.0,58.0,98.6,690.2,406.0,284.2,8/10/2026,,,,,,,,
1600,8/7/2026,583.0,87.0,Sleek Cleaners of Harborcrest,108.0,Dazzling Cardstock,copy paper,segC,2.0,21.0,30.45,60.9,42.0,18.9,8/10/2026,,,,,,,,
1601,8/7/2026,583.0,87.0,Sleek Cleaners of Harborcrest,120.0,Sparkling Letter Size Paper,,segC,2.0,45.0,63.9,127.8,90.0,37.8,8/10/2026,,,,,,,,
1602,8/27/2026,,87.0,Sleek Cleaners of Harborcrest,26.0,Radiant Sticky Notes,office products,segA,16.0,34.0,50.32,805.12,544.0,261.12,8/28/2026,,,,,,,,
1603,9/4/2026,8.0,88.0,Fresh Providers of Mountcrest,1.0,Sleek Party Napkins,paper & tissue,segA,13.0,29.0,43.21,561.73,377.0,184.73,9/21/2026,,,,,,,,
1604,9/4/2026,8.0,88.0,Fresh Providers of Mountcrest,3.0,Sparkling Party Napkins,paper & tissue,segA,17.0,21.0,30.87,524.79,357.0,167.79,9/21/2026,,,,,,,,
1605,9/4/2026,8.0,88.0,Fresh Providers of Mountcrest,6.0,Pristine Bathroom Tissue,paper & tissue,segA,15.0,19.0,28.12,421.8,285.0,136.8,9/21/2026,,,,,,,,
1606,9/4/2026,8.0,88.0,Fresh Providers of Mountcrest,7.0,Gleaming Bathroom Tissue,paper & tissue,segA,16.0,16.0,23.68,378.88,256.0,122.88,9/21/2026,,,,,,,,
1607,4/9/2026,8.0,88.0,Fresh Providers of Mountcrest,8.0,Bright Party Napkins,paper & tissue,segA,18.0,50.0,72.0,1296.0,900.0,396.0,9/21/2026,,,,,,,,
1608,9/4/2026,8.0,88.0,Fresh Providers of Mountcrest,22.0,Sparkling Pocket Tissues,paper & tissue,segA,23.0,41.0,53.3,1225.9,943.0,282.9,9/21/2026,,,,,,,,
1609,9/4/2026,8.0,88.0,Fresh Providers of Mountcrest,32.0,Bright Desk Organizers,office products,segC,5.0,44.0,74.36,371.8,220.0,151.8,9/21/2026,,,,,,,,
1610,9/4/2026,8.0,88.0,Fresh Providers ofM ountcrest,74.0,Pristine Energy Drinks,breakroom supplies,segA,6.0,15.0,27.15,162.9,90.0,72.9,9/21/2026,,,,,,,,
1611,9/4/2026,8.0,88.0,Fresh Providers of Mountcrest,90.0,Dazzling Instant Soups,breakroom supplies,segA,8.0,24.0,48.96,391.68,192.0,199.68,9/21/2026,,,,,,,,
1612,9/4/2026,8.0,88.0,Fresh Providers of Mountcrest,95.0,Bright Disposable Cups,breakroom supplies,segA,7.0,13.0,24.83,173.81,91.0,82.81,9/21/2026,,,,,,,,
1613,9/4/2026,8.0,88.0,Fresh Providers of Mountcrest,96.0,Dazzling Disposable Cups,breakroom supplies,segA,6.0,19.0,37.24,223.44,114.0,109.44,9/21/2026,,,,,,,,
1614,9/4/2026,8.0,88.0,Fresh Providers of Mountcrest,112.0,Sparkling Letter Size Paper,copy paper,,1.0,46.0,75.44,75.44,46.0,29.44,9/21/2026,,,,,,,,
1615,8/12/2026,512.0,88.0,Fresh Providers of Mountcrest,1.0,Sleek Party Napkins,paper & tissue,segA,11.0,29.0,43.21,475.31,319.0,156.31,8/13/2026,,,,,,,,
1616,8/12/2026,512.0,88.0,Fresh Providers of Mountcrest,3.0,Sparkling Party Napkins,paper & tissue,seAg,21.0,21.0,30.87,648.27,441.0,207.27,8/13/2026,,,,,,,,
1617,8/12/2026,512.0,88.0,Fresh Providers of Mountcrest,6.0,Pristine Bathroom Tissue,paper & tissue,  segA ,15.0,19.0,28.12,421.8,285.0,136.8,8/13/2026,,,,,,,,
1618,8/12/2026,512.0,88.0,Fresh Providers of Mountcrest,14.0,Spotless Pocket Tissues,paper & tissue,segA,19.0,20.0,26.6,505.4,380.0,125.4,8/13/2026,,,,,,,,
1619,8/12/2026,512.0,88.0,Fresh Providers of Mountcrest,16.0,Dazzling Bathroom Tissue,,segA,9.0,42.0,62.16,559.44,378.0,181.44,8/13/2026,,,,,,,,
1620,12/8/2026,512.0,88.0,Fresh Providers of Mountcrest,52.0,Spotless Air Freshener,  cleaning supplies ,segD,2.0,49.0,91.14,182.28,98.0,84.28,8/13/2026,,,,,,,,
1621,12/8/2026,512.0,88.0,Fresh Providers of Mountcrest,85.0,Sparkling Microwave Popcorn,breakroom supplies,segA,2.0,12.0,22.2,44.4,24.0,20.4,8/13/2026,,,,,,,,
1622,8/12/2026,512.0,88.0,Fresh Providers of Mountcrest,94.0,Pristine Instant Soups,breakroom supplies,segA,9.0,7.0,14.49,130.41,63.0,67.41,13/08/2026,,,,,,,,
1623,8/12/2026,512.0,88.0,Fresh Providers of Mountcrest,96.0,Dazzling Disposable Cups,breakroom supplies,segA,3.0,19.0,37.24,111.72,57.0,54.72,8/13/2026,,,,,,,,
1624,8/25/2026,250.0,89.0,Fresh Custodians of Graniteton,24.0,Sparkling Pocket Tissues,paper & tissue,segD,4.0,18.0,28.62,114.48,72.0,42.48,,,,,,,,,
1625,8/25/2026,250.0,89.0,Fresh Custodians of Graniteton,30.0,Immaculate Markers,officep roducts,segA,62.0,28.0,43.12,102.06,1736.0,937.44,8/26/2026,,,,,,,,
1626,8/25/2026,250.0,89.0,Fresh Custodians of Graniteton,39.0,Immaculate Sticky Notes,office products,segA,577.0,34.0,43.86,25307.22,19618.0,5689.22,8/26/2026,,,,,,,,
1627,8/25/2026,250.0,89.0,Fresh Custodians of Graniteton,40.0,Immaculate Markers,office products,segA,28.0,34.0,46.24,1294.72,952.0,342.72,8/26/2026,,,,,,,,
1628,8/25/2026,250.0,89.0,  Fresh Custodians of Graniteton ,43.0,Fresh File Folders,office products,segA,96.0,50.0,78.0,7488.0,4800.0,2688.0,8/26/2026,,,,,,,,
1629,8/25/2026,250.0,89.0,Fresh Custodians of Graniteton,71.0,Spotless Glass Cleaner,cleaning supplies,segD,6.0,31.0,60.76,364.56,186.0,178.56,8/26/2026,,,,,,,,
1630,8/7/2026,584.0,89.0,Fresh Custodians of Graniteton,26.0,Radiant Sticky Notes,office products,segA,58.0,34.0,53.72,3115.76,1972.0,1143.76,8/10/2026,,,,,,,,
1631,8/7/2026,584.0,89.0,Fresh Custodians of Graniteton,28.0,Immaculate Binder Clips,office products,segA,75.0,29.0,37.99,2849.25,2175.0,674.25,8/10/2026,,,,,,,,
1632,8/7/2026,584.0,89.0,Fresh Custodians of Graniteton,31.0,Polished Highlighters,office products,  segA ,52.0,17.0,24.82,1290.64,884.0,406.64,8/10/2026,,,,,,,,
1633,8/7/2026,584.0,89.0,Fresh Custodians of Graniteton,34.0,Radiant Staplers,,segA,22.0,24.0,33.84,744.48,528.0,216.48,8/10/2026,,,,,,,,
1634,8/7/2026,584.0,89.0,Fresh Custodians of Graniteton,39.0,Immaculate Sticky Notes,office products,segA,720.0,34.0,43.86,31579.2,63.0,7099.2,8/10/2026,,,,,,,,
1635,8/7/2026,584.0,89.0,Fresh Custodians of Graniteton,43.0,Fresh File Folders,office products,segA,84.0,50.0,78.0,6552.0,4200.0,2352.0,8/10/2026,,,,,,,,
1636,8/7/2026,584.0,89.0,Fresh Custodians of Graniteton,47.0,Immaculate Staplers,,segA,57.0,24.0,32.88,1874.16,1368.0,506.16,8/10/2026,,,,,,,,
1637,8/25/2026,251.0,90.0,Bright Suppliers of Rivercrest,14.0,Spotless Pocket Tissues,paper & tissue,segC,2.0,20.0,51.29707511896669,30.8,20.0,10.8,8/26/2026,,,,,,,,
1638,8/25/2026,251.0,90.0,Bright Suppliers of Rivercrest,22.0,Sparkling Pocket Tissues,paper & tissue,segC,1.0,41.0,62.32,62.32,41.0,21.32,8/26/2026,,,,,,,,
1639,8/25/2026,251.0,90.0,Bright Suppliers of Rivercrest,30.0,Immaculate Markers,office products,segD,1.0,28.0,46.76,46.76,28.0,18.76,8/26/2026,,,,,,,,
1640,8/25/2026,251.0,90.0,Bright Suppliers of Rivercrest,89.0,Sparkling Disposable Cups,breakroom supplies,segC,1.0,21.0,45.15,45.15,21.0,24.15,8/26/2026,,,,,,,,
1641,8/25/2026,251.0,90.0,Bright Suppliers of Rivercrest,90.0,Dazzling Instant Soups,breakroom supplies,segC,1.0,24.0,52.56,52.56,24.0,28.56,8/26/2026,,,,,,,,
1642,8/25/2026,251.0,90.0,Bright Suppliers of Rivercrest,94.0,Pristine Instant Soups,breakroom supplies,segC,1.0,7.0,12.88,12.88,7.0,5.88,8/26/2026,,,,,,,,
1643,8/20/2026,345.0,90.0,Bright Suppliers of Rivercrest,5.0,Polished Kitchen Towels,paper & tissue,segC,1.0,35.0,50.75,50.75,35.0,15.75,8/21/2026,,,,,,,,
1644,8/20/2026,345.0,90.0,Bright Suppliers of Rivercrest,6.0,Pristine Bathroom Tissue,paper & tissue,segC,1.0,19.0,30.02,30.02,63.0,11.02,8/21/2026,,,,,,,,
1645,8/20/2026,345.0,90.0,Bright Suppliers of Rivercrest,14.0,Spotless Pocket Tissues,paper & tissue,segC,1.0,20.0,30.8,30.8,20.0,10.8,8/21/2026,,,,,,,,
1646,8/20/2026,345.0,90.0,Bright Suppliers of Rivercrest,86.0,Dazzling Instant Soups,breakroom supplies,segC,1.0,16.0,35.04,35.04,16.0,19.04,8/21/2026,,,,,,,,
1647,8/20/2026,345.0,90.0,Bright Suppliers of Rivercrest,89.0,Sparkling Disposable Cups,breakroom supplies,segC,1.0,21.0,45.15,45.15,21.0,24.15,8/21/2026,,,,,,,,
1648,8/20/2026,345.0,90.0,Bright Suppliers of Rivercrest,102.0,Sleek Resume Paper,copy paper,segC,1.0,26.0,36.66,36.66,26.0,10.66,21/08/2026,,,,,,,,
1649,8/26/2026,217.0,92.0,Sleek Maintainers of Graniteville,19.0,Fresh Party Napkins,paper & tissue,segB,40.0,45.0,58.5,2340.0,1800.0,540.0,9/3/2026,,,,,,,,
1650,8/26/2026,217.0,92.0,Sleek Maintainers of Graniteville,79.0,Immaculate Microwave Popcorn,breakroom supplies,segA,1.0,25.0,43.75,43.75,25.0,37.8,9/3/2026,,,,,,,,
1651,26/08/2026,217.0,92.0,Sleek Maintainers of Graniteville,81.0,Polished Stirrers,breakroom supplies,segA,2.0,22.0,51.29707511896669,44.88,22.0,22.88,9/3/2026,,,,,,,,
1652,8/26/2026,217.0,92.0,Sleek Maintainers of Graniteville,87.0,Glossy Tea Selection,breakroom supplies,segA,1.0,11.0,21.34,21.34,63.0,10.34,9/3/2026,,,,,,,,
1653,8/26/2026,217.0,92.0,Sleek Maintainers of Graniteville,116.0,Immaculate Legal Size Paper,copy paper,segB,2.0,59.0,93.22,186.44,118.0,68.44,9/3/2026,,,,,,,,
1654,8/25/2026,252.0,92.0,Sleek Maintainers of Graniteville,81.0,Polished Stirrers,breakroom supplies,segA,1.0,22.0,44.88,44.88,22.0,22.88,8/26/2026,,,,,,,,
1655,8/25/2026,252.0,92.0,Sleek Maintainers of Graniteville,85.0,Sparkling Microwave Popcorn,breakroom supplies,segA,2.0,12.0,22.32,44.64,24.0,20.64,8/26/2026,,,,,,,,
1656,8/25/2026,252.0,92.0,Sleek Maintainers ofG raniteville,87.0,Glossy Tea Selection,breakroom supplies,segA,1.0,11.0,21.34,21.34,11.0,10.34,8/26/2026,,,,,,,,
1657,8/25/2026,252.0,92.0,Sleek Maintainers of Graniteville,88.0,Gleaming Coffee Beans,breakroom supplies,segA,56.0,18.0,27.0,1512.0,1008.0,504.0,8/26/2026,,,,,,,,
1658,8/25/2026,252.0,92.0,Sleek Maintainers of Graniteville,96.0,Dazzling Disposable Cups,breakroom supplies,segA,1.0,19.0,34.2,34.2,19.0,15.2,8/26/2026,,,,,,,,
1659,8/25/2026,252.0,92.0,Sleek Maintainers of Graniteville,99.0,Glossy Letter Size Paper,copy paper,segB,39.0,57.0,79.8,3112.2,63.0,889.2,26/08/2026,,,,,,,,
1660,8/20/2026,346.0,92.0,Sleek Maintainers of Graniteville,5.0,Polished Kitchen Towels,paper & tissue,segB,1.0,35.0,55.3,55.3,35.0,20.3,21/08/2026,,,,,,,,
1661,8/20/2026,346.0,92.0,Sleek Maintainers of Graniteville,8.0,Bright Party Napkins,paper & tissue,segB,1.0,50.0,74.0,74.0,50.0,24.0,8/21/2026,,,,,,,,
1662,8/20/2026,346.0,92.0,Sleek Maintainers of Graniteville,19.0,Fresh Party Napkins,paper & tissue,segB,54.0,45.0,58.5,3159.0,2430.0,729.0,8/21/2026,,,,,,,,
1663,8/20/2026,346.0,92.0,Sleek Maintainers of Graniteville,20.0,Gleaming Roll Paper Towels,,segB,2.0,28.0,43.68,87.36,56.0,31.36,8/21/2026,,,,,,,,
1664,8/20/2026,346.0,92.0,Sleek Maintainers of Graniteville,22.0,Sparkling Pocket Tissues,,segB,1.0,41.0,63.14,63.14,41.0,22.14,8/21/2026,,,,,,,,
1665,8/20/2026,346.0,92.0,Sleek Maintainers of Graniteville,79.0,Immaculate Microwave Popcorn,breakroom supplies,segA,1.0,25.0,43.75,43.75,25.0,18.75,8/21/2026,,,,,,,,
1666,8/20/2026,346.0,92.0,Sleek Maintainers of Graniteville,81.0,Polished Stirrers,breakroom supplies,segA,1.0,22.0,44.88,44.88,22.0,22.88,8/21/2026,,,,,,,,
1667,8/20/2026,346.0,92.0,Sleek Maintainers of Graniteville,82.0,Pristine Granola Bars,breakroom supplies,segA,1.0,26.0,46.8,46.8,26.0,20.8,8/21/2026,,,,,,,,
1668,8/20/2026,346.0,92.0,Sleek Maintainers of Graniteville,85.0,Sparkling Microwave Popcorn,breakroom supplies,segA,2.0,12.0,22.32,44.64,24.0,20.64,8/21/2026,,,,,,,,
1669,8/20/2026,346.0,92.0,Sleek Maintainers of Graniteville,87.0,Glossy Tea Selection,breakroom supplies,segA,2.0,11.0,21.34,21.34,11.0,10.34,,,,,,,,,
1670,8/20/2026,346.0,92.0,Sleek Maintainers of Graniteville,95.0,Bright Disposable Cups,breakroom supplies,segA,1.0,13.0,25.74,25.74,13.0,12.74,8/21/2026,,,,,,,,
1671,8/20/2026,346.0,92.0,Sleek Maintainers of Graniteville,99.0,Glossy Letter Size Paper,copy paper,,50.0,57.0,79.8,3990.0,2850.0,1140.0,8/21/2026,,,,,,,,
1672,8/20/2026,346.0,92.0,Sleek Maintainers of Graniteville,116.0,Immaculate Legal Size Paper,copy paper,segB,2.0,59.0,51.29707511896669,186.44,118.0,68.44,8/21/2026,,,,,,,,
1674,9/3/2026,36.0,93.0,Immaculate Suppliers of Bayhaven,2.0,Glossy Party Napkins,paper & tissue,segA,1.0,29.0,38.57,38.57,29.0,9.57,9/18/2026,,,,,,,,
1675,9/3/2026,36.0,93.0,Immaculate Suppliers of Bayhaven,9.0,Fresh Kitchen Towels,paper & tissue,segA,5.0,33.0,46.86,234.3,165.0,69.3,9/18/2026,,,,,,,,
1676,9/3/2026,36.0,93.0,Immaculate Suppliers of Bayhaven,13.0,Pristine Party Napkins,paper & tissue,segA,3.0,45.0,58.95,176.85,135.0,41.85,9/18/2026,,,,,,,,
1677,3/9/2026,36.0,93.0,  Immaculate Suppliers of Bayhaven ,15.0,Sparkling 2-Ply Toilet Paper,paper & tissue,segA,6.0,43.0,62.35,374.1,258.0,116.1,9/18/2026,,,,,,,,
1678,9/3/2026,36.0,93.0,Immaculate Suppliers of Bayhaven,24.0,Sparkling Pocket Tissues,paper & tissue,segA,3.0,18.0,27.0,81.0,54.0,27.0,9/18/2026,,,,,,,,
1679,9/3/2026,36.0,93.0,Immaculate Suppliers of Bayhaven,40.0,Immaculate Markers,office products,segC,1.0,34.0,51.68,51.68,34.0,17.68,9/18/2026,,,,,,,,
1680,9/3/2026,36.0,93.0,Immaculate Suppliers of Bayhaven,73.0,Spotless Creamers,breakroom supplies,segA,1.0,18.0,33.3,102.06,18.0,15.3,9/18/2026,,,,,,,,
1681,9/3/2026,36.0,93.0,Immaculate Suppliers of Bayhaven,81.0,Polished Stirrers,breakroom supplies,segA,1.0,22.0,37.84,37.84,22.0,15.84,9/18/2026,,,,,,,,
1682,9/3/2026,36.0,93.0,Immaculate Suppliers of Bayhaven,84.0,Sparkling Creamers,breakroom supplies,segA,1.0,18.0,35.1,35.1,18.0,17.1,9/18/2026,,,,,,,,
1683,9/3/2026,36.0,93.0,Immaculate Suppliers of Bayhaven,87.0,Glossy Tea Selection,breakroom supplies,seAg,1.0,11.0,18.92,18.92,63.0,7.92,9/18/2026,,,,,,,,
1684,9/3/2026,36.0,93.0,Immaculate Suppliers of Bayhaven,89.0,Sparkling Disposable Cups,breakroom supplies,segA,1.0,21.0,38.01,38.01,21.0,17.01,9/18/2026,,,,,,,,
1685,9/3/2026,36.0,93.0,Immaculate Suppliers of Bayhaven,96.0,Dazzling Disposable Cups,breakroom supplies,segA,1.0,19.0,38.38,38.38,19.0,19.38,9/18/2026,,,,,,,,
1686,8/14/2026,442.0,93.0,Immaculate Suppliers of Bayhaven,4.0,Bright Bathroom Tissue,paper & tissue,segA,6.0,26.0,38.74,232.44,156.0,76.44,8/17/2026,,,,,,,,
1687,8/14/2026,442.0,93.0,Immaculate Suppliers of Bayhaven,9.0,Fresh Kitchen Towels,paper & tissue,,3.0,33.0,46.86,140.58,63.0,41.58,8/17/2026,,,,,,,,
1688,8/14/2026,442.0,93.0,  Immaculate Suppliers of Bayhaven ,15.0,Sparkling 2-Ply Toilet Paper,paper & tissue,segA,4.0,43.0,62.35,102.06,172.0,77.4,8/17/2026,,,,,,,,
1689,8/14/2026,442.0,93.0,Immaculate Suppliers of Bayhaven,26.0,Radiant Sticky Notes,office products,segC,1.0,34.0,57.8,57.8,34.0,23.8,8/17/2026,,,,,,,,
1690,8/14/2026,442.0,93.0,Immaculate Suppliers of Bayhaven,44.0,Gleaming Recycled Paper,office products,segC,1.0,34.0,54.4,54.4,34.0,20.4,8/17/2026,,,,,,,,
1691,8/14/2026,442.0,93.0,Immaculate Suppliers of Bayhaven,59.0,Spotless All-Purpose Cleaner,cleaning supplies,segB,1.0,47.0,84.6,84.6,47.0,37.6,8/17/2026,,,,,,,,
1692,8/14/2026,442.0,93.0,Immaculate Suppliers of Bayhaven,77.0,Sleek Disposable Cups,breakroom supplies,segA,1.0,25.0,49.0,49.0,25.0,24.0,8/17/2026,,,,,,,,
1693,8/14/2026,442.0,93.0,Immaculate Suppliers of Bayhaven,81.0,Polished Stirrers,breakroom supplies,segA,1.0,22.0,37.84,102.06,22.0,15.84,8/17/2026,,,,,,,,
1694,8/14/2026,442.0,93.0,Immaculate Suppliers of Bayhaven,82.0,Pristine Granola Bars,breakroom supplies,segA,2.0,26.0,53.3,106.6,63.0,54.6,8/17/2026,,,,,,,,
1695,8/14/2026,442.0,93.0,Immaculate Suppliers of Bayhaven,96.0,Dazzling Disposable Cups,  breakroom supplies ,segA,1.0,19.0,38.38,38.38,19.0,19.38,,,,,,,,,
1696,8/13/2026,475.0,93.0,Immaculate Suppliers of Bayhaven,2.0,Glossy Party Napkins,paper & tissue,esgA,3.0,29.0,38.57,115.71,87.0,28.71,8/14/2026,,,,,,,,
1697,8/13/2026,475.0,93.0,Immaculate Suppliers of Bayhaven,9.0,Fresh Kitchen Towels,paper & tissue,segA,6.0,33.0,46.86,281.16,198.0,83.16,8/14/2026,,,,,,,,
1698,8/13/2026,475.0,93.0,Immaculate Suppliers of Bayhaven,13.0,Pristine Party Napkins,paper & tissue,segA,5.0,45.0,58.95,294.75,225.0,69.75,8/14/2026,,,,,,,,
1699,8/13/2026,475.0,93.0,Immaculate Suppliers of Bayhaven,20.0,Gleaming Roll Paper Towels,paper & tissue,segA,4.0,28.0,38.36,102.06,112.0,41.44,8/14/2026,,,,,,,,
1700,8/13/2026,475.0,93.0,Immaculate Suppliers of Bayhaven,21.0,Glossy Facial Tissues,paper & tissue,segA,6.0,32.344897959183676,51.29707511896669,406.08,282.0,124.08,8/14/2026,,,,,,,,
1701,8/13/2026,475.0,93.0,Immaculate Suppliers of Bayhaven,24.0,Sparkling Pocket Tissues,paper & tissue,segA,2.0,18.0,27.0,102.06,36.0,18.0,8/14/2026,,,,,,,,
1702,8/13/2026,475.0,93.0,Immaculate Suppliers of Bayhaven,26.0,Radiant Sticky Notes,office products,segC,1.0,34.0,57.8,57.8,34.0,23.8,8/14/2026,,,,,,,,
1703,8/13/2026,475.0,93.0,Immaculate Suppliers of Bayhaven,51.0,Bright Glass Cleaner,cleaning supplies,segB,1.0,26.0,49.4,49.4,26.0,23.4,,,,,,,,,
1704,8/13/2026,475.0,93.0,Immaculate Suppliers of Bayhaven,54.0,Dazzling Floor Cleaner,cleaning supplies,segB,2.0,45.0,83.25,83.25,45.0,38.25,8/14/2026,,,,,,,,
1705,8/13/2026,475.0,93.0,Immaculate Suppliers of Bayhaven,63.0,Polished Glass Cleaner,cleaning supplies,segB,1.0,42.0,84.0,84.0,42.0,37.8,8/14/2026,,,,,,,,
1706,8/13/2026,475.0,93.0,Immaculate Suppliers of Bayhaven,73.0,Spotless Creamers,berakroom supplies,segA,1.0,18.0,33.3,33.3,18.0,15.3,8/14/2026,,,,,,,,
1707,8/13/2026,475.0,93.0,Immaculate Suppliers of Bayhaven,77.0,Sleek Disposable Cups,breakroom supplies,segA,1.0,25.0,51.29707511896669,49.0,25.0,24.0,8/14/2026,,,,,,,,
1708,8/13/2026,475.0,93.0,Immaculate Suppliers of Bayhaven,84.0,Sparkling Creamers,breakroom supplies,segA,1.0,18.0,35.1,35.1,18.0,17.1,8/14/2026,,,,,,,,
1709,8/13/2026,475.0,93.0,Immaculate Suppliers of Bayhaven,89.0,Sparkling Disposable Cups,breakroom supplies,segA,1.0,21.0,38.01,38.01,21.0,17.01,8/14/2026,,,,,,,,
1710,8/13/2026,475.0,93.0,Immaculate Suppliers of Bayhaven,94.0,Pristine Instant Soups,breakroom supplies,segA,1.0,7.0,14.21,14.21,7.0,7.21,8/14/2026,,,,,,,,
1711,8/13/2026,475.0,93.0,Immaculate Suppliers of Bayhaven,96.0,Dazzling Disposable Cups,breakroom supplies,sgeA,1.0,19.0,38.38,38.38,19.0,19.38,8/14/2026,,,,,,,,
1712,9/3/2026,,93.0,Immaculate Suppliers of Bayhaven,65.0,Sparkling Citrus Cleaner,cleaning supplies,segB,1.0,20.0,39.0,39.0,20.0,19.0,9/18/2026,,,,,,,,
1713,9/4/2026,9.0,94.0,Bright Maintainers of Mountridge,19.0,Fresh Party Napkins,paper & tissue,segD,1.0,45.0,73.35,73.35,45.0,28.35,9/14/2026,,,,,,,,
1714,9/4/2026,9.0,94.0,Bright Maintainers of Mountridge,32.0,Bright Desk Organizers,office products,segA,1.0,44.0,58.52,58.52,44.0,14.52,9/14/2026,,,,,,,,
1715,9/4/2026,9.0,94.0,Bright Maintainers of Mountridge,44.0,Gleaming Recycled Paper,office products,segA,3.0,34.0,54.4,163.2,102.0,61.2,9/14/2026,,,,,,,,
1716,9/4/2026,9.0,94.0,Bright Maintainers of Mountridge,45.0,Immaculate Staplers,office products,segA,1.0,50.0,69.0,69.0,50.0,19.0,9/14/2026,,,,,,,,
1717,9/4/2026,9.0,94.0,Bright Maintainers of Mountridge,57.0,Glossy All-Purpose Cleaner,cleaning supplies,segA,1.0,51.0,90.78,90.78,51.0,39.78,9/14/2026,,,,,,,,
1718,9/4/2026,9.0,94.0,Bright Maintainers of Mountridge,59.0,Spotless All-Purpose Cleaner,cleaning supplies,segA,3.0,47.0,85.54,256.62,63.0,115.62,9/14/2026,,,,,,,,
1719,9/4/2026,9.0,94.0,Bright Maintainers of Mountridge,60.0,Polished Degreaser,cleaning supplies,segA,1.0,26.0,49.4,49.4,26.0,23.4,9/14/2026,,,,,,,,
1720,9/4/2026,9.0,94.0,Bright Maintainers of Mountridge,63.0,Polished Glass Cleaner,cleaning supplies,segA,2.0,42.0,73.5,147.0,84.0,63.0,9/14/2026,,,,,,,,
1721,9/4/2026,9.0,94.0,Bright Maintainers of Mountridge,66.0,Radiant Glass Cleaner,cleaning supplies,segA,3.0,21.0,39.69,119.07,63.0,56.07,9/14/2026,,,,,,,,
1722,9/4/2026,9.0,94.0,Bright Maintainers of Mountridge,69.0,Gleaming Degreaser,cleaning supplies,segA,2.0,27.0,48.87,97.74,54.0,43.74,9/14/2026,,,,,,,,
1723,9/4/2026,9.0,94.0,Bright Maintainers of Mountridge,70.0,Sleek Air Freshener,cleaning supplies,segA,3.0,33.0,59.73,179.19,99.0,80.19,9/14/2026,,,,,,,,
1724,9/4/2026,9.0,94.0,Bright Maintainers of Mountridge,71.0,Spotless Glass Cleaner,cleaning supplies,segA,2.0,31.0,53.63,107.26,62.0,45.26,9/14/2026,,,,,,,,
1725,9/1/2026,86.0,94.0,Bright Maintainers of Mountridge,31.0,Polished Highlighters,office products,segA,3.0,17.0,26.35,79.05,51.0,28.05,9/2/2026,,,,,,,,
1726,9/1/2026,86.0,94.0,Bright Maintainers of Mountridge,37.0,Bright Recycled Paper,office products,segA,6.0,24.0,32.4,194.4,144.0,50.4,9/2/2026,,,,,,,,
1727,1/9/2026,86.0,94.0,Bright Maintainers of Mountridge,60.0,Polished Degreaser,cleaning supplies,segA,3.0,26.0,49.4,148.2,78.0,70.2,9/2/2026,,,,,,,,
1728,9/1/2026,86.0,94.0,Bright Maintainers of Mountridge,76.0,Immaculate Granola Bars,breakroom supplies,segC,1.0,10.0,20.2,20.2,10.0,10.2,9/2/2026,,,,,,,,
1729,9/1/2026,86.0,94.0,Bright Maintainers of Mountridge,84.0,Sparkling Creamers,breakroom supplies,segC,1.0,18.0,38.88,38.88,18.0,20.88,9/2/2026,,,,,,,,
1730,8/13/2026,476.0,94.0,Bright Maintainers of Mountridge,31.0,Polished Highlighters,office products,,5.0,17.0,26.35,131.75,85.0,46.75,8/21/2026,,,,,,,,
1731,8/13/2026,476.0,94.0,Bright Maintainers of Mountridge,45.0,Immaculate Staplers,office products,,3.0,50.0,69.0,207.0,150.0,57.0,8/21/2026,,,,,,,,
1732,8/13/2026,476.0,94.0,Bright Maintainers of Mountridge,52.0,Spotless Air Freshener,cleaning supplies,segA,1.0,49.0,92.61,92.61,49.0,43.61,8/21/2026,,,,,,,,
1733,8/13/2026,476.0,94.0,Bright Maintainers of Mountridge,57.0,Glossy All-Purpose Cleaner,cleaning supplies,segA,1.0,51.0,90.78,90.78,51.0,39.78,8/21/2026,,,,,,,,
1734,8/13/2026,476.0,94.0,Bright Maintainers of Mountridge,60.0,Polished Degreaser,cleaning supplies,segA,1.0,26.0,49.4,49.4,26.0,23.4,8/21/2026,,,,,,,,
1735,8/13/2026,476.0,94.0,Bright Maintainers of Mountridge,64.0,Bright Glass Cleaner,cleaning supplies,segA,3.0,32.0,52.8,102.06,96.0,62.4,8/21/2026,,,,,,,,
1736,8/13/2026,476.0,94.0,Bright Maintainers of Mountridge,66.0,Radiant Glass Cleaner,cleaning supplies,segA,1.0,21.0,39.69,39.69,21.0,18.69,8/21/2026,,,,,,,,
1737,8/13/2026,476.0,94.0,Bright Maintainers of Mountridge,70.0,Sleek Air Freshener,cleaning supplies,  segA ,2.0,33.0,59.73,102.06,66.0,53.46,8/21/2026,,,,,,,,
1738,8/13/2026,476.0,94.0,Bright Maintainers of Mountridge,71.0,Spotless Glass Cleaner,cleaning supplies,segA,1.0,31.0,53.63,53.63,31.0,22.63,8/21/2026,,,,,,,,
1739,8/13/2026,476.0,94.0,Bright Maintainers of Mountridge,76.0,Immaculate Granola Bars,breakroom supplies,segC,1.0,10.0,20.2,20.2,10.0,10.2,8/21/2026,,,,,,,,
1740,8/12/2026,513.0,94.0,Bright Maintainers of Mountridge,34.0,Radiant Staplers,office products,segA,2.0,24.0,38.16,76.32,48.0,28.32,8/13/2026,,,,,,,,
1741,8/12/2026,513.0,94.0,Bright Maintainers of Mountridge,37.0,Bright Recycled Paper,office products,segA,3.0,24.0,32.4,97.2,72.0,25.2,8/13/2026,,,,,,,,
1742,8/12/2026,513.0,94.0,Bright Maintainers of Mountridge,44.0,Gleaming Recycled Paper,office products,segA,2.0,34.0,54.4,108.8,68.0,40.8,8/13/2026,,,,,,,,
1743,8/12/2026,513.0,94.0,Bright Maintainers of Mountridge,45.0,Immaculate Staplers,office products,segA,3.0,50.0,69.0,207.0,63.0,57.0,13/08/2026,,,,,,,,
1744,8/12/2026,513.0,94.0,Bright Maintainers of Mountridge,46.0,Spotless Desk Organizers,office products,segA,3.0,33.0,49.17,147.51,99.0,48.51,8/13/2026,,,,,,,,
1745,8/12/2026,513.0,94.0,Bright Maintainers of Mountridge,54.0,Dazzling Floor Cleaner,cleaning supplies,segA,1.0,45.0,78.75,78.75,45.0,33.75,8/13/2026,,,,,,,,
1746,8/12/2026,513.0,94.0,Bright Maintainers of Mountridge,61.0,Pristine Degreaser,cleaning supplies,segA,3.0,50.0,91.5,274.5,150.0,124.5,8/13/2026,,,,,,,,
1747,8/12/2026,513.0,94.0,Bright Maintainers of Mountridge,64.0,Bright Glass Cleaner,cleaning supplies,segA,3.0,32.0,52.8,158.4,96.0,62.4,8/13/2026,,,,,,,,
1748,8/12/2026,513.0,94.0,Bright Maintainers of Mountridge,76.0,Immaculate Granola Bars,breakroom supplies,esgC,1.0,10.0,20.2,20.2,10.0,10.2,8/13/2026,,,,,,,,
1749,8/12/2026,513.0,94.0,  Bright Maintainers of Mountridge ,84.0,Sparkling Creamers,breakroom supplies,segC,1.0,18.0,38.88,38.88,18.0,20.88,8/13/2026,,,,,,,,
1750,8/11/2026,536.0,94.0,Bright Maintainers of oMuntridge,30.0,Immaculate Markers,office products,segA,1.0,28.0,36.4,36.4,28.0,8.4,8/26/2026,,,,,,,,
1751,8/11/2026,536.0,94.0,Bright Maintainers of Mountridge,32.0,Bright Desk Organizers,office products,segA,2.0,44.0,58.52,117.04,88.0,29.04,8/26/2026,,,,,,,,
1752,8/11/2026,536.0,94.0,Bright Maintainers of Mountridge,35.0,Dazzling Staplers,office products,segA,5.0,27.0,40.77,203.85,135.0,68.85,8/26/2026,,,,,,,,
1753,8/11/2026,536.0,94.0,Bright Maintainers of Mountridge,45.0,Immaculate Staplers,office products,segA,1.0,50.0,51.29707511896669,69.0,50.0,19.0,8/26/2026,,,,,,,,
1754,8/11/2026,536.0,94.0,Bright Maintainers of Mountridge,54.0,Dazzling Floor Cleaner,cleaning supplies,segA,1.0,45.0,78.75,78.75,45.0,33.75,8/26/2026,,,,,,,,
1755,8/11/2026,536.0,94.0,Bright Maintainers of Mountridge,57.0,Glossy All-Purpose Cleaner,cleaning supplies,segA,1.0,51.0,90.78,90.78,51.0,39.78,8/26/2026,,,,,,,,
1756,8/11/2026,536.0,94.0,Bright Maintainers of Mountridge,60.0,Polished Degreaser,cleaning supplies,segA,1.0,32.344897959183676,49.4,49.4,26.0,23.4,8/26/2026,,,,,,,,
1757,8/11/2026,536.0,94.0,Bright Maintainers of Mountridge,61.0,Pristine Degreaser,cleaning supplies,segA,3.0,50.0,91.5,274.5,150.0,37.8,8/26/2026,,,,,,,,
1758,8/11/2026,536.0,94.0,Bright Maintainers of Mountridge,63.0,Polished Glass Cleaner,cleaning supplies,segA,2.0,42.0,73.5,147.0,84.0,63.0,8/26/2026,,,,,,,,
1759,8/11/2026,536.0,94.0,Bright Maintainers of Mountridge,69.0,Gleaming Degreaser,cleaning supplies,segA,2.0,27.0,48.87,97.74,54.0,43.74,8/26/2026,,,,,,,,
1760,8/11/2026,536.0,94.0,Bright Maintainers of Mountridge,70.0,Sleek Air Freshener,cleaning supplies,segA,1.0,33.0,59.73,59.73,33.0,26.73,8/26/2026,,,,,,,,
1761,8/11/2026,536.0,94.0,Bright Maintainers of Mountridge,79.0,Immaculate Microwave Popcorn,breakroom supplies,segC,1.0,25.0,53.75,53.75,25.0,28.75,8/26/2026,,,,,,,,
1762,8/11/2026,,94.0,Bright Maintainers of Mountridge,31.0,Polished Highlighters,office products,segA,3.0,17.0,26.35,79.05,51.0,37.8,8/26/2026,,,,,,,,
1763,9/3/2026,37.0,95.0,Fresh Providers of Valleywood,18.0,Pristine Lunch Napkins,paper & tissue,segC,4.0,20.0,28.2,112.8,80.0,32.8,9/4/2026,,,,,,,,
1764,3/9/2026,37.0,95.0,Fresh Providers of Valleywood,73.0,Spotless Creamers,breakroom supplies,segA,4.0,18.0,30.6,122.4,63.0,50.4,9/4/2026,,,,,,,,
1765,9/3/2026,37.0,95.0,Fresh Providers of Valleywood,78.0,Glossy Creamers,breakroom supplies,segA,6.0,27.0,49.14,294.84,162.0,132.84,9/4/2026,,,,,,,,
1766,9/3/2026,37.0,95.0,Fresh Providers of Valleywood,82.0,Pristine Granola Bars,brekaroom supplies,segA,9.0,26.0,51.48,463.32,234.0,229.32,9/4/2026,,,,,,,,
1767,9/3/2026,37.0,95.0,Fresh Providers of Valleywood,89.0,Sparkling Disposable Cups,breakroom supplies,segA,5.0,21.0,38.43,192.15,105.0,87.15,9/4/2026,,,,,,,,
1768,9/3/2026,37.0,95.0,Fresh Providers of Valleywood,96.0,Dazzling Disposable Cups,breakroom supplies,seAg,8.0,19.0,40.66,325.28,152.0,173.28,9/4/2026,,,,,,,,
1769,9/3/2026,37.0,95.0,Fresh Providers of Valleywood,103.0,Spotless Colored Paper,copy paper,segC,4.0,45.0,76.5,306.0,180.0,126.0,9/4/2026,,,,,,,,
1770,9/3/2026,37.0,95.0,Fresh Providers of Valleywood,105.0,Pristine Graph Paper,copy paper,segC,9.0,52.0,75.92,683.28,468.0,215.28,9/4/2026,,,,,,,,
1771,9/1/2026,87.0,95.0,Fresh Providers of Valleywood,51.0,Bright Glass Cleaner,cleaning supplies,segD,1.0,26.0,49.14,49.14,26.0,23.14,9/2/2026,,,,,,,,
1772,9/1/2026,87.0,95.0,Fresh Providers of Valleywood,52.0,Spotless Air Freshener,cleaning supplies,segD,1.0,49.0,93.1,93.1,49.0,44.1,9/2/2026,,,,,,,,
1773,9/1/2026,87.0,95.0,Fresh Providers of Valleywood,76.0,Immaculate Granola Bars,breakroom supplies,segA,6.0,10.0,17.1,102.6,60.0,42.6,9/2/2026,,,,,,,,
1774,9/1/2026,87.0,95.0,Fresh Providers of Valleywood,89.0,Sparkling Disposable Cups,,segA,3.0,21.0,38.43,115.29,63.0,52.29,9/2/2026,,,,,,,,
1775,9/1/2026,87.0,95.0,Fresh Providers of Valleywood,103.0,Spotless Colored Paper,copy paper,segC,2.0,32.344897959183676,76.5,153.0,90.0,63.0,9/2/2026,,,,,,,,
1776,8/26/2026,218.0,95.0,Fresh Providers of Valleywood,78.0,Glossy Creamers,breakroom supplies,segA,3.0,27.0,49.14,147.42,81.0,66.42,8/27/2026,,,,,,,,
1777,8/26/2026,218.0,95.0,Fresh Providers of Valleywood,89.0,Sparkling Disposable Cups,breakroom supplies,segA,2.0,21.0,38.43,153.72,84.0,69.72,8/27/2026,,,,,,,,
1778,8/26/2026,218.0,95.0,Fresh Providers of Valleywood,96.0,Dazzling Disposable Cups,breakroom supplies,segA,9.0,19.0,40.66,365.94,171.0,194.94,8/27/2026,,,,,,,,
1779,8/26/2026,218.0,95.0,Fresh Providers of Valleywood,105.0,Pristine Graph Paper,copy paper,segC,7.0,52.0,75.92,531.44,364.0,167.44,8/27/2026,,,,,,,,
1780,9/1/2026,,95.0,Fresh Providers of Valleywood,69.0,Gleaming Degreaser,cleaning supplies,segD,1.0,27.0,54.54,54.54,27.0,27.54,9/2/2026,,,,,,,,
1781,8/27/2026,183.0,96.0,Sleek Custodians of Mapleburg,13.0,Pristine Party Napkins,paper & tissue,segB,2.0,45.0,65.7,131.4,90.0,41.4,8/28/2026,,,,,,,,
1782,27/08/2026,183.0,96.0,Sleek Custodians of Mapleburg,18.0,Pristine Lunch Napkins,paper & tissue,segB,1.0,20.0,30.0,30.0,20.0,10.0,8/28/2026,,,,,,,,
1783,8/27/2026,183.0,96.0,Sleek Custodians of Mapleburg,34.0,Radiant Staplers,office products,segA,3.0,24.0,36.48,109.44,72.0,37.44,8/28/2026,,,,,,,,
1784,8/27/2026,183.0,96.0,Sleek Custodians of Mapleburg,39.0,Immaculate Sticky Notes,office products,esgA,4.0,34.0,48.62,194.48,136.0,58.48,8/28/2026,,,,,,,,
1785,8/27/2026,183.0,96.0,Sleek Custodians of Mapelburg,41.0,Dazzling File Folders,office products,segA,1.0,46.0,71.76,71.76,46.0,25.76,8/28/2026,,,,,,,,
1786,8/27/2026,183.0,96.0,Sleek Custodians of Mapleburg,47.0,Immaculate Staplers,office products,segA,3.0,24.0,35.76,107.28,72.0,35.28,8/28/2026,,,,,,,,
1787,27/08/2026,183.0,96.0,Sleek Custodians of Mapleburg,75.0,Fresh Microwave Popcorn,,segA,1.0,18.0,37.26,37.26,18.0,19.26,8/28/2026,,,,,,,,
1788,8/27/2026,183.0,96.0,Sleek Custodians of Mapleburg,83.0,Spotless Energy Drinks,breakroom supplies,segA,1.0,32.344897959183676,52.52,102.06,26.0,26.52,8/28/2026,,,,,,,,
1789,8/27/2026,183.0,96.0,Sleek Custodians of Mapleburg,84.0,Sparkling Creamers,breakroom supplies,segA,1.0,18.0,37.08,37.08,18.0,19.08,8/28/2026,,,,,,,,
1790,8/27/2026,183.0,96.0,Sleek Custodians of Mapleburg,92.0,Glossy Instant Soups,breakroom supplies,segA,2.0,24.0,50.4,100.8,48.0,52.8,8/28/2026,,,,,,,,
1791,8/27/2026,183.0,96.0,Sleek Custodians of Mapleburg,96.0,Dazzling Disposable Cups,breakroom supplies,segA,1.0,19.0,40.28,40.28,19.0,21.28,8/28/2026,,,,,,,,
1793,8/20/2026,347.0,96.0,Sleek Custodians of Mapleburg,3.0,Sparkling Party Napkins,paper & tissue,segB,2.0,21.0,30.87,61.74,42.0,19.74,8/21/2026,,,,,,,,
1794,8/20/2026,347.0,96.0,Sleek Custodians of Mapleburg,30.0,Immaculate Markers,office products,segA,2.0,28.0,42.0,84.0,56.0,28.0,8/21/2026,,,,,,,,
1795,8/20/2026,347.0,96.0,Sleek Custodians of Mapleburg,37.0,Bright Recycled Paper,office products,segA,1.0,24.0,33.12,33.12,24.0,9.12,8/21/2026,,,,,,,,
1796,8/20/2026,347.0,96.0,Sleek Custodians of Mapleburg,45.0,Immaculate Staplers,office products,segA,1.0,50.0,78.0,78.0,50.0,28.0,8/21/2026,,,,,,,,
1797,8/20/2026,347.0,96.0,Sleek Custodians of Mapleburg,47.0,Immaculate Staplers,office products,segA,2.0,24.0,35.76,71.52,48.0,23.52,8/21/2026,,,,,,,,
1798,8/20/2026,347.0,96.0,Sleek Custodians of Mapleburg,63.0,Polished Glass Cleaner,cleaning supplies,,22.0,42.0,73.5,1617.0,924.0,693.0,8/21/2026,,,,,,,,
1799,8/20/2026,347.0,96.0,Sleek Custodians of Mapleburg,80.0,Spotless Instant Soups,breakroom supplies,segA,1.0,17.0,34.85,34.85,17.0,17.85,8/21/2026,,,,,,,,
1800,8/20/2026,347.0,96.0,Sleek Custodians of Mapleburg,83.0,  Spotless Energy Drinks ,breakroom supplies,segA,1.0,26.0,52.52,52.52,26.0,26.52,8/21/2026,,,,,,,,
1801,8/20/2026,347.0,96.0,  Sleek Custodians of Mapleburg ,84.0,Sparkling Creamers,breakroom supplies,segA,1.0,18.0,51.29707511896669,37.08,18.0,19.08,8/21/2026,,,,,,,,
1802,8/20/2026,347.0,96.0,Sleek Custodians of Mapleburg,87.0,Glossy Tea Selection,breakroom supplies,segA,1.0,11.0,22.0,22.0,11.0,11.0,8/21/2026,,,,,,,,
1803,8/20/2026,347.0,96.0,Sleek Custodians of Mapleburg,92.0,Glossy Instant Soups,breakroom supplies,segA,2.0,24.0,50.4,100.8,48.0,52.8,8/21/2026,,,,,,,,
1804,8/20/2026,347.0,96.0,Sleek Custodians of Mapleburg,93.0,Gleaming Microwave Popcorn,breakroom supplies,segA,1.0,20.0,38.0,38.0,20.0,18.0,8/21/2026,,,,,,,,
1805,8/20/2026,347.0,96.0,Sleek Custodians of Mapleburg,96.0,Dazzling Disposable Cups,breakroom supplies,segA,1.0,19.0,51.29707511896669,40.28,19.0,21.28,8/21/2026,,,,,,,,
1806,8/14/2026,443.0,96.0,Sleek Custodians of Mapleburg,14.0,Spotless Pocket Tissues,paper & tissue,segB,1.0,20.0,28.2,28.2,20.0,8.2,8/31/2026,,,,,,,,
1807,8/14/2026,443.0,96.0,Sleek Custodians of Mapleburg,30.0,Immaculate Markers,,segA,3.0,28.0,42.0,126.0,84.0,42.0,8/31/2026,,,,,,,,
1808,8/14/2026,443.0,96.0,Sleek Custodians of Mapleburg,35.0,Dazzling Staplers,office products,segA,12.0,27.0,33.75,405.0,324.0,37.8,8/31/2026,,,,,,,,
1809,8/14/2026,443.0,96.0,Sleek Custodians of Mapleburg,37.0,Bright Recycled Paper,office products,segA,2.0,24.0,33.12,33.12,24.0,9.12,8/31/2026,,,,,,,,
1810,8/14/2026,443.0,96.0,Sleek Custodians of Mapleburg,39.0,Immaculate Sticky Notes,office products,segA,4.0,34.0,48.62,194.48,136.0,58.48,8/31/2026,,,,,,,,
1811,8/14/2026,443.0,96.0,Sleek Custodians of Mapleburg,45.0,Immaculate Staplers,office porducts,segA,1.0,50.0,78.0,78.0,50.0,28.0,8/31/2026,,,,,,,,
1812,8/14/2026,443.0,96.0,Sleek Custodians of Mapleburg,48.0,Fresh Desk Organizers,office products,segA,2.0,29.0,42.63,85.26,58.0,27.26,8/31/2026,,,,,,,,
1813,8/14/2026,443.0,96.0,Sleek Custodians of Mapleburg,75.0,Fresh Microwave Popcorn,breakroom supplies,segA,1.0,18.0,37.26,37.26,18.0,19.26,8/31/2026,,,,,,,,
1814,8/14/2026,443.0,96.0,Sleek Custodians of Mapleburg,76.0,Immaculate Granola Bars,breakroom supplies,segA,1.0,10.0,21.3,21.3,10.0,11.3,8/31/2026,,,,,,,,
1815,8/14/2026,443.0,96.0,Sleek Custodians of Mapleburg,80.0,Spotless Instant Soups,breakroom supplies,segA,1.0,17.0,34.85,34.85,17.0,17.85,8/31/2026,,,,,,,,
1816,8/14/2026,443.0,96.0,Sleek Custodians of Mapleburg,84.0,Sparkling Creamers,,segA,1.0,18.0,37.08,37.08,18.0,19.08,8/31/2026,,,,,,,,
1817,8/14/2026,443.0,96.0,Sleek Custodians of Mapleburg,90.0,Dazzling Instant Soups,breakroom supplies,segA,1.0,24.0,48.96,48.96,24.0,24.96,8/31/2026,,,,,,,,
1818,8/14/2026,443.0,96.0,Sleek Custodians of Mapleburg,94.0,Pristine Instant Soups,breakroom supplies,segA,1.0,7.0,13.02,13.02,63.0,6.02,8/31/2026,,,,,,,,
1819,14/08/2026,443.0,96.0,Sleek Custodians of Mapleburg,96.0,Dazzling Disposable Cups,breakroom supplies,segA,1.0,19.0,40.28,40.28,19.0,21.28,8/31/2026,,,,,,,,
1820,8/12/2026,514.0,96.0,Sleek Custodians of Mapleburg,6.0,Pristine Bathroom Tissue,paper & tissue,segB,1.0,19.0,29.07,29.07,19.0,10.07,8/13/2026,,,,,,,,
1821,8/12/2026,514.0,96.0,Sleek Custodians of Mapleburg,13.0,Pristine Party Napkins,paper & tissue,segB,2.0,45.0,65.7,102.06,90.0,41.4,8/13/2026,,,,,,,,
1822,8/12/2026,514.0,96.0,Sleek Custodians of Mapleburg,30.0,Immaculate Markers,office products,segA,3.0,28.0,42.0,126.0,84.0,42.0,8/13/2026,,,,,,,,
1823,8/12/2026,514.0,96.0,Sleek Custodians of Mapleburg,31.0,Polished Highlighters,office products,segA,2.0,17.0,25.84,51.68,34.0,17.68,,,,,,,,,
1824,8/12/2026,514.0,96.0,Sleek Custodians of Mapleburg,35.0,Dazzling Staplers,,segA,8.0,27.0,33.75,270.0,216.0,54.0,8/13/2026,,,,,,,,
1825,8/12/2026,514.0,96.0,Sleek Custodians of Mapleburg,37.0,Bright Recycled Paper,office products,segA,1.0,24.0,33.12,33.12,24.0,9.12,13/08/2026,,,,,,,,
1826,8/12/2026,514.0,96.0,Sleek Custodians of Mapleburg,39.0,Immaculate Sticky Notes,office products,segA,5.0,34.0,48.62,243.1,170.0,37.8,8/13/2026,,,,,,,,
1827,8/12/2026,514.0,96.0,Sleek Custodians of Mapleburg,45.0,Immaculate Staplers,office products,segA,1.0,50.0,78.0,78.0,50.0,28.0,8/13/2026,,,,,,,,
1828,8/12/2026,514.0,96.0,Sleek Custodians of Mapleburg,47.0,Immaculate Staplers,office products,segA,3.0,24.0,35.76,107.28,72.0,35.28,8/13/2026,,,,,,,,
1829,8/12/2026,514.0,96.0,Sleek Custodians of Mapleburg,80.0,Spotless Instant Soups,breakroom supplies,segA,1.0,32.344897959183676,34.85,34.85,17.0,17.85,8/13/2026,,,,,,,,
1830,8/12/2026,514.0,96.0,Sleek Custodians of Mapleburg,84.0,Sparkling Creamers,breakroom supplies,segA,1.0,18.0,37.08,37.08,18.0,19.08,8/13/2026,,,,,,,,
1831,8/12/2026,514.0,96.0,Sleek Custodians of Mapleburg,87.0,Glossy Tea Selection,breakroom supplies,segA,1.0,11.0,22.0,22.0,11.0,11.0,8/13/2026,,,,,,,,
1832,8/12/2026,514.0,96.0,Sleek Custodians of Mapleburg,90.0,Dazzling Instant Soups,breakroom supplies,segA,1.0,24.0,51.29707511896669,48.96,24.0,24.96,8/13/2026,,,,,,,,
1833,8/12/2026,514.0,96.0,Sleek Custodians of Mapleburg,92.0,Glossy Instant Soups,breakroom supplies,segA,1.0,24.0,50.4,50.4,24.0,26.4,8/13/2026,,,,,,,,
1834,8/12/2026,514.0,96.0,Sleek Custodians of Mapleburg,94.0,Pristine Instant Soups,breakroom suppiles,segA,1.0,7.0,13.02,13.02,7.0,6.02,8/13/2026,,,,,,,,
1835,8/12/2026,514.0,96.0,Sleek Custodians of Mapleburg,96.0,Dazzling Disposable Cups,breakroom supplies,segA,1.0,19.0,40.28,40.28,19.0,21.28,8/13/2026,,,,,,,,
1836,8/14/2026,,96.0,Sleek Custodians of Mapleburg,46.0,Spotless Desk Organizers,office products,segA,3.0,33.0,47.19,141.57,99.0,42.57,8/31/2026,,,,,,,,
1837,8/10/2026,561.0,97.0,Polished Providers of Harborburg,74.0,Pristine Energy Drinks,breakroom supplies,segB,1.0,15.0,30.15,30.15,15.0,15.15,8/11/2026,,,,,,,,
1838,10/8/2026,561.0,97.0,Polished Providers of Harborburg,88.0,Gleaming Coffee Beans,breakroom supplies,segB,1.0,32.344897959183676,36.72,36.72,18.0,18.72,8/11/2026,,,,,,,,
1839,8/7/2026,585.0,97.0,Polished Providers of Harborburg,64.0,Bright Glass Cleaner,,segD,1.0,32.0,67.52,67.52,32.0,35.52,8/10/2026,,,,,,,,
1840,7/8/2026,585.0,97.0,Polished Providers of Harborburg,84.0,  Sparkling Creamers ,breakroom supplies,segB,1.0,18.0,32.94,32.94,18.0,14.94,8/10/2026,,,,,,,,
1841,8/7/2026,585.0,97.0,Polished Providers of Harborburg,86.0,Dazzling Instant Soups,breakroom supplies,segB,1.0,16.0,32.48,32.48,16.0,16.48,8/10/2026,,,,,,,,
1842,8/7/2026,585.0,97.0,Polished Providers of Harborburg,91.0,Glossy Microwave Popcorn,breakroom supplies,segB,2.0,29.0,55.1,55.1,63.0,26.1,8/10/2026,,,,,,,,
1843,8/24/2026,278.0,98.0,Pristine Providers of Gardenville,11.0,Fresh Lunch Napkins,paper & tissue,segA,26.0,21.0,29.82,775.32,546.0,229.32,9/8/2026,,,,,,,,
1844,8/24/2026,278.0,98.0,Pristine Providers of Gardenville,14.0,Spotless Pocket Tissues,paper & tissue,segA,18.0,20.0,26.4,475.2,360.0,115.2,9/8/2026,,,,,,,,
1845,8/24/2026,278.0,98.0,Pristine Providers of Gardenville,15.0,Sparkling 2-Ply Toilet Paper,paper & tissue,segA,19.0,43.0,58.05,1102.95,817.0,285.95,9/8/2026,,,,,,,,
1846,8/24/2026,278.0,98.0,Pristine Providers of Gardenville,18.0,  Pristine Lunch Napkins ,paper & tissue,segA,9.0,20.0,26.2,235.8,180.0,55.8,9/8/2026,,,,,,,,
1847,8/24/2026,278.0,98.0,Pristine Providers of Gardenville,22.0,Sparkling Pocket Tissues,paper & tissue,segA,7.0,41.0,61.5,430.5,287.0,143.5,8/9/2026,,,,,,,,
1848,8/24/2026,278.0,98.0,Pristine Providers of Gardenville,24.0,SparklingP ocket Tissues,paper & tissue,  segA ,16.0,18.0,26.28,420.48,288.0,132.48,9/8/2026,,,,,,,,
1849,8/14/2026,444.0,98.0,Pristine Providers of Gardenville,2.0,Glossy Party Napkins,paper & tissue,segA,14.0,29.0,38.28,535.92,406.0,129.92,8/17/2026,,,,,,,,
1850,8/14/2026,444.0,98.0,Pristine Providers of Gardenville,4.0,Bright Bathroom Tissue,paper & tissue,segA,2.0,26.0,37.18,706.42,494.0,212.42,8/17/2026,,,,,,,,
1851,8/14/2026,444.0,98.0,Pristine Providers of Gardenville,10.0,Pristine 2-Ply Toilet Paper,paper & tissue,segA,9.0,26.0,38.48,346.32,234.0,112.32,8/17/2026,,,,,,,,
1852,8/14/2026,444.0,98.0,Pristine Providers of Gardenville,11.0,Fresh Lunch Napkins,paper & tissue,segA,24.0,21.0,29.82,715.68,504.0,211.68,8/17/2026,,,,,,,,
1853,8/14/2026,444.0,98.0,Pristine Providers of Gardenville,15.0,Sparkling 2-Ply Toilet Paper,paper & tissue,segA,21.0,43.0,58.05,1219.05,903.0,316.05,8/17/2026,,,,,,,,
1854,8/14/2026,444.0,98.0,Pristine Providers of Gardenville,22.0,Sparkling Pocket Tissues,paper & tissue,segA,9.0,41.0,61.5,553.5,369.0,37.8,8/17/2026,,,,,,,,
1855,8/14/2026,444.0,98.0,Pristine Providers of Gardenville,23.0,Dazzling Roll Paper Towels,paper & tissue,segA,15.0,40.0,56.8,852.0,600.0,252.0,8/17/2026,,,,,,,,
1856,8/14/2026,444.0,98.0,Pristine Providers of Gardenville,24.0,Sparkling Pocket Tissues,paper & tissue,segA,10.0,18.0,26.28,262.8,180.0,82.8,8/17/2026,,,,,,,,
1858,8/20/2026,348.0,99.0,Spotless Providres of Mapledale,29.0,Dazzling Paper Clips,office products,segA,3.0,32.344897959183676,57.72,173.16,111.0,62.16,8/21/2026,,,,,,,,
1859,8/20/2026,348.0,99.0,Spotless Providers of Mapledale,31.0,  Polished Highlighters ,office products,segA,4.0,17.0,26.52,106.08,68.0,38.08,8/21/2026,,,,,,,,
1860,8/20/2026,348.0,99.0,Spotless Providers of Mapledale,34.0,Radiant Staplers,office products,segA,5.0,24.0,32.64,163.2,120.0,43.2,8/21/2026,,,,,,,,
1861,8/20/2026,348.0,99.0,Spotless Providers of Mapledale,35.0,Dazzling Staplers,office products,seAg,3.0,27.0,35.1,105.3,81.0,24.3,8/21/2026,,,,,,,,
1862,8/20/2026,348.0,99.0,Spotless Providers of Mapledale,38.0,Radiant Pens,office products,segA,1.0,17.0,23.63,23.63,17.0,6.63,8/21/2026,,,,,,,,
1863,8/20/2026,348.0,99.0,Spotless Providers of Mapledale,41.0,Dazzling File Folders,office products,segA,4.0,46.0,61.64,246.56,184.0,62.56,8/21/2026,,,,,,,,
1864,8/20/2026,348.0,99.0,Spotless Providers of Mapledale,78.0,Glossy Creamers,breakroom supplies,segA,1.0,27.0,52.92,52.92,27.0,25.92,,,,,,,,,
1865,8/20/2026,348.0,99.0,Spotless Providers of Mapledale,95.0,Bright Disposable Cups,breakroom supplies,segA,1.0,13.0,24.44,24.44,13.0,11.44,8/21/2026,,,,,,,,
1866,8/25/2026,253.0,100.0,Sparkling Stewards of Maplewood,40.0,Immaculate Markers,office products,segB,1.0,34.0,54.74,54.74,34.0,20.74,8/26/2026,,,,,,,,
1867,8/13/2026,477.0,100.0,Sparkling Stewards of Maplewood,45.0,Immaculate Staplers,office products,segB,5.0,50.0,76.0,380.0,250.0,130.0,8/14/2026,,,,,,,,
1868,8/13/2026,477.0,100.0,Sparkling Stewards of Maplewood,53.0,Glossy Glass Cleaner,cleaning supplies,segD,1.0,36.0,75.24,75.24,36.0,39.24,8/14/2026,,,,,,,,
1869,8/13/2026,477.0,100.0,Sparkling Stewards of Maplewood,61.0,Pristine Degreaser,cleaning supplies,segD,1.0,50.0,51.29707511896669,103.0,50.0,53.0,8/14/2026,,,,,,,,
1870,8/13/2026,477.0,100.0,Sparkling Stewards of Maplewood,106.0,Sleek Resume Paper,copy paper,segD,3.0,48.0,81.6,244.8,144.0,100.8,8/14/2026,,,,,,,,
1871,8/7/2026,586.0,101.0,Bright Janitors of Canyonport,28.0,Immaculate Binder Clips,office products,segA,2.0,29.0,41.76,83.52,58.0,25.52,8/10/2026,,,,,,,,
1872,8/7/2026,586.0,101.0,Bright Janitors of Canyonport,30.0,Immaculate Markers,office products,segA,2.0,28.0,40.32,80.64,56.0,24.64,8/10/2026,,,,,,,,
1873,8/7/2026,586.0,101.0,Bright Janitors of Canyonport,35.0,Dazzling Staplers,office products,segA,4.0,27.0,37.26,149.04,108.0,41.04,8/10/2026,,,,,,,,
1874,8/7/2026,586.0,101.0,Bright Janitors of Canyonport,43.0,Fresh File Folders,office products,segA,2.0,50.0,51.29707511896669,143.0,100.0,43.0,8/10/2026,,,,,,,,
1875,8/7/2026,586.0,101.0,Bright Janitors of Canyonport,45.0,Immaculate Staplers,office products,segA,2.0,24.0,33.84,67.68,48.0,19.68,8/10/2026,,,,,,,,
1876,8/7/2026,586.0,101.0,Bright Janitors of Canyonport,56.0,Pristine Citrus Cleaner,cleaning supplies,segB,1.0,48.0,87.84,87.84,48.0,39.84,8/10/2026,,,,,,,,
1877,8/7/2026,586.0,101.0,Bright Janitors of Canyonport,66.0,Radiant Glass Cleaner,,segB,1.0,21.0,40.32,40.32,21.0,19.32,8/10/2026,,,,,,,,
1878,8/25/2026,254.0,102.0,Radiant Cleaners of Mapleburg,25.0,Dazzling Binder Clips,office products,segA,79.0,45.0,53.55,4230.45,3555.0,675.45,8/26/2026,,,,,,,,
1879,8/25/2026,254.0,102.0,Radiant Cleaners of Mapleburg,36.0,Glossy Staplers,office products,segA,8.0,50.0,67.0,536.0,400.0,136.0,8/26/2026,,,,,,,,
1880,8/25/2026,254.0,102.0,Radiant Cleaners of Mapleburg,38.0,Radiant Pens,office products,segA,6.0,17.0,22.61,135.66,102.0,33.66,8/26/2026,,,,,,,,
1881,8/25/2026,254.0,102.0,Radiant Cleaners of Mapleburg,40.0,Immaculate Markers,office products,segA,12.0,34.0,51.34,616.08,408.0,208.08,8/26/2026,,,,,,,,
1882,8/25/2026,254.0,102.0,Radiant Cleaners of Mapleburg,44.0,Gleaming Recycled Paper,office products,segA,12.0,34.0,51.68,620.16,408.0,212.16,8/26/2026,,,,,,,,
1883,8/25/2026,254.0,102.0,Radiant Cleaners of Mapleburg,76.0,Immaculate Granola Bars,breakroom supplies,segC,1.0,10.0,19.4,19.4,10.0,9.4,8/26/2026,,,,,,,,
1884,8/7/2026,587.0,102.0,Radiant Cleaners of Mapleburg,34.0,Radiant Staplers,office products,segA,8.0,24.0,37.92,303.36,192.0,111.36,8/10/2026,,,,,,,,
1885,8/7/2026,587.0,102.0,Radiant Cleaners of Mapleburg,36.0,Glossy Staplers,,segA,5.0,32.344897959183676,67.0,335.0,250.0,85.0,8/10/2026,,,,,,,,
1886,8/7/2026,587.0,102.0,Radiant Cleaners of Mapleburg,38.0,RadiantP ens,office products,segA,6.0,17.0,22.61,135.66,102.0,33.66,8/10/2026,,,,,,,,
1887,8/7/2026,587.0,102.0,Radiant Cleaners of Mapleburg,39.0,Immaculate Sticky Notes,office products,segA,147.0,34.0,41.14,6047.58,4998.0,1049.58,8/10/2026,,,,,,,,
1888,8/7/2026,587.0,102.0,Radiant Cleaners of Mapleburg,41.0,Dazzling File Folders,office products,segA,11.0,46.0,59.8,657.8,506.0,151.8,8/10/2026,,,,,,,,
1889,7/8/2026,587.0,102.0,Radiant Cleaners of Mapleburg,73.0,Spotless Creamers,breakroom supplies,,1.0,18.0,35.28,35.28,18.0,17.28,8/10/2026,,,,,,,,
1890,8/14/2026,445.0,103.0,Radiant Cleaners of Mapleburg,8.0,Bright Party Napkins,paper & tissue,segA,3.0,50.0,66.0,198.0,150.0,48.0,8/17/2026,,,,,,,,
1891,8/14/2026,445.0,103.0,Dazzling Janitors of Gardenton,9.0,Fresh Kitchen Towels,paper & tissue,,3.0,33.0,46.53,139.59,99.0,40.59,8/17/2026,,,,,,,,
1892,8/14/2026,445.0,103.0,Dazzling Janitors of Gardenton,14.0,Spotless Pocket Tissues,paper & tissue,segA,56.0,20.0,22.4,1254.4,1120.0,134.4,8/17/2026,,,,,,,,
1893,8/14/2026,445.0,103.0,Dazzling Janitors of Gardenton,31.0,Polished Highlighters,office products,segD,1.0,17.0,26.35,26.35,17.0,9.35,8/17/2026,,,,,,,,
1894,8/14/2026,445.0,103.0,Dazzling Janitors of Gardenton,97.0,Sparkling Legal Size Paper,copy paper,segB,1.0,39.0,51.29707511896669,62.4,39.0,23.4,8/17/2026,,,,,,,,
1895,8/14/2026,445.0,103.0,Dazzling Janitors of Gardenton,105.0,Pristine Graph Paper,copy paper,segB,1.0,52.0,73.32,73.32,52.0,21.32,8/17/2026,,,,,,,,
1896,8/14/2026,446.0,104.0,Glossy Custodians of Cedardale,4.0,Bright Bathroom Tissue,  paper & tissue ,segB,1.0,26.0,38.22,38.22,26.0,12.22,8/17/2026,,,,,,,,
1897,8/14/2026,446.0,104.0,  Glossy Custodians of Cedardale ,8.0,Bright Party Napkins,paper & tissue,segB,1.0,50.0,77.5,77.5,50.0,27.5,8/17/2026,,,,,,,,
1898,8/14/2026,446.0,104.0,Glossy Custodians of Cedardale,24.0,Sparkling Pocket Tissues,  paper & tsisue ,segB,2.0,18.0,25.56,51.12,36.0,15.12,8/17/2026,,,,,,,,
1899,8/14/2026,446.0,104.0,Glossy Custodians of Cedardale,73.0,Spotless Creamers,breakroom supplies,segC,1.0,18.0,33.84,33.84,18.0,15.84,8/17/2026,,,,,,,,
1900,8/14/2026,446.0,104.0,Glossy Custodians of Cedardale,75.0,Fresh Microwave Popcorn,breakroom supplies,segC,1.0,18.0,36.18,36.18,18.0,18.18,8/17/2026,,,,,,,,
1901,8/14/2026,446.0,104.0,Glossy Custodians of Cedardale,105.0,Pristine Graph Paper,copy paper,segD,1.0,52.0,95.16,95.16,52.0,43.16,8/17/2026,,,,,,,,
1902,8/14/2026,,104.0,Glossy Custodians of Cedardale,98.0,Radiant Glossy Photo Paper,copy paper,segD,1.0,23.0,37.26,37.26,23.0,14.26,8/17/2026,,,,,,,,
1903,9/3/2026,38.0,105.0,  Sleek Suppliers of Lakecrest ,23.0,Dazzling Roll Paper Towels,paper & tissue,  segC ,4.0,40.0,64.0,102.06,160.0,96.0,9/4/2026,,,,,,,,
1904,9/3/2026,38.0,105.0,Sleek Suppliers of Lakecrest,52.0,Spotless Air Freshener,cleaning supplies,segA,33.0,49.0,69.58,2296.14,1617.0,679.14,,,,,,,,,
1905,3/9/2026,38.0,105.0,Sleek Suppliers of Lakecrest,54.0,Dazzling Floor Cleaner,cleaning supplies,sgeA,12.0,45.0,76.05,912.6,540.0,372.6,9/4/2026,,,,,,,,
1906,9/3/2026,38.0,105.0,lSeek Suppliers of Lakecrest,57.0,Glossy All-Purpose Cleaner,cleaning supplies,segA,2.0,51.0,86.7,173.4,102.0,71.4,9/4/2026,,,,,,,,
1907,9/3/2026,38.0,105.0,Sleek Suppliers of Lakecrest,62.0,Glossy Air Freshener,cleaning supplies,segA,1.0,32.344897959183676,35.4,35.4,20.0,15.4,9/4/2026,,,,,,,,
1908,9/3/2026,38.0,105.0,Sleek Suppliers of Lakecrest,64.0,Bright Glass Cleaner,cleaning supplies,segA,2.0,32.0,54.72,109.44,64.0,45.44,9/4/2026,,,,,,,,
1909,3/9/2026,38.0,105.0,Sleek Suppliers of Lakecrest,71.0,Spotless Glass Cleaner,cleaning supplies,segA,6.0,31.0,53.94,323.64,186.0,137.64,9/4/2026,,,,,,,,
1910,9/3/2026,38.0,105.0,Sleek Suppliers of Lakecrest,83.0,Spotless Energy Drinks,breakroom supplies,segB,1.0,26.0,54.86,54.86,26.0,28.86,9/4/2026,,,,,,,,
1911,9/3/2026,38.0,105.0,Sleek Suppliers of Lakecrest,96.0,Dazzling Disposable Cups,breakroom supplies,segB,1.0,19.0,42.75,42.75,19.0,23.75,9/4/2026,,,,,,,,
1912,9/3/2026,38.0,105.0,Sleek Suppliers of Lakecrest,99.0,Glossy Letter Size Paper,copy paper,segA,17.0,57.0,88.92,1511.64,969.0,542.64,9/4/2026,,,,,,,,
1913,9/3/2026,38.0,105.0,Sleek Suppliers of Lakecrest,104.0,Gleaming Glossy Photo Paper,copy paper,segA,19.0,52.0,73.84,1402.96,988.0,414.96,9/4/2026,,,,,,,,
1914,3/9/2026,38.0,105.0,Sleek Suppliers of Lakecrest,105.0,  Pristine Graph Paper ,copy paper,segA,4.0,52.0,79.56,318.24,208.0,110.24,9/4/2026,,,,,,,,
1915,9/3/2026,38.0,105.0,Sleek Suppliers of Lakecrest,113.0,Polished Recycled Paper,copy paper,segA,98.0,36.0,40.68,3986.64,3528.0,458.64,9/4/2026,,,,,,,,
1916,9/3/2026,38.0,105.0,Sleek Suppliers of Lakecrest,115.0,Polished Glossy Photo Paper,copy paper,segA,14.0,59.0,78.47,1098.58,826.0,272.58,9/4/2026,,,,,,,,
1917,9/3/2026,38.0,105.0,Sleek Suppliers of Lakecrest,118.0,Sparkling Cardstock,copy paper,segA,21.0,37.0,58.83,1235.43,777.0,458.43,9/4/2026,,,,,,,,
1918,9/3/2026,38.0,105.0,Sleek Suppliers of Lakecrest,120.0,Sparkling Letter Size Paper,copy paper,segA,10.0,45.0,66.6,666.0,450.0,216.0,9/4/2026,,,,,,,,
1920,9/2/2026,65.0,105.0,Sleek Suppliers of Lakecrest,29.0,Dazzling Paper Clips,office products,segC,1.0,37.0,55.5,55.5,37.0,18.5,9/10/2026,,,,,,,,
1921,9/2/2026,65.0,105.0,Sleek Suppliers of Lakecrest,38.0,Radiant Pens,office products,segC,7.0,17.0,27.71,193.97,119.0,74.97,9/10/2026,,,,,,,,
1922,9/2/2026,65.0,105.0,Sleek Suppliers of Lakecrest,52.0,Spotless Air Freshener,cleaning supplies,segA,2.0,49.0,69.58,1948.24,1372.0,576.24,9/10/2026,,,,,,,,
1923,9/2/2026,65.0,105.0,Sleek Suppilers of Lakecrest,56.0,Pristine Citrus Cleaner,cleaning supplies,segA,11.0,48.0,78.24,860.64,528.0,332.64,9/10/2026,,,,,,,,
1924,9/2/2026,65.0,105.0,Sleek Suppliers of Lakecrest,57.0,Glossy All-Purpose Cleaner,cleaning supplies,segA,2.0,51.0,86.7,173.4,102.0,71.4,9/10/2026,,,,,,,,
1925,9/2/2026,65.0,105.0,Sleek Suppliers of Lakecrest,66.0,Radiant Glass Cleaner,cleaning supplies,segA,5.0,21.0,38.85,102.06,105.0,89.25,9/10/2026,,,,,,,,
1926,9/2/2026,65.0,105.0,Sleek Suppliers of Lakecrest,104.0,Gleaming Glossy Photo Paper,copy paper,segA,18.0,52.0,73.84,1329.12,936.0,393.12,9/10/2026,,,,,,,,
1927,9/2/2026,65.0,105.0,Sleek Suppliers of Lakecrest,107.0,Radiant Glossy Photo Paper,copy paper,segA,27.0,58.0,84.1,2270.7,1566.0,704.7,9/10/2026,,,,,,,,
1928,9/2/2026,65.0,105.0,Sleek Suppliers of Lakecrest,108.0,Dazzling Cardstock,copy paper,  segA ,13.0,21.0,32.55,423.15,273.0,150.15,9/10/2026,,,,,,,,
1929,9/2/2026,65.0,105.0,Sleek Suppliers of Lakecrest,118.0,Sparkling Cardstock,copy paper,segA,2.0,37.0,58.83,1529.58,962.0,567.58,9/10/2026,,,,,,,,
1930,9/2/2026,65.0,105.0,Sleek Suppliers of Lakecrest,120.0,Sparkling Letter Size Paper,copy paper,segA,9.0,45.0,51.29707511896669,599.4,405.0,194.4,9/10/2026,,,,,,,,
1931,8/19/2026,365.0,105.0,Sleek Suppliers of Lakecrest,23.0,Dazzling Roll Paper Towels,paper & tissue,segC,2.0,40.0,64.0,128.0,80.0,48.0,8/20/2026,,,,,,,,
1932,8/19/2026,365.0,105.0,Sleek Suppliers of Lakecrest,30.0,Immaculate Markers,office products,segC,3.0,28.0,42.28,126.84,84.0,42.84,8/20/2026,,,,,,,,
1933,8/19/2026,365.0,105.0,Sleek Suppliers of Lakecrest,40.0,Immaculate Markers,office products,,2.0,34.0,52.36,104.72,68.0,36.72,8/20/2026,,,,,,,,
1934,8/19/2026,365.0,105.0,Sleek Suppliers of Lakecrest,56.0,Pristine Citrus Cleaner,cleaning supplies,segA,13.0,48.0,78.24,1017.12,624.0,393.12,8/20/2026,,,,,,,,
1935,8/19/2026,365.0,105.0,Sleek Suppliers of Lakecrest,57.0,Glossy All-Purpose Cleaner,cleaning supplies,segA,1.0,51.0,86.7,86.7,51.0,35.7,8/20/2026,,,,,,,,
1936,8/19/2026,365.0,105.0,Sleek Suppliers of Lakecrest,58.0,Spotless Floor Cleaner,cleaning supplies,segA,5.0,31.0,57.35,286.75,155.0,131.75,8/20/2026,,,,,,,,
1937,8/19/2026,365.0,105.0,Sleek Suppliers of Lakecrest,61.0,Pristine Degreaser,cleaning supplies,segA,126.0,50.0,73.0,9198.0,6300.0,2898.0,8/20/2026,,,,,,,,
1938,19/08/2026,365.0,105.0,Sleek Suppliers of Lakecrest,84.0,Sparkling Creamers,breakroom supplies,segB,3.0,18.0,32.4,97.2,54.0,43.2,8/20/2026,,,,,,,,
1939,19/08/2026,365.0,105.0,Sleek Suppliers of Lakecrest,88.0,Gleaming Coffee Beans,breakroom supplies,segB,1.0,18.0,34.92,34.92,63.0,16.92,8/20/2026,,,,,,,,
1940,8/19/2026,365.0,105.0,Sleek Suppliers of Lakecrest,99.0,Glossy Letter Size Paper,copy paper,segA,18.0,57.0,88.92,1600.56,1026.0,574.56,8/20/2026,,,,,,,,
1941,8/19/2026,365.0,105.0,Sleek Suppliers of Lakecrest,104.0,Gleaming Glossy Photo Paper,copy paper,segA,26.0,52.0,73.84,1919.84,1352.0,567.84,8/20/2026,,,,,,,,
1942,8/19/2026,365.0,105.0,Sleek Suppliers of Lakecrest,105.0,Pristine Graph Paper,copy paper,,6.0,52.0,79.56,477.36,312.0,165.36,8/20/2026,,,,,,,,
1943,8/19/2026,365.0,105.0,Sleek Suppliers of Lakecrest,107.0,Radiant Glossy Photo Paper,copy paper,segA,26.0,58.0,84.1,2186.6,1508.0,678.6,8/20/2026,,,,,,,,
1944,8/19/2026,365.0,105.0,Sleek Suppliers of Lakecrest,108.0,Dazzling Cardstock,copy paper,segA,11.0,21.0,32.55,358.05,231.0,127.05,8/20/2026,,,,,,,,
1945,8/19/2026,365.0,105.0,Sleek Suppliers of Lakecrest,112.0,Sparkling Letter Size Paper,copy paper,segA,195.0,32.344897959183676,59.8,11661.0,8970.0,2691.0,8/20/2026,,,,,,,,
1946,19/08/2026,365.0,105.0,Sleek Suppliers of Lakecrest,115.0,Polished Glossy Photo Paper,copy paper,segA,18.0,59.0,78.47,1412.46,1062.0,350.46,8/20/2026,,,,,,,,
1947,8/19/2026,365.0,105.0,Sleek Suppliers of Lakecrest,118.0,Sparkling Cardstock,copy paper,segA,22.0,37.0,58.83,1294.26,814.0,480.26,8/20/2026,,,,,,,,
1948,8/17/2026,410.0,105.0,Sleek Suppliers of Lakecrest,55.0,Spotless Floor Cleaner,cleaning supplies,  segA ,15.0,29.0,47.56,713.4,63.0,278.4,8/18/2026,,,,,,,,
1949,8/17/2026,410.0,105.0,Sleek Suppliers of Lakecrest,57.0,Glossy All-Purpose Cleaner,cleaning supplies,segA,2.0,51.0,86.7,102.06,102.0,71.4,8/18/2026,,,,,,,,
1950,8/17/2026,410.0,105.0,Sleek Suppliers of Lakecrest,58.0,Spotless Floor Cleaner,cleaning supplies,segA,6.0,31.0,57.35,102.06,186.0,158.1,8/18/2026,,,,,,,,
1951,8/17/2026,410.0,105.0,Sleek Suppliers of Lakecrest,61.0,Pristine Degreaser,cleaning supplies,segA,120.0,50.0,73.0,8760.0,6000.0,2760.0,8/18/2026,,,,,,,,
1952,8/17/2026,410.0,105.0,Sleek Suppliers of Lakecrest,64.0,  Bright Glass Cleaner ,cleaning supplies,  segA ,3.0,32.0,54.72,164.16,96.0,68.16,8/18/2026,,,,,,,,
1953,8/17/2026,410.0,105.0,  Sleek Suppliers of Lakecrest ,68.0,Dazzling Disinfectant Wipes,cleaning supplies,segA,9.0,54.0,91.26,821.34,486.0,335.34,18/08/2026,,,,,,,,
1954,8/17/2026,410.0,105.0,Sleek Suppliers of Lakecrest,84.0,Sparkling Creamers,breakroom supplies,segB,1.0,18.0,32.4,32.4,18.0,14.4,,,,,,,,,
1955,8/17/2026,410.0,105.0,Sleek Suppliers of Lakecrest,88.0,Gleaming Coffee Beans,breakroom supplies,segB,1.0,18.0,34.92,34.92,18.0,16.92,8/18/2026,,,,,,,,
1956,17/08/2026,410.0,105.0,Sleek Suppliers of Lakecrest,97.0,Sparkling Legal Size Paper,copy paper,segA,17.0,32.344897959183676,51.87,881.79,663.0,218.79,8/18/2026,,,,,,,,
1957,8/17/2026,410.0,105.0,Sleek Suppliers of Lakecrest,99.0,Glossy Letter Size Paper,copy paper,segA,19.0,57.0,88.92,1689.48,1083.0,606.48,8/18/2026,,,,,,,,
1958,8/17/2026,410.0,105.0,Sleek Suppliers of Lakecrest,105.0,Pristine Graph Paper,copy paper,segA,4.0,52.0,79.56,318.24,208.0,110.24,8/18/2026,,,,,,,,
1959,17/08/2026,410.0,105.0,Sleek Suppliers of Lakecrest,106.0,Sleek Resume Paper,copy paper,segA,19.0,48.0,63.84,1212.96,912.0,300.96,8/18/2026,,,,,,,,
1960,8/17/2026,410.0,105.0,Sleek Suppliers of Lakecrest,108.0,Dazzling Cardstock,copy paper,segA,14.0,21.0,32.55,455.7,294.0,161.7,8/18/2026,,,,,,,,
1961,8/17/2026,410.0,105.0,Sleek Suppliers of Lakecrest,115.0,Polished Glossy Photo Paper,copy paper,segA,16.0,59.0,78.47,1255.52,944.0,311.52,8/18/2026,,,,,,,,
1962,8/17/2026,410.0,105.0,Sleek Suppliers of Lakecrest,117.0,Dazzling Graph Paper,copy paper,segA,20.0,32.344897959183676,73.95,1479.0,1020.0,459.0,8/18/2026,,,,,,,,
1963,8/17/2026,410.0,105.0,Sleek Suppliers of Lakecrest,118.0,Sparkling Cardstock,copy paper,segA,16.0,32.344897959183676,58.83,941.28,592.0,349.28,8/18/2026,,,,,,,,
1964,8/17/2026,410.0,105.0,Sleek Suppliers of Lakecrest,120.0,Sparkling Letter Size Paper,copy paper,segA,11.0,45.0,66.6,732.6,495.0,237.6,8/18/2026,,,,,,,,
1966,9/3/2026,,105.0,Sleek Suppliers of Lakecrest,55.0,Spotless Floor Cleaner,cleaning supplies,segA,15.0,29.0,47.56,713.4,435.0,278.4,9/4/2026,,,,,,,,
1967,26/08/2026,219.0,106.0,Glossy Suppliers of Maplefield,2.0,Glossy Party Napkins,paper & tissue,segB,1.0,29.0,40.6,40.6,29.0,11.6,8/27/2026,,,,,,,,
1968,8/26/2026,219.0,106.0,Glossy Suppliers of Maplefield,8.0,Bright Party Napkins,paper & tissue,sgeB,1.0,50.0,77.0,77.0,50.0,27.0,8/27/2026,,,,,,,,
1969,8/26/2026,219.0,106.0,Glossy Suppliers of Maplefield,14.0,Spotless Pocket Tissues,paper & tissue,segB,1.0,20.0,29.4,29.4,20.0,9.4,8/27/2026,,,,,,,,
1970,8/26/2026,219.0,106.0,Glossy Suppliers of Maplefield,26.0,Radiant Sticky Notes,office products,segB,1.0,34.0,48.62,48.62,34.0,14.62,8/27/2026,,,,,,,,
1971,8/26/2026,219.0,106.0,Glossy Suppliers of Maplefield,30.0,Immaculate Markers,office products,segB,1.0,28.0,42.0,42.0,28.0,14.0,8/27/2026,,,,,,,,
1972,8/26/2026,219.0,106.0,Glossy Suppliers of Maplefield,53.0,Glossy Glass Cleaner,cleaning supplies,segA,3.0,36.0,65.88,197.64,108.0,89.64,8/27/2026,,,,,,,,
1973,8/26/2026,219.0,106.0,  Glossy Suppliers of Maplefield ,54.0,Dazzling Floor Cleaner,cleaning supplies,segA,2.0,45.0,84.15,168.3,90.0,78.3,8/27/2026,,,,,,,,
1974,8/26/2026,219.0,106.0,Glossy Suppliers of Maplefield,64.0,Bright Glass Cleaner,cleaning supplies,segA,3.0,32.0,56.0,168.0,96.0,72.0,8/27/2026,,,,,,,,
1975,8/26/2026,219.0,106.0,Glossy Suppliers of Maplefield,71.0,Spotless Glass Cleaner,cleaning supplies,segA,1.0,31.0,58.59,58.59,31.0,37.8,8/27/2026,,,,,,,,
1976,8/26/2026,219.0,106.0,Glossy Suppliers of Maplefield,72.0,Gleaming Glass Cleaner,cleaning supplies,segA,2.0,23.0,37.26,74.52,46.0,28.52,8/27/2026,,,,,,,,
1977,8/26/2026,219.0,106.0,Glossy Suppliers of Maplefield,85.0,Sparkling Microwave Popcorn,breakroom supplies,segA,2.0,12.0,23.04,46.08,24.0,22.08,8/27/2026,,,,,,,,
1978,8/26/2026,219.0,106.0,Glossy Suppliers of Maplefield,86.0,Dazzling Instant Soups,breakroom supplies,segA,1.0,16.0,29.28,29.28,16.0,13.28,8/27/2026,,,,,,,,
1979,8/26/2026,219.0,106.0,Glossy Suppliers of Maplefield,87.0,Glossy Tea Selection,breakroom supplies,segA,1.0,11.0,22.11,22.11,11.0,11.11,8/27/2026,,,,,,,,
1980,8/26/2026,219.0,106.0,Glossy Suppliers of Maplefield,89.0,Sparkling Disposable Cups,breakroom supplies,segA,1.0,21.0,42.63,42.63,21.0,21.63,8/27/2026,,,,,,,,
1981,8/26/2026,219.0,106.0,Glossy Suppliers of Maplefield,96.0,Dazzling Disposable Cups,breakroom supplies,segA,1.0,32.344897959183676,36.1,36.1,19.0,17.1,8/27/2026,,,,,,,,
1982,8/26/2026,219.0,106.0,Glossy Suppliers of Maplefield,97.0,Sparkling Legal Size Paper,cpoy paper,segA,6.0,39.0,58.89,353.34,234.0,119.34,8/27/2026,,,,,,,,
1983,8/26/2026,219.0,106.0,Glossy Suppliers of Maplefield,98.0,Radiant Glossy Photo Paper,copy paper,segA,2.0,23.0,34.27,68.54,46.0,22.54,8/27/2026,,,,,,,,
1984,8/26/2026,219.0,106.0,Glossy Suppliers of Maplefield,105.0,Pristine Graph Paper,copy paper,segA,1.0,52.0,73.32,102.06,52.0,21.32,8/27/2026,,,,,,,,
1985,8/26/2026,219.0,106.0,Glossy Suppliers of Maplefield,106.0,Sleek Resume Paper,copy paper,segA,3.0,48.0,72.96,218.88,144.0,74.88,8/27/2026,,,,,,,,
1986,8/26/2026,219.0,106.0,  Glossy Suppliers of Maplefield ,108.0,Dazzling Cardstock,copy paper,segA,3.0,21.0,32.55,97.65,63.0,34.65,8/27/2026,,,,,,,,
1987,8/26/2026,219.0,106.0,Glossy Suppliers of Maplefield,114.0,Glossy Recycled Paper,copy paper,segA,1.0,32.0,46.4,46.4,32.0,14.4,8/27/2026,,,,,,,,
1988,8/26/2026,219.0,106.0,Glossy Suppliers of Maplefield,116.0,Immaculate Legal Size Paper,copy paper,segA,1.0,59.0,91.45,91.45,59.0,32.45,8/27/2026,,,,,,,,
1989,8/26/2026,219.0,106.0,Glossy Suppliers of Maplefield,119.0,Immaculate Letter Size Paper,copy paper,segA,4.0,32.344897959183676,58.96,235.84,176.0,59.84,8/27/2026,,,,,,,,
1990,8/24/2026,279.0,106.0,,54.0,Dazzling Floor Cleaner,cleaning supplies,  segA ,1.0,45.0,84.15,84.15,45.0,39.15,8/25/2026,,,,,,,,
1991,8/24/2026,279.0,106.0,Glossy Suppliers of Maplefield,58.0,Spotless Floor Cleaner,cleaning supplies,segA,1.0,31.0,58.59,58.59,31.0,27.59,8/25/2026,,,,,,,,
1992,8/24/2026,279.0,106.0,Glossy Suppliers of Maplefield,64.0,Bright Glass Cleaner,cleaning supplies,segA,3.0,32.0,56.0,168.0,96.0,72.0,8/25/2026,,,,,,,,
1993,8/24/2026,279.0,106.0,Glossy Suppliers of Maplefield,71.0,Spotless Glass Cleaner,cleaning supplies,segA,1.0,31.0,58.59,58.59,31.0,27.59,8/25/2026,,,,,,,,
1994,24/08/2026,279.0,106.0,Glossy Suppliers of Maplefield,85.0,Sparkling Microwave Popcorn,breakroom supplies,segA,2.0,12.0,23.04,46.08,24.0,22.08,8/25/2026,,,,,,,,
1995,8/24/2026,279.0,106.0,Glossy Suppliers of Maplefield,86.0,Dazzling Instant Soups,breakroom supplies,segA,1.0,16.0,29.28,29.28,16.0,13.28,8/25/2026,,,,,,,,
1996,8/24/2026,279.0,106.0,Glossy Suppliers of Maplefield,89.0,Sparkling Disposable Cups,,segA,1.0,21.0,42.63,42.63,21.0,21.63,8/25/2026,,,,,,,,
1997,8/24/2026,279.0,106.0,Glossy Suppliers of Maplefield,94.0,Pristine Instant Soups,breakroom supplies,segA,1.0,7.0,14.07,14.07,63.0,7.07,8/25/2026,,,,,,,,
1998,8/24/2026,279.0,106.0,Glossy Suppliers of Maplefield,97.0,Sparkling Legal Size Paper,copy paper,segA,4.0,39.0,58.89,235.56,156.0,79.56,8/25/2026,,,,,,,,
1999,8/24/2026,279.0,106.0,Glossy Suppliers of Maplefield,99.0,Glossy Letter Size Paper,copy paper,segA,3.0,57.0,88.35,265.05,171.0,94.05,8/25/2026,,,,,,,,
2000,8/24/2026,279.0,106.0,Glossy Suppliers of Maplefield,100.0,Dazzling Legal Size Paper,copy paper,segA,3.0,24.0,32.88,98.64,72.0,26.64,8/25/2026,,,,,,,,
2001,8/24/2026,279.0,106.0,Glossy Suppliers of Maplefield,106.0,Sleek Resume Paper,copy paper,segA,4.0,48.0,72.96,291.84,192.0,99.84,8/25/2026,,,,,,,,
2002,8/13/2026,478.0,106.0,Glossy Suppliers of Maplefield,2.0,Glossy Party Napkins,paper & tissue,segB,2.0,29.0,40.6,81.2,58.0,23.2,8/14/2026,,,,,,,,
2003,8/13/2026,478.0,106.0,Glossy Suppliers of Maplefield,8.0,Bright Party Napkins,paper & tissue,segB,1.0,50.0,77.0,77.0,50.0,27.0,8/14/2026,,,,,,,,
2004,8/13/2026,478.0,106.0,  Glossy Suppliers of Maplefield ,18.0,Pristine Lunch Napkins,paper & tissue,segB,1.0,32.344897959183676,29.6,29.6,20.0,9.6,8/14/2026,,,,,,,,
2005,8/13/2026,478.0,106.0,Glossy Suppliers of Maplefield,53.0,Glossy Glass Cleaner,cleaning supplies,segA,1.0,36.0,65.88,65.88,36.0,29.88,8/14/2026,,,,,,,,
2006,8/13/2026,478.0,106.0,Glossy Suppliers of Maplefield,54.0,Dazzling Floor Cleaner,cleaning supplies,segA,3.0,45.0,84.15,252.45,135.0,117.45,8/14/2026,,,,,,,,
2007,8/13/2026,478.0,106.0,Glossy Suppliers of Maplefield,57.0,Glossy All-Purpose Cleaner,cleaning supplies,segA,1.0,51.0,87.21,87.21,51.0,36.21,8/14/2026,,,,,,,,
2008,8/13/2026,478.0,106.0,Glossy Suppliers of Maplefield,60.0,Polished Degreaser,cleaning supplies,segA,1.0,26.0,48.88,48.88,26.0,22.88,8/14/2026,,,,,,,,
2009,8/13/2026,478.0,106.0,Glossy Suppliers of Maplefield,72.0,Gleaming Glass Cleaner,cleaning supplies,segA,2.0,23.0,37.26,74.52,46.0,37.8,8/14/2026,,,,,,,,
2010,8/13/2026,478.0,106.0,Glossy Suppliers of Maplefield,73.0,Spotless Creamers,breakroom supplies,segA,1.0,18.0,31.68,102.06,18.0,13.68,8/14/2026,,,,,,,,
2011,8/13/2026,478.0,106.0,Glossy Suppliers of Maplefield,75.0,Fresh Microwave Popcorn,breakroom supplies,segA,1.0,18.0,35.82,35.82,18.0,17.82,8/14/2026,,,,,,,,
2012,8/13/2026,478.0,106.0,Glossy Suppliers of Maplefield,81.0,Polished Stirrers,breakroom supplies,segA,1.0,22.0,38.28,38.28,22.0,16.28,8/14/2026,,,,,,,,
2013,8/13/2026,478.0,106.0,Glossy Suppliers of Maplefield,85.0,Sparkling Microwave Popcorn,breakroom supplies,segA,2.0,12.0,23.04,46.08,24.0,22.08,8/14/2026,,,,,,,,
2014,8/13/2026,478.0,106.0,Glossy Suppliers of Maplefield,87.0,Glossy Tea Selection,breakroom supplies,segA,1.0,11.0,22.11,22.11,11.0,11.11,8/14/2026,,,,,,,,
2015,8/13/2026,478.0,106.0,Glossy Suppliers of Maplefield,90.0,Dazzling Instant Soups,breakroom supplies,segA,1.0,24.0,49.2,49.2,24.0,25.2,8/14/2026,,,,,,,,
2016,8/13/2026,478.0,106.0,Glossy Suppliers of Maplefield,98.0,Radiant Glossy Photo Paper,copy paper,segA,3.0,23.0,34.27,102.81,69.0,33.81,8/14/2026,,,,,,,,
2017,8/13/2026,478.0,106.0,Glossy Suppliers of Maplefield,99.0,Glossy Letter Size Paper,  copy paper ,segA,4.0,57.0,88.35,353.4,228.0,125.4,8/14/2026,,,,,,,,
2018,8/13/2026,478.0,106.0,Glossy Suppliers of Maplefield,104.0,Gleaming Glossy Photo Paper,copy paper,segA,3.0,52.0,79.56,238.68,156.0,82.68,8/14/2026,,,,,,,,
2019,8/13/2026,478.0,106.0,Glossy Suppliers of Maplefield,108.0,Dazzling Cardstock,copy paper,segA,6.0,21.0,32.55,195.3,126.0,69.3,8/14/2026,,,,,,,,
2020,8/10/2026,562.0,106.0,Glossy Suppliers of Maplefield,14.0,Spotless Pocket Tissues,paper & tissue,segB,1.0,20.0,29.4,29.4,20.0,9.4,8/25/2026,,,,,,,,
2021,8/10/2026,562.0,106.0,Glossy Suppliers of Maplefield,33.0,Dazzling File Folders,office products,segB,1.0,26.0,42.9,42.9,26.0,16.9,8/25/2026,,,,,,,,
2022,8/10/2026,562.0,106.0,Glossy Suppliers of Maplefield,48.0,Fresh Desk Organizers,office products,segB,1.0,29.0,44.37,44.37,29.0,15.37,8/25/2026,,,,,,,,
2023,8/10/2026,562.0,106.0,Glossy Suppliers of Maplefield,60.0,Polished Degreaser,cleaning supplies,segA,1.0,26.0,48.88,48.88,26.0,22.88,8/25/2026,,,,,,,,
2024,8/10/2026,562.0,106.0,Glossy Suppliers of Maplefield,64.0,Bright Glass Cleaner,cleaning supplies,segA,2.0,32.0,56.0,56.0,32.0,24.0,8/25/2026,,,,,,,,
2025,8/10/2026,562.0,106.0,Glossy Suppliers of Maplefield,70.0,Sleek Air Freshener,cleaning supplies,segA,3.0,33.0,61.05,183.15,99.0,84.15,,,,,,,,,
2026,8/10/2026,562.0,106.0,Glossy Suppliers of Maplefield,71.0,Spotless Glass Cleaner,cleaning supplies,segA,2.0,31.0,58.59,58.59,31.0,27.59,8/25/2026,,,,,,,,
2027,8/10/2026,562.0,106.0,Glossy Suppliers of Maplefield,85.0,Sparkling Microwave Popcorn,breakroom supplies,segA,2.0,12.0,23.04,46.08,24.0,22.08,8/25/2026,,,,,,,,
2028,8/10/2026,562.0,106.0,Glossy Suppliers of Maplefield,86.0,Dazzling Instant Soups,breakroom supplies,segA,1.0,16.0,29.28,102.06,16.0,13.28,8/25/2026,,,,,,,,
2029,8/10/2026,562.0,106.0,Glossy Suppliers of Maplefield,87.0,Glossy Tea Selection,breakroom supplies,segA,1.0,11.0,22.11,22.11,11.0,11.11,8/25/2026,,,,,,,,
2030,8/10/2026,562.0,106.0,Glossy Suppliers of Maplefield,89.0,Sparkling Disposable Cups,breakroom supplies,esgA,2.0,21.0,42.63,85.26,42.0,43.26,8/25/2026,,,,,,,,
2031,8/10/2026,562.0,106.0,Glossy Suppliers of Maplefield,90.0,Dazzling Instant Soups,breakroom supplies,segA,1.0,32.344897959183676,49.2,49.2,24.0,25.2,8/25/2026,,,,,,,,
2032,8/10/2026,562.0,106.0,Glossy Suppliers of Maplefield,104.0,Gleaming Glossy Photo Paper,copy paper,segA,4.0,52.0,79.56,318.24,208.0,110.24,8/25/2026,,,,,,,,
2033,8/10/2026,562.0,106.0,Glossy Suppliers of Maplefield,106.0,Sleek Resume Paper,copy paper,segA,4.0,48.0,72.96,291.84,192.0,99.84,8/25/2026,,,,,,,,
2034,8/10/2026,562.0,106.0,Glossy Suppliers of Maplefield,114.0,GlossyR ecycled Paper,copy paper,segA,2.0,32.0,46.4,92.8,64.0,28.8,8/25/2026,,,,,,,,
2035,8/10/2026,,106.0,  Glossy Suppliers of Maplefield ,82.0,Pristine Granola Bars,breakroom supplies,segA,2.0,26.0,48.1,96.2,52.0,44.2,8/25/2026,,,,,,,,
2036,8/31/2026,112.0,108.0,Sparkling Custodians of Harbordale,2.0,Glossy Party Napkins,paper & tissue,segB,1.0,29.0,45.24,45.24,29.0,16.24,9/1/2026,,,,,,,,
2037,8/31/2026,112.0,108.0,Sparkling Custodians of Harbordale,10.0,Pristine 2-Ply Toilet Paper,paper & tissue,segB,1.0,26.0,38.22,38.22,26.0,12.22,9/1/2026,,,,,,,,
2038,8/31/2026,112.0,108.0,Sparkling Custodians of Harbordale,11.0,Fresh Lunch Napkins,paper & tissue,segB,1.0,21.0,51.29707511896669,31.71,21.0,10.71,9/1/2026,,,,,,,,
2039,8/31/2026,112.0,108.0,Sparkling Custodians of Harbordale,16.0,Dazzling Bathroom Tissue,pape r& tissue,segB,1.0,32.344897959183676,66.36,66.36,42.0,24.36,9/1/2026,,,,,,,,
2040,8/31/2026,112.0,108.0,Sparkling Custodians of Harbordale,64.0,Bright Glass Cleaner,cleaning supplies,segB,1.0,32.0,58.56,58.56,32.0,26.56,9/1/2026,,,,,,,,
2041,8/31/2026,112.0,108.0,Sparkling Custodians of Harbordale,75.0,Fresh Microwave Popcorn,breakroom supplies,segB,1.0,18.0,51.29707511896669,38.16,18.0,20.16,9/1/2026,,,,,,,,
2042,8/31/2026,112.0,108.0,Sparkling Custodians of Harbordale,79.0,  Immaculate Microwave Popcorn ,breakroom supplies,segB,1.0,25.0,48.75,48.75,25.0,23.75,9/1/2026,,,,,,,,
2043,8/31/2026,112.0,108.0,Sparkling Custodians of Harbordale,97.0,Sparkling Legal Size Paper,,segA,2.0,39.0,55.38,276.9,63.0,81.9,9/1/2026,,,,,,,,
2044,8/31/2026,112.0,108.0,Sparkling Custodians of Harbordale,115.0,Polished Glossy Photo Paper,copy paper,segA,22.0,59.0,67.26,1479.72,1298.0,181.72,9/1/2026,,,,,,,,
2045,8/31/2026,112.0,108.0,Sparkling Custodians of Harbordale,119.0,  Immaculate Letter Size Paper ,copy paper,segA,2.0,44.0,64.24,128.48,88.0,40.48,9/1/2026,,,,,,,,
2046,8/31/2026,112.0,108.0,Sparkling Custodians of Harbordale,120.0,Sparkling Letter Size Paper,copy paper,segA,1.0,32.344897959183676,59.4,59.4,45.0,14.4,9/1/2026,,,,,,,,
2047,8/26/2026,220.0,108.0,Sparkling Custodians of Harbordale,78.0,Glossy Creamers,breakroom supplies,segB,52.0,27.0,43.2,2246.4,1404.0,842.4,9/3/2026,,,,,,,,
2048,8/26/2026,220.0,108.0,  Sparkling Custodians of Harbordale ,79.0,Immaculate Microwave Popcorn,breakroom supplies,segB,1.0,25.0,48.75,48.75,25.0,23.75,9/3/2026,,,,,,,,
2049,8/26/2026,220.0,108.0,  Sparkling Custodians of Hrabordale ,97.0,Sparkling Legal Size Paper,copy paper,segA,6.0,39.0,55.38,332.28,234.0,98.28,,,,,,,,,
2050,8/26/2026,220.0,108.0,Sparkling Custodians of Harbordale,115.0,Polished Glossy Photo Paper,copy paper,segA,2.0,59.0,67.26,1546.98,1357.0,189.98,9/3/2026,,,,,,,,
2051,8/10/2026,563.0,108.0,Sparkling Custodians of Harbordale,11.0,Fresh Lunch Napkins,paper & tissue,segB,1.0,21.0,31.71,31.71,21.0,10.71,8/18/2026,,,,,,,,
2052,8/10/2026,563.0,108.0,Sparkling Custodians of Harbordale,43.0,Fresh File Folders,office products,segD,1.0,50.0,80.0,80.0,50.0,30.0,8/18/2026,,,,,,,,
2053,8/10/2026,563.0,108.0,Sparkling Custodians of Harbordale,76.0,Immaculate Granola Bars,breakroom supplies,segB,1.0,10.0,21.2,21.2,10.0,11.2,8/18/2026,,,,,,,,
2054,8/10/2026,563.0,108.0,Sparkling Custodians of Harbordale,82.0,Pristine Granola Bars,breakroom supplies,segB,1.0,26.0,53.56,53.56,26.0,27.56,8/18/2026,,,,,,,,
2055,8/10/2026,563.0,108.0,Sparkling Custodians of Harbordale,83.0,Spotless Energy Drinks,breakroom supplies,segB,1.0,26.0,50.18,50.18,26.0,24.18,8/18/2026,,,,,,,,
2056,10/8/2026,563.0,108.0,Sparkling Custodians of Harbordale,91.0,Glossy Microwave Popcorn,breakroom supplies,segB,1.0,29.0,57.42,57.42,29.0,28.42,,,,,,,,,
2057,8/10/2026,563.0,108.0,Sparkling Custodians of Harbordale,97.0,Sparkling Legal Size Paper,copy paper,segA,5.0,39.0,55.38,276.9,195.0,81.9,8/18/2026,,,,,,,,
2058,8/10/2026,563.0,108.0,Sparkling Custodians of Harbordale,102.0,Sleek Resume Paper,copy paper,segA,5.0,26.0,34.32,171.6,130.0,41.6,8/18/2026,,,,,,,,
2059,8/10/2026,563.0,108.0,Sparkling Custodians of Harbordale,107.0,Radiant Glossy Photo Paper,copy paper,segA,29.0,58.0,66.7,1934.3,1682.0,252.3,,,,,,,,,
2060,8/10/2026,563.0,108.0,Sparkling Custodians of Harbordale,116.0,Immaculate Legal Size Paper,copy paper,segA,5.0,59.0,90.27,451.35,295.0,156.35,8/18/2026,,,,,,,,
2061,8/10/2026,563.0,108.0,Sparkling Custodians of Harbordale,120.0,Sparkling Letter Size Paper,copy paper,segA,2.0,45.0,59.4,118.8,90.0,28.8,8/18/2026,,,,,,,,
2062,8/26/2026,,108.0,Sparkling Custodians of Harbordale,101.0,Radiant Colored Paper,copy paper,segA,4.0,60.0,93.0,372.0,240.0,132.0,9/3/2026,,,,,,,,
2063,8/10/2026,,108.0,Sparkling Custodians of Harbordale,118.0,Sparkling Cardstock,copy paper,sgeA,3.0,37.0,52.54,157.62,111.0,46.62,8/18/2026,,,,,,,,
2064,9/2/2026,66.0,109.0,Sleek Servicers of Granitefield,7.0,Gleaming Bathroom Tissue,paper & tissue,segA,6.0,16.0,23.68,142.08,96.0,46.08,9/3/2026,,,,,,,,
2065,9/2/2026,66.0,109.0,Sleek Servicers of Granitefield,11.0,Fresh Lunch Napkins,,segA,19.0,21.0,25.2,478.8,399.0,79.8,9/3/2026,,,,,,,,
2066,9/2/2026,66.0,109.0,Sleek Servicers of Granitefield,12.0,Immaculate Roll Paper Towels,paper & tissue,segA,1.0,44.0,62.48,62.48,44.0,18.48,9/3/2026,,,,,,,,
2067,9/2/2026,66.0,109.0,Sleek Servicers of Granitefield,24.0,Sparkling Pocket Tissues,paper & tissue,segA,6.0,18.0,24.48,146.88,108.0,38.88,9/3/2026,,,,,,,,
2068,9/2/2026,66.0,109.0,Sleek Servicers of Granitefield,50.0,Bright Glass Cleaner,cleaning supplies,segB,2.0,23.0,40.71,40.71,23.0,17.71,,,,,,,,,
2069,9/2/2026,66.0,109.0,Sleek Servicers of Granitefield,60.0,Polished Degreaser,cleaning supplies,segB,1.0,26.0,52.0,52.0,26.0,26.0,9/3/2026,,,,,,,,
2070,9/2/2026,66.0,109.0,Sleek Servicers of Granitefield,68.0,Dazzling Disinfectant Wipes,cleaning supplies,segB,1.0,54.0,100.44,100.44,54.0,46.44,9/3/2026,,,,,,,,
2071,9/2/2026,66.0,109.0,Sleek Servicers of Granitefield,71.0,Spotless Glass Cleaner,cleaning supplies,segB,1.0,31.0,54.25,54.25,31.0,23.25,9/3/2026,,,,,,,,
2072,8/24/2026,280.0,109.0,Sleek Servicers of Granitefield,5.0,Polished Kitchen Towels,paper & tissue,segA,3.0,35.0,49.7,149.1,105.0,44.1,8/25/2026,,,,,,,,
2073,8/24/2026,280.0,109.0,Sleek Servicers of Granitefield,7.0,Gleaming Bathroom Tissue,paper & tissue,segA,6.0,16.0,23.68,142.08,96.0,46.08,8/25/2026,,,,,,,,
2074,8/24/2026,280.0,109.0,Sleek Servciers of Granitefield,24.0,Sparkling Pocket Tissues,paper & tissue,,3.0,18.0,24.48,73.44,54.0,19.44,8/25/2026,,,,,,,,
2075,8/24/2026,280.0,109.0,Sleek Servicers of Granitefield,54.0,Dazzling Floor Cleaner,cleaning supplies,segB,1.0,45.0,80.55,80.55,45.0,35.55,8/25/2026,,,,,,,,
2076,8/24/2026,280.0,109.0,Sleek Servicers of Granitefield,99.0,Glossy Letter Size Paper,copy paper,  segD ,1.0,57.0,104.31,104.31,57.0,47.31,8/25/2026,,,,,,,,
2077,8/17/2026,411.0,109.0,Sleek Servicers of Granitefield,7.0,Gleaming Bathroom Tissue,paper & tissue,segA,4.0,16.0,51.29707511896669,94.72,64.0,30.72,8/18/2026,,,,,,,,
2078,8/17/2026,411.0,109.0,Sleek Servicers of Granitefield,23.0,Dazzling Roll Paper Towels,paper & tissue,segA,15.0,40.0,46.0,690.0,600.0,90.0,8/18/2026,,,,,,,,
2079,8/17/2026,411.0,109.0,Sleek Servicers of Granitefield,24.0,Sparkling Pocket Tissues,paper & tissue,segA,5.0,18.0,24.48,122.4,90.0,32.4,8/18/2026,,,,,,,,
2080,8/17/2026,411.0,109.0,Sleek Servicers of Granitefield,32.0,Bright Desk Organizers,office products,segC,2.0,44.0,74.36,148.72,88.0,60.72,8/18/2026,,,,,,,,
2081,8/17/2026,411.0,109.0,Sleek Servicers of Granitefield,52.0,Spotless Air Freshener,cleaning supplies,segB,1.0,49.0,91.14,91.14,49.0,42.14,8/18/2026,,,,,,,,
2082,8/14/2026,447.0,109.0,Sleek Servicers of Granitefield,8.0,Bright Party Napkins,paper & tissue,segA,6.0,50.0,75.0,450.0,300.0,150.0,8/24/2026,,,,,,,,
2083,8/14/2026,447.0,109.0,Sleek Servicers of Granitefield,11.0,Fresh Lunch Napkins,paper & tissue,segA,17.0,21.0,25.2,428.4,357.0,71.4,8/24/2026,,,,,,,,
2084,8/14/2026,447.0,109.0,Sleek Servicers of Granitefield,12.0,Immaculate Roll Paper Towels,paper & tissue,segA,2.0,44.0,62.48,124.96,88.0,36.96,8/24/2026,,,,,,,,
2085,8/14/2026,447.0,109.0,Sleek Servicers of Granitefield,15.0,Sparkling 2-Ply Toilet Paper,paper & tissue,segA,2.0,43.0,58.05,116.1,86.0,37.8,8/24/2026,,,,,,,,
2086,8/14/2026,447.0,109.0,Sleek Servicers of Granitefield,33.0,Dazzling File Folders,office products,segC,1.0,26.0,40.3,40.3,26.0,14.3,8/24/2026,,,,,,,,
2087,9/2/2026,,109.0,Sleek Servicers of Granitefield,5.0,Polished Kitchen Towels,paper & tissue,,4.0,35.0,49.7,198.8,140.0,58.8,9/3/2026,,,,,,,,
2088,9/4/2026,10.0,110.0,Sparkling Custodians of Riverburg,14.0,Spotless Pocket Tissues,,segA,3.0,20.0,29.4,88.2,60.0,28.2,9/7/2026,,,,,,,,
2089,9/4/2026,10.0,110.0,Sparkling Custodians of Riverburg,16.0,Dazzling Bahtroom Tissue,paper & tissue,,2.0,42.0,57.12,114.24,84.0,30.24,,,,,,,,,
2090,4/9/2026,10.0,110.0,Sparkling Custodians of Riverburg,55.0,Spotless Floor Cleaner,cleaning supplies,,11.0,29.0,43.5,478.5,319.0,159.5,9/7/2026,,,,,,,,
2091,9/4/2026,10.0,110.0,Sparkling Custodians of Riverburg,68.0,Dazzling Disinfectant Wipes,cleaning supplies,segA,2.0,54.0,93.96,187.92,108.0,79.92,9/7/2026,,,,,,,,
2092,9/4/2026,10.0,110.0,Sparkling Custodians of Riverburg,71.0,Spotless Glass Cleaner,cleaning supplies,segA,14.0,31.0,46.5,651.0,434.0,217.0,9/7/2026,,,,,,,,
2093,9/4/2026,10.0,110.0,Sparkling Custodians of Riverburg,75.0,Fresh Microwave Popcorn,breakroom supplies,segA,1.0,18.0,37.08,37.08,18.0,19.08,9/7/2026,,,,,,,,
2094,9/4/2026,10.0,110.0,Sparkling Custodians of Riverburg,78.0,Glossy Creamers,breakroom supplies,segA,1.0,27.0,55.89,55.89,27.0,28.89,9/7/2026,,,,,,,,
2095,9/4/2026,10.0,110.0,Sparkling Custodians of Riverburg,81.0,Polished Stirrers,breakroom supplies,segA,1.0,22.0,42.24,42.24,22.0,20.24,9/7/2026,,,,,,,,
2096,9/4/2026,10.0,110.0,Sparkling Custodians of Riverburg,82.0,Pristine Granola Bars,  breakroom supplies ,segA,1.0,26.0,48.62,48.62,26.0,22.62,9/7/2026,,,,,,,,
2097,9/4/2026,10.0,110.0,Sparkling Custodians of Riverburg,83.0,Spotless Energy Drinks,breakroom supplies,segA,1.0,26.0,49.4,49.4,26.0,23.4,9/7/2026,,,,,,,,
2098,9/4/2026,10.0,110.0,Sparkling Custodians of Riverburg,87.0,Glossy Tea Selection,breakroom supplies,segA,1.0,11.0,22.0,22.0,11.0,11.0,9/7/2026,,,,,,,,
2099,9/4/2026,10.0,110.0,Sparkling Custodians of Riverburg,90.0,Dazzling Instant Soups,breakroom supplies,segA,1.0,24.0,51.29707511896669,42.24,24.0,18.24,9/7/2026,,,,,,,,
2100,9/4/2026,10.0,110.0,Sparkling Custodians of Riverburg,106.0,Sleek Resume Paper,copy paper,segC,1.0,48.0,70.56,70.56,48.0,22.56,9/7/2026,,,,,,,,
2101,9/4/2026,10.0,110.0,Sparkling Custodians of Riverburg,113.0,Polished Recycled Paper,copy paper,segC,1.0,36.0,52.56,52.56,36.0,16.56,,,,,,,,,
2102,9/3/2026,39.0,110.0,Sparkling Custodians of Riverburg,2.0,Glossy Party Napkins,,sgeA,2.0,29.0,40.31,80.62,58.0,22.62,9/4/2026,,,,,,,,
2103,9/3/2026,39.0,110.0,Sparkling Custodians of Riverburg,6.0,Pristine Bathroom Tissue,paper & tissue,segA,2.0,19.0,24.89,49.78,38.0,11.78,9/4/2026,,,,,,,,
2104,9/3/2026,39.0,110.0,Sparkling Custodians of Riverburg,12.0,Immaculate Roll Paper Towels,paper & tissue,segA,2.0,44.0,57.64,115.28,88.0,27.28,9/4/2026,,,,,,,,
2105,9/3/2026,39.0,110.0,Sparkling Custodians of Riverburg,16.0,Dazzling Bathroom Tissue,paper & tissue,segA,1.0,42.0,57.12,57.12,42.0,15.12,9/4/2026,,,,,,,,
2106,9/3/2026,39.0,110.0,Sparkling Custodians of Riverburg,23.0,Dazzling Roll Paper Towels,paper & tissue,segA,1.0,40.0,54.4,54.4,40.0,14.4,9/4/2026,,,,,,,,
2107,9/3/2026,39.0,110.0,Sparkling Custodians of Riverburg,24.0,Sparkling Pocket Tissues,paper & tissue,segA,7.0,18.0,24.12,168.84,126.0,42.84,4/9/2026,,,,,,,,
2108,9/3/2026,39.0,110.0,Sparkling Custodians of Riverburg,55.0,Spotless Floor Cleaner,cleaning supplies,segA,8.0,29.0,43.5,348.0,232.0,116.0,9/4/2026,,,,,,,,
2109,9/3/2026,39.0,110.0,Sparkling Custodians of Riverburg,62.0,Glossy Air Freshener,cleaning supplies,segA,2.0,20.0,33.0,66.0,40.0,26.0,9/4/2026,,,,,,,,
2110,9/3/2026,39.0,110.0,Sparkling Custodians of Riverburg,68.0,  Dazzling Disinfectant Wipes ,cleaning supplies,segA,2.0,54.0,93.96,187.92,108.0,79.92,9/4/2026,,,,,,,,
2111,9/3/2026,39.0,110.0,Sparkling Custodians of Riverburg,71.0,Spotless Glass Cleaner,cleaning supplies,segA,14.0,31.0,46.5,651.0,434.0,217.0,9/4/2026,,,,,,,,
2112,9/3/2026,39.0,110.0,Sparkling Custodians of Riverburg,81.0,Polished Stirrers,breakroom supplies,segA,1.0,22.0,42.24,42.24,22.0,20.24,9/4/2026,,,,,,,,
2113,9/3/2026,39.0,110.0,Sparkling Custodians of Riverburg,82.0,Pristine Granola Bars,breakroom supplies,segA,1.0,26.0,48.62,48.62,26.0,22.62,9/4/2026,,,,,,,,
2114,9/3/2026,39.0,110.0,Sparkling Custodians of Riverburg,86.0,Dazzling Instant Soups,breakroom supplies,segA,1.0,16.0,30.72,30.72,16.0,14.72,9/4/2026,,,,,,,,
2115,9/3/2026,39.0,110.0,Sparkling Custodians of Riverburg,87.0,Glossy Tea Selection,breakroom spuplies,segA,1.0,11.0,22.0,22.0,11.0,11.0,9/4/2026,,,,,,,,
2116,9/3/2026,39.0,110.0,  Sparkling Custodians of Riverburg ,88.0,Gleaming Coffee Beans,breakroom supplies,segA,1.0,18.0,30.6,30.6,18.0,12.6,9/4/2026,,,,,,,,
2117,9/3/2026,39.0,110.0,Sparkling Custodians of Riverburg,90.0,Dazzling Instant Soups,breakroom supplies,segA,1.0,24.0,42.24,42.24,24.0,18.24,9/4/2026,,,,,,,,
2118,9/3/2026,39.0,110.0,Sparkling Custodians of Riverburg,107.0,Radiant Glossy Photo Paper,copy paper,segC,2.0,58.0,89.32,178.64,116.0,62.64,9/4/2026,,,,,,,,
2119,8/26/2026,221.0,110.0,Sparkling Custodians of Riverburg,14.0,Spotless Pocket Tissues,paper & tissue,segA,2.0,20.0,29.4,58.8,40.0,18.8,9/3/2026,,,,,,,,
2120,26/08/2026,221.0,110.0,Sparkling Custodians of Riverburg,16.0,Dazzling Bathroom Tissue,paper & tissue,segA,1.0,42.0,57.12,57.12,42.0,15.12,9/3/2026,,,,,,,,
2121,8/26/2026,221.0,110.0,Sparkling Custodians of Riverburg,19.0,Fresh Party Napkins,paper & tissue,segA,2.0,45.0,63.9,127.8,90.0,37.8,9/3/2026,,,,,,,,
2122,8/26/2026,221.0,110.0,Sparkling Custodians of Riverburg,23.0,Dazzling Roll Paper Towels,paper & tissue,segA,1.0,40.0,54.4,54.4,40.0,14.4,9/3/2026,,,,,,,,
2123,8/26/2026,221.0,110.0,Sparkling Custodians of Riverburg,49.0,Sparkling Disinfectant Wipes,cleaning supplies,,2.0,21.0,38.43,76.86,42.0,34.86,9/3/2026,,,,,,,,
2124,8/26/2026,221.0,110.0,Sparkling Custodians of Riverburg,55.0,Spotless Floor Cleaner,cleaning supplies,segA,11.0,29.0,51.29707511896669,102.06,319.0,159.5,9/3/2026,,,,,,,,
2125,8/26/2026,221.0,110.0,Sparkling Custodians of Riverburg,57.0,Glossy All-Purpose Cleaner,cleaning supplies,segA,3.0,51.0,81.6,244.8,153.0,91.8,3/9/2026,,,,,,,,
2126,8/26/2026,221.0,110.0,Sparkling Custodians of Riverburg,68.0,Dazzling Disinfectant Wipes,cleaning supplies,segA,1.0,54.0,93.96,93.96,54.0,39.96,9/3/2026,,,,,,,,
2127,8/26/2026,221.0,110.0,Sparkling Custodians of Riverburg,77.0,Sleek Disposable Cups,breakroom supplies,segA,1.0,25.0,53.25,53.25,25.0,28.25,9/3/2026,,,,,,,,
2128,8/26/2026,221.0,110.0,Sparkling Custodians of Riverburg,88.0,Gleaming Coffee Beans,breakroom supplies,segA,2.0,18.0,30.6,61.2,36.0,25.2,9/3/2026,,,,,,,,
2129,8/26/2026,221.0,110.0,Sparkling Custodians of Riverburg,106.0,Sleek Resume Paper,,segC,2.0,48.0,70.56,141.12,96.0,45.12,9/3/2026,,,,,,,,
2130,8/20/2026,349.0,110.0,Sparkling Custodians of Riverburg,2.0,Glossy Party Napkins,paper & tissue,segA,3.0,29.0,40.31,120.93,87.0,37.8,8/21/2026,,,,,,,,
2131,8/20/2026,349.0,110.0,Sparkling Custodians of Riverburg,14.0,Spotless Pocket Tissues,paper & tissue,segA,3.0,20.0,29.4,88.2,60.0,28.2,8/21/2026,,,,,,,,
2132,8/20/2026,349.0,110.0,Sparkling Custodians of Riverburg,18.0,Pristine Lunch Napkins,paper & tissue,segA,2.0,20.0,28.6,57.2,40.0,17.2,21/08/2026,,,,,,,,
2133,8/20/2026,349.0,110.0,Sparkling Custodians of Riverburg,49.0,Sparkling Disinfectant Wipes,cleaning supplies,segA,2.0,21.0,38.43,76.86,42.0,34.86,8/21/2026,,,,,,,,
2134,8/20/2026,349.0,110.0,Sparkling Custodians of Riverburg,65.0,Sparkling Citrus Cleaner,cleaning supplies,segA,1.0,20.0,32.0,32.0,20.0,12.0,8/21/2026,,,,,,,,
2135,20/08/2026,349.0,110.0,Sparkling Custodians of Riverburg,68.0,Dazzling Disinfectant Wipes,cleaning supplies,segA,2.0,54.0,93.96,187.92,108.0,79.92,8/21/2026,,,,,,,,
2136,8/20/2026,349.0,110.0,Sparkling Custodians of Riverburg,71.0,Spotless Glass Cleaner,cleaning supplies,segA,2.0,31.0,46.5,697.5,465.0,232.5,8/21/2026,,,,,,,,
2137,8/20/2026,349.0,110.0,Sparkling Custodians of Riverburg,74.0,Pristine Energy Drinks,breakroom supplies,,1.0,15.0,29.55,29.55,15.0,14.55,8/21/2026,,,,,,,,
2138,8/20/2026,349.0,110.0,Sparkling Custodians of Riverburg,75.0,Fresh Microwave Popcorn,breakroom supplies,segA,2.0,18.0,37.08,74.16,36.0,38.16,8/21/2026,,,,,,,,
2139,8/20/2026,349.0,110.0,Sparkling Custodians of Riverburg,77.0,Sleek Disposable Cups,breakroom supplies,segA,1.0,25.0,53.25,53.25,25.0,28.25,8/21/2026,,,,,,,,
2140,8/20/2026,349.0,110.0,Sparkling Custodians of Riverburg,78.0,Glossy Creamers,breakroom supplies,segA,1.0,27.0,55.89,55.89,27.0,28.89,8/21/2026,,,,,,,,
2141,8/20/2026,349.0,110.0,Sparkling Custodians of Riverburg,80.0,Spotless Instant Soups,breakroom supplies,segA,1.0,17.0,36.04,36.04,17.0,19.04,8/21/2026,,,,,,,,
2142,8/20/2026,349.0,110.0,Sparkling Custodians of Riverburg,81.0,Polished Stirrers,breakroom supplies,segA,1.0,22.0,42.24,42.24,22.0,20.24,8/21/2026,,,,,,,,
2143,8/20/2026,349.0,110.0,Sparkling Custodians of Riverburg,82.0,Pristine Granola Bars,breakroom supplies,seAg,1.0,26.0,48.62,48.62,26.0,22.62,8/21/2026,,,,,,,,
2144,8/20/2026,349.0,110.0,Sparkling Custodians of Riverburg,88.0,Gleaming Coffee Beans,breakroom supplies,segA,1.0,18.0,51.29707511896669,30.6,18.0,12.6,8/21/2026,,,,,,,,
2145,8/20/2026,349.0,110.0,Sparkling Custodians of Riverburg,105.0,Pristine Graph Ppaer,copy paper,  sgeC ,1.0,52.0,82.68,82.68,52.0,30.68,8/21/2026,,,,,,,,
2146,8/20/2026,349.0,110.0,Sparkling Custodians of Riverburg,106.0,Sleek Resume Paper,copy paper,segC,2.0,48.0,70.56,141.12,96.0,45.12,8/21/2026,,,,,,,,
2147,9/4/2026,,110.0,Sparkling Custodians of Riverburg,56.0,Pristine Citrus Cleaner,cleaning supplies,segA,1.0,48.0,83.52,83.52,48.0,35.52,9/7/2026,,,,,,,,
2148,8/28/2026,145.0,111.0,Bright Providers of Baycrest,51.0,Bright Glass Cleaner,cleaning supplies,segA,1.0,26.0,46.8,46.8,26.0,20.8,8/31/2026,,,,,,,,
2149,8/28/2026,145.0,111.0,Bright Providers of Baycrest,53.0,Glossy Glass Cleaner,cleaning supplies,segA,1.0,36.0,67.68,67.68,36.0,31.68,8/31/2026,,,,,,,,
2150,8/28/2026,145.0,111.0,Bright Providers of Baycrest,54.0,Dazzling Floor Cleaner,cleaning supplies,segA,3.0,45.0,72.45,217.35,135.0,82.35,8/31/2026,,,,,,,,
2151,8/28/2026,145.0,111.0,Bright Providers of Baycrest,57.0,Glossy All-Purpose Cleaner,cleaning supplies,sgeA,1.0,51.0,96.9,96.9,51.0,45.9,8/31/2026,,,,,,,,
2152,8/28/2026,145.0,111.0,Bright Providers of Baycrest,60.0,  Polished Degreaser ,cleaning supplies,segA,1.0,26.0,41.86,41.86,26.0,15.86,8/31/2026,,,,,,,,
2153,8/28/2026,145.0,111.0,Bright Providers of Baycrest,64.0,Bright Glass Cleaner,cleaning supplies,segA,1.0,32.344897959183676,60.16,60.16,32.0,28.16,8/31/2026,,,,,,,,
2154,8/28/2026,145.0,111.0,Bright Providers of Baycrest,66.0,Radiant Glass Cleaner,cleaning supplies,segA,1.0,21.0,38.85,38.85,21.0,17.85,8/31/2026,,,,,,,,
2155,8/17/2026,412.0,111.0,Bright Providers of Baycrest,25.0,Dazzling Binder Clips,offic eproducts,segB,1.0,45.0,64.8,64.8,45.0,19.8,8/25/2026,,,,,,,,
2156,8/17/2026,412.0,111.0,Bright Providers of Baycrest,29.0,Dazzling Paper Clips,office products,  segB ,1.0,32.344897959183676,59.57,59.57,37.0,22.57,8/25/2026,,,,,,,,
2157,8/17/2026,412.0,111.0,Bright Providers of Baycrest,38.0,Radiant Pens,office products,segB,1.0,17.0,26.18,26.18,17.0,9.18,8/25/2026,,,,,,,,
2158,17/08/2026,412.0,111.0,Bright Providers of Baycrest,54.0,Dazzling Floor Cleaner,cleaning supplies,segA,2.0,45.0,72.45,144.9,90.0,54.9,8/25/2026,,,,,,,,
2159,17/08/2026,412.0,111.0,Bright Providers of Baycrest,57.0,Glossy All-Purpose Cleaner,cleaning supplies,segA,2.0,51.0,96.9,193.8,102.0,91.8,8/25/2026,,,,,,,,
2160,8/17/2026,412.0,111.0,Bright Providers of Baycrest,65.0,Sparkling Citrus Cleaner,cleaning supplies,segA,1.0,20.0,36.6,36.6,20.0,16.6,8/25/2026,,,,,,,,
2161,8/17/2026,412.0,111.0,Bright Providers of Baycrest,71.0,Spotless Glass Cleaner,cleaning supplies,segA,2.0,31.0,52.39,104.78,62.0,42.78,8/25/2026,,,,,,,,
2162,8/31/2026,113.0,112.0,Fresh Stewards of Gardenwood,3.0,Sparkling Party Napkins,paper & tissue,segA,3.0,21.0,31.29,93.87,63.0,30.87,9/1/2026,,,,,,,,
2163,8/31/2026,113.0,112.0,Fresh Stewards of Gardenwood,9.0,Fresh Kitchen Towels,paper & tissue,segA,7.0,33.0,44.22,309.54,231.0,78.54,1/9/2026,,,,,,,,
2164,8/31/2026,113.0,112.0,Fresh Stewards of Gardenwood,12.0,Immaculate Roll Paper Towels,paper & tissue,  segA ,5.0,44.0,57.64,288.2,220.0,68.2,9/1/2026,,,,,,,,
2165,8/31/2026,113.0,112.0,Fresh Stewards of Gardenwood,22.0,Sparkling Pocket Tissues,paper & tissue,,4.0,41.0,61.5,246.0,164.0,82.0,9/1/2026,,,,,,,,
2166,8/31/2026,113.0,112.0,Fresh Stewards of Gardenwood,76.0,Immaculate Granola Bars,breakroom supplies,segD,1.0,10.0,22.0,22.0,10.0,12.0,9/1/2026,,,,,,,,
2167,8/31/2026,113.0,112.0,Fresh Stewards of Gardenwood,94.0,Pristine Instant Soups,breakroom supplies,segD,1.0,7.0,15.82,15.82,7.0,8.82,9/1/2026,,,,,,,,
2168,8/31/2026,113.0,112.0,Fresh Stewards of Gardenwood,106.0,Sleek Resume Paper,copy paper,segB,2.0,48.0,76.8,153.6,96.0,57.6,9/1/2026,,,,,,,,
2169,8/31/2026,113.0,112.0,Fresh Stewards of Gardenwood,108.0,Dazzling Cardstock,copy paper,segB,1.0,21.0,30.66,30.66,21.0,9.66,9/1/2026,,,,,,,,
2170,8/31/2026,113.0,112.0,Fresh Stewards of Gardenwood,113.0,Polished Recycled Paper,copy paper,segB,1.0,36.0,54.0,54.0,36.0,18.0,9/1/2026,,,,,,,,
2171,8/28/2026,146.0,112.0,Fresh Stewards of Gardenwood,4.0,Bright Bathroom Tissue,paper & tissue,segA,2.0,26.0,37.7,75.4,52.0,23.4,8/31/2026,,,,,,,,
2172,8/28/2026,146.0,112.0,Fresh Stewards of Gardenwood,5.0,Polished Kitchen Towels,paper & tissue,segA,6.0,35.0,46.55,279.3,210.0,69.3,8/31/2026,,,,,,,,
2173,8/28/2026,146.0,112.0,Fresh Stewards of Gardenwood,17.0,Glossy Lunch Napkins,paper & tissue,segA,1.0,31.0,40.92,40.92,31.0,9.92,,,,,,,,,
2174,8/28/2026,146.0,112.0,Fresh Stewards of Gardenwood,20.0,Gleaming Roll Paper Towels,paper & tissue,segA,2.0,28.0,40.88,81.76,56.0,25.76,8/31/2026,,,,,,,,
2175,8/28/2026,146.0,112.0,Fresh Stewards of Gardenwood,22.0,Sparkling Pocket Tissues,paper & tissue,segA,5.0,41.0,61.5,307.5,205.0,102.5,8/31/2026,,,,,,,,
2176,8/28/2026,146.0,112.0,Fresh Stewards of Gardenwood,38.0,Radiant Pens,office products,segD,1.0,17.0,31.11,31.11,17.0,14.11,31/08/2026,,,,,,,,
2177,8/28/2026,146.0,112.0,Fresh Stewards of Gardenwood,105.0,Pristine Graph Paper,copy paper,segB,1.0,52.0,76.44,76.44,52.0,24.44,8/31/2026,,,,,,,,
2178,8/28/2026,146.0,112.0,Fresh Stewards of Gardenwood,110.0,Pristine Cardstock,copy paper,segB,1.0,42.0,70.56,70.56,42.0,28.56,8/31/2026,,,,,,,,
2179,8/21/2026,310.0,112.0,Fresh Stewards of Gardenwood,4.0,Bright Bathroom Tissue,paper & tissue,segA,2.0,26.0,37.7,75.4,52.0,23.4,8/24/2026,,,,,,,,
2180,8/21/2026,310.0,112.0,Fresh Stewards of Gardenwood,5.0,Polished Kitchen Towels,paper & tissue,segA,5.0,35.0,46.55,232.75,175.0,57.75,8/24/2026,,,,,,,,
2181,8/21/2026,310.0,112.0,Fresh Stewards of Gardenwood,11.0,Fresh Lunch Napkins,paper & tissue,segA,5.0,21.0,31.5,157.5,105.0,52.5,8/24/2026,,,,,,,,
2182,8/21/2026,310.0,112.0,Fresh Stewards of Gardenwood,12.0,Immaculate Roll Paper Towels,paper & tissue,segA,3.0,44.0,57.64,172.92,132.0,40.92,8/24/2026,,,,,,,,
2183,8/21/2026,310.0,112.0,Fresh Stewards of Gardenwood,14.0,Spotless Pocket Tissues,paper & tissue,segA,4.0,20.0,29.0,116.0,80.0,36.0,24/08/2026,,,,,,,,
2184,8/21/2026,310.0,112.0,Fresh Stewards of Gardenwood,17.0,Glossy Lunch Napkins,paper & tissue,  segA ,1.0,31.0,40.92,40.92,31.0,9.92,8/24/2026,,,,,,,,
2185,8/21/2026,310.0,112.0,Fresh Stewards of Gardenwood,22.0,Sparkling Pocket Tissues,paper & tissue,segA,4.0,41.0,61.5,246.0,164.0,82.0,8/24/2026,,,,,,,,
2186,8/21/2026,310.0,112.0,Fresh Stewards of Gardenwood,93.0,Gleaming Microwave Popcorn,breakroom supplies,segD,1.0,20.0,40.8,40.8,20.0,20.8,8/24/2026,,,,,,,,
2187,8/21/2026,310.0,112.0,Fresh Stewards of Gardenwood,95.0,Bright Disposable Cups,breakroom supplies,segD,1.0,13.0,29.12,29.12,13.0,16.12,8/24/2026,,,,,,,,
2188,9/3/2026,40.0,113.0,Pristine Maintainers of Gardenridge,10.0,Pristine 2-Ply Toilet Paper,paper & tissue,segC,1.0,26.0,36.4,36.4,26.0,10.4,4/9/2026,,,,,,,,
2189,9/3/2026,40.0,113.0,Pristine Maintainers of Gardenridge,18.0,Pristine Lunch Napkins,,segC,1.0,20.0,31.4,31.4,20.0,11.4,9/4/2026,,,,,,,,
2190,9/3/2026,40.0,113.0,Pristine Maintainers of Gardenridge,25.0,Dazzling Binder Clips,office products,segA,24.0,45.0,58.5,1404.0,1080.0,324.0,9/4/2026,,,,,,,,
2191,9/3/2026,40.0,113.0,Pristine Maintainers of Gardenridge,26.0,Radiant Sticky Notes,,segA,2.0,34.0,49.3,98.6,68.0,30.6,4/9/2026,,,,,,,,
2192,9/3/2026,40.0,113.0,Pristine Maintainers of Gardenridge,28.0,Immaculate Binder Clips,office products,segA,4.0,29.0,40.02,160.08,116.0,44.08,9/4/2026,,,,,,,,
2193,9/3/2026,40.0,113.0,Pristine Maintainers of Gardenridge,31.0,  Polished Highlighters ,office products,segA,1.0,17.0,22.44,22.44,17.0,5.44,9/4/2026,,,,,,,,
2194,9/3/2026,40.0,113.0,Pristine Maintainers of Gardenridge,36.0,Glossy Staplers,office products,,2.0,50.0,77.0,154.0,100.0,54.0,9/4/2026,,,,,,,,
2195,9/3/2026,40.0,113.0,Pristine Maintainers of Gardenridge,38.0,Radiant Pens,office products,segA,3.0,17.0,24.14,72.42,51.0,21.42,9/4/2026,,,,,,,,
2196,9/3/2026,40.0,113.0,Pristine Maintainers of Gardenridge,39.0,Immaculate Sticky Notes,office products,segA,2.0,34.0,53.72,107.44,68.0,39.44,9/4/2026,,,,,,,,
2197,9/3/2026,40.0,113.0,Pristine Maintainers of Gardenridge,43.0,Fresh File Folders,office products,segA,2.0,50.0,67.0,134.0,100.0,34.0,9/4/2026,,,,,,,,
2198,3/9/2026,40.0,113.0,Pristine Maintainers of Gardenridge,80.0,Spotless Instant Soups,breakroom supplies,segA,1.0,17.0,35.7,35.7,17.0,18.7,9/4/2026,,,,,,,,
2199,9/3/2026,40.0,113.0,Pristine Maintainers of Gardenridge,110.0,Pristine Cardstock,copy paper,segC,1.0,42.0,70.98,70.98,42.0,28.98,9/4/2026,,,,,,,,
2201,8/28/2026,147.0,113.0,Pristine Maintainers of Gardenridge,6.0,Pristine Bathroom Tissue,paper & tissue,segC,1.0,19.0,30.21,30.21,19.0,11.21,8/31/2026,,,,,,,,
2202,8/28/2026,147.0,113.0,Pristine Maintainers of Gardenridge,26.0,Radiant Sticky Notes,office products,segA,5.0,34.0,49.3,246.5,170.0,76.5,8/31/2026,,,,,,,,
2203,8/28/2026,147.0,113.0,Pristine Maintainers of Gardenridge,28.0,Immaculate Binder Clips,office products,segA,3.0,29.0,40.02,120.06,87.0,33.06,8/31/2026,,,,,,,,
2204,8/28/2026,147.0,113.0,Pristine Maintainers of Gardenridge,31.0,Polished Highlighters,office products,segA,3.0,17.0,22.44,67.32,51.0,16.32,8/31/2026,,,,,,,,
2205,8/28/2026,147.0,113.0,Pristine Maintainers of Gardenridge,33.0,Dazzling File Folders,office products,segA,3.0,26.0,51.29707511896669,117.78,78.0,39.78,8/31/2026,,,,,,,,
2206,8/28/2026,147.0,113.0,Pristine Maintainers of Gardenridge,43.0,Fresh File Folders,office products,,2.0,50.0,67.0,134.0,100.0,34.0,8/31/2026,,,,,,,,
2207,8/28/2026,147.0,113.0,Pristine Maintainers of Gardenridge,78.0,Glossy Creamers,breakroom supplies,segA,1.0,27.0,58.05,58.05,27.0,31.05,8/31/2026,,,,,,,,
2208,8/28/2026,147.0,113.0,Pristine Maintainers of Gardenridge,85.0,Sparkling Microwave Popcorn,breakroom supplies,segA,1.0,12.0,21.84,21.84,12.0,9.84,8/31/2026,,,,,,,,
2209,28/08/2026,147.0,113.0,Pristine Maintainers of Gardenridge,96.0,Dazzling Disposable Cups,breakroom supplies,segA,1.0,19.0,39.9,39.9,19.0,20.9,8/31/2026,,,,,,,,
2210,8/13/2026,479.0,113.0,Pristine Maintainers of Gardenridge,10.0,Pristine 2-Ply Toilet Paper,,segC,1.0,26.0,36.4,36.4,26.0,10.4,8/21/2026,,,,,,,,
2211,8/13/2026,479.0,113.0,Pristine Maintainers of Gardenridge,17.0,Glossy Lunch Napkins,paper & tissue,segC,1.0,31.0,48.36,48.36,31.0,17.36,21/08/2026,,,,,,,,
2212,13/08/2026,479.0,113.0,Pristine Maintainers of Gardenridge,28.0,Immaculate Binder Clips,office products,segA,5.0,29.0,40.02,200.1,145.0,55.1,8/21/2026,,,,,,,,
2213,8/13/2026,479.0,113.0,Pristine Maintainers of Gardenridge,31.0,Polished Highlighters,office products,segA,2.0,17.0,22.44,44.88,34.0,10.88,8/21/2026,,,,,,,,
2214,8/13/2026,479.0,113.0,Pristine Maintainers of Gardenridge,36.0,Glossy Staplers,office products,segA,2.0,50.0,77.0,154.0,100.0,54.0,8/21/2026,,,,,,,,
2215,8/13/2026,479.0,113.0,Pristine Maintainers of Gardenridge,38.0,Radiant Pens,office products,segA,1.0,17.0,24.14,24.14,17.0,7.14,8/21/2026,,,,,,,,
2216,8/13/2026,479.0,113.0,Pristine Maintainers of Gardenridge,44.0,Gleaming Recycled Paper,office products,segA,23.0,34.0,43.52,1000.96,782.0,218.96,8/21/2026,,,,,,,,
2217,8/13/2026,479.0,113.0,Pristine Maintainers of Gardenridge,78.0,Glossy Creamers,breakroom supplies,segA,1.0,27.0,58.05,58.05,27.0,31.05,8/21/2026,,,,,,,,
2218,8/13/2026,479.0,113.0,Pristine Maintainers of Gardenridge,80.0,Spotless Instant Soups,breakroom suplpies,segA,1.0,17.0,35.7,35.7,17.0,18.7,8/21/2026,,,,,,,,
2219,8/13/2026,479.0,113.0,Pristine Maintainers of Gardenridge,86.0,Dazzling Instant Soups,breakroom supplies,segA,1.0,16.0,30.56,30.56,16.0,14.56,8/21/2026,,,,,,,,
2220,8/13/2026,479.0,113.0,Pristine Maintainers of Gardenridge,91.0,Glossy Microwave Popcorn,breakroom supplies,segA,1.0,29.0,62.35,62.35,63.0,33.35,8/21/2026,,,,,,,,
2221,8/7/2026,588.0,113.0,Pristine Maintainers of Gardenridge,10.0,Pristine 2-Ply Toilet Paper,paper & tissue,segC,1.0,26.0,36.4,102.06,26.0,10.4,8/10/2026,,,,,,,,
2222,8/7/2026,588.0,113.0,Pristine Maintainers of Gardenridge,25.0,Dazzling Binder Clips,office products,segA,22.0,45.0,58.5,1287.0,990.0,297.0,8/10/2026,,,,,,,,
2223,8/7/2026,588.0,113.0,Pristine Maintainers of Gardenridge,28.0,Immaculate Binder Clips,office products,segA,3.0,29.0,40.02,120.06,87.0,33.06,8/10/2026,,,,,,,,
2224,7/8/2026,588.0,113.0,Pristine Maintainers of Gardenridge,31.0,Polished Highlighters,office products,segA,1.0,17.0,22.44,22.44,17.0,5.44,8/10/2026,,,,,,,,
2225,8/7/2026,588.0,113.0,Pristine Maintainers of Gardenridge,32.0,Bright Desk Organizers,office products,segA,2.0,44.0,68.64,68.64,44.0,37.8,8/10/2026,,,,,,,,
2226,8/7/2026,588.0,113.0,Pristine Maintainers of Gardenridge,33.0,Dazzling File Folders,office products,segA,2.0,26.0,39.26,78.52,52.0,26.52,8/10/2026,,,,,,,,
2227,8/7/2026,588.0,113.0,Pristine Maintainers of Gardenridge,36.0,Glossy Staplers,office products,segA,2.0,50.0,77.0,154.0,100.0,54.0,8/10/2026,,,,,,,,
2228,8/7/2026,588.0,113.0,Pristine Maintainers of Gardenridge,38.0,Radiant Pens,office products,segA,1.0,17.0,24.14,24.14,17.0,7.14,8/10/2026,,,,,,,,
2229,8/7/2026,588.0,113.0,Pristine Maintainers of Gardenridge,41.0,Dazzling File Folders,office products,segA,3.0,46.0,67.16,201.48,138.0,63.48,8/10/2026,,,,,,,,
2230,8/7/2026,588.0,113.0,Pristine Maintainers of Gardenridge,43.0,Fresh File Folders,office products,segA,2.0,50.0,67.0,102.06,100.0,34.0,8/10/2026,,,,,,,,
2231,8/7/2026,588.0,113.0,Pristine Maintainers of Gardenridge,44.0,Gleaming Recycled Paper,office products,segA,21.0,34.0,43.52,913.92,714.0,199.92,8/10/2026,,,,,,,,
2232,8/7/2026,588.0,113.0,Pristine Maintainers of Gardenridge,78.0,  Glossy Creamers ,breakroom supplies,segA,1.0,27.0,58.05,58.05,27.0,31.05,8/10/2026,,,,,,,,
2233,8/7/2026,588.0,113.0,Pristine Maintainers of Gardenridge,80.0,Spotless Instant Soups,breakroom supplies,segA,1.0,17.0,51.29707511896669,35.7,17.0,18.7,8/10/2026,,,,,,,,
2234,8/7/2026,588.0,113.0,Pristine Maintainers of Gardenridge,104.0,Gleaming Glossy Photo Paper,copy paper,segC,1.0,52.0,87.36,87.36,52.0,35.36,8/10/2026,,,,,,,,
2235,8/7/2026,588.0,113.0,Pristine Maintainers of Gardenridge,110.0,Pristine Cardstock,copy paper,  segC ,1.0,42.0,70.98,70.98,42.0,28.98,8/10/2026,,,,,,,,
2236,8/7/2026,588.0,113.0,Pristine Maintainers of Gardenridge,118.0,Sparkling Cardstock,copy paper,segC,1.0,37.0,55.5,55.5,37.0,18.5,8/10/2026,,,,,,,,
2237,8/10/2026,564.0,115.0,Sparkling Custodians of Harborwood,79.0,Immaculate Microwave Popcorn,breakroom supplies,segC,2.0,25.0,56.25,112.5,50.0,62.5,8/11/2026,,,,,,,,
2238,8/10/2026,564.0,115.0,Sparkling Custodians of Harborwood,94.0,Pristine Instant Soups,breakroom supplies,segC,1.0,7.0,15.19,15.19,7.0,8.19,8/11/2026,,,,,,,,
2239,8/10/2026,564.0,115.0,Sparkling Custodians of Harborwood,98.0,Radiant Glossy Photo Paper,copy paper,segA,23.0,23.0,33.35,767.05,529.0,238.05,8/11/2026,,,,,,,,
2240,8/10/2026,564.0,115.0,Sparkling Custodians of Harborwood,100.0,Dazzling Legal Size Paper,copy paper,segA,12.0,24.0,37.44,449.28,288.0,161.28,8/11/2026,,,,,,,,
2241,8/10/2026,564.0,115.0,Sparkling Custodians of Harborwood,101.0,Radiant Colored Paper,copy paper,segA,15.0,60.0,88.8,1332.0,900.0,432.0,8/11/2026,,,,,,,,
2242,8/10/2026,564.0,115.0,Sparkling Custodians of Harborwood,102.0,Sleek Resume Paper,copy paper,segA,6.0,26.0,37.44,224.64,156.0,68.64,8/11/2026,,,,,,,,
2243,8/10/2026,564.0,115.0,Sparkling Custodians of Harborwood,104.0,Gleaming Glossy Photo Paper,copy paper,segA,11.0,52.0,82.16,903.76,572.0,331.76,8/11/2026,,,,,,,,
2244,8/10/2026,564.0,115.0,Sparkling Custodians of Harborwood,110.0,Pristine Cardstock,copy paper,segA,10.0,42.0,55.86,102.06,420.0,138.6,8/11/2026,,,,,,,,
2245,8/10/2026,564.0,115.0,Sparkling Custodians of Harborwood,113.0,Polished Recycled Paper,,segA,23.0,36.0,53.64,1233.72,828.0,405.72,8/11/2026,,,,,,,,
2246,8/10/2026,564.0,115.0,Sparkling Custodians of Harborwood,114.0,Glossy Recycled Paper,copy paper,segA,2.0,32.0,46.08,783.36,544.0,239.36,8/11/2026,,,,,,,,
2247,8/10/2026,564.0,115.0,Sparkling Custodians of Harborwood,116.0,Immaculate Legal Size Paper,copy paper,segA,8.0,59.0,85.55,684.4,472.0,37.8,8/11/2026,,,,,,,,
2248,9/1/2026,88.0,117.0,Gleaming Servicers of Baywood,62.0,Glossy Air Freshener,cleaning supplies,segC,4.0,20.0,36.4,145.6,80.0,65.6,9/2/2026,,,,,,,,
2249,9/1/2026,88.0,117.0,Gleaming Servicers of Baywood,97.0,Sparkling Legal Size Paper,copy paper,segA,19.0,32.344897959183676,52.65,1000.35,741.0,259.35,9/2/2026,,,,,,,,
2250,9/1/2026,88.0,117.0,Gleaming Servicers of Baywood,99.0,Glossy Letter Size Paper,cpoy paper,segA,21.0,57.0,91.2,1915.2,1197.0,718.2,9/2/2026,,,,,,,,
2251,9/1/2026,88.0,117.0,Gleaming Servicers of Baywood,102.0,Sleek Resume Paper,copy paper,,26.0,26.0,38.48,1000.48,676.0,324.48,9/2/2026,,,,,,,,
2252,9/1/2026,88.0,117.0,Gleaming Servicers of Baywood,103.0,Spotless Colored Paper,copy paper,segA,12.0,45.0,70.65,847.8,540.0,307.8,9/2/2026,,,,,,,,
2253,9/1/2026,88.0,117.0,Gleaming Servicers of Baywood,114.0,Glossy Recycled Paper,copy paper,segA,18.0,54.0,78.3,1409.4,972.0,437.4,9/2/2026,,,,,,,,
2254,9/1/2026,88.0,117.0,Gleaming Servicers of Baywood,112.0,Sparkling Letter Size Paper,copy paper,segA,17.0,46.0,69.0,1173.0,782.0,391.0,9/2/2026,,,,,,,,
2255,8/26/2026,222.0,117.0,Gleaming Servicers of Baywood,58.0,Spotless Floor Cleaner,cleaning supplies,segC,1.0,31.0,57.97,57.97,31.0,26.97,9/3/2026,,,,,,,,
2256,8/26/2026,222.0,117.0,Gleaming Servicers of Baywood,61.0,Pristine Degreaser,cleaning supplies,segC,4.0,50.0,100.0,400.0,200.0,200.0,3/9/2026,,,,,,,,
2257,8/26/2026,222.0,117.0,Gleaming Servicers of Baywood,62.0,Glossy Air Freshener,cleaning supplies,segC,4.0,20.0,36.4,145.6,80.0,65.6,9/3/2026,,,,,,,,
2258,8/26/2026,222.0,117.0,Gleaming Servicers of Baywood,80.0,Spotless Instant Soups,breakroom supplies,segC,1.0,17.0,32.98,32.98,17.0,15.98,9/3/2026,,,,,,,,
2259,8/26/2026,222.0,117.0,Gleaming Servicers of Baywood,97.0,Sparkling Legal Size Paper,copy paper,segA,19.0,39.0,52.65,1000.35,741.0,259.35,9/3/2026,,,,,,,,
2260,8/26/2026,222.0,117.0,Gleaming Servicers of Baywood,102.0,Sleek Resume Paper,copy paper,segA,27.0,26.0,38.48,1038.96,702.0,336.96,9/3/2026,,,,,,,,
2261,8/26/2026,222.0,117.0,Gleaming Servicers of Baywood,107.0,Radiant Glossy Photo Paper,copy paper,segA,11.0,58.0,88.74,976.14,638.0,338.14,9/3/2026,,,,,,,,
2262,8/26/2026,222.0,117.0,Gleaming Servicers of Baywood,114.0,Glossy Recycled Paper,copy paper,segA,17.0,54.0,78.3,1331.1,918.0,413.1,9/3/2026,,,,,,,,
2263,9/1/2026,,117.0,Gleaming Servicers of Baywood,32.0,Bright Desk Organizers,office products,segB,3.0,44.0,69.96,209.88,132.0,77.88,9/2/2026,,,,,,,,
2264,8/27/2026,184.0,118.0,Fresh Maintainers of Granitewood,9.0,Fresh Kitchen Towels,paper & tissue,segB,2.0,33.0,49.17,98.34,66.0,32.34,8/28/2026,,,,,,,,
2265,8/27/2026,184.0,118.0,Fresh Maintainers of Granitewood,15.0,Sparkling 2-Ply Toilet Paper,paper & tissue,segB,1.0,32.344897959183676,61.92,61.92,43.0,18.92,8/28/2026,,,,,,,,
2266,27/08/2026,184.0,118.0,Fresh Maintainers of Granitewood,64.0,Bright Glass Cleaner,cleaning supplies,,1.0,32.0,56.64,56.64,32.0,24.64,8/28/2026,,,,,,,,
2267,8/27/2026,184.0,118.0,Fresh Maintainers of Granitewood,86.0,Dazzling Instant Soups,breakroom supplies,segC,1.0,16.0,33.28,33.28,16.0,17.28,8/28/2026,,,,,,,,
2268,8/27/2026,184.0,118.0,Fresh Maintainers of Granitewood,102.0,Sleek Resume Paper,copy paper,segD,1.0,26.0,42.12,42.12,26.0,16.12,8/28/2026,,,,,,,,
2269,8/25/2026,255.0,118.0,Fresh Maintainers of Granitewood,15.0,Sparkling 2-Ply Toilet Paper,paper & tissue,segB,1.0,43.0,61.92,61.92,43.0,18.92,8/26/2026,,,,,,,,
2270,8/25/2026,255.0,118.0,Fresh Maintainers of Granitewood,78.0,Glossy Creamers,breakroom supplies,segC,1.0,27.0,58.32,58.32,27.0,31.32,8/26/2026,,,,,,,,
2271,8/18/2026,382.0,118.0,Fresh Maintainers of Granitewood,17.0,Glossy Lunch Napkins,paper & tissue,segB,2.0,31.0,44.02,88.04,62.0,26.04,9/2/2026,,,,,,,,
2272,8/18/2026,382.0,118.0,Fresh Maintainers of Granitewood,62.0,Glossy Air Freshener,cleaning supplies,segC,1.0,20.0,38.0,38.0,20.0,18.0,9/2/2026,,,,,,,,
2273,8/18/2026,382.0,118.0,Fresh Maintainers of Granitewood,94.0,Pristine Instant Soups,breakroom supplies,segC,2.0,7.0,12.67,12.67,7.0,5.67,9/2/2026,,,,,,,,
2274,9/3/2026,41.0,119.0,Sparkling Stewards of Harborville,2.0,Glossy Party Napkins,paper & tissue,segB,1.0,29.0,45.82,45.82,29.0,16.82,9/4/2026,,,,,,,,
2275,9/3/2026,41.0,119.0,Sparkling Stewards of Harborville,37.0,Bright Recycled Paper,office products,segB,1.0,24.0,35.04,35.04,24.0,11.04,9/4/2026,,,,,,,,
2276,9/3/2026,41.0,119.0,Sparkling Stewards of Harborville,41.0,Dazzling File Folders,office products,segB,1.0,46.0,69.92,69.92,46.0,23.92,9/4/2026,,,,,,,,
2277,9/3/2026,41.0,119.0,Sparkling Stewards of Harborville,100.0,Dazzling Legal Size Paper,copy paper,segA,3.0,24.0,31.44,94.32,72.0,22.32,9/4/2026,,,,,,,,
2278,9/3/2026,41.0,119.0,Sparkling Stewards of Harborville,105.0,Pristine Graph Paper,copy paper,segA,7.0,52.0,74.88,524.16,364.0,160.16,9/4/2026,,,,,,,,
2279,9/3/2026,41.0,119.0,Sparkling Stewards of Harborville,107.0,Radiant Glossy Photo Paper,copy paper,segA,2.0,58.0,78.3,156.6,116.0,40.6,9/4/2026,,,,,,,,
2280,9/3/2026,41.0,119.0,Sparkling Stewards of Harborville,109.0,Immaculate Resume Paper,copy paper,segA,4.0,31.0,40.61,162.44,124.0,38.44,9/4/2026,,,,,,,,
2281,9/3/2026,41.0,119.0,Sparkling Stewards of Harborville,119.0,Immaculate Letter Size Paper,copy paper,segA,2.0,44.0,57.64,115.28,88.0,27.28,9/4/2026,,,,,,,,
2282,8/13/2026,480.0,119.0,Sparkling Stewards of Harborville,32.0,Bright Desk Organizers,office products,segB,1.0,44.0,73.04,73.04,44.0,29.04,8/14/2026,,,,,,,,
2283,8/13/2026,480.0,119.0,Sparkling Stewards of Harborville,48.0,Fresh Desk Organizers,office products,segB,1.0,29.0,47.56,47.56,29.0,18.56,8/14/2026,,,,,,,,
2284,8/13/2026,480.0,119.0,Sparkling Stewards of Harborville,75.0,Fresh Microwave Popcorn,breakroom supplies,segA,1.0,18.0,51.29707511896669,36.9,18.0,18.9,8/14/2026,,,,,,,,
2285,8/13/2026,480.0,119.0,Sparkling Stewards of Harborville,76.0,Immaculate Granola Bars,breakroom supplies,segA,1.0,10.0,19.3,19.3,10.0,9.3,8/14/2026,,,,,,,,
2286,8/13/2026,480.0,119.0,Sparkling Stewards of Harborville,87.0,Glossy Tea Selection,breakroom supplies,segA,1.0,11.0,18.81,102.06,11.0,7.81,8/14/2026,,,,,,,,
2287,8/13/2026,480.0,119.0,Sparkling Stewards of Harborville,92.0,Glossy Instant Soups,breakroom supplies,segA,1.0,24.0,51.29707511896669,50.88,24.0,26.88,8/14/2026,,,,,,,,
2288,8/13/2026,480.0,119.0,Sparkling Stewards of Harborville,104.0,Gelaming Glossy Photo Paper,copy paper,segA,1.0,52.0,83.2,83.2,52.0,31.2,8/14/2026,,,,,,,,
2289,13/08/2026,480.0,119.0,Sparkling Stewards of Harborville,106.0,Sleek Resume Paper,copy paper,segA,2.0,48.0,76.32,152.64,96.0,56.64,8/14/2026,,,,,,,,
2290,8/13/2026,480.0,119.0,Sparkling Stewards of Harborville,109.0,Immaculate Resume Paper,copy paper,segA,4.0,31.0,40.61,162.44,124.0,38.44,8/14/2026,,,,,,,,
2291,8/13/2026,480.0,119.0,Sparkling Stewards of Harborville,116.0,Immaculate Legal Size Paper,copy paper,segA,3.0,59.0,91.45,274.35,177.0,97.35,8/14/2026,,,,,,,,
2293,8/10/2026,565.0,119.0,  Sparkling Stewards of Harborville ,30.0,Immaculate Markers,office products,segB,1.0,28.0,46.76,46.76,28.0,18.76,8/11/2026,,,,,,,,
2294,8/10/2026,565.0,119.0,Sparkling Stewards of Harborville,35.0,Dazzling Staplers,office products,segB,1.0,27.0,45.09,45.09,27.0,18.09,8/11/2026,,,,,,,,
2295,8/10/2026,565.0,119.0,Sparkling Stewards of Harborville,44.0,Gleaming Recycled Paper,office products,segB,1.0,34.0,52.36,52.36,34.0,18.36,,,,,,,,,
2296,8/10/2026,565.0,119.0,Sparkling Stewards of Harborville,47.0,Immaculate Staplers,office products,segB,1.0,24.0,38.88,38.88,24.0,14.88,8/11/2026,,,,,,,,
2297,8/10/2026,565.0,119.0,Sparkling Stewards of Harborville,67.0,Sleek Citrus Cleaner,cleaning supplies,segD,1.0,39.0,75.27,75.27,39.0,36.27,8/11/2026,,,,,,,,
2298,8/10/2026,565.0,119.0,Sparkling Stewards of Harborville,76.0,Immaculate Granola Bars,breakroom supplies,segA,1.0,10.0,19.3,102.06,10.0,9.3,8/11/2026,,,,,,,,
2299,8/10/2026,565.0,119.0,Sparkling Stewards of Harborville,87.0,Glossy Tea Selection,breakroom supplies,segA,1.0,11.0,18.81,18.81,11.0,7.81,8/11/2026,,,,,,,,
2300,8/10/2026,565.0,119.0,Sparkling Stewards of Harborville,92.0,Glossy Instant Soups,breakroom supplies,segA,1.0,24.0,50.88,50.88,63.0,26.88,8/11/2026,,,,,,,,
2301,10/8/2026,565.0,119.0,Sparkling Stewards of Harborville,107.0,Radiant Glossy Photo Paper,copy paper,segA,2.0,58.0,78.3,156.6,116.0,40.6,8/11/2026,,,,,,,,
2302,8/7/2026,589.0,120.0,Glossy Custodians of Gardenwood,58.0,Spotless Floor Cleaner,cleaning supplies,segA,3.0,31.0,56.11,168.33,93.0,75.33,8/10/2026,,,,,,,,
2303,8/7/2026,589.0,120.0,Glossy Custodians of Gardenwood,59.0,Spotless All-Purpose Cleaner,cleaning supplies,segA,2.0,47.0,75.67,227.01,63.0,86.01,8/10/2026,,,,,,,,
2304,8/7/2026,589.0,120.0,Glossy Custodians of Gardenwood,61.0,Pristine Degreaser,cleaning supplies,segA,1.0,50.0,81.0,81.0,50.0,31.0,8/10/2026,,,,,,,,
2305,8/7/2026,589.0,120.0,Glossy Custodians of Gardenwood,69.0,Gleamin gDegreaser,cleaning supplies,segA,1.0,27.0,43.2,43.2,27.0,16.2,8/10/2026,,,,,,,,
2306,8/7/2026,589.0,120.0,Glossy Custodians of Gardenwood,70.0,Sleek Air Freshener,cleaning supplies,segA,1.0,33.0,56.43,56.43,33.0,23.43,8/10/2026,,,,,,,,
2307,8/7/2026,589.0,120.0,Glossy Custodians of Gardenwood,108.0,Dazzling Cardstock,copy paper,segA,1.0,21.0,32.97,32.97,21.0,11.97,8/10/2026,,,,,,,,
2308,8/7/2026,589.0,120.0,Glossy Custodians of Gardenwood,115.0,Polished Glossy Photo Paper,  copy paper ,seAg,2.0,59.0,89.09,356.36,236.0,120.36,8/10/2026,,,,,,,,
2309,8/14/2026,448.0,121.0,Spotless Keepers of Riverwood,7.0,Gleaming Bathroom Tissue,paper & tissue,segA,4.0,16.0,22.4,89.6,64.0,37.8,8/17/2026,,,,,,,,
2310,8/14/2026,448.0,121.0,Spotless Keepers of Riverwood,8.0,Bright Party Napkins,paper & tissue,segA,3.0,50.0,71.0,213.0,150.0,63.0,8/17/2026,,,,,,,,
2311,8/14/2026,448.0,121.0,Spotless Keepers of Riverwood,14.0,Spotless Pocket Tissues,paper & tissue,segA,6.0,20.0,28.2,169.2,120.0,49.2,8/17/2026,,,,,,,,
2312,8/14/2026,448.0,121.0,Spotless Keepers of Riverwood,20.0,Gleaming Roll Paper Towels,  paper & tissue ,segA,3.0,28.0,36.4,109.2,84.0,25.2,8/17/2026,,,,,,,,
2313,8/14/2026,448.0,121.0,Spotless Keepers of Riverwood,107.0,Radiant Glossy Photo Paper,copy paper,segC,1.0,58.0,96.28,96.28,58.0,38.28,8/17/2026,,,,,,,,
2314,8/13/2026,481.0,121.0,Spotless Keepers of Riverwood,8.0,Bright Party Napkins,paper & tissue,segA,4.0,50.0,71.0,284.0,200.0,84.0,8/28/2026,,,,,,,,
2315,8/13/2026,481.0,121.0,Spotless Keepers of Riverwood,9.0,Fresh Kitchen Towels,paper & tissue,segA,2.0,33.0,43.56,87.12,66.0,21.12,8/28/2026,,,,,,,,
2316,8/13/2026,481.0,121.0,Spotless Keepers of Riverwood,14.0,Spotless Pocket Tissues,paper & tissue,segA,5.0,20.0,28.2,141.0,100.0,41.0,,,,,,,,,
2317,8/13/2026,481.0,121.0,Spotless Keepers of Riverwood,22.0,Sparkling Pocket Tissues,paper & tissue,segA,2.0,41.0,61.09,122.18,82.0,40.18,8/28/2026,,,,,,,,
2318,13/08/2026,481.0,121.0,Spotless Keepers of Riverwood,64.0,Bright Glass Cleaner,cleaning supplies,segD,1.0,32.0,61.12,61.12,32.0,29.12,8/28/2026,,,,,,,,
2319,8/13/2026,481.0,121.0,Spotless Keepers of Riverwood,73.0,Spotless Creamers,breakroom supplies,segD,1.0,18.0,40.68,40.68,18.0,22.68,8/28/2026,,,,,,,,
2321,8/7/2026,590.0,121.0,Spotless Keepers of Riverwood,3.0,Sparkling Party Napkins,,segA,6.0,21.0,28.98,173.88,126.0,47.88,8/10/2026,,,,,,,,
2322,8/7/2026,590.0,121.0,Spotless Keepers of Riverwood,8.0,Bright Party Napkins,paper & tissue,segA,4.0,50.0,71.0,284.0,200.0,84.0,8/10/2026,,,,,,,,
2323,8/7/2026,590.0,121.0,Spotless Keepers of Riverwood,13.0,Pristine Party Napkins,,segA,6.0,45.0,59.4,356.4,270.0,86.4,8/10/2026,,,,,,,,
2324,1/9/2026,89.0,122.0,Sleek Wholesalers of Mapleville,24.0,Sparkling Pocket Tissues,paper & tissue,segC,2.0,18.0,25.92,51.84,36.0,15.84,9/2/2026,,,,,,,,
2325,9/1/2026,89.0,122.0,Sleek Wholesalers of Mapleville,86.0,Dazzling Instant Soups,breakroom supplies,segC,1.0,16.0,30.08,30.08,16.0,14.08,9/2/2026,,,,,,,,
2326,9/1/2026,89.0,122.0,Sleek Wholesalers of Mapleville,89.0,Sparkling Disposable Cups,breakroom supplies,segC,1.0,21.0,39.27,39.27,21.0,18.27,9/2/2026,,,,,,,,
2327,8/27/2026,185.0,122.0,Sleek Wholesalers of Mapleville,11.0,Fresh Lunch Napkins,paper & tissue,segC,1.0,32.344897959183676,31.71,31.71,21.0,10.71,8/28/2026,,,,,,,,
2328,8/27/2026,185.0,122.0,Sleek Wholesalers of Mapleville,24.0,Sparkling Pocket Tissues,paper & tissue,segC,1.0,18.0,25.92,25.92,18.0,7.92,8/28/2026,,,,,,,,
2329,8/27/2026,185.0,122.0,Sleek Wholesalers of Mapleville,89.0,Sparkling Disposable Cups,breakroom supplies,segC,1.0,21.0,39.27,39.27,21.0,18.27,8/28/2026,,,,,,,,
2330,9/1/2026,,122.0,Sleek Wholesalers of Mapleville,51.0,Bright Glass Cleaner,cleaning supplies,segC,1.0,26.0,51.29707511896669,51.48,26.0,25.48,9/2/2026,,,,,,,,
2331,8/27/2026,186.0,123.0,Pristine Stewards of Valleyhaven,5.0,Polished Kitchen Towels,paper & tissue,segA,2.0,35.0,46.9,93.8,70.0,23.8,8/28/2026,,,,,,,,
2332,8/27/2026,186.0,123.0,Pristine Stewards of Valleyhaven,7.0,Gleaming Bathroom Tissue,paper & tissue,segA,2.0,16.0,23.36,46.72,32.0,14.72,8/28/2026,,,,,,,,
2333,8/27/2026,186.0,123.0,Pristine Stewards of Valleyhaven,9.0,Fresh Kitchen Towels,paper & tissue,segA,2.0,33.0,44.88,89.76,66.0,23.76,8/28/2026,,,,,,,,
2334,8/27/2026,186.0,123.0,Pristine Stewards of Valleyhaven,20.0,Gleamign Roll Paper Towels,paper & tissue,segA,4.0,28.0,36.4,145.6,112.0,33.6,8/28/2026,,,,,,,,
2335,8/27/2026,186.0,123.0,Pristine Stewards of Valleyhaven,23.0,Dazzling Roll Paper Towels,paper & tissue,,2.0,40.0,52.4,104.8,80.0,24.8,8/28/2026,,,,,,,,
2336,8/27/2026,186.0,123.0,Pristine Stewards of Valleyhaven,68.0,Dazzling Disinfectant Wipes,cleaning supplies,segB,1.0,54.0,51.29707511896669,105.3,54.0,51.3,8/28/2026,,,,,,,,
2337,8/27/2026,186.0,123.0,Pristine Stewards of Valleyhaven,89.0,Sparkling Disposable Cups,breakroom supplies,segB,1.0,21.0,37.8,37.8,21.0,16.8,8/28/2026,,,,,,,,
2338,8/27/2026,,123.0,Pristine Stewards of Valleyhaven,70.0,Sleek Air Freshener,cleaning supplies,segB,1.0,33.0,61.38,61.38,33.0,28.38,,,,,,,,,
2339,8/18/2026,383.0,124.0,  Polished Keepers of Riverburg ,27.0,Sparkling Sticky Notes,office products,segA,30.0,43.0,67.51,2025.3,1290.0,735.3,9/2/2026,,,,,,,,
2340,18/08/2026,383.0,124.0,Polished Keepers of Riverburg,36.0,Glossy Staplers,office products,segA,9.0,50.0,79.5,715.5,450.0,265.5,9/2/2026,,,,,,,,
2341,8/18/2026,383.0,124.0,Polished Keepers of Riverburg,38.0,Radiant Pens,office products,segA,28.0,17.0,22.44,628.32,476.0,152.32,9/2/2026,,,,,,,,
2342,8/18/2026,383.0,124.0,Polished Keepers of Riverburg,43.0,Fresh File Folders,office products,segA,38.0,50.0,79.0,3002.0,1900.0,1102.0,9/2/2026,,,,,,,,
2343,8/18/2026,383.0,124.0,Polished Keepers of Riverburg,44.0,Gleaming Recycled Paper,office products,segA,31.0,34.0,46.24,1433.44,1054.0,379.44,9/2/2026,,,,,,,,
2344,8/18/2026,383.0,124.0,Polished Keepers of Riverburg,49.0,Sparkling Disinfectant Wipes,cleaning supplies,segA,13.0,21.0,38.64,502.32,273.0,229.32,9/2/2026,,,,,,,,
2345,8/18/2026,383.0,124.0,Polished Keepers of Riverburg,54.0,Dazzling Floor Cleaner,cleaning supplies,segA,23.0,45.0,83.25,1914.75,1035.0,37.8,9/2/2026,,,,,,,,
2346,8/18/2026,383.0,124.0,Polished Keepers of Riverburg,58.0,Spotless Floor Cleaner,cleaning supplies,segA,24.0,31.0,52.39,1257.36,744.0,513.36,9/2/2026,,,,,,,,
2347,8/18/2026,383.0,124.0,Polished Keepers of Riverburg,63.0,Polished Glass Cleaner,cleaning supplies,segA,70.0,42.0,63.0,4410.0,63.0,1470.0,9/2/2026,,,,,,,,
2348,8/18/2026,383.0,124.0,Polished Keepers of Riverburg,66.0,Radiant Glass Cleaner,cleaning supplies,segA,22.0,21.0,35.7,785.4,462.0,323.4,9/2/2026,,,,,,,,
2349,18/08/2026,383.0,124.0,  Polished Keepers of Riverburg ,75.0,Fresh Microwave Popcorn,breakroom supplies,segD,1.0,32.344897959183676,41.58,41.58,18.0,23.58,9/2/2026,,,,,,,,
2350,9/2/2026,67.0,125.0,Radiant Stewards of Canyoncrest,4.0,Bright Bathroom Tissue,paper & tissue,segB,2.0,26.0,37.18,74.36,52.0,22.36,9/10/2026,,,,,,,,
2351,9/2/2026,67.0,125.0,Radiant Stewards of Canyoncrest,13.0,Pristine Party Napkins,paper & tissue,segB,1.0,45.0,72.0,72.0,45.0,27.0,9/10/2026,,,,,,,,
2352,9/2/2026,67.0,125.0,Radiant Stewards of Canyoncrest,62.0,Glossy Air Freshener,cleaning supplies,segB,1.0,20.0,39.2,39.2,20.0,19.2,9/10/2026,,,,,,,,
2353,9/2/2026,67.0,125.0,Radiant Stewards of Canyoncrest,99.0,Glossy Letter Size Paper,copy paper,segA,3.0,57.0,80.37,241.11,171.0,70.11,9/10/2026,,,,,,,,
2354,9/2/2026,67.0,125.0,Radiant Stewards of Canyoncrest,102.0,Sleek Resume Paper,copy paper,segA,7.0,26.0,38.22,267.54,182.0,85.54,9/10/2026,,,,,,,,
2355,9/2/2026,67.0,125.0,Radiant Stewards of Canyoncrest,104.0,Gleaming Glossy Photo Paper,copy paper,,4.0,52.0,72.28,289.12,208.0,81.12,9/10/2026,,,,,,,,
2356,9/2/2026,67.0,125.0,Radiant Stewards of Canyoncrest,110.0,Pristine Cardstock,copy paper,segA,1.0,42.0,63.0,63.0,42.0,21.0,9/10/2026,,,,,,,,
2357,9/2/2026,67.0,125.0,Radiant Stewards of Canyoncrest,113.0,Polished Recycled Paper,copy papre,segA,5.0,36.0,52.56,262.8,180.0,82.8,9/10/2026,,,,,,,,
2358,9/2/2026,67.0,125.0,Radiant Stewards of Canyoncrest,115.0,Polished Glossy Photo Paper,copy paper,segA,4.0,59.0,83.78,335.12,236.0,99.12,9/10/2026,,,,,,,,
2359,9/2/2026,67.0,125.0,Radiant Stewards of Canyoncrest,117.0,Dazzling Graph Paper,copy paper,segA,4.0,51.0,81.09,324.36,204.0,120.36,9/10/2026,,,,,,,,
2360,24/08/2026,281.0,125.0,Radiant Stewards of Canyoncrest,19.0,Fresh Party Napkins,paper & tissue,segB,1.0,45.0,65.7,65.7,45.0,20.7,8/25/2026,,,,,,,,
2361,8/24/2026,281.0,125.0,Radiant Stewards of Canyoncrest,102.0,Sleek Resume Paper,copy paper,segA,5.0,26.0,38.22,191.1,130.0,61.1,8/25/2026,,,,,,,,
2362,8/24/2026,281.0,125.0,Radiant Stewards of Canyoncrest,113.0,Polished Recycled Paper,copy paper,segA,5.0,36.0,52.56,262.8,180.0,82.8,8/25/2026,,,,,,,,
2363,8/24/2026,281.0,125.0,Radiant Stewards of Canyoncrest,117.0,Dazzling Graph Paper,  copy paper ,segA,6.0,51.0,81.09,486.54,306.0,180.54,8/25/2026,,,,,,,,
2364,8/24/2026,281.0,125.0,Radiant Stewardso f Canyoncrest,119.0,Immaculate Letter Size Paper,copy paper,segA,3.0,44.0,68.2,204.6,132.0,72.6,8/25/2026,,,,,,,,
2365,8/24/2026,281.0,125.0,Radiant Stewards of Canyoncrest,120.0,Sparkling Letter Size Paper,copy paper,segA,4.0,45.0,70.2,280.8,180.0,100.8,8/25/2026,,,,,,,,
2366,8/17/2026,413.0,125.0,Radiant Stewards of Canyoncrest,9.0,Fresh Kitchen Towels,paper & tissue,segB,1.0,33.0,49.5,49.5,33.0,16.5,9/1/2026,,,,,,,,
2367,8/17/2026,413.0,125.0,Radiant Stewards of Canyoncrest,53.0,Gloss yGlass Cleaner,cleanign supplies,segB,1.0,36.0,65.52,65.52,36.0,29.52,9/1/2026,,,,,,,,
2368,8/17/2026,413.0,125.0,Radiant Stewards of Canyoncrest,62.0,Glossy Air Freshener,cleaning supplies,  segB ,1.0,20.0,39.2,39.2,20.0,19.2,9/1/2026,,,,,,,,
2369,17/08/2026,413.0,125.0,Radiant Stewards of Canyoncrest,87.0,Glossy Tea Selection,breakroom supplies,segB,1.0,11.0,20.79,20.79,11.0,9.79,9/1/2026,,,,,,,,
2370,8/17/2026,413.0,125.0,Radiant Stewards of Canyoncrest,98.0,Radiant Glossy Photo Paper,copy paper,segA,3.0,23.0,31.51,94.53,69.0,25.53,9/1/2026,,,,,,,,
2371,8/17/2026,413.0,125.0,Radiant Stewards of Canyoncrest,99.0,Glossy Letter Size Paper,copy paper,segA,1.0,57.0,80.37,80.37,57.0,23.37,9/1/2026,,,,,,,,
2372,8/17/2026,413.0,125.0,Radiant Stewards of Canyoncrest,102.0,Sleek Resume Paper,copy paper,segA,3.0,26.0,38.22,114.66,78.0,36.66,1/9/2026,,,,,,,,
2373,8/25/2026,256.0,126.0,Immaculate Janitors of Forestport,4.0,Bright Bathroom Tissue,paper & tissue,segC,1.0,26.0,38.74,38.74,26.0,12.74,8/26/2026,,,,,,,,
2374,8/25/2026,256.0,126.0,Immaculate Janitors of Forestport,13.0,Pristine Party Napkins,paper & tissue,segC,1.0,45.0,68.4,102.06,45.0,23.4,8/26/2026,,,,,,,,
2375,8/25/2026,256.0,126.0,Immaculate Janitors of Forestport,29.0,Dazzling Paper Clips,office products,segA,1.0,37.0,59.2,59.2,37.0,22.2,8/26/2026,,,,,,,,
2376,8/25/2026,256.0,126.0,Immaculate Janitors of Forestport,53.0,Glossy Glass Cleaner,cleaning supplies,segA,10.0,36.0,52.92,529.2,360.0,169.2,8/26/2026,,,,,,,,
2377,8/25/2026,256.0,126.0,Immaculate Janitors of Forestport,68.0,Dazzling Disinfectant Wipes,cleaning supplies,segA,1.0,54.0,87.48,87.48,54.0,33.48,8/26/2026,,,,,,,,
2378,8/25/2026,256.0,126.0,Immaculate Janitors of Forestport,69.0,Gleaming Degreaser,cleaning supplies,segA,1.0,27.0,49.68,49.68,27.0,22.68,8/26/2026,,,,,,,,
2379,8/25/2026,256.0,126.0,Immaculate Janitors of Forestport,112.0,Sparkling Letter Size Paper,copy paper,segC,1.0,46.0,78.2,78.2,46.0,37.8,8/26/2026,,,,,,,,
2380,8/13/2026,482.0,126.0,Immaculate Janitors of Forestport,22.0,Sparkling Pocket Tissues,paper & tissue,segC,1.0,41.0,57.4,57.4,41.0,16.4,8/14/2026,,,,,,,,
2381,8/13/2026,482.0,126.0,Immaculate Janitors of Forestport,28.0,Immaculate Binder Clips,office products,segA,1.0,29.0,37.7,37.7,29.0,8.7,8/14/2026,,,,,,,,
2382,8/13/2026,482.0,126.0,Immaculate Janitors of Forestport,29.0,Dazzling Paper Clips,office products,segA,1.0,37.0,59.2,59.2,37.0,22.2,8/14/2026,,,,,,,,
2383,8/13/2026,482.0,126.0,Immaculate Janitors of Forestport,30.0,Immaculate Markers,office products,segA,1.0,28.0,42.0,42.0,28.0,14.0,8/14/2026,,,,,,,,
2384,8/13/2026,482.0,126.0,Immaculate Janitors of Forestport,34.0,Radiant Staplers,office products,  segA ,3.0,24.0,31.44,94.32,72.0,22.32,8/14/2026,,,,,,,,
2385,8/13/2026,482.0,126.0,Immaculate Janitors of Forestport,40.0,Immaculate Markers,office products,segA,36.0,34.0,44.2,1591.2,1224.0,367.2,8/14/2026,,,,,,,,
2386,8/13/2026,482.0,126.0,Immaculate Janitors of Forestport,53.0,Glossy Glass Cleaner,cleaning supplies,segA,10.0,36.0,52.92,529.2,360.0,169.2,8/14/2026,,,,,,,,
2387,8/13/2026,482.0,126.0,Immaculate Janitors of Forestport,58.0,Spotless Folor Cleaner,cleaning supplies,  segA ,3.0,31.0,58.28,174.84,93.0,81.84,8/14/2026,,,,,,,,
2388,8/13/2026,482.0,126.0,Immaculate Janitors of Forestport,66.0,Radiant Glass Cleaner,cleaning supplies,segA,1.0,21.0,37.59,37.59,21.0,16.59,8/14/2026,,,,,,,,
2389,8/13/2026,482.0,126.0,Immaculate Janitors of Forestport,67.0,Sleek Citrus Cleaner,cleaning supplies,segA,40.0,39.0,58.5,2340.0,1560.0,780.0,8/14/2026,,,,,,,,
2390,8/13/2026,482.0,126.0,Immaculaet Janitors of Forestport,69.0,Gleaming Degreaser,cleaning supplies,  segA ,1.0,27.0,49.68,49.68,27.0,22.68,8/14/2026,,,,,,,,
2391,8/13/2026,482.0,126.0,Immaculate Janitors of Forestport,71.0,Spotless Glass Cleaner,,segA,1.0,31.0,58.9,58.9,31.0,27.9,8/14/2026,,,,,,,,
2392,8/13/2026,482.0,126.0,Immaculate Janitors of Forestport,80.0,Spotless Instant Soups,breakroom supplies,segB,1.0,17.0,34.34,34.34,17.0,17.34,8/14/2026,,,,,,,,
2393,11/8/2026,537.0,126.0,Immaculate Janitors of Forestport,4.0,Bright Bathroom Tissue,paper & tissue,segC,1.0,26.0,38.74,38.74,26.0,12.74,8/12/2026,,,,,,,,
2394,8/11/2026,537.0,126.0,Immaculate Janitors of Forestport,24.0,Sparkling Pocket Tissues,paper & tissue,segC,1.0,18.0,27.9,27.9,18.0,9.9,8/12/2026,,,,,,,,
2395,8/11/2026,537.0,126.0,Immaculate Janitors of Forestport,25.0,Dazzling Binder Clips,office products,segA,1.0,45.0,64.35,64.35,45.0,19.35,8/12/2026,,,,,,,,
2396,8/11/2026,537.0,126.0,Immacluate Janitors of Forestport,28.0,Immaculate Binder Clips,office products,segA,1.0,29.0,37.7,37.7,29.0,8.7,8/12/2026,,,,,,,,
2397,8/11/2026,537.0,126.0,Immaculate Janitors of Forestport,30.0,  Immaculate Markers ,office products,segA,1.0,28.0,42.0,42.0,28.0,14.0,8/12/2026,,,,,,,,
2398,8/11/2026,537.0,126.0,Immaculate Janitors of Forestport,53.0,Glossy Glass Cleaner,cleaning supplies,segA,9.0,36.0,52.92,476.28,324.0,152.28,8/12/2026,,,,,,,,
2399,8/11/2026,537.0,126.0,Immaculate Janitors of Forestport,57.0,Glossy All-Purpose Cleaner,cleaning supplies,segA,1.0,51.0,84.15,84.15,51.0,33.15,8/12/2026,,,,,,,,
2400,8/11/2026,537.0,126.0,Immaculate Janitors of Forestport,67.0,Sleek Citrus Cleaner,cleaning supplies,segA,43.0,39.0,58.5,102.06,1677.0,838.5,8/12/2026,,,,,,,,
2401,8/11/2026,537.0,126.0,Immaculate Janitors of Forestport,69.0,Gleaming Degreaser,cleaning supplies,segA,1.0,32.344897959183676,49.68,49.68,27.0,22.68,8/12/2026,,,,,,,,
2402,8/11/2026,537.0,126.0,Immaculate Janitors of Forestport,71.0,Spotless Glass Cleaner,cleaning supplies,segA,2.0,31.0,58.9,117.8,62.0,55.8,8/12/2026,,,,,,,,
2403,8/11/2026,537.0,126.0,Immaculate Janitors of Forestport,94.0,Pristine Instant Soups,breakroom supplies,segB,1.0,7.0,15.19,15.19,7.0,8.19,8/12/2026,,,,,,,,
2405,8/7/2026,591.0,126.0,Immaculate Janitors of Forestport,28.0,Immaculate Binder Clips,office products,segA,2.0,29.0,51.29707511896669,75.4,58.0,17.4,8/10/2026,,,,,,,,
2406,8/7/2026,591.0,126.0,Immaculate Janitors of Forestport,29.0,Dazzling Paper Clips,office products,segA,1.0,37.0,59.2,59.2,37.0,22.2,8/10/2026,,,,,,,,
2407,8/7/2026,591.0,126.0,Immaculate Janitors of Forestport,34.0,Radiant Staplers,office products,segA,2.0,24.0,51.29707511896669,62.88,48.0,14.88,8/10/2026,,,,,,,,
2408,8/7/2026,591.0,126.0,Immaculate Janitors of Forestport,39.0,Immaculate Sticky Notes,office products,segA,2.0,34.0,46.24,92.48,68.0,24.48,8/10/2026,,,,,,,,
2409,8/7/2026,591.0,126.0,Immaculate Janitors of Forestport,53.0,Glossy Glass Cleaner,cleaning supplies,segA,8.0,36.0,52.92,423.36,288.0,135.36,8/10/2026,,,,,,,,
2410,8/7/2026,591.0,126.0,Immaculate Janitors of Forestport,54.0,Dazzling Floor Cleaner,cleaning supplies,segA,1.0,45.0,76.95,76.95,45.0,31.95,8/10/2026,,,,,,,,
2411,8/7/2026,591.0,126.0,Immaculate Janitors of Forestport,55.0,Spotless Floor Cleaner,cleaning supplies,segA,1.0,29.0,51.62,51.62,29.0,22.62,8/10/2026,,,,,,,,
2412,8/7/2026,591.0,126.0,Immaculate Janitors of Forestport,58.0,Spotless Floor Cleaner,cleaning supplies,segA,1.0,31.0,58.28,58.28,31.0,27.28,8/10/2026,,,,,,,,
2413,8/7/2026,591.0,126.0,Immaculate Janitors of Forestport,68.0,Dazzling Disinfectant Wipes,cleaning supplies,segA,1.0,54.0,87.48,87.48,54.0,33.48,8/10/2026,,,,,,,,
2414,8/7/2026,591.0,126.0,Immaculate Janitors of Forestport,69.0,Gleaming Degreaser,cleaning supplies,segA,1.0,27.0,49.68,49.68,27.0,22.68,8/10/2026,,,,,,,,
2415,8/7/2026,591.0,126.0,Immaculate Janitors of Forestport,71.0,Spotless Glass Cleaner,cleaning supplies,segA,3.0,31.0,58.9,176.7,93.0,83.7,10/8/2026,,,,,,,,
2416,8/7/2026,591.0,126.0,Immaculate Janitors of Forestport,80.0,Spotless Instant Soups,breakroom supplies,segB,1.0,17.0,34.34,34.34,17.0,17.34,8/10/2026,,,,,,,,
2417,8/7/2026,591.0,126.0,Immaculate Janitors of Forestport,112.0,Sparkling Letter Size Paper,copy paper,segC,1.0,46.0,78.2,78.2,46.0,32.2,8/10/2026,,,,,,,,
2418,9/4/2026,11.0,127.0,Immaculate Janitors of Canyonfield,25.0,Dazzling Binder Clips,office products,segA,2.0,45.0,62.1,124.2,90.0,34.2,,,,,,,,,
2419,9/4/2026,11.0,127.0,Immaculate Janitors of Canyonfield,26.0,Radiant Sticky Notes,office products,segA,2.0,34.0,45.9,137.7,102.0,35.7,7/9/2026,,,,,,,,
2420,9/4/2026,11.0,127.0,Immaculate Janitors of Canyonfield,34.0,Radiant Staplers,office products,segA,5.0,24.0,38.16,190.8,120.0,70.8,9/7/2026,,,,,,,,
2421,9/4/2026,11.0,127.0,Immaculate Janitors of Canyonfield,41.0,Dazzling File Folders,office products,segA,1.0,46.0,68.54,68.54,46.0,22.54,9/7/2026,,,,,,,,
2422,9/4/2026,11.0,127.0,Immaculate Janitors of Canyonfield,43.0,Fresh File Folders,office products,segA,3.0,50.0,68.0,204.0,150.0,54.0,7/9/2026,,,,,,,,
2423,9/4/2026,11.0,127.0,Immaculate Janitors of Canyonfield,59.0,Spotless All-Purpose Cleaner,,segA,2.0,47.0,89.3,178.6,94.0,84.6,9/7/2026,,,,,,,,
2424,9/4/2026,11.0,127.0,Immaculate Janitors of Canyonfield,60.0,Polished Degreaser,cleaning supplies,segA,25.0,26.0,39.0,975.0,650.0,325.0,9/7/2026,,,,,,,,
2425,9/4/2026,11.0,127.0,Immaculate Janitors of Canyonfield,63.0,Polished Glass Cleaner,cleaning supplies,segA,2.0,42.0,79.38,158.76,84.0,74.76,9/7/2026,,,,,,,,
2426,9/4/2026,11.0,127.0,Immaculate Janitors of Canyonfield,71.0,Spotless Glass Cleaner,cleaning supplies,segA,1.0,31.0,58.28,58.28,31.0,27.28,,,,,,,,,
2427,8/31/2026,114.0,127.0,Immaculate Janitors of Canyonfield,4.0,Bright Bathroom Tissue,paper & tissue,segC,1.0,26.0,41.34,41.34,26.0,15.34,9/1/2026,,,,,,,,
2428,8/31/2026,114.0,127.0,Immaculate Janitors of Canyonfield,5.0,Polished Kitchen Towels,paper & tissue,segC,1.0,35.0,52.5,52.5,35.0,17.5,9/1/2026,,,,,,,,
2429,8/31/2026,114.0,127.0,Immaculate Janitors of Canyonfield,27.0,Sparkling Sticky Notes,office products,segA,1.0,43.0,58.05,58.05,43.0,15.05,9/1/2026,,,,,,,,
2430,8/31/2026,114.0,127.0,Immaculate Janitors of Canyonfield,30.0,Immaculate Markers,office products,segA,2.0,28.0,39.48,78.96,56.0,22.96,9/1/2026,,,,,,,,
2431,8/31/2026,114.0,127.0,Immaculate Janitors of Canyonfield,34.0,Radiant Staplers,office products,segA,3.0,24.0,38.16,114.48,63.0,42.48,1/9/2026,,,,,,,,
2432,8/31/2026,114.0,127.0,Immaculate Janitors of Canyonfield,37.0,Bright Recycled Paper,office products,segA,5.0,24.0,37.2,186.0,120.0,66.0,9/1/2026,,,,,,,,
2433,8/31/2026,114.0,127.0,Immaculate Janitors of Canyonfield,41.0,Dazzling File Folders,office products,segA,2.0,46.0,68.54,137.08,92.0,45.08,9/1/2026,,,,,,,,
2434,8/31/2026,114.0,127.0,Immaculate Janitors of Canyonfield,43.0,Fresh File Folders,office products,segA,2.0,50.0,68.0,136.0,100.0,36.0,9/1/2026,,,,,,,,
2435,8/31/2026,114.0,127.0,Immaculate Janitors of Canyonfield,50.0,Bright Glass Cleaner,cleaning supplies,segA,2.0,23.0,40.48,80.96,46.0,34.96,9/1/2026,,,,,,,,
2436,8/31/2026,114.0,127.0,Immaculate Janitors of Canyonfield,53.0,Glossy Glass Cleaner,claening supplies,segA,1.0,36.0,63.0,63.0,36.0,27.0,9/1/2026,,,,,,,,
2437,8/31/2026,114.0,127.0,Immaculate Janitors of Canyonfield,54.0,Dazzling Floor Cleaner,cleaning supplies,segA,2.0,45.0,84.15,168.3,90.0,78.3,9/1/2026,,,,,,,,
2438,8/31/2026,114.0,127.0,Immaculate Janitors of Canyonfield,65.0,Sparkling Citrus Cleaner,cleaning supplies,segA,39.0,20.0,30.0,1170.0,63.0,390.0,9/1/2026,,,,,,,,
2439,8/31/2026,114.0,127.0,Immaculate Janitors of Canyonfield,69.0,Gleaming Degreaser,cleaning supplies,segA,1.0,27.0,49.95,49.95,27.0,22.95,9/1/2026,,,,,,,,
2440,8/31/2026,114.0,127.0,Immaculate Janitors of Canyonfield,71.0,Spotless Glass Cleaner,cleaning supplies,,3.0,31.0,58.28,174.84,93.0,81.84,9/1/2026,,,,,,,,
2441,8/31/2026,114.0,127.0,Immaculate Janitors of Canyonfield,88.0,Gleaming Coffee Beans,breakroom supplies,segD,1.0,18.0,35.28,35.28,18.0,17.28,9/1/2026,,,,,,,,
2442,8/31/2026,114.0,127.0,Immaculate Janitors of Canyonfield,118.0,Sparkling Cardstock,copy paper,esgD,1.0,37.0,64.01,64.01,63.0,27.01,1/9/2026,,,,,,,,
2443,8/26/2026,223.0,127.0,Immaculate Janitors of Canyonfield,9.0,Fresh Kitchen Towels,paper & tissue,segC,1.0,33.0,46.2,46.2,33.0,13.2,27/08/2026,,,,,,,,
2444,8/26/2026,223.0,127.0,Immaculate Janitors of Canyonfield,17.0,  Glossy Lunch Napkins ,paper & tissue,segC,1.0,31.0,48.67,48.67,31.0,17.67,8/27/2026,,,,,,,,
2445,8/26/2026,223.0,127.0,Immaculate Janitors of Canyonfield,21.0,Glossy Facial Tissues,paper & tissue,segC,2.0,47.0,70.97,141.94,94.0,47.94,8/27/2026,,,,,,,,
2446,8/26/2026,223.0,127.0,Immaculate Janitors of Canyonfield,25.0,Dazzling Binder Clips,office products,segA,2.0,45.0,62.1,124.2,90.0,34.2,8/27/2026,,,,,,,,
2447,8/26/2026,223.0,127.0,Immaculate Janitors of Canyonfield,27.0,Sparkling Sticky Notes,office products,segA,2.0,43.0,58.05,102.06,86.0,30.1,8/27/2026,,,,,,,,
2448,8/26/2026,223.0,127.0,Immaculate Janitors of Canyonfield,28.0,Immaculate Binder Clips,,segA,2.0,29.0,40.31,120.93,87.0,33.93,8/27/2026,,,,,,,,
2449,8/26/2026,223.0,127.0,Immaculate Janitors of Canyonfield,37.0,Bright Recycled Paper,office products,segA,3.0,24.0,37.2,111.6,72.0,39.6,8/27/2026,,,,,,,,
2450,8/26/2026,223.0,127.0,Immaculate Janitors of Canyonfield,43.0,Fresh File Folders,  office products ,segA,1.0,50.0,68.0,68.0,50.0,18.0,8/27/2026,,,,,,,,
2451,8/26/2026,223.0,127.0,Immaculate Janitors of Canyonfield,53.0,Glossy Glass Cleaner,cleaning supplies,segA,1.0,36.0,63.0,63.0,36.0,27.0,8/27/2026,,,,,,,,
2452,8/26/2026,223.0,127.0,Immaculate Janitors of Canyonfield,59.0,Spotless All-Purpose Cleaner,cleaning supplies,segA,1.0,47.0,89.3,89.3,47.0,42.3,8/27/2026,,,,,,,,
2453,8/26/2026,223.0,127.0,Immaculate Janitors of Canyonfield,60.0,Polished Degreaser,celaning supplies,segA,42.0,26.0,39.0,1638.0,1092.0,546.0,8/27/2026,,,,,,,,
2454,8/26/2026,223.0,127.0,Immaculate Janitors of Canyonfield,68.0,Dazzling Disinfectant Wipes,cleaning supplies,segA,1.0,54.0,87.48,87.48,54.0,33.48,8/27/2026,,,,,,,,
2455,8/26/2026,223.0,127.0,Immaculate Janitors of Canyonfield,71.0,Spotless Glass Claener,,segA,2.0,31.0,58.28,116.56,62.0,54.56,8/27/2026,,,,,,,,
2456,8/26/2026,223.0,127.0,Immaculate Janitors of Canyonfield,85.0,Sparkling Microwave Popcorn,breakroom supplies,segD,1.0,12.0,23.88,23.88,12.0,11.88,8/27/2026,,,,,,,,
2457,8/27/2026,187.0,128.0,Gleaming Cleaners of Harborton,70.0,Sleek Air Freshener,  cleaning supplies ,segC,1.0,33.0,56.1,56.1,33.0,23.1,8/28/2026,,,,,,,,
2458,8/27/2026,,128.0,Gleaming Cleaners of Harborton,91.0,Glossy Microwave Popcorn,breakroom supplies,segC,1.0,29.0,52.49,52.49,29.0,23.49,8/28/2026,,,,,,,,
2459,9/3/2026,42.0,132.0,Gleaming Custodians of Canyonfield,18.0,Pristine Lunch Napkins,paper & tissue,segB,1.0,20.0,32.0,32.0,20.0,12.0,9/4/2026,,,,,,,,
2460,9/3/2026,42.0,132.0,Gleaming Custodians of Canyonfield,27.0,  Sparkling Sticky Notes ,office products,segD,1.0,43.0,79.12,79.12,43.0,36.12,9/4/2026,,,,,,,,
2461,8/17/2026,414.0,133.0,Sleek Maintainers of Riverville,54.0,Dazzling Floor Cleaner,cleaning supplies,segA,3.0,45.0,76.5,229.5,135.0,94.5,8/18/2026,,,,,,,,
2462,8/17/2026,414.0,133.0,Sleek Maintainers of Riverville,55.0,Spotless Floor Cleaner,cleaning supplies,segA,2.0,29.0,48.43,96.86,58.0,38.86,8/18/2026,,,,,,,,
2463,8/17/2026,414.0,133.0,Sleek Maintainers of Riverville,56.0,Pristine Citrus Cleaner,cleaning supplies,segA,1.0,48.0,81.12,81.12,48.0,33.12,18/08/2026,,,,,,,,
2464,8/17/2026,414.0,133.0,Sleek Maintainers of Riverville,57.0,Glossy All-Purpose Cleaner,cleaning supplies,segA,3.0,51.0,92.31,276.93,153.0,123.93,8/18/2026,,,,,,,,
2465,8/17/2026,414.0,133.0,Sleek Maintainers of Riverville,59.0,Spotless All-Purpose Cleaner,cleaning supplies,segA,1.0,47.0,83.66,83.66,47.0,36.66,18/08/2026,,,,,,,,
2466,8/17/2026,414.0,133.0,Sleek Maintainers of Riverville,61.0,Pristine Degreaser,cleaning supplies,segA,1.0,50.0,85.5,85.5,50.0,35.5,8/18/2026,,,,,,,,
2467,8/17/2026,414.0,133.0,Sleek Maintainers of Riverville,78.0,Glossy Creamers,breakroom supplies,segA,1.0,27.0,48.06,48.06,27.0,21.06,8/18/2026,,,,,,,,
2468,17/08/2026,414.0,133.0,Sleek Maintainers of Riverville,81.0,Polished Stirrers,breakroom supplies,segA,1.0,22.0,44.88,44.88,22.0,22.88,8/18/2026,,,,,,,,
2469,8/17/2026,414.0,133.0,Sleek Maintainers of Riverville,92.0,Glossy Instant Soups,breakroom supplies,segA,1.0,24.0,41.28,41.28,24.0,17.28,8/18/2026,,,,,,,,
2470,17/08/2026,414.0,133.0,Sleek Maintainers of Riverville,94.0,Pristine Instant Soups,breakroom supplies,segA,1.0,7.0,13.37,13.37,7.0,6.37,8/18/2026,,,,,,,,
2471,8/28/2026,148.0,135.0,Radiant Cleaners of Canyonfield,2.0,Glossy Party Napkins,paper & tissue,segA,45.0,29.0,37.99,1709.55,1305.0,404.55,8/31/2026,,,,,,,,
2472,8/28/2026,148.0,135.0,Radiant Cleaners of Canyonfield,5.0,Polished Kitchen Towels,paper & tissue,segA,49.0,35.0,52.5,2572.5,1715.0,857.5,8/31/2026,,,,,,,,
2473,8/28/2026,148.0,135.0,Radiant Cleaners of Canyonfield,7.0,Gleaming Bathroom Tissue,paper & tissue,segA,2.0,16.0,21.28,744.8,560.0,184.8,8/31/2026,,,,,,,,
2474,8/28/2026,148.0,135.0,Radiant Cleaners of Canyonfield,8.0,Bright Party Napkins,paper & tissue,segA,95.0,50.0,60.0,5700.0,4750.0,950.0,8/31/2026,,,,,,,,
2475,8/28/2026,148.0,135.0,Radiant Cleaners of Canyonfield,12.0,Immaculate Roll Paper Towels,paper & tissue,segA,41.0,44.0,59.4,2435.4,1804.0,631.4,8/31/2026,,,,,,,,
2476,8/28/2026,148.0,135.0,Radiant Cleaners of Canyonfield,13.0,Pristine Party Napkins,paper & tissue,segA,21.0,45.0,60.75,1275.75,945.0,330.75,8/31/2026,,,,,,,,
2477,8/28/2026,148.0,135.0,Radiant Cleaners of Canyonfield,16.0,Dazzling Bathroom Tissue,paper & tissue,segA,42.0,42.0,58.8,2469.6,1764.0,705.6,8/31/2026,,,,,,,,
2478,8/28/2026,148.0,135.0,Radiant Cleaners of Canyonfield,18.0,Pristine Lunch Napkins,paper & tissue,segA,68.0,20.0,28.6,1944.8,1360.0,584.8,31/08/2026,,,,,,,,
2479,8/28/2026,148.0,135.0,Radiant Cleaners of Canyonfield,61.0,Pristine Degreaser,cleaning supplies,segD,1.0,50.0,92.5,92.5,50.0,42.5,8/31/2026,,,,,,,,
2480,8/28/2026,148.0,135.0,Radiant Cleaners of Canyonfield,75.0,Fresh Microwave Popcorn,breakroom supplies,segA,18.0,18.0,35.64,641.52,324.0,317.52,8/31/2026,,,,,,,,
2481,8/28/2026,148.0,135.0,Radiant Cleaners of Canyonfield,77.0,Sleek Disposable Cups,breakroom supplies,segA,8.0,25.0,46.0,368.0,200.0,168.0,,,,,,,,,
2482,8/28/2026,148.0,135.0,Radiant Cleaners of Canyonfield,80.0,Spotless Instant Soups,breakroom supplies,segA,12.0,17.0,34.85,418.2,204.0,214.2,,,,,,,,,
2483,8/28/2026,148.0,135.0,Radiant Cleaners of Canyonfield,87.0,Glossy Tea Selection,breakroom supplies,segA,25.0,11.0,22.22,102.06,275.0,280.5,8/31/2026,,,,,,,,
2484,8/28/2026,148.0,135.0,Radiant Cleaners of Canyonfield,88.0,Gleaming Coffee Beans,breakroom supplies,segA,8.0,18.0,34.38,275.04,144.0,131.04,8/31/2026,,,,,,,,
2485,8/28/2026,148.0,135.0,Radiant Cleaners of Canyonfield,92.0,Glossy Instant Soups,breakroom supplies,segA,8.0,24.0,49.2,393.6,192.0,201.6,8/31/2026,,,,,,,,
2486,8/28/2026,148.0,135.0,Radiant Cleaners of Canyonfield,93.0,  Gleaming Microwave Popcorn ,breakroom supplies,segA,12.0,20.0,41.2,494.4,240.0,254.4,8/31/2026,,,,,,,,
2487,8/13/2026,483.0,136.0,Sparkling Maintainers of Riverburg,49.0,  Sparkling Disinfectant Wipes ,,segC,1.0,21.0,41.79,41.79,21.0,37.8,8/14/2026,,,,,,,,
2488,8/13/2026,483.0,136.0,  Sparkling Maintainers of Riverburg ,97.0,Sparkling Legal Size Paper,copy paper,segA,2.0,39.0,51.29707511896669,111.54,78.0,33.54,8/14/2026,,,,,,,,
2489,8/13/2026,483.0,136.0,Sparkling Maintainers of Riverburg,104.0,Gleaming Glossy Photo Paper,copy paper,segA,2.0,52.0,51.29707511896669,141.44,104.0,37.44,8/14/2026,,,,,,,,
2490,8/13/2026,483.0,136.0,Sparkling Maintainers of Riverburg,106.0,Sleek Resume Paper,copy paper,segA,3.0,48.0,67.2,201.6,144.0,57.6,8/14/2026,,,,,,,,
2491,8/12/2026,515.0,136.0,Sparkling Maintainers of Riverburg,34.0,Radiant Staplers,office products,segB,2.0,24.0,37.2,74.4,48.0,26.4,8/13/2026,,,,,,,,
2492,8/12/2026,515.0,136.0,Sparkling Maintainers of Riverburg,35.0,Dazzling Staplers,office products,  segB ,1.0,27.0,43.2,43.2,27.0,16.2,8/13/2026,,,,,,,,
2493,12/8/2026,515.0,136.0,Sparkling Maintainers of Riverburg,45.0,Immaculate Staplers,office products,segB,1.0,50.0,81.0,81.0,50.0,31.0,8/13/2026,,,,,,,,
2494,8/12/2026,515.0,136.0,Sparkling Maintainers of Riverburg,74.0,Pristine Energy Drinks,breakroom supplies,segB,1.0,15.0,29.7,29.7,15.0,14.7,13/08/2026,,,,,,,,
2495,8/12/2026,515.0,136.0,Sparkling Maintainers of Riverburg,106.0,Sleek Resume Paper,copy paper,segA,5.0,48.0,67.2,336.0,240.0,96.0,13/08/2026,,,,,,,,
2496,8/12/2026,515.0,136.0,Sparkling Maintainers of Riverburg,110.0,Pristine Cardstock,copy paper,segA,5.0,32.344897959183676,63.0,315.0,210.0,105.0,8/13/2026,,,,,,,,
2497,8/13/2026,,136.0,Sparkling Maintainers of Riverburg,30.0,Immaculate Markers,office products,segB,1.0,28.0,44.8,44.8,28.0,16.8,8/14/2026,,,,,,,,
2498,8/12/2026,,136.0,Sparkling Maintainers of Riverburg,30.0,Immaculate Markers,office products,segB,1.0,28.0,44.8,44.8,28.0,16.8,8/13/2026,,,,,,,,
2499,9/4/2026,12.0,137.0,Fresh Stewards of Gardenfield,17.0,  Glossy Lunch Napkins ,paper & tissue,segA,47.0,31.0,37.2,1748.4,1457.0,291.4,9/7/2026,,,,,,,,
2500,9/4/2026,12.0,137.0,Fresh Stewards of Gardenfield,19.0,Fresh Party Napkins,paper & tissue,segA,1.0,45.0,60.75,60.75,45.0,15.75,9/7/2026,,,,,,,,
2501,9/4/2026,12.0,137.0,Fresh Stewards of Gardenfield,20.0,Gleaming Roll Paper Towels,paper & tissue,segA,2.0,28.0,38.64,77.28,56.0,21.28,9/7/2026,,,,,,,,
2502,9/4/2026,12.0,137.0,Fresh Stewards of Gardenfield,23.0,Dazzling Roll Paper Towels,paper & tissue,segA,2.0,40.0,51.29707511896669,109.6,80.0,29.6,9/7/2026,,,,,,,,
2503,9/4/2026,12.0,137.0,Fresh Stewards of Gardenfield,32.0,Bright Desk Organizers,office products,segC,1.0,44.0,69.52,69.52,44.0,25.52,9/7/2026,,,,,,,,
2504,9/4/2026,12.0,137.0,Fresh Stewards of Gardenfield,40.0,Immaculate Markers,office products,segC,1.0,32.344897959183676,54.4,54.4,34.0,20.4,9/7/2026,,,,,,,,
2505,9/4/2026,12.0,137.0,Fresh Stewards of Gardenfield,53.0,Glossy Glass Cleaner,cleaning supplies,segA,1.0,36.0,61.92,61.92,36.0,25.92,9/7/2026,,,,,,,,
2506,9/4/2026,12.0,137.0,Fresh Stewards of Gardenfield,57.0,Glossy All-Purpose Cleaner,cleaning supplies,segA,2.0,51.0,82.11,164.22,102.0,62.22,9/7/2026,,,,,,,,
2507,9/4/2026,12.0,137.0,Fresh Stewards of Gardenfield,66.0,Radiant Glass Cleaner,cleaning supplies,segA,1.0,21.0,38.64,38.64,21.0,17.64,9/7/2026,,,,,,,,
2508,9/4/2026,12.0,137.0,Fresh Stewards of Gardenfield,70.0,Sleek Air Freshener,cleaning supplies,segA,2.0,33.0,58.08,116.16,63.0,50.16,9/7/2026,,,,,,,,
2509,9/4/2026,12.0,137.0,Fresh Stewards of Gardenfield,72.0,Gleaming Glass Cleaner,cleaning supplies,segA,1.0,23.0,39.33,39.33,23.0,16.33,9/7/2026,,,,,,,,
2510,9/1/2026,90.0,137.0,Fresh Stewards of Gardenfield,12.0,Immaculate Roll Paper Towels,paper & tissue,segA,3.0,44.0,65.12,195.36,132.0,63.36,9/2/2026,,,,,,,,
2511,9/1/2026,90.0,137.0,Fresh Stewards of Gardenfield,32.0,Bright Desk Organizers,office products,segC,1.0,44.0,69.52,69.52,63.0,25.52,9/2/2026,,,,,,,,
2512,9/1/2026,90.0,137.0,Fresh Stewards of Gardenfield,33.0,Dazzling File Folders,office products,segC,1.0,26.0,41.08,102.06,63.0,15.08,9/2/2026,,,,,,,,
2513,9/1/2026,90.0,137.0,Fresh Stewards of Gardenfield,41.0,Dazzling File Folders,office products,segC,1.0,46.0,71.76,71.76,46.0,25.76,9/2/2026,,,,,,,,
2514,9/1/2026,90.0,137.0,Fresh Stewards of Gardenfield,46.0,Spotless Desk Organizers,office products,segC,1.0,33.0,52.8,52.8,33.0,19.8,9/2/2026,,,,,,,,
2515,9/1/2026,90.0,137.0,Fresh Stewards of Gardenfield,57.0,Glossy All-Purpose Cleaner,cleaning supplies,segA,3.0,51.0,82.11,246.33,153.0,93.33,9/2/2026,,,,,,,,
2516,9/1/2026,90.0,137.0,Fresh Stewards of Gardenfield,66.0,Radiant Glass Cleaner,cleaning supplies,segA,1.0,21.0,51.29707511896669,38.64,21.0,17.64,9/2/2026,,,,,,,,
2517,9/1/2026,90.0,137.0,Fresh Stewards of Gardenfield,68.0,Dazzling Disinfectant Wipes,cleaning supplies,segA,1.0,54.0,94.5,94.5,54.0,40.5,9/2/2026,,,,,,,,
2518,1/9/2026,90.0,137.0,Fresh Stewards of Gardenfield,69.0,Gleaming Degreaser,cleaning supplies,segA,3.0,27.0,47.52,142.56,81.0,61.56,9/2/2026,,,,,,,,
2519,9/1/2026,90.0,137.0,Fresh Stewards of Gardenfield,72.0,Gleaming Glass Cleaner,cleaning supplies,segA,1.0,23.0,39.33,39.33,63.0,16.33,2/9/2026,,,,,,,,
2520,9/1/2026,90.0,137.0,Fresh Stewards of Gardenfield,93.0,Gleaming Microwave Popcorn,breakroom supplies,segD,1.0,20.0,42.6,42.6,20.0,22.6,9/2/2026,,,,,,,,
2521,9/1/2026,90.0,137.0,Fresh Stewards of Gardenfield,113.0,Polished Recycled Paper,copy paper,segD,1.0,36.0,64.8,64.8,36.0,28.8,9/2/2026,,,,,,,,
2522,8/26/2026,224.0,137.0,Fresh Stewards of Gardenfield,14.0,Spotless Pocket Tissues,paper & tissue,segA,3.0,20.0,29.2,87.6,60.0,27.6,8/27/2026,,,,,,,,
2523,8/26/2026,224.0,137.0,Fresh Stewards of Gardenfield,17.0,Glossy Lunch Napkins,paper & tissue,seAg,39.0,31.0,37.2,1450.8,1209.0,241.8,8/27/2026,,,,,,,,
2524,8/26/2026,224.0,137.0,Fresh Stewards of Gardenfield,19.0,Fresh Party Napkins,paper & tissue,segA,2.0,45.0,60.75,121.5,90.0,31.5,8/27/2026,,,,,,,,
2525,8/26/2026,224.0,137.0,Fresh Stewards of Gardenfield,25.0,Dazzling Binder Clips,office products,segC,1.0,45.0,67.95,67.95,45.0,22.95,8/27/2026,,,,,,,,
2526,8/26/2026,224.0,137.0,Fresh Stewards of Gardenfield,54.0,Dazzling Floor Cleaner,cleaning supplies,segA,1.0,45.0,83.25,83.25,45.0,38.25,8/27/2026,,,,,,,,
2527,8/26/2026,224.0,137.0,Fresh Stewards of Gardenfield,59.0,Spotless All-Purpose Cleaner,cleaning supplies,segA,22.0,47.0,66.74,1468.28,1034.0,434.28,8/27/2026,,,,,,,,
2528,8/26/2026,224.0,137.0,Fresh Stewards of Gardenfield,66.0,Radiant Glass Cleaner,cleaning supplies,segA,2.0,21.0,38.64,38.64,21.0,17.64,8/27/2026,,,,,,,,
2529,8/26/2026,224.0,137.0,Fresh Stewards of Gardenfield,68.0,Dazzling Disinfectant Wipes,,segA,1.0,54.0,94.5,94.5,54.0,40.5,8/27/2026,,,,,,,,
2530,8/26/2026,224.0,137.0,Fresh Stewards of Gardenfield,72.0,Gleaming Glass Cleaner,cleaning supplies,segA,1.0,23.0,39.33,39.33,23.0,16.33,8/27/2026,,,,,,,,
2531,8/24/2026,282.0,137.0,Fresh Stewards of Gardenfield,14.0,Spotless Pocket Tissues,paper & tissue,segA,1.0,20.0,29.2,29.2,20.0,9.2,9/8/2026,,,,,,,,
2532,8/24/2026,282.0,137.0,Fresh Stewards of Gardenfield,33.0,Dazzling File Folders,office products,segC,1.0,26.0,41.08,41.08,26.0,15.08,9/8/2026,,,,,,,,
2533,8/24/2026,282.0,137.0,Fresh Stewards of Gardenfield,40.0,Immaculate Markers,office products,segC,1.0,34.0,54.4,54.4,34.0,20.4,,,,,,,,,
2534,8/24/2026,282.0,137.0,Fresh Stewards of Gardenfield,53.0,Glossy Glass Cleaner,cleaning supplies,segA,1.0,36.0,61.92,61.92,36.0,25.92,9/8/2026,,,,,,,,
2535,8/24/2026,282.0,137.0,Fresh Stewards of Gardenfield,66.0,Radiant Glass Cleaner,cleaning supplies,segA,2.0,21.0,38.64,38.64,21.0,17.64,9/8/2026,,,,,,,,
2536,8/24/2026,282.0,137.0,Fresh Stewards of Gardenfield,68.0,Dazzling Disinfectant Wipes,cleaning supplies,segA,1.0,54.0,94.5,94.5,54.0,40.5,9/8/2026,,,,,,,,
2537,8/17/2026,415.0,137.0,Fresh Stewards of Gardenfield,12.0,Immaculate Roll Paper Towels,paper & tissue,segA,3.0,44.0,65.12,195.36,132.0,63.36,,,,,,,,,
2538,8/17/2026,415.0,137.0,Fresh Stewards of Gardenfield,14.0,Spotless Pocket Tissues,paper & tissue,segA,3.0,20.0,29.2,87.6,60.0,27.6,9/1/2026,,,,,,,,
2539,8/17/2026,415.0,137.0,Fresh Stewards of Gardenfield,19.0,Fresh Party Napkins,,segA,1.0,45.0,60.75,60.75,45.0,15.75,9/1/2026,,,,,,,,
2540,8/17/2026,415.0,137.0,Fresh Stewards of Gardenfield,23.0,Dazzling Roll Paper Towels,paper & tissue,segA,2.0,40.0,54.8,109.6,80.0,29.6,9/1/2026,,,,,,,,
2541,8/17/2026,415.0,137.0,Fresh Stewards of Gardenfield,24.0,Sparkling Pocket Tissues,paper & tissue,segA,1.0,32.344897959183676,26.1,26.1,18.0,8.1,9/1/2026,,,,,,,,
2542,8/17/2026,415.0,137.0,Fresh Stewards of Gardenfield,54.0,Dazzling Floor Cleaner,cleaning supplies,segA,1.0,45.0,83.25,83.25,45.0,38.25,9/1/2026,,,,,,,,
2543,8/17/2026,415.0,137.0,Fresh Stewards of Gardenfield,72.0,Gleaming Glass Cleaner,cleaning supplies,segA,1.0,23.0,39.33,39.33,23.0,16.33,9/1/2026,,,,,,,,
2544,8/12/2026,516.0,137.0,Fresh Stewards of Gardenfield,12.0,Immaculate Roll Paper Towels,paper & tissue,segA,3.0,44.0,65.12,195.36,132.0,63.36,8/13/2026,,,,,,,,
2545,8/12/2026,516.0,137.0,Fresh Stewards of Gardenfield,14.0,Spotless Pocket Tissues,paper & tissue,segA,3.0,20.0,29.2,87.6,60.0,27.6,8/13/2026,,,,,,,,
2546,8/12/2026,516.0,137.0,Fresh Stewards of Gardenfield,22.0,Sparkling Pocket Tissues,paper & tissue,segA,7.0,41.0,54.12,378.84,287.0,91.84,8/13/2026,,,,,,,,
2547,8/12/2026,516.0,137.0,Fresh Stewards of Gardenfield,40.0,Immaculate Markers,office products,segC,1.0,34.0,54.4,54.4,34.0,20.4,8/13/2026,,,,,,,,
2548,8/12/2026,516.0,137.0,Fresh Stewards of Gardenfield,50.0,Bright Glass Cleaner,cleaning supplies,segA,1.0,26.0,48.36,48.36,26.0,22.36,8/13/2026,,,,,,,,
2549,8/12/2026,516.0,137.0,Fresh Stewards of Gardenfield,57.0,Glossy All-Purpose Cleaner,cleaning supplies,segA,1.0,51.0,82.11,82.11,51.0,31.11,8/13/2026,,,,,,,,
2550,8/12/2026,516.0,137.0,Fresh Stewards of Gardenfield,68.0,Dazzling Disinfectant Wipes,  cleaning supplies ,segA,1.0,54.0,94.5,94.5,54.0,40.5,8/13/2026,,,,,,,,
2551,8/12/2026,516.0,137.0,Fresh Stewards of Gardenfield,72.0,  Gleaming Glass Cleaner ,cleaning supplies,segA,1.0,23.0,39.33,39.33,23.0,16.33,8/13/2026,,,,,,,,
2552,8/26/2026,,137.0,Fresh Stewards of Gardenfield,23.0,Dazzling Roll Paper Towels,,,3.0,40.0,54.8,164.4,120.0,44.4,8/27/2026,,,,,,,,
2553,9/1/2026,91.0,138.0,Radiant Facilities of Mountfield,6.0,Pristine Bathroom Tissue,paper & tissue,segB,2.0,19.0,27.93,55.86,38.0,17.86,9/9/2026,,,,,,,,
2554,9/1/2026,91.0,138.0,Radiant Facilities of Mountfield,7.0,Gleaming Bathroom Tissue,paper & tissue,segB,1.0,16.0,23.68,23.68,16.0,7.68,9/9/2026,,,,,,,,
2555,1/9/2026,91.0,138.0,Radiant Facilities of Mountfield,10.0,Pristine 2-Ply Toilet Paper,paper & tissue,segB,1.0,26.0,40.3,40.3,26.0,14.3,9/9/2026,,,,,,,,
2556,1/9/2026,91.0,138.0,Radiant Facilities of Mountfield,20.0,Gleaming Roll Paper Towels,paper & tissue,segB,2.0,28.0,44.52,89.04,56.0,33.04,9/9/2026,,,,,,,,
2557,9/1/2026,91.0,138.0,Radiant Facilities of Mountfield,60.0,Polished Degreaser,cleaning supplies,segB,1.0,26.0,45.5,45.5,26.0,19.5,9/9/2026,,,,,,,,
2558,9/1/2026,91.0,138.0,Radiant Facilities of Mountfield,67.0,Sleek Citrus Cleaner,,segB,1.0,39.0,76.83,76.83,39.0,37.83,9/9/2026,,,,,,,,
2559,9/1/2026,91.0,138.0,Radiant Facilities of Mountfield,101.0,Radiant Colored Paper,copy paper,segA,2.0,60.0,80.4,160.8,120.0,37.8,9/9/2026,,,,,,,,
2560,9/1/2026,91.0,138.0,Radiant Facilities of Mountfield,103.0,Spotless Colored Paper,copy paper,segA,2.0,45.0,63.45,126.9,90.0,36.9,9/9/2026,,,,,,,,
2561,9/1/2026,91.0,138.0,Radiant Facilities of Mountfield,109.0,Immaculate Resume Paper,copy paper,segA,1.0,31.0,42.16,42.16,31.0,37.8,9/9/2026,,,,,,,,
2562,9/1/2026,91.0,138.0,Radiant Facilities of Mountfield,114.0,Glossy Recycled Paper,copy paper,segA,4.0,32.0,47.36,189.44,128.0,61.44,9/9/2026,,,,,,,,
2563,8/19/2026,366.0,138.0,Radiant Facilities of Mountfield,11.0,Fresh Lunch Napkins,paper & tissue,  segB ,1.0,21.0,33.39,33.39,21.0,12.39,8/20/2026,,,,,,,,
2564,8/19/2026,366.0,138.0,Radiant Facilities of Mountfield,56.0,Pristine Citrus Cleaner,cleaning supplies,segB,1.0,48.0,92.16,92.16,48.0,44.16,8/20/2026,,,,,,,,
2565,8/19/2026,366.0,138.0,Radiant Facilities of Mountfield,67.0,Sleek Citrus Cleaner,cleaning supplies,segB,1.0,39.0,76.83,76.83,39.0,37.83,8/20/2026,,,,,,,,
2566,8/19/2026,366.0,138.0,Radiant Facilities of Mountfield,71.0,Spotless Glass Cleaner,cleaning supplies,segB,1.0,31.0,56.42,56.42,31.0,25.42,8/20/2026,,,,,,,,
2567,19/08/2026,366.0,138.0,Radiant Facilities of Mountfield,100.0,Dazzling Legal Size Paper,copy paper,segA,3.0,24.0,33.84,101.52,72.0,29.52,8/20/2026,,,,,,,,
2568,8/19/2026,366.0,138.0,Radiant Facilities of Mountfield,101.0,Radiant Colored Paper,copy paper,segA,1.0,60.0,80.4,80.4,60.0,20.4,8/20/2026,,,,,,,,
2569,8/19/2026,366.0,138.0,Radiant Facilities of Mountfield,109.0,Immaculate Resume Paper,copy paper,segA,2.0,31.0,42.16,84.32,62.0,22.32,8/20/2026,,,,,,,,
2570,8/19/2026,,138.0,Radiant Facilities of Mountfield,,,office prdoucts,segD,1.0,24.0,42.48,42.48,24.0,18.48,8/20/2026,,,,,,,,
2571,9/4/2026,13.0,140.0,Spotless Servicers of Valleywood,1.0,Sleek Party Napkins,paper & tissue,segA,1.0,29.0,51.29707511896669,42.34,29.0,13.34,9/14/2026,,,,,,,,
2572,9/4/2026,13.0,140.0,Spotless Servicers of Valleywood,3.0,Sparkling Party Napkins,paper & tissue,segA,2.0,21.0,28.98,102.06,42.0,15.96,9/14/2026,,,,,,,,
2573,9/4/2026,13.0,140.0,Spotless Servicers of Valleywood,14.0,Spotless Pocket Tissues,paper & tissue,,3.0,20.0,27.0,81.0,60.0,21.0,9/14/2026,,,,,,,,
2574,9/4/2026,13.0,140.0,Spotless Servicers of Valleywood,16.0,Dazzling Bathroom Tissue,paper & tissue,segA,2.0,42.0,57.54,115.08,84.0,31.08,9/14/2026,,,,,,,,
2575,9/4/2026,13.0,140.0,Spotless Servicers of Valleywood,18.0,Pristine Lunch Napkins,paper & tissue,segA,3.0,20.0,26.4,79.2,60.0,19.2,9/14/2026,,,,,,,,
2576,9/4/2026,13.0,140.0,Spotless Servicers of Valleywood,20.0,Gleaming Roll Paper Towels,paper & tissue,segA,6.0,28.0,38.08,228.48,168.0,60.48,9/14/2026,,,,,,,,
2577,9/4/2026,13.0,140.0,Spotless Servicers of Valleywood,28.0,Immaculate Binder Clips,office products,segA,5.0,29.0,38.57,192.85,145.0,47.85,9/14/2026,,,,,,,,
2578,9/4/2026,13.0,140.0,Spotless Servicers of Valleywood,29.0,Dazzling Paper Clips,  office products ,segA,4.0,37.0,55.5,222.0,148.0,74.0,9/14/2026,,,,,,,,
2579,9/4/2026,13.0,140.0,Spotless Servicers of Valleywood,31.0,Polished Highlighters,office products,segA,1.0,17.0,24.31,24.31,17.0,7.31,9/14/2026,,,,,,,,
2580,9/4/2026,13.0,140.0,Spotless Servicers of Valleywood,33.0,Dazzling File Folders,office products,segA,2.0,26.0,34.32,68.64,52.0,16.64,9/14/2026,,,,,,,,
2581,9/4/2026,13.0,140.0,Spotless Servicers of Valleywood,39.0,Immaculate Sticky Notes,office products,segA,3.0,34.0,52.02,156.06,102.0,54.06,9/14/2026,,,,,,,,
2582,9/4/2026,13.0,140.0,Spotless Servicers of Valleywood,42.0,Polished Markers,office products,segA,5.0,28.0,38.36,191.8,140.0,51.8,9/14/2026,,,,,,,,
2583,9/4/2026,13.0,140.0,Spotless Servicers of Valleywood,46.0,Spotless Desk Organizers,office products,segA,3.0,33.0,50.49,151.47,99.0,52.47,9/14/2026,,,,,,,,
2584,9/4/2026,13.0,140.0,Spotless Servicers of Valleywood,49.0,Sparkling Disinfectant Wipes,cleaning supplies,segA,2.0,21.0,37.38,37.38,21.0,16.38,9/14/2026,,,,,,,,
2585,9/4/2026,13.0,140.0,Spotless Servicers of Valleywood,54.0,Dazzling Floor Cleaner,cleaning supplies,segA,2.0,45.0,75.6,151.2,90.0,61.2,9/14/2026,,,,,,,,
2586,9/4/2026,13.0,140.0,Spotless Servicers of Valleywood,55.0,Spotless Floor Cleaner,cleaning supplies,segA,1.0,29.0,53.07,53.07,29.0,24.07,9/14/2026,,,,,,,,
2587,9/4/2026,13.0,140.0,Spotless Servicers of Valleywood,61.0,Pristine Degreaser,cleaning supplies,segA,1.0,32.344897959183676,81.5,81.5,50.0,31.5,9/14/2026,,,,,,,,
2588,9/4/2026,13.0,140.0,Spotless Servicers of Valleywood,66.0,Radiant Glass Cleaner,cleaning supplies,  segA ,2.0,21.0,36.33,72.66,42.0,30.66,9/14/2026,,,,,,,,
2589,9/4/2026,13.0,140.0,Spotless Servicers of Valleywood,71.0,Spotless Glass Cleaner,cleaning supplies,segA,2.0,31.0,49.91,99.82,62.0,37.82,9/14/2026,,,,,,,,
2590,9/4/2026,13.0,140.0,Spotless Servicers of Valleywood,72.0,Gleaming Glass Cleaner,cleaning supplies,segA,2.0,23.0,42.32,84.64,46.0,38.64,9/14/2026,,,,,,,,
2591,9/4/2026,13.0,140.0,Spotless Servicers of Valleywood,88.0,Gleaming Coffee Beans,breakroom supplies,segD,1.0,18.0,42.12,42.12,18.0,24.12,9/14/2026,,,,,,,,
2592,9/1/2026,92.0,140.0,Spotless Servicers of Valleywood,1.0,Sleek Party Napkins,paper & tissue,segA,3.0,29.0,42.34,127.02,87.0,40.02,9/9/2026,,,,,,,,
2593,9/1/2026,92.0,140.0,Spotless Servicers of Valleywood,7.0,Gleaming Bathroom Tissue,paper & tissue,segA,2.0,16.0,23.2,46.4,32.0,14.4,9/9/2026,,,,,,,,
2594,9/1/2026,92.0,140.0,Spotless Servicers of Valleywood,10.0,Pristine 2-Ply Toilet Paper,paper & tissue,segA,3.0,26.0,34.84,104.52,78.0,26.52,9/9/2026,,,,,,,,
2595,9/1/2026,92.0,140.0,Spotless Servicers of Valleywood,11.0,Fresh Lunch Napkins,paper & tissue,segA,2.0,21.0,27.72,55.44,42.0,13.44,9/9/2026,,,,,,,,
2596,9/1/2026,92.0,140.0,Spotless Servicers of Valleywood,17.0,Glossy Lunch Napkins,paper & tissue,segA,2.0,31.0,40.92,81.84,62.0,19.84,9/9/2026,,,,,,,,
2597,9/1/2026,92.0,140.0,Spotless Servicers of Valleywood,20.0,Gleaming Roll Paper Towels,paper & tissue,segA,3.0,28.0,38.08,114.24,84.0,30.24,9/9/2026,,,,,,,,
2598,9/1/2026,92.0,140.0,Spotless Servicers of Valleywood,28.0,Immaculate Binder Clips,office products,segA,2.0,29.0,38.57,77.14,58.0,19.14,9/9/2026,,,,,,,,
2599,9/1/2026,92.0,140.0,Spotless Servicers of Valleywood,29.0,Dazlzing Paper Clips,office products,segA,2.0,37.0,51.29707511896669,166.5,111.0,55.5,9/9/2026,,,,,,,,
2600,9/1/2026,92.0,140.0,Spotless Servicers of Valleywood,31.0,Polished Highlighters,,segA,1.0,17.0,24.31,24.31,17.0,7.31,9/9/2026,,,,,,,,
2601,1/9/2026,92.0,140.0,Spotless Servicers of Valleywood,33.0,Dazzling File Folders,office products,segA,2.0,26.0,34.32,68.64,52.0,16.64,9/9/2026,,,,,,,,
2602,9/1/2026,92.0,140.0,Spotless Servicers of Valleywood,39.0,Immaculate Sticky Notes,office products,segA,3.0,34.0,52.02,156.06,102.0,54.06,9/9/2026,,,,,,,,
2603,9/1/2026,92.0,140.0,Spotless Servicers of Valleywood,41.0,Dazzling File Folders,office products,segA,2.0,46.0,62.1,124.2,92.0,32.2,9/9/2026,,,,,,,,
2604,9/1/2026,92.0,140.0,Spotless Servicers of Valleywood,42.0,Polished Markers,office products,segA,5.0,28.0,38.36,191.8,63.0,51.8,,,,,,,,,
2605,9/1/2026,92.0,140.0,Spotless Servicers of Valleywood,46.0,Spotless Desk Organizers,office products,segA,1.0,32.344897959183676,50.49,50.49,33.0,17.49,9/9/2026,,,,,,,,
2606,9/1/2026,92.0,140.0,Spotless Servicers of Valleywood,47.0,Immaculate Staplers,office products,segA,1.0,24.0,36.48,36.48,63.0,37.8,9/9/2026,,,,,,,,
2607,9/1/2026,92.0,140.0,Spotless Servicers of Valleywood,49.0,  Sparkling Disinfectant Wipes ,cleaning supplies,segA,1.0,21.0,37.38,37.38,21.0,16.38,9/9/2026,,,,,,,,
2608,9/1/2026,92.0,140.0,Spotless Servicers of Valleywood,50.0,Bright Glass Cleaner,cleaning supplies,segA,2.0,23.0,41.63,83.26,46.0,37.26,9/9/2026,,,,,,,,
2609,9/1/2026,92.0,140.0,Spotless Servicers of Valleywood,51.0,Bright Glass Cleaner,cleaning supplies,segA,1.0,26.0,42.64,42.64,26.0,16.64,9/9/2026,,,,,,,,
2610,9/1/2026,92.0,140.0,Spotless Servicers of Valleywood,52.0,Spotless Air Freshener,cleaning spuplies,segA,2.0,49.0,90.16,180.32,98.0,82.32,9/9/2026,,,,,,,,
2611,9/1/2026,92.0,140.0,Spotless Servicers of Valleywood,54.0,Dazzling Floor Cleaner,cleaning supplies,segA,2.0,45.0,75.6,151.2,90.0,61.2,9/9/2026,,,,,,,,
2612,9/1/2026,92.0,140.0,Spotless Servicers of Valleywood,55.0,Spotless Floor Cleaner,cleaning supplies,segA,2.0,29.0,53.07,106.14,58.0,37.8,9/9/2026,,,,,,,,
2613,9/1/2026,92.0,140.0,Spotless Servicers of Valleywood,58.0,Spotless Floor Cleaner,cleaning supplies,segA,1.0,31.0,49.6,49.6,31.0,18.6,9/9/2026,,,,,,,,
2614,9/1/2026,92.0,140.0,Spotless Servicers of Valleywood,66.0,Radiant Glass Cleaner,cleaning supplies,segA,1.0,21.0,36.33,36.33,21.0,15.33,9/9/2026,,,,,,,,
2615,9/1/2026,92.0,140.0,Spotless Servicers of Valleywood,67.0,Sleek Citrus Cleaner,cleaning supplies,segA,2.0,39.0,74.1,148.2,78.0,70.2,9/9/2026,,,,,,,,
2616,9/1/2026,92.0,140.0,Spotless Servicers of Valleywood,71.0,Spotless Glass Cleaner,cleaning supplies,segA,3.0,31.0,49.91,149.73,93.0,56.73,9/9/2026,,,,,,,,
2617,8/7/2026,592.0,140.0,Spotless Servicers of Valleywood,1.0,Sleek Party Napkins,paper & tissue,segA,1.0,29.0,42.34,42.34,29.0,37.8,8/10/2026,,,,,,,,
2618,8/7/2026,592.0,140.0,Spotless Servicers of Valleywood,4.0,Bright Bathroom Tissue,paper & tissue,segA,5.0,26.0,38.22,191.1,130.0,61.1,8/10/2026,,,,,,,,
2619,8/7/2026,592.0,140.0,Spotless Servicers of Valleywood,16.0,Dazzling Bathroom Tissue,paper & tissue,segA,3.0,42.0,57.54,172.62,126.0,46.62,8/10/2026,,,,,,,,
2620,8/7/2026,592.0,140.0,Spotless Servicers of Valleywood,17.0,Glossy Lunch Napkins,paper & tissue,segA,3.0,31.0,40.92,122.76,93.0,29.76,8/10/2026,,,,,,,,
2621,8/7/2026,592.0,140.0,Spotless Servicers of Valleywood,23.0,Dazzling Roll Paper Towels,paper & tissue,segA,3.0,40.0,60.0,180.0,120.0,60.0,8/10/2026,,,,,,,,
2622,8/7/2026,592.0,140.0,Spotless Servicers of Valleywood,25.0,Dazzling Binder Clips,office products,segA,3.0,45.0,65.25,195.75,135.0,60.75,8/10/2026,,,,,,,,
2623,8/7/2026,592.0,140.0,Spotless Servicers of Valleywood,26.0,Radiant Sticky Notes,office products,segA,1.0,34.0,52.36,52.36,34.0,18.36,8/10/2026,,,,,,,,
2624,8/7/2026,592.0,140.0,Spotless Servicers of Valleywood,28.0,Immaculate Binder Clips,office products,segA,5.0,29.0,38.57,192.85,145.0,47.85,8/10/2026,,,,,,,,
2625,8/7/2026,592.0,140.0,Spotless Servicers of Valleywood,29.0,Dazzling Paper Clips,office products,,4.0,37.0,55.5,102.06,148.0,74.0,8/10/2026,,,,,,,,
2626,8/7/2026,592.0,140.0,Spotless Servicers of Valleywood,33.0,Dazzling File Folders,office products,,1.0,26.0,34.32,34.32,26.0,8.32,8/10/2026,,,,,,,,
2627,7/8/2026,592.0,140.0,Spotless Servicers of Valleywood,46.0,Spotless Desk Organizers,office products,segA,2.0,33.0,50.49,100.98,66.0,34.98,8/10/2026,,,,,,,,
2628,8/7/2026,592.0,140.0,  Spotless Servicers of Valleywood ,50.0,Bright Glass Cleaner,,segA,3.0,23.0,41.63,124.89,69.0,55.89,8/10/2026,,,,,,,,
2629,8/7/2026,592.0,140.0,Spotless Servicers of Valleywood,51.0,Bright Glass Cleaner,cleaning supplies,segA,1.0,26.0,42.64,42.64,26.0,16.64,8/10/2026,,,,,,,,
2630,8/7/2026,592.0,140.0,Spotless Servicers of Valleywood,54.0,Dazzling Floor Cleaner,cleaning supplies,segA,1.0,45.0,75.6,75.6,45.0,30.6,8/10/2026,,,,,,,,
2631,8/7/2026,592.0,140.0,Spotless Servicers of Valleywood,55.0,Spotless Floor Cleaner,cleaning supplies,segA,2.0,29.0,53.07,106.14,58.0,48.14,10/8/2026,,,,,,,,
2632,8/7/2026,592.0,140.0,Spotless Servicers of Valleywood,58.0,Spotless Floor Cleaner,cleaning supplies,segA,2.0,31.0,49.6,99.2,62.0,37.2,8/10/2026,,,,,,,,
2633,8/7/2026,592.0,140.0,Spotless Servicers of Valleywood,61.0,Pristine Degreaser,cleaning supplies,segA,1.0,50.0,81.5,81.5,50.0,31.5,8/10/2026,,,,,,,,
2634,8/7/2026,592.0,140.0,Spotless Servicers of Valleywood,68.0,Dazzling Disinfectant Wipes,cleaning supplies,segA,2.0,54.0,51.29707511896669,172.8,108.0,64.8,8/10/2026,,,,,,,,
2635,8/7/2026,592.0,140.0,Spotless Servicers of Valleywood,69.0,Gleaming Degreaser,cleaning supplies,segA,1.0,27.0,43.74,43.74,27.0,16.74,8/10/2026,,,,,,,,
2636,8/7/2026,592.0,140.0,Spotless Servicers of Valleywood,70.0,Sleek Air Freshener,cleaning supplies,segA,1.0,33.0,57.42,57.42,33.0,24.42,8/10/2026,,,,,,,,
2638,9/1/2026,,140.0,Spotless Servicers of Valleywood,63.0,Polished Glass Cleaner,cleaning supplies,segA,1.0,42.0,73.5,73.5,42.0,31.5,,,,,,,,,
2639,8/7/2026,,140.0,Spotless Servicers of Valleywood,42.0,Polished Markers,office products,segA,4.0,28.0,38.36,153.44,112.0,41.44,8/10/2026,,,,,,,,
2640,8/7/2026,,140.0,Spotless Servicers of Valleywood,72.0,Gleaming Glass Cleaner,cleaning supplies,segA,2.0,23.0,42.32,84.64,46.0,38.64,8/10/2026,,,,,,,,
2641,8/28/2026,149.0,141.0,Immaculate Custodians of Harborton,2.0,Glossy Party Napkins,paper & tissue,segB,1.0,29.0,46.4,46.4,29.0,17.4,8/31/2026,,,,,,,,
2642,8/28/2026,149.0,141.0,Immaculate Custodians of Harborton,3.0,Sparkling Party Napkins,paper & tissue,segB,4.0,21.0,33.6,134.4,84.0,50.4,8/31/2026,,,,,,,,
2643,8/28/2026,149.0,141.0,Immaculate Custodians of Harborton,18.0,Pristine Lunch Napkins,paper & tissue,segB,2.0,20.0,29.6,59.2,40.0,19.2,8/31/2026,,,,,,,,
2644,8/28/2026,149.0,141.0,Immaculate Custodians of Harborton,24.0,Sparkling Pocket Tissues,paper & tissue,segB,4.0,18.0,25.92,103.68,72.0,31.68,8/31/2026,,,,,,,,
2645,8/28/2026,149.0,141.0,Immaculate Custodians of Harborton,25.0,Dazzling Binder Clips,office products,segA,16.0,45.0,59.85,957.6,720.0,237.6,8/31/2026,,,,,,,,
2646,8/28/2026,149.0,141.0,Immaculate Custodians of Harborton,,,office products,segA,9.0,34.0,52.36,471.24,306.0,165.24,8/31/2026,,,,,,,,
2647,28/08/2026,149.0,141.0,Immaculate Custodians of Harborton,32.0,Bright Desk Organizers,office products,segA,9.0,44.0,66.88,601.92,396.0,205.92,8/31/2026,,,,,,,,
2648,8/28/2026,149.0,141.0,Immaculate Custodians of Harborton,33.0,Dazzling File Folders,office products,segA,18.0,26.0,37.44,673.92,468.0,205.92,,,,,,,,,
2649,8/28/2026,149.0,141.0,Immaculate Custodians of Harborton,36.0,Glossy Staplers,office products,segA,3.0,50.0,79.5,238.5,150.0,88.5,8/31/2026,,,,,,,,
2650,8/28/2026,149.0,141.0,Immaculate Custodians of Harborton,37.0,Bright Recycled Paper,office products,segA,7.0,24.0,38.4,268.8,168.0,100.8,8/31/2026,,,,,,,,
2651,8/28/2026,149.0,141.0,Immaculate Custodians of Harborton,42.0,Polished Markers,office products,segA,8.0,32.344897959183676,37.8,302.4,224.0,78.4,8/31/2026,,,,,,,,
2652,28/08/2026,149.0,141.0,Immaculate Custodians of Harborton,47.0,Immaculate Staplers,office products,segA,8.0,24.0,33.84,270.72,192.0,78.72,8/31/2026,,,,,,,,
2653,8/28/2026,149.0,141.0,Immaculate Custodians of Harborton,67.0,Sleek Citrus Cleaner,cleaning supplies,segC,2.0,39.0,78.0,156.0,78.0,78.0,8/31/2026,,,,,,,,
2654,8/28/2026,149.0,141.0,Immaculate Custodians of Harborton,76.0,Immaculate Granola Bars,breakroom supplies,segC,2.0,10.0,19.8,39.6,20.0,19.6,8/31/2026,,,,,,,,
2655,8/28/2026,149.0,141.0,Immaculate Custodians of Harborton,109.0,Immaculate Resume Paper,copy paper,segB,4.0,32.344897959183676,48.67,194.68,124.0,70.68,8/31/2026,,,,,,,,
2656,8/27/2026,188.0,141.0,Immaculate Custodians of Harborton,7.0,Gleaming Bathroom Tissue,paper & tissue,segB,4.0,16.0,23.84,95.36,64.0,31.36,8/28/2026,,,,,,,,
2657,8/27/2026,188.0,141.0,Immaculate Custodians of Harborton,14.0,Spotless Pocket Tissues,paper & tissue,segB,5.0,20.0,28.0,140.0,100.0,40.0,8/28/2026,,,,,,,,
2658,8/27/2026,188.0,141.0,Immaculate Custodians of Harborton,24.0,Sparkling Pocket Tissues,paper & tissue,segB,9.0,18.0,25.92,233.28,162.0,37.8,8/28/2026,,,,,,,,
2659,8/27/2026,188.0,141.0,Immaculaet Custodians of Harborton,26.0,Radiant Sticky Notes,office products,segA,11.0,34.0,52.36,575.96,374.0,201.96,8/28/2026,,,,,,,,
2660,8/27/2026,188.0,141.0,Immaculate Custodians of Harborton,35.0,Dazzling Staplers,office products,segA,4.0,27.0,36.18,144.72,108.0,36.72,8/28/2026,,,,,,,,
2661,8/27/2026,188.0,141.0,Immaculate Custodians of Harborton,37.0,Bright Recycled Paper,office products,segA,6.0,24.0,38.4,230.4,144.0,86.4,8/28/2026,,,,,,,,
2662,8/27/2026,188.0,141.0,Immaculate Custodians of Harborton,42.0,Polished Markers,office products,segA,4.0,28.0,37.8,151.2,112.0,39.2,8/28/2026,,,,,,,,
2663,8/27/2026,188.0,141.0,Immaculate Custodians of Harborton,44.0,Gleaming Recycled Paper,office products,segA,3.0,34.0,53.38,160.14,102.0,58.14,8/28/2026,,,,,,,,
2664,8/27/2026,188.0,141.0,Immaculate Custodians of Harborton,47.0,Immaculate Staplers,office products,segA,7.0,24.0,33.84,236.88,168.0,68.88,8/28/2026,,,,,,,,
2665,8/27/2026,188.0,141.0,Immaculate Custodians of Harborton,48.0,Fresh Desk Organizers,office products,segA,5.0,29.0,43.21,216.05,145.0,71.05,8/28/2026,,,,,,,,
2666,8/27/2026,188.0,141.0,Immaculate Custodians of Harborton,67.0,Sleek Citrus Cleaner,cleaning supplies,segC,4.0,39.0,78.0,312.0,156.0,156.0,8/28/2026,,,,,,,,
2667,8/27/2026,188.0,141.0,Immaculate Custodians of Harborton,70.0,Sleek Air Freshener,cleaning supplies,segC,1.0,33.0,59.73,59.73,33.0,26.73,8/28/2026,,,,,,,,
2668,8/27/2026,188.0,141.0,Immaculate Custodians of Harborton,78.0,Glossy Creamers,breakroom supplies,  segC ,1.0,27.0,49.41,49.41,27.0,22.41,8/28/2026,,,,,,,,
2669,8/27/2026,188.0,141.0,Immaculate Custodians of Harborton,120.0,Sparkling Letter Size Paper,copy paper,  segB ,6.0,45.0,75.15,450.9,270.0,180.9,8/28/2026,,,,,,,,
2670,8/18/2026,384.0,141.0,Immaculate Custodians of Harborton,2.0,Glossy Party Napkins,paper & tissue,segB,2.0,29.0,46.4,92.8,58.0,34.8,8/19/2026,,,,,,,,
2671,8/18/2026,384.0,141.0,Immaculate Custodians of Harborton,5.0,Polished Kitchen Towels,paper & tissue,segB,2.0,35.0,54.95,109.9,70.0,39.9,8/19/2026,,,,,,,,
2672,8/18/2026,384.0,141.0,Immaculate Custodians of Harborton,25.0,Dazzling Binder Clips,office products,seAg,14.0,45.0,59.85,837.9,630.0,207.9,8/19/2026,,,,,,,,
2673,8/18/2026,384.0,141.0,Immaculate Custodians of Harborton,33.0,Dazzling File Folders,office products,segA,20.0,26.0,37.44,748.8,520.0,228.8,8/19/2026,,,,,,,,
2674,8/18/2026,384.0,141.0,Immaculate Custodians of Harborton,37.0,Bright Recycled Paper,office products,segA,9.0,24.0,38.4,345.6,216.0,129.6,8/19/2026,,,,,,,,
2675,8/18/2026,384.0,141.0,Immaculate Custodians of Harborton,44.0,Gleaming Recycled Paper,office products,segA,4.0,34.0,53.38,213.52,136.0,77.52,8/19/2026,,,,,,,,
2676,8/18/2026,384.0,141.0,Immaculate Custodians of Harborton,76.0,Immaculate Granola Bars,breakroom supplies,,1.0,32.344897959183676,19.8,19.8,10.0,9.8,8/19/2026,,,,,,,,
2677,8/18/2026,384.0,141.0,Immaculate Custodians of Harborton,114.0,Glossy Recycled Paper,copy paper,segB,3.0,54.0,90.72,272.16,162.0,110.16,8/19/2026,,,,,,,,
2678,8/18/2026,384.0,141.0,Immaculate Custodians of Harborton,112.0,Sparkling Letter Size Paper,copy paper,segB,3.0,45.0,75.15,225.45,135.0,90.45,8/19/2026,,,,,,,,
2679,8/17/2026,416.0,141.0,Immaculate Custodians of Harborton,25.0,Dazzling Binder Clips,office products,segA,14.0,45.0,59.85,837.9,630.0,207.9,8/18/2026,,,,,,,,
2680,8/17/2026,416.0,141.0,Immaculate Custodians of Harborton,26.0,Radiant Sticky Notes,office products,segA,15.0,34.0,52.36,785.4,510.0,37.8,8/18/2026,,,,,,,,
2681,8/17/2026,416.0,141.0,Immaculate Custodians of Harborton,29.0,Dazzling Paper Clips,office products,segA,21.0,37.0,55.5,1165.5,777.0,388.5,8/18/2026,,,,,,,,
2682,8/17/2026,416.0,141.0,Immaculate Custodians of Harborton,40.0,Immaculate Markers,office products,segA,7.0,34.0,48.62,340.34,238.0,102.34,8/18/2026,,,,,,,,
2683,8/17/2026,416.0,141.0,Immaculate Custodians of Harborton,42.0,Polished Markers,office products,  segA ,5.0,28.0,37.8,102.06,140.0,49.0,8/18/2026,,,,,,,,
2684,8/17/2026,416.0,141.0,Immaculate Custodians of Harborton,47.0,Immaculate Staplers,office products,segA,10.0,24.0,33.84,338.4,63.0,98.4,8/18/2026,,,,,,,,
2685,8/17/2026,416.0,141.0,Immaculate Custodians of Harborton,57.0,Glossy All-Purpose Cleaner,,segC,2.0,51.0,100.47,200.94,102.0,98.94,8/18/2026,,,,,,,,
2686,17/08/2026,416.0,141.0,Immaculate Custodians of Harborton,114.0,Glossy Recycled Paper,copy paper,segB,3.0,54.0,90.72,272.16,162.0,110.16,8/18/2026,,,,,,,,
2687,8/13/2026,484.0,141.0,Immaculate Custodians of Harborton,2.0,Glossy Party Napkins,paper & tissue,segB,1.0,29.0,46.4,46.4,29.0,17.4,,,,,,,,,
2688,8/13/2026,484.0,141.0,Immaculate Custodians of Harborton,3.0,Sparkling Party Napkins,paper & tissue,segB,5.0,21.0,33.6,168.0,105.0,63.0,8/14/2026,,,,,,,,
2689,8/13/2026,484.0,141.0,Immaculate Custodians of Harborton,20.0,Gleaming Roll Paper Towels,paper & tissue,segB,5.0,28.0,40.04,200.2,140.0,60.2,8/14/2026,,,,,,,,
2690,8/13/2026,484.0,141.0,Immaculate Custodians of Harborton,24.0,Sparklin gPocket Tissues,paper & tissue,segB,4.0,18.0,25.92,103.68,72.0,31.68,8/14/2026,,,,,,,,
2691,8/13/2026,484.0,141.0,Immaculate Custodians of Harborton,33.0,Dazzling File Folders,office products,,15.0,26.0,37.44,561.6,390.0,171.6,8/14/2026,,,,,,,,
2692,8/13/2026,484.0,141.0,Immaculate Custodians of Harborton,42.0,Polished Markers,office products,segA,5.0,28.0,37.8,189.0,140.0,49.0,8/14/2026,,,,,,,,
2693,13/08/2026,484.0,141.0,Immaculate Custodians of Harborton,47.0,Immaculate Staplers,office products,segA,11.0,24.0,33.84,372.24,264.0,108.24,8/14/2026,,,,,,,,
2694,8/13/2026,484.0,141.0,Immaculate Custodians of Harborton,73.0,Spotless Creamers,breakroom supplies,segC,1.0,18.0,37.62,37.62,18.0,19.62,8/14/2026,,,,,,,,
2695,8/13/2026,484.0,141.0,Immaculate Custodians of Harborton,76.0,Immaculate Granola Bars,breakroom supplies,segC,2.0,10.0,51.29707511896669,39.6,20.0,19.6,8/14/2026,,,,,,,,
2696,8/13/2026,484.0,141.0,Immaculate Custodians of Harborton,109.0,Immaculate Resume Paper,copy paper,segB,5.0,31.0,48.67,243.35,155.0,88.35,8/14/2026,,,,,,,,
2698,8/10/2026,566.0,141.0,Immaculate Custodians of Harborton,2.0,Glossy Party Napkins,  paper & tissue ,segB,1.0,29.0,46.4,46.4,29.0,17.4,8/11/2026,,,,,,,,
2699,8/10/2026,566.0,141.0,Immaculate Custodians of Harborton,5.0,Polished Kitchen Towels,paper & tissue,,1.0,35.0,54.95,54.95,35.0,19.95,8/11/2026,,,,,,,,
2700,8/10/2026,566.0,141.0,Immaculate Custodians of Harborton,25.0,Dazzling Binder Clips,office prodcuts,segA,18.0,45.0,59.85,1077.3,810.0,267.3,8/11/2026,,,,,,,,
2701,8/10/2026,566.0,141.0,Immaculate Custodians of Harborton,37.0,Bright Recycled Paper,office products,,4.0,24.0,38.4,153.6,96.0,57.6,8/11/2026,,,,,,,,
2702,8/10/2026,566.0,141.0,Immaculate Custodians of Harborton,42.0,Polished Markers,office products,segA,6.0,28.0,37.8,226.8,168.0,58.8,8/11/2026,,,,,,,,
2703,8/10/2026,566.0,141.0,Immaculate Custodians of Harborton,61.0,Pristine Degreaser,cleaning supplies,segC,5.0,50.0,88.5,442.5,250.0,192.5,,,,,,,,,
2704,8/10/2026,566.0,141.0,Immaculate Custodians of Harborton,76.0,Immaculate Granola Bars,breakroom supplies,segC,2.0,10.0,19.8,39.6,20.0,19.6,8/11/2026,,,,,,,,
2705,8/10/2026,566.0,141.0,Immaculate Custodians of Harborton,90.0,Dazzling Instant Soups,breakroom supplies,segC,1.0,24.0,45.84,45.84,24.0,21.84,8/11/2026,,,,,,,,
2706,8/10/2026,566.0,141.0,Immaculate Custodians of Harborton,120.0,Sparkling Lette rSize Paper,copy paper,seBg,5.0,45.0,75.15,375.75,225.0,150.75,8/11/2026,,,,,,,,
2707,8/21/2026,311.0,142.0,Immaculate Cleaners of Bayville,79.0,Immaculate Microwave Popcorn,breakroom supplies,segA,127.0,25.0,37.5,4762.5,3175.0,1587.5,9/7/2026,,,,,,,,
2708,8/21/2026,311.0,142.0,Immaculate Cleaners of Bayville,85.0,Sparkling Microwave Popcorn,breakroom supplies,segA,2.0,12.0,23.52,188.16,96.0,92.16,9/7/2026,,,,,,,,
2709,8/21/2026,311.0,142.0,Immaculate Cleaners of Bayville,92.0,Glossy Instant Soups,breakroom supplies,segA,1.0,24.0,51.29707511896669,102.06,24.0,18.72,9/7/2026,,,,,,,,
2710,8/21/2026,311.0,142.0,Immaculate Cleaners of Bayville,93.0,Gleaming Microwave Popcorn,breakroom supplies,segA,4.0,20.0,40.8,163.2,80.0,83.2,9/7/2026,,,,,,,,
2711,8/21/2026,311.0,142.0,Immaculate Cleaners of Bayville,96.0,Dazzling Disposable Cups,breakroom supplies,segA,4.0,19.0,32.68,130.72,76.0,54.72,9/7/2026,,,,,,,,
2712,8/7/2026,593.0,142.0,Immaculate Cleaners of Bayville,44.0,Gleaming Recycled Paper,office products,segD,1.0,34.0,55.76,55.76,34.0,21.76,8/10/2026,,,,,,,,
2713,8/7/2026,593.0,142.0,Immaculate Cleaners of Bayville,73.0,Spotless Creamers,breakroom supplies,segA,2.0,18.0,38.52,154.08,63.0,82.08,8/10/2026,,,,,,,,
2714,9/3/2026,43.0,143.0,Polished Suppliers of Gardenburg,64.0,Bright Glass Cleaner,cleaning supplies,segD,1.0,32.0,62.08,62.08,32.0,30.08,9/4/2026,,,,,,,,
2715,9/3/2026,43.0,143.0,Polished Suppliers of Gardenburg,97.0,Sparkling Legal Size Paper,copy paper,segA,2.0,39.0,52.26,104.52,78.0,26.52,9/4/2026,,,,,,,,
2716,3/9/2026,43.0,143.0,Polished Suppliers of Gardenburg,100.0,Dazzling Legal Size Paper,copy paper,segA,1.0,24.0,38.4,38.4,24.0,14.4,9/4/2026,,,,,,,,
2717,9/3/2026,43.0,143.0,Polished Suppliers of Gardenburg,108.0,Dazzling Cardstock,copy paper,segA,4.0,21.0,28.77,115.08,84.0,31.08,9/4/2026,,,,,,,,
2718,9/3/2026,43.0,143.0,Polished Suppliers of Gardenburg,110.0,Pristine Cardstock,copy paper,segA,1.0,42.0,55.86,55.86,42.0,13.86,9/4/2026,,,,,,,,
2719,9/3/2026,43.0,143.0,Polished Suppliers of Gardenburg,114.0,Glossy Recycled Paper,copy paper,segA,4.0,54.0,79.38,317.52,216.0,101.52,9/4/2026,,,,,,,,
2720,9/3/2026,43.0,143.0,Polished Suppliers of Gardenburg,120.0,Sparkling Letter Size Paper,copy ppaer,segA,3.0,45.0,58.5,175.5,135.0,40.5,9/4/2026,,,,,,,,
2721,8/18/2026,385.0,143.0,Polished Suppliers of Gardenburg,101.0,Radiant Colored Paper,copy paper,segA,3.0,60.0,90.6,271.8,180.0,91.8,8/19/2026,,,,,,,,
2722,8/18/2026,385.0,143.0,Polished Suppliers of Gardenburg,110.0,Pristine Cardstock,,segA,2.0,42.0,55.86,111.72,84.0,27.72,8/19/2026,,,,,,,,
2723,8/18/2026,385.0,143.0,Polished Suppliers of Gardenburg,116.0,Immaculate Legal Size Paper,copy paper,segA,2.0,59.0,92.63,185.26,118.0,67.26,8/19/2026,,,,,,,,
2724,8/17/2026,417.0,144.0,Sleek Stewards of Gardenridge,17.0,Glossy Lunch Napkins,paper & tissue,segA,3.0,31.0,45.88,137.64,93.0,44.64,8/18/2026,,,,,,,,
2725,8/17/2026,417.0,144.0,Sleek Stewards of Gardenridge,22.0,Sparkling Pocket Tissues,paper & tissue,segA,3.0,41.0,53.71,161.13,123.0,38.13,8/18/2026,,,,,,,,
2726,8/17/2026,417.0,144.0,Sleek Stewards of Gardenridge,44.0,  Gleaming Recycled Paper ,office products,segB,2.0,34.0,53.04,106.08,68.0,38.08,8/18/2026,,,,,,,,
2727,8/17/2026,417.0,144.0,Sleek Stewards of Gardenridge,59.0,Spotless All-Purpose Cleaner,cleaning supplies,segA,9.0,47.0,67.68,609.12,423.0,186.12,8/18/2026,,,,,,,,
2728,8/17/2026,417.0,144.0,Sleek Stewards of Gardenridge,63.0,Polished Glass Cleaner,cleaning supplies,segA,3.0,42.0,71.82,215.46,126.0,89.46,8/18/2026,,,,,,,,
2729,8/17/2026,417.0,144.0,Sleek Stewards of Gardenridge,76.0,Immaculate Granola Bars,breakroom supplies,segA,1.0,10.0,19.5,19.5,10.0,9.5,8/18/2026,,,,,,,,
2730,8/17/2026,417.0,144.0,Sleek Stewards of Gardenridge,80.0,Spotless Instant Soups,breakroom supplies,  segA ,1.0,17.0,30.26,30.26,17.0,13.26,8/18/2026,,,,,,,,
2731,8/17/2026,417.0,144.0,Sleek Stewards of Gardenridge,87.0,Glossy Tea Selection,breakroom supplies,segA,1.0,11.0,18.7,18.7,11.0,7.7,18/08/2026,,,,,,,,
2732,8/17/2026,417.0,144.0,Sleek Stewards of Gardenridge,98.0,Radiant Glossy Photo Paper,copy paper,segA,5.0,23.0,31.97,159.85,63.0,44.85,8/18/2026,,,,,,,,
2733,8/17/2026,417.0,144.0,Sleek Stewards of Gardenridge,99.0,Glossy Letter Size Paper,copy paper,,22.0,57.0,67.26,1479.72,1254.0,225.72,8/18/2026,,,,,,,,
2734,8/17/2026,417.0,144.0,Sleek Stewards of Gardenridge,101.0,Radiant Colored Paper,copy paper,segA,1.0,60.0,84.6,84.6,60.0,24.6,8/18/2026,,,,,,,,
2735,8/17/2026,417.0,144.0,Sleek Stewards of Gardenridge,114.0,Glossy Recycled Paper,copy paper,,3.0,32.344897959183676,45.44,136.32,96.0,40.32,8/18/2026,,,,,,,,
2736,9/3/2026,44.0,146.0,Sleek Stewards of Forestton,10.0,Pristine 2-Ply Toilet Paper,paper & tissue,segB,1.0,26.0,39.0,39.0,26.0,13.0,9/18/2026,,,,,,,,
2737,9/3/2026,44.0,146.0,  Sleek Stewards of Forestton ,18.0,Pristine Lunch Napkins,paper & tissue,segB,1.0,20.0,30.4,30.4,63.0,10.4,9/18/2026,,,,,,,,
2738,9/3/2026,44.0,146.0,Sleek Stewards of Forestton,37.0,Bright Recycled Paper,office porducts,segD,1.0,24.0,42.48,42.48,24.0,18.48,9/18/2026,,,,,,,,
2739,9/3/2026,44.0,146.0,Sleek Stewards of Forestton,49.0,Sparkling Disinfectant Wipes,cleaning supplies,segA,1.0,21.0,35.91,35.91,21.0,14.91,9/18/2026,,,,,,,,
2740,9/3/2026,44.0,146.0,Sleek Stewards of Forestton,52.0,Spotless Air Freshener,cleaning supplies,segA,1.0,49.0,84.28,84.28,49.0,35.28,9/18/2026,,,,,,,,
2741,9/3/2026,44.0,146.0,Sleek Stewards of Forestton,54.0,Dazzling Floor Cleaner,cleaning supplies,segA,1.0,45.0,72.45,72.45,45.0,37.8,,,,,,,,,
2742,9/3/2026,44.0,146.0,Sleek Stewards of Forestton,55.0,Spotless Floor Cleaner,cleaning supplies,segA,1.0,29.0,49.01,49.01,29.0,20.01,9/18/2026,,,,,,,,
2743,3/9/2026,44.0,146.0,Sleek Stewards of Forestton,57.0,Glossy All-Purpose Cleaner,cleaning supplies,segA,2.0,51.0,83.13,166.26,102.0,64.26,9/18/2026,,,,,,,,
2744,9/3/2026,44.0,146.0,Sleek Stewards of Forestton,58.0,Spotless Floor Cleaner,cleaning supplies,segA,1.0,31.0,58.59,58.59,31.0,27.59,9/18/2026,,,,,,,,
2745,9/3/2026,44.0,146.0,  Sleek Stewards of Forestton ,61.0,Pristine Degreaser,cleaning supplies,segA,52.0,50.0,75.0,3900.0,2600.0,1300.0,9/18/2026,,,,,,,,
2746,9/3/2026,44.0,146.0,Sleek Stewards of Forestton,68.0,Dazzling Disinfectant Wipes,cleaning supplies,segA,1.0,54.0,93.96,93.96,54.0,39.96,9/18/2026,,,,,,,,
2747,9/3/2026,44.0,146.0,Sleek Stewards of Forestton,95.0,Bright Disposable Cups,breakroom supplies,segC,1.0,13.0,26.65,26.65,13.0,13.65,9/18/2026,,,,,,,,
2748,9/3/2026,44.0,146.0,Sleek Stewards of Forestton,120.0,Sparkling Letter Size Paper,copy paper,segD,1.0,45.0,80.55,80.55,45.0,35.55,9/18/2026,,,,,,,,
2749,14/08/2026,449.0,146.0,Sleek Stewards of Forestton,7.0,Gleaming Bathroom Tissue,paper & tissue,segB,37.0,16.0,20.48,757.76,592.0,165.76,8/17/2026,,,,,,,,
2750,8/14/2026,449.0,146.0,Sleek Stewards of Forestton,14.0,Spotless Pocket Tissues,,segB,2.0,20.0,28.8,28.8,20.0,8.8,8/17/2026,,,,,,,,
2751,8/14/2026,449.0,146.0,Sleek Stewards of Forestton,49.0,Sparkling Disinfectant Wipes,cleaning supplies,segA,1.0,21.0,35.91,35.91,21.0,14.91,8/17/2026,,,,,,,,
2752,8/14/2026,449.0,146.0,Sleek Stewards of Forestton,50.0,Bright Glass Cleaner,cleaning supplies,segA,2.0,23.0,43.47,86.94,46.0,40.94,8/17/2026,,,,,,,,
2753,8/14/2026,449.0,146.0,Sleek Stewards of Forestton,52.0,Spotless Air Freshener,cleaning supplies,segA,1.0,49.0,84.28,84.28,49.0,37.8,8/17/2026,,,,,,,,
2754,8/14/2026,449.0,146.0,Sleek Stewards of Forestton,55.0,Spotless Floor Cleaner,cleaning supplies,segA,1.0,29.0,49.01,102.06,29.0,20.01,8/17/2026,,,,,,,,
2755,8/14/2026,449.0,146.0,Sleek Stewards of Forestton,56.0,Pristine Citrus Cleaner,cleaning supplies,segA,1.0,48.0,84.48,84.48,48.0,36.48,8/17/2026,,,,,,,,
2756,8/14/2026,449.0,146.0,Sleek Stewards of Forestton,72.0,Gleaming Glass Cleaner,cleaning supplies,seAg,22.0,23.0,32.2,708.4,506.0,202.4,8/17/2026,,,,,,,,
2757,8/14/2026,449.0,146.0,Sleek Stewards of Forestton,87.0,Glossy eTa Selection,breakroom supplies,segC,1.0,11.0,24.75,24.75,11.0,13.75,8/17/2026,,,,,,,,
2758,8/14/2026,449.0,146.0,Sleek Stewards of Forestton,102.0,Sleek Resume Paper,copy paper,segD,1.0,26.0,47.06,47.06,26.0,21.06,8/17/2026,,,,,,,,
2759,8/13/2026,485.0,146.0,Sleek Stewards of Forestton,50.0,Bright Glass Cleaner,cleaning supplies,segA,2.0,23.0,51.29707511896669,86.94,46.0,40.94,8/28/2026,,,,,,,,
2760,8/13/2026,485.0,146.0,Sleek Stewards of Forestton,54.0,Dazzling lFoor Cleaner,cleaning supplies,segA,2.0,45.0,72.45,144.9,90.0,54.9,8/28/2026,,,,,,,,
2761,8/13/2026,485.0,146.0,Sleek Stewards of Forestton,57.0,Glossy All-Purpose Cleaner,cleaning supplies,segA,1.0,51.0,83.13,83.13,51.0,32.13,8/28/2026,,,,,,,,
2762,8/13/2026,485.0,146.0,  Sleek Stewards of Forestton ,58.0,Spotless Floor Cleaner,cleaning supplies,segA,3.0,31.0,58.59,175.77,93.0,82.77,8/28/2026,,,,,,,,
2763,8/13/2026,485.0,146.0,  Sleek Stewards of Forestton ,61.0,  Pristine Degreaser ,cleaning supplies,  segA ,61.0,50.0,75.0,4575.0,3050.0,1525.0,8/28/2026,,,,,,,,
2764,8/13/2026,485.0,146.0,Sleek Stewards of Forestton,65.0,Sparkling Citrus Cleaner,cleaning supplies,segA,2.0,20.0,35.2,70.4,40.0,30.4,8/28/2026,,,,,,,,
2765,8/13/2026,485.0,146.0,Sleek Stewards of Forestton,92.0,Glossy Instant Soups,breakroom supplies,segC,1.0,24.0,44.88,44.88,24.0,20.88,8/28/2026,,,,,,,,
2766,8/14/2026,,146.0,Sleek Stewards of Forestton,82.0,Pristine Granola Bars,breakroom suplpies,segC,1.0,26.0,56.68,56.68,26.0,30.68,17/08/2026,,,,,,,,
2767,9/3/2026,45.0,147.0,Polished Facilities of Lakeridge,8.0,Bright Party Napkins,  paper & tissue ,segA,55.0,50.0,71.0,3905.0,2750.0,1155.0,9/18/2026,,,,,,,,
2768,9/3/2026,45.0,147.0,Polished Facilities of Lakeridge,12.0,Immaculate Roll Paper Towels,paper & tissue,segA,15.0,44.0,65.12,976.8,660.0,316.8,9/18/2026,,,,,,,,
2769,9/3/2026,45.0,147.0,Polished Facilities of Lakeridge,15.0,Sparkling 2-Ply Toilet Paper,paper & tissue,segA,43.0,43.0,60.2,2588.6,1849.0,739.6,9/18/2026,,,,,,,,
2770,9/3/2026,45.0,147.0,Polished Facilities of Lakeridge,16.0,Dazzling Bathroom Tissue,paper & tissue,segA,36.0,42.0,61.74,2222.64,1512.0,710.64,9/18/2026,,,,,,,,
2771,9/3/2026,45.0,147.0,Polished Facilities of Lakeridge,17.0,Glossy Lunch Napkins,paper & tissue,segA,12.0,31.0,44.33,531.96,372.0,159.96,9/18/2026,,,,,,,,
2772,9/3/2026,45.0,147.0,Polished Facilities of Lakeridge,22.0,Sparkling Pocket Tissues,paper & tissue,segA,23.0,41.0,58.63,1348.49,943.0,405.49,9/18/2026,,,,,,,,
2773,9/3/2026,45.0,147.0,Polished Facilities of Lakeridge,49.0,Sparkling Disinfectant Wipes,cleaning supplies,segA,9.0,21.0,34.44,309.96,189.0,120.96,9/18/2026,,,,,,,,
2774,9/3/2026,45.0,147.0,Polished Facilities of Lakeridge,59.0,Spotless All-Purpose Cleaner,cleaning supplies,segA,3.0,47.0,86.48,259.44,141.0,118.44,9/18/2026,,,,,,,,
2775,9/3/2026,45.0,147.0,Polished Facilities of Lakeridge,61.0,Pristine Degreaser,cleaning supplies,segA,2.0,50.0,80.5,805.0,500.0,305.0,9/18/2026,,,,,,,,
2776,9/3/2026,45.0,147.0,Polished Facilities of Lakeridge,62.0,Glossy Air Freshener,cleaning supplies,seAg,22.0,20.0,35.8,787.6,440.0,347.6,9/18/2026,,,,,,,,
2777,9/3/2026,45.0,147.0,Polished Facilities of Lakeridge,68.0,Dazzling Disinfectant Wipes,  cleaning supplies ,segA,18.0,54.0,90.18,1623.24,972.0,651.24,9/18/2026,,,,,,,,
2778,9/3/2026,45.0,147.0,Polished Facilities ofL akeridge,100.0,Dazzling Legal Size Paper,copy paper,segB,9.0,24.0,36.48,328.32,216.0,112.32,9/18/2026,,,,,,,,
2779,9/3/2026,45.0,147.0,Polished Facilities of Lakeridge,114.0,Glossy Recycled Paper,copy paper,segB,7.0,32.0,53.44,374.08,224.0,150.08,9/18/2026,,,,,,,,
2780,8/24/2026,283.0,147.0,Polished Facilities of Lakeridge,1.0,Sleek Party Napkins,paper & tissue,segA,13.0,29.0,39.73,516.49,377.0,139.49,8/25/2026,,,,,,,,
2781,8/24/2026,283.0,147.0,Polished Facilities of Lakeridge,8.0,Bright Party Napkins,pape r& tissue,segA,2.0,50.0,71.0,2840.0,2000.0,840.0,8/25/2026,,,,,,,,
2782,8/24/2026,283.0,147.0,Polished Facilities of Lakeridge,11.0,Fresh Lunch Napkins,paper & tissue,segA,18.0,21.0,31.5,567.0,378.0,189.0,8/25/2026,,,,,,,,
2783,8/24/2026,283.0,147.0,Polished Facilities of Lakeridge,12.0,Immaculate Roll Paper Towels,paper & tissue,segA,14.0,44.0,65.12,911.68,616.0,37.8,8/25/2026,,,,,,,,
2784,8/24/2026,283.0,147.0,Polished Facilities of Lakeridge,15.0,Sparkling 2-Ply Toilet Paper,paper & tissue,segA,47.0,43.0,60.2,2829.4,2021.0,808.4,8/25/2026,,,,,,,,
2785,8/24/2026,283.0,147.0,Polished Facilities of Lakeridge,17.0,Glossy Lunch Napkins,paper & tissue,segA,9.0,31.0,44.33,398.97,279.0,119.97,8/25/2026,,,,,,,,
2786,8/24/2026,283.0,147.0,Polished Facilities of Lakeridge,59.0,Spotless All-Purpose Cleaner,cleaning supplies,segA,6.0,47.0,86.48,518.88,282.0,236.88,8/25/2026,,,,,,,,
2787,8/24/2026,283.0,147.0,Polished Facilities of Lakeridge,66.0,Radiant Glass Cleaner,cleaning supplies,segA,20.0,21.0,37.38,747.6,420.0,327.6,8/25/2026,,,,,,,,
2788,24/08/2026,283.0,147.0,Polished Facilities of Lakeridge,94.0,Pristine Instant Soups,breakroom supplies,segD,2.0,7.0,16.8,33.6,14.0,19.6,8/25/2026,,,,,,,,
2789,8/24/2026,283.0,147.0,Polished Facilities of Lakeridge,101.0,Radiant Colored Paper,copy paper,segB,10.0,60.0,100.2,1002.0,600.0,37.8,8/25/2026,,,,,,,,
2790,8/10/2026,567.0,147.0,Polished Facilities of Lakeridge,1.0,Sleek Party Napkins,paper & tissue,segA,17.0,29.0,39.73,675.41,493.0,182.41,8/11/2026,,,,,,,,
2791,8/10/2026,567.0,147.0,  Polished Facilities of Lakeridge ,8.0,Bright Party Napkins,paper & tissue,segA,45.0,50.0,71.0,3195.0,2250.0,945.0,8/11/2026,,,,,,,,
2792,8/10/2026,567.0,147.0,Polished Facilities of Lakeridge,11.0,Fresh Lunch Napkins,paper & tissue,segA,13.0,21.0,31.5,409.5,273.0,136.5,8/11/2026,,,,,,,,
2793,8/10/2026,567.0,147.0,Polished Facilities of Lakeridge,12.0,Immaculate Roll Paper Towels,paper & tissue,segA,17.0,44.0,65.12,1107.04,748.0,359.04,8/11/2026,,,,,,,,
2794,8/10/2026,567.0,147.0,Polished Facilities of Lakeridge,15.0,Sparkling 2-Ply Toilet Paper,paper & tissue,segA,49.0,43.0,60.2,2949.8,2107.0,842.8,8/11/2026,,,,,,,,
2795,8/10/2026,567.0,147.0,  Polished Facilities of Lakeridge ,17.0,Glossy Lunch Napkins,paper & tissue,segA,18.0,31.0,44.33,797.94,63.0,239.94,8/11/2026,,,,,,,,
2796,8/10/2026,567.0,147.0,  Polished Facilities of Lakeridge ,38.0,Radiant Pens,office products,segB,7.0,17.0,27.88,195.16,119.0,76.16,8/11/2026,,,,,,,,
2797,8/10/2026,567.0,147.0,Polished Facilities of Lakeridge,44.0,Gleaming Recycled Paper,office products,segB,86.0,34.0,47.6,4093.6,2924.0,1169.6,8/11/2026,,,,,,,,
2798,8/10/2026,567.0,147.0,Polished Facilities of Lakeridge,48.0,Fresh Desk Organizers,office products,segB,2.0,29.0,47.85,95.7,58.0,37.7,8/11/2026,,,,,,,,
2799,8/10/2026,567.0,147.0,Polished Facilities of Lakeridge,52.0,Spotless Air Freshener,cleaning supplies,segA,14.0,49.0,87.71,1227.94,63.0,541.94,8/11/2026,,,,,,,,
2800,8/10/2026,567.0,147.0,Polished Facilities of Lakeridge,59.0,Spotless All-Purpose Cleaner,cleaning supplies,segA,5.0,47.0,86.48,432.4,235.0,197.4,8/11/2026,,,,,,,,
2801,8/10/2026,567.0,147.0,Polished Facilities of Lakeridge,62.0,Glossy Air Freshener,cleaning supplies,segA,27.0,20.0,51.29707511896669,966.6,540.0,426.6,8/11/2026,,,,,,,,
2802,8/10/2026,567.0,147.0,Polished Facilities of Lakeridge,65.0,Sparkling Citrus Cleaner,cleaning supplies,segA,24.0,20.0,33.6,806.4,480.0,326.4,8/11/2026,,,,,,,,
2803,8/10/2026,567.0,147.0,Polished Facilities of Lakeridge,70.0,Sleek Air Freshneer,cleaning supplies,segA,22.0,33.0,56.43,1241.46,726.0,515.46,8/11/2026,,,,,,,,
2804,8/10/2026,,147.0,Polished Facilities of Lakeridge,24.0,Sparkling Pocket Tissues,,segA,24.0,18.0,23.94,574.56,432.0,142.56,8/11/2026,,,,,,,,
2805,9/1/2026,93.0,150.0,Immaculate Janitors of Mapleridge,14.0,Spotless Pocket Tissues,paper & tissue,segA,3.0,20.0,28.2,84.6,60.0,24.6,9/2/2026,,,,,,,,
2806,9/1/2026,93.0,150.0,Immaculate Janitors of Mapleridge,56.0,Pristine Citrus Cleaner,cleaning supplies,segB,1.0,48.0,86.88,86.88,48.0,38.88,9/2/2026,,,,,,,,
2807,8/14/2026,450.0,151.0,Polished Keepers of Harborcrest,7.0,Gleaming Bathroom Tissue,paper & tissue,,4.0,16.0,23.36,93.44,63.0,29.44,8/17/2026,,,,,,,,
2809,8/25/2026,257.0,152.0,Dazzling Janitors of Maplecrest,50.0,Bright Glass Cleaner,cleaning supplies,segA,7.0,23.0,42.32,296.24,161.0,135.24,8/26/2026,,,,,,,,
2810,8/25/2026,257.0,152.0,Dazzling Janitors of Maplecrest,59.0,Spotless All-Purpose Cleaner,cleaning supplies,,14.0,47.0,86.48,1210.72,658.0,552.72,8/26/2026,,,,,,,,
2811,8/25/2026,257.0,152.0,Dazzling Janitors of Maplecrest,62.0,Glossy Air Freshener,cleaning supplies,segA,15.0,20.0,37.0,555.0,300.0,255.0,8/26/2026,,,,,,,,
2812,8/25/2026,257.0,152.0,Dazzling Janitors of Maplecrest,70.0,Sleek Air Freshener,,segA,4.0,33.0,61.05,244.2,132.0,112.2,8/26/2026,,,,,,,,
2813,8/21/2026,312.0,153.0,Sparkling Custodians of Forestburg,6.0,Pristine Bathroom Tissue,paper & tissue,segC,5.0,19.0,27.55,137.75,95.0,42.75,8/24/2026,,,,,,,,
2814,8/21/2026,312.0,153.0,Sparkling Custodians of Forestburg,19.0,Fresh Party Napkins,paper & tissue,segC,2.0,45.0,66.15,132.3,90.0,42.3,8/24/2026,,,,,,,,
2815,8/21/2026,312.0,153.0,Sparkling Custodians of Forestburg,59.0,Spotless All-Purpose Cleaner,cleaning supplies,segD,1.0,47.0,51.29707511896669,92.12,47.0,45.12,8/24/2026,,,,,,,,
2816,8/21/2026,312.0,153.0,Sparkling Custodians of Forestburg,74.0,Pristine Energy Drinks,breakroom supplies,segD,1.0,15.0,30.15,30.15,15.0,15.15,8/24/2026,,,,,,,,
2817,8/21/2026,312.0,153.0,Sparkling Custodians of Forestburg,99.0,Glossy Letter Size Paper,copy paper,segA,21.0,57.0,80.37,1687.77,1197.0,490.77,8/24/2026,,,,,,,,
2818,8/21/2026,312.0,153.0,Sparkling Custodians of Forestburg,104.0,Gleaming Glossy Photo Paper,copy paper,seAg,14.0,52.0,79.04,1106.56,728.0,378.56,8/24/2026,,,,,,,,
2819,8/21/2026,312.0,153.0,Sparkling Custodians of Forestburg,109.0,Immaculate Resume Paper,copy paper,segA,5.0,31.0,43.09,215.45,155.0,60.45,24/08/2026,,,,,,,,
2820,8/21/2026,312.0,153.0,Sparkling Custodians of Forestburg,115.0,Polished Glossy Photo Paper,copy paper,segA,8.0,59.0,83.78,670.24,472.0,198.24,8/24/2026,,,,,,,,
2821,8/21/2026,312.0,153.0,Sparkling Custodians of Forestburg,119.0,Immaculate Letter Size Paper,copy paper,  segA ,15.0,44.0,58.96,884.4,660.0,224.4,8/24/2026,,,,,,,,
2822,8/14/2026,451.0,153.0,Sparkling Custodians of Forestburg,19.0,Fresh Party Napkins,  paper & tissue ,segC,4.0,45.0,66.15,264.6,180.0,84.6,8/17/2026,,,,,,,,
2823,8/14/2026,451.0,153.0,Sparkling Custodians of Forestburg,67.0,Sleek Citrus Cleaner,cleaning supplies,segD,1.0,39.0,76.83,76.83,39.0,37.83,8/17/2026,,,,,,,,
2824,8/14/2026,451.0,153.0,Saprkling Custodians of Forestburg,104.0,Gleaming Glossy Photo Paper,copy paper,segA,10.0,52.0,79.04,790.4,520.0,270.4,8/17/2026,,,,,,,,
2825,8/14/2026,451.0,153.0,Sparkling Custodians of Forestburg,109.0,Immaculate Resume Paper,copy paper,segA,6.0,31.0,43.09,258.54,186.0,72.54,17/08/2026,,,,,,,,
2826,8/14/2026,451.0,153.0,Sparkling Custodians of Forestburg,113.0,Polished Recycled Paper,copy paper,segA,18.0,36.0,53.64,965.52,648.0,317.52,8/17/2026,,,,,,,,
2827,8/14/2026,451.0,153.0,Sparkling Custodians of Forestburg,115.0,  Polished Glossy Photo Paper ,copy paper,segA,6.0,59.0,83.78,502.68,354.0,148.68,8/17/2026,,,,,,,,
2828,8/14/2026,451.0,153.0,Sparkling Custodians of Forestburg,119.0,Immaculate Letter Size Paper,cpoy paper,segA,16.0,44.0,58.96,943.36,704.0,239.36,8/17/2026,,,,,,,,
2829,9/1/2026,94.0,154.0,Glossy Cleaners of Cedardale,2.0,Glossy Party Napkins,paper & tissue,segA,51.0,29.0,40.02,2041.02,1479.0,562.02,9/2/2026,,,,,,,,
2830,9/1/2026,94.0,154.0,Glossy Cleaners of Cedardale,7.0,Gleaming Bathroom Tissue,paper & tissue,segA,14.0,16.0,22.08,309.12,224.0,85.12,9/2/2026,,,,,,,,
2831,9/1/2026,94.0,154.0,Glossy Cleaners of Cedardale,13.0,Pristine Party Napkins,paper & tissue,segA,349.0,45.0,49.95,17432.55,15705.0,1727.55,9/2/2026,,,,,,,,
2832,9/1/2026,94.0,154.0,Glossy Cleaners of Cedardale,17.0,Glossy Lunch Napkins,paper & tissue,segA,31.0,31.0,44.02,1364.62,961.0,403.62,9/2/2026,,,,,,,,
2833,9/1/2026,94.0,154.0,Glossy Cleaners of Cedardale,23.0,Dazzling Roll Paper Towels,paper & tissue,segA,50.0,40.0,59.6,2980.0,2000.0,980.0,9/2/2026,,,,,,,,
2834,9/1/2026,94.0,154.0,Glossy Cleaners of Cedardale,73.0,Spotless Creamers,breakroom supplies,segA,27.0,18.0,37.44,1010.88,486.0,524.88,9/2/2026,,,,,,,,
2835,9/1/2026,94.0,154.0,Glossy Cleaners of Cedardale,83.0,Spotless Energy Drinks,breakroom supplies,segA,10.0,26.0,48.62,486.2,260.0,226.2,9/2/2026,,,,,,,,
2836,9/1/2026,94.0,154.0,Glossy Cleaners of Cedardale,86.0,  Dazzling Instant Soups ,breakroom supplies,segA,9.0,16.0,31.52,283.68,144.0,139.68,9/2/2026,,,,,,,,
2837,9/1/2026,94.0,154.0,Glossy Cleaners of Cedardale,87.0,Glossy Tea Selection,breakroom supplies,segA,26.0,11.0,23.43,609.18,286.0,323.18,9/2/2026,,,,,,,,
2838,9/1/2026,94.0,154.0,Glossy Cleaners of Cedardale,88.0,Gleaming Coffee Beans,breakroom supplies,segA,378.0,18.0,27.0,10206.0,6804.0,3402.0,9/2/2026,,,,,,,,
2839,1/9/2026,94.0,154.0,Glossy Cleaners of Cedardale,96.0,Dazzling Disposable Cups,breakroom supplies,segA,8.0,19.0,38.57,308.56,152.0,156.56,9/2/2026,,,,,,,,
2840,9/1/2026,94.0,154.0,Glossy Cleaners of Cedardale,97.0,Sparkling Legal Size Paper,copy paper,segB,13.0,39.0,63.18,821.34,507.0,314.34,9/2/2026,,,,,,,,
2841,9/1/2026,94.0,154.0,Glossy Cleaners of Cedardale,100.0,Dazzling eLgal Size Paper,copy paper,  segB ,11.0,24.0,40.8,448.8,264.0,184.8,9/2/2026,,,,,,,,
2842,8/28/2026,150.0,155.0,Glossy Cleaners of Cedardale,19.0,Fresh Party Napkins,paper & tissue,segB,1.0,45.0,72.0,72.0,45.0,27.0,9/7/2026,,,,,,,,
2843,8/28/2026,150.0,155.0,Dazzling Servicers of Forestridge,50.0,Bright Glass Cleaner,cleaning supplies,segA,2.0,23.0,42.32,84.64,46.0,38.64,,,,,,,,,
2844,8/28/2026,150.0,155.0,Dazzling Servicers of Forestridge,56.0,Pristine Citrus Cleaner,cleaning supplies,segA,1.0,48.0,78.72,78.72,48.0,30.72,9/7/2026,,,,,,,,
2845,8/28/2026,150.0,155.0,Dazzling Servicers of Forestridge,67.0,Sleek Citrus Cleaner,cleaning supplies,segA,1.0,39.0,69.81,69.81,39.0,30.81,9/7/2026,,,,,,,,
2846,8/28/2026,150.0,155.0,Dazzling Servicers of Forestridge,69.0,Gleaming Degreaser,cleaning supplies,segA,34.0,27.0,40.5,1377.0,918.0,459.0,9/7/2026,,,,,,,,
2847,8/28/2026,150.0,155.0,Dazzling Servicers of Forestridge,81.0,Polished Stirrers,breakroom supplies,segA,1.0,22.0,42.9,42.9,22.0,20.9,9/7/2026,,,,,,,,
2848,8/28/2026,150.0,155.0,Dazzling Servicers of Forestridge,82.0,Pristine Granola Bars,breakroom supplies,segA,1.0,26.0,53.82,53.82,26.0,27.82,9/7/2026,,,,,,,,
2849,28/08/2026,150.0,155.0,Dazzling Servicers of Forestridge,83.0,Spotless Energy Drinks,breakroom supplies,segA,1.0,26.0,51.22,51.22,26.0,25.22,9/7/2026,,,,,,,,
2850,8/28/2026,150.0,155.0,Dazzling Servicers of Forestridge,86.0,Dazzling Instant Soups,breakroom supplies,segA,1.0,16.0,31.84,31.84,16.0,15.84,9/7/2026,,,,,,,,
2851,8/28/2026,150.0,155.0,Dazzling Servicers of Forestridge,89.0,Sparkling Disposable Cups,breakroom supplies,segA,2.0,21.0,39.9,79.8,42.0,37.8,9/7/2026,,,,,,,,
2852,8/28/2026,150.0,155.0,Dazzling Servicers of Forestridge,92.0,Glossy Instant Soups,breakroom supplies,  segA ,2.0,32.344897959183676,46.56,93.12,48.0,45.12,9/7/2026,,,,,,,,
2853,8/28/2026,150.0,155.0,Dazzling Servicers of Forestridge,95.0,Bright Disposable Cups,breakroom supplies,segA,1.0,13.0,26.52,26.52,13.0,13.52,9/7/2026,,,,,,,,
2854,8/20/2026,350.0,155.0,Dazzling Servicers of Forestridge,9.0,  Fresh Kitchen Towels ,apper & tissue,segB,1.0,33.0,47.52,47.52,33.0,14.52,8/21/2026,,,,,,,,
2855,8/20/2026,350.0,155.0,Dazzling Servicers of Forestridge,50.0,Bright Glass Cleaner,cleaning supplies,segA,1.0,23.0,42.32,42.32,23.0,19.32,8/21/2026,,,,,,,,
2856,8/20/2026,350.0,155.0,Dazzling Servicers of Forestridge,56.0,Pristine Citrus Cleaner,cleaning supplies,segA,1.0,48.0,78.72,78.72,48.0,30.72,8/21/2026,,,,,,,,
2857,8/20/2026,350.0,155.0,Dazzling Servicers of Forestridge,57.0,Glossy All-Purpose Cleaner,cleaning supplies,segA,1.0,51.0,85.17,85.17,51.0,34.17,8/21/2026,,,,,,,,
2858,8/20/2026,350.0,155.0,  Dazzling Servicers of Forestridge ,60.0,Polished Degreaser,cleaning supplies,segA,2.0,26.0,47.32,94.64,52.0,42.64,8/21/2026,,,,,,,,
2859,8/20/2026,350.0,155.0,Dazzling Servicers of Forestridge,66.0,Radiant Glass Cleaner,  cleaning supplies ,segA,3.0,21.0,39.9,119.7,63.0,56.7,8/21/2026,,,,,,,,
2860,8/20/2026,350.0,155.0,Dazzling Servicers of Forestridge,81.0,Polished Stirrers,breakroom supplies,segA,1.0,22.0,42.9,42.9,22.0,20.9,8/21/2026,,,,,,,,
2861,8/20/2026,350.0,155.0,Dazzling Servicers of Forestridge,82.0,Pristine Granola Bars,breakroom supplies,segA,1.0,26.0,53.82,53.82,26.0,27.82,8/21/2026,,,,,,,,
2862,8/20/2026,350.0,155.0,Dazzling Servicers of Forestridge,83.0,Spotless Energy Drinks,breakroom supplies,segA,1.0,26.0,51.22,51.22,26.0,25.22,8/21/2026,,,,,,,,
2863,8/20/2026,350.0,155.0,Dazzling Servicers of Forestridge,88.0,Gleaming Coffee Beans,breakroom supplies,esgA,1.0,18.0,38.34,38.34,18.0,20.34,8/21/2026,,,,,,,,
2864,8/20/2026,350.0,155.0,Dazzling Servicers of Forestridge,89.0,Sparkling Disposable Cups,breakroom supplies,segA,1.0,21.0,39.9,39.9,21.0,18.9,8/21/2026,,,,,,,,
2865,8/20/2026,350.0,155.0,Dazzling Servicers of Forestridge,90.0,Dazzling Instant Soups,breakroom suppiles,segA,1.0,24.0,47.76,47.76,24.0,23.76,8/21/2026,,,,,,,,
2866,8/20/2026,350.0,155.0,Dazzling Servicers of Forestridge,95.0,Bright Disposable Cups,breakroom supplies,segA,1.0,13.0,26.52,26.52,13.0,13.52,8/21/2026,,,,,,,,
2867,8/20/2026,350.0,155.0,Dazzling Servicers of Forestridge,119.0,Immaculate Letter Size Paper,copy paper,segB,1.0,44.0,66.0,66.0,44.0,22.0,8/21/2026,,,,,,,,
2868,8/19/2026,367.0,155.0,Dazzling Servicers of Forestridge,22.0,Sparkling Pocket Tissues,paper & tissue,segB,1.0,41.0,59.86,59.86,41.0,18.86,8/20/2026,,,,,,,,
2869,8/19/2026,367.0,155.0,Dazzling Servicers of Forestridge,50.0,Bright GlassC leaner,cleaning supplies,segA,2.0,23.0,42.32,84.64,46.0,38.64,8/20/2026,,,,,,,,
2870,8/19/2026,367.0,155.0,Dazzling Servicers of Forestridge,56.0,Pristine Citrus Cleaner,cleaning supplies,segA,1.0,48.0,78.72,78.72,48.0,30.72,8/20/2026,,,,,,,,
2871,8/19/2026,367.0,155.0,Dazzling Servicers of Forestridge,57.0,Glossy All-Purpose Cleaner,cleaning supplies,segA,2.0,32.344897959183676,85.17,170.34,102.0,68.34,8/20/2026,,,,,,,,
2872,8/19/2026,367.0,155.0,Dazzling Servicers of Forestridge,75.0,Fresh Microwave Popcorn,breakroom supplies,segA,1.0,18.0,36.72,36.72,18.0,18.72,8/20/2026,,,,,,,,
2873,8/19/2026,367.0,155.0,Dazzling Servicers of Forestridge,90.0,Dazzling Instant Soups,breakroom supplies,segA,1.0,24.0,47.76,102.06,24.0,23.76,8/20/2026,,,,,,,,
2874,8/19/2026,367.0,155.0,Dazzling Servicers of Forestridge,93.0,Gleaming Microwave Popcorn,breakroom supplies,segA,1.0,20.0,36.6,36.6,20.0,16.6,8/20/2026,,,,,,,,
2875,8/19/2026,,155.0,Dazzling Servicers of Forestridge,12.0,Immaculate Roll Paper Towels,paper & tissue,segB,1.0,44.0,68.64,68.64,44.0,24.64,8/20/2026,,,,,,,,
2876,8/19/2026,,155.0,Dazzling Servicers of Forestridge,95.0,Bright Disposable Cups,breakroom supplies,segA,1.0,13.0,26.52,26.52,13.0,13.52,8/20/2026,,,,,,,,
2877,8/12/2026,517.0,156.0,Radiant Suppliers of Foresthaven,5.0,Polished Kitchen Towels,paper & tissue,segB,1.0,35.0,51.1,51.1,35.0,37.8,8/13/2026,,,,,,,,
2878,8/28/2026,151.0,157.0,Dazzling Maintainers of Cedarhaven,10.0,Pristine 2-Ply Toilet Paper,paper & tissue,segB,1.0,26.0,39.26,39.26,26.0,13.26,9/14/2026,,,,,,,,
2879,8/28/2026,151.0,157.0,Dazzling Maintainers of Cedarhaven,26.0,Radiant Sticky Notes,office products,segA,1.0,34.0,50.66,50.66,34.0,16.66,9/14/2026,,,,,,,,
2880,8/28/2026,151.0,157.0,Dazzling Maintainers of Cedarhaven,27.0,Sparkling Sticky Notes,office products,segA,4.0,43.0,66.22,264.88,172.0,92.88,9/14/2026,,,,,,,,
2881,8/28/2026,151.0,157.0,Dazzling Maintainers of Cedarhaven,35.0,Dazzling Staplers,office products,segA,3.0,27.0,37.26,111.78,81.0,30.78,9/14/2026,,,,,,,,
2882,8/28/2026,151.0,157.0,Dazzling Maintainers of Cedarhaven,37.0,Bright Recycled Paper,office products,segA,1.0,24.0,32.16,32.16,24.0,8.16,9/14/2026,,,,,,,,
2883,8/28/2026,151.0,157.0,Dazzling Maintainers of Cedarhaven,46.0,Spotless Desk Organizers,office products,segA,3.0,33.0,50.16,150.48,99.0,51.48,9/14/2026,,,,,,,,
2884,8/28/2026,151.0,157.0,Dazzling Maintainers of Cedarhaven,48.0,Fresh Desk Organizers,office products,segA,2.0,29.0,45.82,91.64,58.0,33.64,9/14/2026,,,,,,,,
2885,8/28/2026,151.0,157.0,Dazzling Maintainers of Cedarhaven,76.0,Immaculate Granola Bars,breakroom supplies,segA,1.0,10.0,21.5,21.5,10.0,11.5,9/14/2026,,,,,,,,
2886,8/28/2026,151.0,157.0,Dazzling Maintainers of Cedarhaven,80.0,Spotless Instant Soups,  breakroom supplies ,segA,2.0,17.0,35.19,70.38,34.0,36.38,9/14/2026,,,,,,,,
2887,8/28/2026,151.0,157.0,Dazzling Maintainers of Cedarhaven,81.0,Polished Stirrers,breakroom supplies,segA,2.0,22.0,41.58,83.16,44.0,39.16,9/14/2026,,,,,,,,
2888,8/28/2026,151.0,157.0,Dazzling Maintainers of Cedarhaven,83.0,Spotless Energy Drinks,breakroom supplies,segA,1.0,26.0,51.22,51.22,26.0,25.22,9/14/2026,,,,,,,,
2889,8/28/2026,151.0,157.0,Dazzling Maintainers of Cedarhaven,87.0,  Glossy Tea Selection ,breakroom supplies,segA,2.0,11.0,22.0,44.0,22.0,22.0,9/14/2026,,,,,,,,
2890,8/28/2026,152.0,158.0,Radiant Facilities of Baydale,27.0,Sparkling Sticky Notes,  office products ,segA,9.0,43.0,60.2,541.8,387.0,154.8,8/31/2026,,,,,,,,
2891,8/28/2026,152.0,158.0,Radiant Facilities of Baydale,29.0,Dazzling Paper Clips,office products,segA,13.0,37.0,49.95,649.35,481.0,168.35,8/31/2026,,,,,,,,
2892,8/28/2026,152.0,158.0,Radiant Facilities of Baydale,31.0,Polished Highlighters,office products,segA,12.0,17.0,24.48,293.76,204.0,89.76,8/31/2026,,,,,,,,
2893,8/28/2026,152.0,158.0,Radiant Facilities of Baydale,42.0,Polished Markers,office products,segA,6.0,28.0,36.4,218.4,168.0,50.4,8/31/2026,,,,,,,,
2894,8/28/2026,152.0,158.0,Radiant Facilities of Baydale,46.0,  Spotless Desk Organizers ,fofice products,segA,5.0,33.0,47.19,235.95,165.0,70.95,8/31/2026,,,,,,,,
2895,8/28/2026,152.0,158.0,Radiant Facilities of Baydale,47.0,Immaculate Staplers,office products,segA,7.0,24.0,38.4,268.8,168.0,100.8,8/31/2026,,,,,,,,
2896,8/28/2026,152.0,158.0,Radiant Facilities of Baydale,54.0,Dazzling Floor Cleaner,cleaning supplies,segD,1.0,32.344897959183676,88.65,88.65,45.0,43.65,8/31/2026,,,,,,,,
2897,8/28/2026,152.0,158.0,Radiant Facilities of Baydale,74.0,  Pristine Energy Drinks ,breakroom supplies,segA,8.0,15.0,26.7,213.6,120.0,93.6,8/31/2026,,,,,,,,
2898,8/28/2026,152.0,158.0,Radiant Facilities of Baydale,76.0,Immaculate Granola Bars,breakroom supplies,segA,1.0,32.344897959183676,17.1,17.1,10.0,7.1,8/31/2026,,,,,,,,
2899,8/28/2026,152.0,158.0,Radiant Facilities of Baydale,79.0,Immaculate Microwave Popcorn,breakroom supplies,segA,6.0,25.0,46.5,279.0,150.0,129.0,31/08/2026,,,,,,,,
2900,8/28/2026,152.0,158.0,Radiant Facilities of Baydale,88.0,Gleaming Coffee Beans,breakroom supplies,  segA ,6.0,18.0,32.94,197.64,108.0,89.64,8/31/2026,,,,,,,,
2901,8/28/2026,152.0,158.0,Radiant Facilities of Baydale,90.0,Dazzling Instant Soups,  breakroom supplies ,segA,6.0,24.0,45.84,275.04,144.0,131.04,8/31/2026,,,,,,,,
2902,8/28/2026,152.0,158.0,Radiant Facilities of Baydale,93.0,Gleaming Microwave Popcorn,breakroom supplies,segA,3.0,20.0,35.8,107.4,60.0,47.4,8/31/2026,,,,,,,,
2903,8/28/2026,152.0,158.0,Radiant Facilities of Baydale,94.0,Pristine Instant Soups,breakroom supplies,segA,6.0,7.0,13.58,81.48,42.0,39.48,8/31/2026,,,,,,,,
2904,8/28/2026,152.0,158.0,Radiant Facilities of Baydale,95.0,Bright Disposable Cups,breakroom supplies,segA,1.0,13.0,24.05,24.05,13.0,11.05,8/31/2026,,,,,,,,
2905,8/21/2026,313.0,158.0,Radiant Facilities of Baydale,27.0,Sparkling Sticky Notes,office products,segA,11.0,43.0,60.2,662.2,473.0,37.8,8/24/2026,,,,,,,,
2906,8/21/2026,313.0,158.0,Radiant Facilities of Baydale,39.0,Immaculate Sticky Notes,office products,segA,93.0,34.0,38.08,3541.44,3162.0,379.44,8/24/2026,,,,,,,,
2907,8/21/2026,313.0,158.0,Radiant Facilities of Baydale,42.0,Polished Markers,office products,segA,2.0,28.0,36.4,254.8,196.0,58.8,8/24/2026,,,,,,,,
2908,8/21/2026,313.0,158.0,Radiant Facilities of Baydale,45.0,Immaculate Staplers,office products,segA,21.0,50.0,65.5,1375.5,1050.0,325.5,8/24/2026,,,,,,,,
2909,8/21/2026,313.0,158.0,Radiant Facilities of Baydale,46.0,Spotless Desk Organizers,,segA,5.0,33.0,47.19,235.95,165.0,70.95,24/08/2026,,,,,,,,
2910,8/21/2026,313.0,158.0,Radiant Facilities of Baydale,74.0,Pristine Energy Drinks,breakroom supplies,segA,8.0,15.0,26.7,213.6,120.0,93.6,8/24/2026,,,,,,,,
2911,8/21/2026,313.0,158.0,Radiant Facilities of Baydale,88.0,Gleaming Coffee Beans,breakroom supplies,segA,4.0,18.0,32.94,131.76,72.0,59.76,8/24/2026,,,,,,,,
2912,8/21/2026,313.0,158.0,Radiant Facilities of Baydale,90.0,Dazzling Instant Soups,breakroom supplies,segA,6.0,24.0,45.84,275.04,144.0,131.04,8/24/2026,,,,,,,,
2913,8/21/2026,313.0,158.0,Radiant Facilities of Baydale,91.0,Glossy Microwave Popcorn,breakroom supplies,  segA ,9.0,29.0,55.39,498.51,261.0,237.51,8/24/2026,,,,,,,,
2914,8/21/2026,313.0,158.0,Radiant Facilities of Baydale,94.0,Pristine Instant Soups,breakroom supplies,seAg,5.0,7.0,13.58,67.9,35.0,32.9,8/24/2026,,,,,,,,
2915,8/21/2026,313.0,158.0,Radiant Facilities of Baydale,95.0,Bright Disposable Cups,breakroom supplies,segA,3.0,13.0,24.05,72.15,39.0,33.15,24/08/2026,,,,,,,,
2916,8/12/2026,518.0,158.0,Radiant Facilities of Baydale,23.0,Dazzling Roll Paper Towels,paper & tissue,segD,1.0,40.0,51.29707511896669,64.4,40.0,24.4,8/13/2026,,,,,,,,
2917,8/12/2026,518.0,158.0,Radiant Facilities of Baydale,27.0,Sparkling Sticky Notes,office products,segA,16.0,43.0,60.2,963.2,688.0,275.2,8/13/2026,,,,,,,,
2918,8/12/2026,518.0,158.0,Radiant Facilities of Baydale,31.0,Polished Highlighters,office products,sgeA,13.0,17.0,24.48,318.24,221.0,97.24,8/13/2026,,,,,,,,
2919,8/12/2026,518.0,158.0,Radiant Facilities of Baydale,34.0,Radiant Staplers,office products,segA,8.0,24.0,31.2,249.6,192.0,57.6,8/13/2026,,,,,,,,
2920,8/12/2026,518.0,158.0,Radiant Facilities of Baydale,41.0,Dazzling File Folders,office products,segA,13.0,46.0,59.8,777.4,598.0,179.4,8/13/2026,,,,,,,,
2921,8/12/2026,518.0,158.0,Radiant Facilities of Baydale,42.0,Polished Markers,office products,segA,9.0,28.0,36.4,327.6,252.0,75.6,13/08/2026,,,,,,,,
2922,8/12/2026,518.0,158.0,Radiant Facilities of Baydale,44.0,Gleaming Recycled Paper,office products,,17.0,32.344897959183676,52.02,884.34,578.0,306.34,8/13/2026,,,,,,,,
2923,8/12/2026,518.0,158.0,Radiant Facilities of Baydale,47.0,Immaculate Staplers,office products,segA,6.0,24.0,38.4,230.4,144.0,86.4,8/13/2026,,,,,,,,
2924,8/12/2026,518.0,158.0,Radiant Facilities of Baydale,74.0,Pristine Energy Drinks,breakroom supplies,segA,7.0,15.0,26.7,102.06,105.0,81.9,8/13/2026,,,,,,,,
2925,8/12/2026,518.0,158.0,Radiant Facilities of Baydale,77.0,Sleek Disposable Cups,breakroom supplies,segA,239.0,25.0,37.5,8962.5,5975.0,2987.5,13/08/2026,,,,,,,,
2926,8/12/2026,518.0,158.0,Radiant Facilities of Baydale,94.0,Pristine Instant Soups,breakroom supplies,segA,3.0,7.0,13.58,40.74,21.0,19.74,8/13/2026,,,,,,,,
2927,12/8/2026,,158.0,Radiant Facilities of Baydale,85.0,Sparkling Microwave Popcorn,breakroom supplies,segA,9.0,12.0,51.29707511896669,220.32,108.0,112.32,8/13/2026,,,,,,,,
2928,9/4/2026,14.0,159.0,Spotless Wholesalers of Graniteton,2.0,Glossy Party Napkins,  paper & tissue ,segB,1.0,29.0,45.53,45.53,29.0,16.53,9/7/2026,,,,,,,,
2929,9/4/2026,14.0,159.0,Spotless Wholesalers of Graniteton,8.0,Bright Party Napkins,paper & tissue,segB,1.0,50.0,78.5,78.5,50.0,28.5,9/7/2026,,,,,,,,
2930,9/4/2026,14.0,159.0,Spotless Wholesalers of Graniteton,56.0,Pristine Citrus Cleaner,,segC,1.0,48.0,87.84,87.84,48.0,39.84,9/7/2026,,,,,,,,
2931,9/4/2026,14.0,159.0,Spotless Wholesalers of Graniteton,112.0,Sparkling Letter Size Paper,copy paper,  segA ,2.0,46.0,71.3,499.1,322.0,177.1,9/7/2026,,,,,,,,
2932,9/4/2026,14.0,159.0,Spotless Wholesalers of Graniteton,114.0,Glossy Recycled Paper,copy paper,segA,5.0,32.0,50.24,251.2,160.0,91.2,9/7/2026,,,,,,,,
2933,9/4/2026,14.0,159.0,Spotless Wholesalers of Graniteton,119.0,Immaculate Letter Size Paper,copy paper,segA,6.0,44.0,59.4,356.4,264.0,92.4,9/7/2026,,,,,,,,
2934,9/3/2026,46.0,159.0,Spotless Wholesalers of Graniteton,40.0,Immaculate Markers,office products,segD,1.0,34.0,58.48,102.06,63.0,24.48,9/4/2026,,,,,,,,
2935,9/3/2026,46.0,159.0,Spotless Wholesalers of Graniteton,58.0,  Spotless Floor Cleaner ,cleaning supplies,segC,1.0,31.0,61.07,61.07,31.0,30.07,9/4/2026,,,,,,,,
2936,9/3/2026,46.0,159.0,Spotless Wholesalers of Graniteton,100.0,Dazzilng Legal Size Paper,copy paper,segA,3.0,24.0,36.96,110.88,72.0,38.88,9/4/2026,,,,,,,,
2937,9/3/2026,46.0,159.0,Spotless Wholesalers of Graniteton,106.0,Sleek Resume Paper,copy paper,segA,5.0,48.0,72.48,362.4,240.0,122.4,9/4/2026,,,,,,,,
2938,9/3/2026,46.0,159.0,Spotless Wholesalers of Graniteton,114.0,Glossy Recycled Paper,copy paper,segA,2.0,54.0,64.26,1606.5,1350.0,256.5,9/4/2026,,,,,,,,
2939,9/3/2026,46.0,159.0,Spotless Wholesalers of Graniteton,114.0,Glossy Recycled Paper,copy paper,segA,3.0,32.0,50.24,150.72,96.0,54.72,4/9/2026,,,,,,,,
2940,9/3/2026,46.0,159.0,Spotless Wholesalers of Graniteton,119.0,Immaculate Letter Size Paper,copy paper,segA,4.0,44.0,59.4,237.6,176.0,61.6,9/4/2026,,,,,,,,
2941,8/13/2026,486.0,159.0,Spotless Wholesalers of Graniteton,102.0,Sleek Resume Paper,copy paper,segA,6.0,26.0,36.66,219.96,156.0,63.96,8/28/2026,,,,,,,,
2942,8/13/2026,486.0,159.0,Spotless Wholesalers of Graniteton,104.0,Gleaming Glossy Photo Paper,copy paper,seAg,1.0,52.0,68.12,68.12,52.0,16.12,8/28/2026,,,,,,,,
2943,8/13/2026,486.0,159.0,Spotless Wholesalers of Graniteton,106.0,Sleek Resume Paper,copy paper,segA,4.0,48.0,72.48,289.92,63.0,97.92,8/28/2026,,,,,,,,
2944,8/13/2026,486.0,159.0,Spotless Wholesalers of Graniteton,107.0,Radiant Glossy Photo Paper,copy paper,segA,2.0,58.0,84.68,169.36,116.0,53.36,8/28/2026,,,,,,,,
2945,8/13/2026,486.0,159.0,Spotless Wholesalers of Graniteton,108.0,Dazzling Cardstock,copy paper,segA,3.0,21.0,33.6,100.8,63.0,37.8,8/28/2026,,,,,,,,
2946,8/13/2026,486.0,159.0,Spotless Wholesalers of Graniteton,114.0,Glossy Recycled Paper,copy paper,segA,34.0,54.0,64.26,102.06,1836.0,348.84,8/28/2026,,,,,,,,
2947,13/08/2026,486.0,159.0,Spotless Wholesalers of Graniteton,113.0,Polished Recycled Paper,copy paper,segA,4.0,36.0,56.52,226.08,144.0,82.08,8/28/2026,,,,,,,,
2948,8/13/2026,486.0,159.0,Spotless Wholesalers of Graniteton,114.0,Glossy Recycled Paper,copy paper,segA,5.0,32.0,50.24,251.2,160.0,91.2,8/28/2026,,,,,,,,
2949,8/13/2026,486.0,159.0,Spotless Wholesalers of Graniteton,119.0,Immaculate Letter Size Paper,copy paper,segA,6.0,44.0,59.4,356.4,264.0,92.4,8/28/2026,,,,,,,,
2950,8/11/2026,538.0,159.0,Spotless Wholesalers of Graniteton,68.0,Dazzling Disinfectant Wipes,cleaning supplies,segC,1.0,54.0,101.52,101.52,54.0,47.52,8/12/2026,,,,,,,,
2951,8/11/2026,538.0,159.0,Spotless Wholesalers of Graniteton,100.0,Dazzling Legal Size Paper,copy paper,segA,1.0,24.0,36.96,36.96,24.0,12.96,8/12/2026,,,,,,,,
2952,8/11/2026,538.0,159.0,Spotless Wholesalers of Graniteton,104.0,Gleaming Glossy Photo Paper,copy paper,segA,2.0,52.0,68.12,136.24,104.0,32.24,8/12/2026,,,,,,,,
2953,8/11/2026,538.0,159.0,Spotless Wholesalers of Graniteton,105.0,Pristine Graph Paper,,segA,2.0,52.0,71.76,143.52,104.0,39.52,8/12/2026,,,,,,,,
2954,8/11/2026,538.0,159.0,Spotless Wholesalers of Graniteton,107.0,Radiant Glossy Photo Paper,copy paper,segA,1.0,58.0,84.68,84.68,58.0,26.68,8/12/2026,,,,,,,,
2955,8/11/2026,538.0,159.0,Spotless Wholesalers of Graniteton,108.0,Dazzling Cardstock,copy paper,segA,4.0,21.0,33.6,134.4,84.0,37.8,8/12/2026,,,,,,,,
2956,11/8/2026,538.0,159.0,Spotless Wholesalers of Graniteton,119.0,Immaculate Letter Size Paper,copy paper,segA,4.0,44.0,59.4,237.6,176.0,61.6,8/12/2026,,,,,,,,
2957,9/1/2026,95.0,162.0,Sparkling Servicers of Mountwood,21.0,Glossy Facial Tissues,paper & tissue,segC,3.0,47.0,72.38,217.14,141.0,76.14,9/2/2026,,,,,,,,
2958,9/1/2026,95.0,162.0,Sparkling Servicers of Mountwood,28.0,Immaculate Binder Clips,office products,segA,11.0,29.0,43.79,481.69,319.0,162.69,9/2/2026,,,,,,,,
2959,9/1/2026,95.0,162.0,Sparkling Servicers of Mountwood,29.0,Dazzling Paper Clips,office products,segA,12.0,37.0,53.65,643.8,444.0,199.8,9/2/2026,,,,,,,,
2960,9/1/2026,95.0,162.0,Sparkling Servicers of Mountwood,31.0,Polished Highlighters,office products,segA,2.0,17.0,26.86,214.88,136.0,78.88,9/2/2026,,,,,,,,
2961,9/1/2026,95.0,162.0,Sparkling Servicers of Mountwood,35.0,Dazzling Staplers,office products,segA,6.0,27.0,43.2,259.2,162.0,97.2,9/2/2026,,,,,,,,
2962,9/1/2026,95.0,162.0,Sparkling Servicers of Mounwtood,36.0,Glossy Staplers,office products,segA,17.0,50.0,79.0,1343.0,850.0,37.8,9/2/2026,,,,,,,,
2963,9/1/2026,95.0,162.0,Sparkling Servicers of Mountwood,40.0,Immaculate Markers,office products,segA,8.0,34.0,53.38,427.04,272.0,155.04,9/2/2026,,,,,,,,
2964,9/1/2026,95.0,162.0,Sparkling Servicers of Mountwood,48.0,Fresh Desk Organizers,office products,segA,16.0,29.0,40.31,644.96,464.0,180.96,9/2/2026,,,,,,,,
2965,9/1/2026,95.0,162.0,Sparkling Servicers of Mountwood,73.0,Spotless Creamers,breakroom supplies,segD,1.0,18.0,40.86,40.86,18.0,22.86,9/2/2026,,,,,,,,
2966,1/9/2026,95.0,162.0,Sparkling Servicers of Mountwood,97.0,Sparkling Legal Size Paper,copy paper,segA,16.0,39.0,54.6,873.6,624.0,249.6,9/2/2026,,,,,,,,
2967,9/1/2026,95.0,162.0,Sparkling Servicers of Mountwood,99.0,Glossy Letter Size Paper,copy paper,segA,42.0,57.0,69.54,2920.68,2394.0,526.68,9/2/2026,,,,,,,,
2968,9/1/2026,95.0,162.0,Sparkling Servicers of Mountwood,100.0,Dazzling Legal Size Paper,copy paper,,14.0,24.0,36.96,517.44,336.0,37.8,9/2/2026,,,,,,,,
2969,9/1/2026,95.0,162.0,Sparkling Servicers of Mountwood,105.0,Pristine Graph Paper,copy paper,  segA ,13.0,52.0,80.08,1041.04,676.0,365.04,9/2/2026,,,,,,,,
2970,9/1/2026,95.0,162.0,Sparkling Servicers of Mountwood,110.0,Pristine Cardstock,copy paper,,12.0,42.0,66.78,801.36,504.0,297.36,9/2/2026,,,,,,,,
2971,9/1/2026,95.0,162.0,Sparlking Servicers of Mountwood,112.0,Sparkling Letter Size Paper,copy paper,segA,190.0,46.0,59.34,11274.6,8740.0,2534.6,9/2/2026,,,,,,,,
2972,9/1/2026,95.0,162.0,Sparkling Servicers of Mountwood,114.0,Glossy Recycled Paper,copy paper,segA,11.0,32.0,50.88,559.68,352.0,207.68,9/2/2026,,,,,,,,
2973,9/1/2026,95.0,162.0,Sparkling Servicers of Mountwood,120.0,Sparkling Letter Size Paper,copy paper,segA,14.0,45.0,58.95,825.3,630.0,195.3,9/2/2026,,,,,,,,
2974,8/26/2026,225.0,162.0,Sparkling Servicers of Mountwood,29.0,Dazzling Paper Clips,office products,segA,13.0,37.0,53.65,697.45,63.0,216.45,8/27/2026,,,,,,,,
2975,8/26/2026,225.0,162.0,Sparkling Servicers of Mountwood,31.0,Polished Highlighters,office products,segA,9.0,17.0,26.86,241.74,153.0,88.74,8/27/2026,,,,,,,,
2976,8/26/2026,225.0,162.0,Sparkling Servicers of Mountwood,32.0,Bright Desk Organizers,office products,segA,6.0,44.0,67.32,403.92,264.0,139.92,8/27/2026,,,,,,,,
2977,8/26/2026,225.0,162.0,Sparkling Servicers of Mountwood,44.0,Gleaming Recycled Paper,office products,segA,187.0,34.0,39.78,7438.86,6358.0,1080.86,8/27/2026,,,,,,,,
2978,8/26/2026,225.0,162.0,Sparkling Servicers of Mountwood,46.0,Spotless Desk Organizers,office products,segA,178.0,33.0,42.9,7636.2,5874.0,1762.2,,,,,,,,,
2979,8/26/2026,225.0,162.0,Sparkling Servicers of Mountwood,62.0,Glossy Air Freshener,cleaning supplies,segD,1.0,20.0,42.2,42.2,20.0,22.2,8/27/2026,,,,,,,,
2980,8/26/2026,225.0,162.0,Sparkling Servicers of Mountwood,90.0,Dazzling Instant Soups,breakroom supplies,segD,1.0,24.0,52.8,52.8,24.0,28.8,8/27/2026,,,,,,,,
2981,8/26/2026,225.0,162.0,Sparkling Servicers of Mountwood,99.0,Glossy Letter Size Paper,copy paper,segA,25.0,57.0,69.54,1738.5,1425.0,313.5,8/27/2026,,,,,,,,
2982,8/26/2026,225.0,162.0,Sparkling Servicers of Mountwood,100.0,Dazzling Legal Size Paper,copy paper,segA,14.0,24.0,36.96,517.44,336.0,181.44,8/27/2026,,,,,,,,
2983,8/26/2026,225.0,162.0,Sparkling Servicers of Mountwood,101.0,Radiant Colored Paper,copy paper,segA,9.0,60.0,85.2,766.8,540.0,226.8,8/27/2026,,,,,,,,
2984,8/26/2026,225.0,162.0,Sparkling Servicers of Mountwood,107.0,Radiant Glossy Photo Paper,copy paper,segA,17.0,58.0,86.42,1469.14,986.0,483.14,8/27/2026,,,,,,,,
2985,8/26/2026,225.0,162.0,Sparkling Servicers of Mountwood,108.0,Dazzling Cardstock,copy paper,  segA ,10.0,21.0,27.51,275.1,210.0,65.1,8/27/2026,,,,,,,,
2986,8/26/2026,225.0,162.0,Sparkling Servicers of Mountwood,114.0,Glossy Recycled Paper,copy paper,segA,24.0,54.0,78.84,1892.16,1296.0,596.16,8/27/2026,,,,,,,,
2987,8/26/2026,225.0,162.0,Sparkling Servicers of Mountwood,112.0,Sparkling Letter Size Paper,copy paper,segA,183.0,46.0,59.34,10859.22,8418.0,2441.22,8/27/2026,,,,,,,,
2988,8/26/2026,225.0,162.0,Sparkling Servicers of Mountwood,114.0,Glossy Recycled Paper,copy paper,segA,14.0,32.0,50.88,712.32,448.0,264.32,8/27/2026,,,,,,,,
2989,8/26/2026,225.0,162.0,Sparkling Servicers of Mountwood,120.0,Sparkling Letter Size Paper,copy paper,segA,24.0,45.0,58.95,1414.8,1080.0,334.8,8/27/2026,,,,,,,,
2990,9/1/2026,,162.0,  Sparkling Servicers of Mountwood ,46.0,Spotless Desk Organizers,office products,,113.0,33.0,42.9,4847.7,3729.0,1118.7,9/2/2026,,,,,,,,
2991,8/26/2026,,162.0,Sparkling Servicers of Mountwood,21.0,Glossy Facial Tissues,paper & tissue,segC,4.0,47.0,72.38,289.52,188.0,101.52,8/27/2026,,,,,,,,
2992,8/27/2026,189.0,165.0,Sparkling Janitors of Mountridge,2.0,Glossy Party Napkins,paper & tissue,  segA ,16.0,32.344897959183676,39.73,635.68,464.0,171.68,8/28/2026,,,,,,,,
2993,8/27/2026,189.0,165.0,Sparkling Janitors of Mountridge,3.0,Sparkling Party Napkins,paper & tissue,segA,10.0,21.0,28.14,281.4,210.0,71.4,8/28/2026,,,,,,,,
2994,8/27/2026,189.0,165.0,Sparkling Janitors of Mountridge,7.0,Gleaming Bathroom Tissue,,segA,15.0,16.0,22.72,340.8,240.0,100.8,8/28/2026,,,,,,,,
2995,8/27/2026,189.0,165.0,Sparkling Janitors of Mountridge,15.0,Sparkling 2-Ply Toilet Paper,paper & tissue,segA,28.0,43.0,62.35,1745.8,1204.0,541.8,8/28/2026,,,,,,,,
2996,8/27/2026,189.0,165.0,Sparkling Janitors of Mountridge,16.0,Dazzling Bathroom Tissue,paper & tissue,segA,2.0,42.0,60.48,423.36,294.0,129.36,8/28/2026,,,,,,,,
2997,8/27/2026,189.0,165.0,Sparkling Janitors of Mountridge,18.0,Pristine Lunch Napkins,paper & tissue,segA,17.0,20.0,30.0,510.0,340.0,170.0,8/28/2026,,,,,,,,
2998,8/27/2026,189.0,165.0,Sparkling Janitors of Mountridge,23.0,Dazzling Roll Paper Towels,paper & tissue,segA,8.0,40.0,55.2,441.6,320.0,121.6,8/28/2026,,,,,,,,
2999,8/27/2026,189.0,165.0,Sparkling Janitors of Mountridge,25.0,Dazzling Binder Clips,office products,segA,10.0,45.0,61.65,616.5,450.0,166.5,8/28/2026,,,,,,,,
3000,8/27/2026,189.0,165.0,Sparkling Janitors of Mountridge,27.0,Sparkling Sticky Notes,office products,segA,10.0,43.0,59.77,597.7,430.0,167.7,,,,,,,,,
3001,8/27/2026,189.0,165.0,Sparkling Janitors of Mountridge,28.0,Immaculate Binder Clips,office products,segA,9.0,29.0,43.21,388.89,261.0,127.89,8/28/2026,,,,,,,,
3002,8/27/2026,189.0,165.0,Sparkling Janitors of Mountridge,29.0,Dazzling Paper Clips,office products,segA,14.0,37.0,53.28,745.92,518.0,227.92,8/28/2026,,,,,,,,
3003,8/27/2026,189.0,165.0,Sparkling Janitors of Mountridge,30.0,Immaculate Markers,office products,segA,11.0,28.0,38.36,421.96,308.0,113.96,8/28/2026,,,,,,,,
3004,8/27/2026,189.0,165.0,Sparkling Janitors of Mountridge,36.0,Glossy Staplers,office products,segA,11.0,50.0,71.0,781.0,550.0,231.0,8/28/2026,,,,,,,,
3005,8/27/2026,189.0,165.0,Sparkling Janitors of Mountridge,42.0,  Polished Markers ,office products,segA,13.0,32.344897959183676,36.4,473.2,364.0,109.2,8/28/2026,,,,,,,,
3006,8/27/2026,189.0,165.0,Sparkling Janitors of Mountridge,45.0,Immaculate Staplers,office products,segA,13.0,50.0,65.5,851.5,650.0,201.5,8/28/2026,,,,,,,,
3007,8/27/2026,189.0,165.0,Sparlking Janitors of Mountridge,48.0,Fresh Desk Organizers,office products,segA,17.0,29.0,40.89,695.13,493.0,202.13,8/28/2026,,,,,,,,
3008,8/27/2026,189.0,165.0,Sparkling Janitors of Mountridge,59.0,Spotless All-Purpose Cleaner,cleaning supplies,segA,15.0,47.0,87.42,1311.3,705.0,606.3,8/28/2026,,,,,,,,
3009,8/27/2026,189.0,165.0,Sparkling Janitors of Mountridge,65.0,Sparkling Citrus Cleaner,cleaning supplies,segA,136.0,20.0,30.0,4080.0,2720.0,1360.0,8/28/2026,,,,,,,,
3010,8/27/2026,189.0,165.0,Sparkling Janitors of Mountridge,66.0,Radiant Glass Cleaner,cleaning supplies,segA,1.0,21.0,39.48,102.06,21.0,18.48,8/28/2026,,,,,,,,
3011,8/27/2026,189.0,165.0,Sparkling Janitors of Mountridge,107.0,Radiant Glossy Photo Paper,copy paper,segB,5.0,58.0,91.64,458.2,290.0,168.2,8/28/2026,,,,,,,,
3012,8/24/2026,284.0,165.0,Sparkling Janitors of Mountridge,7.0,Gleaming Bathroom Tissue,paper & tissue,segA,18.0,16.0,22.72,408.96,288.0,120.96,8/25/2026,,,,,,,,
3013,8/24/2026,284.0,165.0,Sparkling Janitors of Mountridge,13.0,Pristine Party Napkins,paper & tissue,segA,26.0,45.0,63.9,1661.4,1170.0,491.4,8/25/2026,,,,,,,,
3014,8/24/2026,284.0,165.0,Sparkling Janitors of Mountridge,14.0,Spotless Pocket Tissues,paper & tissue,segA,18.0,20.0,27.4,493.2,360.0,133.2,8/25/2026,,,,,,,,
3015,8/24/2026,284.0,165.0,Sparkling Janitors of Mountridge,16.0,Dazzling Bathroom Tissue,paper & tissue,segA,10.0,42.0,60.48,604.8,420.0,184.8,8/25/2026,,,,,,,,
3016,8/24/2026,284.0,165.0,Sparkling Janitors of Mountridge,27.0,Sparkling Sticky Notes,office products,segA,18.0,43.0,59.77,1075.86,774.0,301.86,8/25/2026,,,,,,,,
3017,8/24/2026,284.0,165.0,Sparkling Janitors of Mountridge,29.0,Dazzling Paper Clips,office products,segA,12.0,37.0,53.28,639.36,444.0,195.36,8/25/2026,,,,,,,,
3018,8/24/2026,284.0,165.0,Sparkling Janitors of Mountridge,33.0,Dazzling File Folders,office products,segA,5.0,26.0,35.88,179.4,130.0,49.4,8/25/2026,,,,,,,,
3019,8/24/2026,284.0,165.0,Sparkling Janitors of Mountridge,34.0,Radiant Staplers,office products,segA,9.0,24.0,37.68,339.12,216.0,123.12,8/25/2026,,,,,,,,
3020,8/24/2026,284.0,165.0,Sparkling Janitors of Mountridge,36.0,Glossy Staplers,office products,segA,7.0,50.0,71.0,497.0,63.0,147.0,8/25/2026,,,,,,,,
3021,8/24/2026,284.0,165.0,  Sparkling Janitors of Mountridge ,42.0,Polished Markers,office products,segA,13.0,28.0,36.4,473.2,364.0,109.2,8/25/2026,,,,,,,,
3022,8/24/2026,284.0,165.0,Sparkling Janitors of Mountridge,45.0,Immaculate Staplers,office products,segA,16.0,50.0,65.5,1048.0,800.0,248.0,8/25/2026,,,,,,,,
3023,8/24/2026,284.0,165.0,Sparkling Janitors of Mountridge,64.0,Bright Glass Cleaner,cleaning supplies,segA,73.0,32.0,45.76,3340.48,2336.0,1004.48,8/25/2026,,,,,,,,
3024,8/24/2026,284.0,165.0,Sparkling Janitors of Mountridge,72.0,Gleaming Glass Cleaner,cleaning supplies,segA,10.0,23.0,37.72,377.2,230.0,147.2,8/25/2026,,,,,,,,
3025,8/24/2026,284.0,165.0,Sparkling Janitors of Mountridge,94.0,Pristine Instant Soups,breakroom supplies,segD,1.0,7.0,15.12,15.12,7.0,8.12,8/25/2026,,,,,,,,
3026,8/24/2026,284.0,165.0,Sparkling Janitors of Mountridge,119.0,Immaculate Letter Size Paper,copy paper,segB,5.0,44.0,67.32,336.6,220.0,116.6,8/25/2026,,,,,,,,
3027,8/21/2026,314.0,165.0,Sparkling Janitors of Mountridge,4.0,Bright Bathroom Tissue,paper & tissue,segA,19.0,26.0,37.44,711.36,494.0,217.36,8/31/2026,,,,,,,,
3028,8/21/2026,314.0,165.0,  Sparkling Janitors of Mountridge ,13.0,Pristine Party Napkins,paper & tissue,segA,18.0,45.0,63.9,1150.2,810.0,340.2,8/31/2026,,,,,,,,
3029,8/21/2026,314.0,165.0,Sparkling Janitors of Mountridge,16.0,Dazzling Bathroom Tissue,paper & tissue,segA,8.0,42.0,60.48,483.84,336.0,147.84,8/31/2026,,,,,,,,
3030,8/21/2026,314.0,165.0,Sparkling Janitors of Mountridge,23.0,Dazzling Roll Paper Towels,paper & tissue,segA,5.0,40.0,55.2,276.0,200.0,76.0,31/08/2026,,,,,,,,
3031,8/21/2026,314.0,165.0,Sparkling Janitors of Mountridge,27.0,Sparkling Sticky Notes,office products,segA,10.0,43.0,59.77,597.7,430.0,167.7,8/31/2026,,,,,,,,
3032,8/21/2026,314.0,165.0,Sparkling Janitors of Mountridge,28.0,Immaculate Binder Clips,office products,segA,9.0,29.0,43.21,388.89,261.0,127.89,8/31/2026,,,,,,,,
3033,8/21/2026,314.0,165.0,Sparkling Janitors of Mountridge,30.0,Immaculate Markers,office products,segA,8.0,28.0,38.36,306.88,224.0,82.88,,,,,,,,,
3034,8/21/2026,314.0,165.0,Sparkling Janitors of Mountridge,32.0,Bright Desk Organizers,,segA,4.0,44.0,59.84,239.36,176.0,63.36,8/31/2026,,,,,,,,
3035,8/21/2026,314.0,165.0,Sparkling Janitors of Mountridge,33.0,Dazzling File Folders,office products,segA,6.0,26.0,35.88,215.28,156.0,59.28,8/31/2026,,,,,,,,
3036,8/21/2026,314.0,165.0,Sparkling Janitors of Mountridge,35.0,Dazzling Staplers,office products,segA,8.0,27.0,36.18,289.44,216.0,73.44,8/31/2026,,,,,,,,
3037,8/21/2026,314.0,165.0,Sparkling Janitors of Mountridge,36.0,Glossy Staplers,office products,segA,11.0,50.0,71.0,781.0,550.0,231.0,8/31/2026,,,,,,,,
3038,8/21/2026,314.0,165.0,Sparkling Janitors of Mountridge,37.0,Bright Recycled Paper,office products,segA,8.0,24.0,37.44,299.52,192.0,107.52,8/31/2026,,,,,,,,
3039,8/21/2026,314.0,165.0,Sparkling Janitors of Mountridge,45.0,Immaculate Staplers,office products,segA,10.0,50.0,65.5,655.0,500.0,155.0,8/31/2026,,,,,,,,
3040,8/21/2026,314.0,165.0,  Sparkling Janitors of Mountridge ,55.0,Spotless Floor Cleaner,cleaning supplies,segA,7.0,29.0,50.46,353.22,203.0,37.8,8/31/2026,,,,,,,,
3041,8/21/2026,314.0,165.0,Sparkling Janitors of Mountridge,59.0,Spotless All-Purpose Cleaner,cleaning supplies,segA,11.0,47.0,87.42,961.62,517.0,444.62,8/31/2026,,,,,,,,
3042,8/21/2026,314.0,165.0,Sparkling Janitors of Mountridge,64.0,Bright Glass Cleaner,,segA,100.0,32.0,45.76,4576.0,3200.0,1376.0,8/31/2026,,,,,,,,
3043,8/21/2026,314.0,165.0,Sparkling Janitors of Mountridge,66.0,Radiant Glass Cleaner,,segA,3.0,21.0,39.48,118.44,63.0,55.44,8/31/2026,,,,,,,,
3044,8/21/2026,314.0,165.0,Sparkling Janitors of Mountridge,69.0,Gleaming Degreaser,cleaning supplies,segA,2.0,27.0,44.01,88.02,54.0,34.02,8/31/2026,,,,,,,,
3045,8/21/2026,314.0,165.0,Sparkling Janitors of Mountridge,72.0,Gleaming Glass Cleaner,cleaning spuplies,segA,8.0,23.0,37.72,301.76,184.0,117.76,8/31/2026,,,,,,,,
3046,8/21/2026,314.0,165.0,Sparkling Janitors of Mountridge,99.0,Glossy Letter Size Paper,copy paper,segB,6.0,57.0,92.34,554.04,342.0,212.04,8/31/2026,,,,,,,,
3047,8/21/2026,314.0,165.0,Sparkling Janitors of Mountridge,101.0,Radiant Colored Paper,copy paper,  segB ,4.0,60.0,96.6,386.4,240.0,146.4,8/31/2026,,,,,,,,
3048,8/18/2026,386.0,165.0,Sparkling Janitors of Mountridge,7.0,Gleaming Bathroom Tissue,paper & tissue,segA,22.0,16.0,22.72,499.84,352.0,37.8,8/19/2026,,,,,,,,
3049,8/18/2026,386.0,165.0,Sparkling Janitors of Mountridge,8.0,Bright Party Napkins,paper & tissue,segA,10.0,50.0,67.5,675.0,500.0,175.0,8/19/2026,,,,,,,,
3050,8/18/2026,386.0,165.0,Sparkling Janitors of Mountridge,13.0,Pristine Party Napkins,paper & tissue,segA,24.0,45.0,63.9,1533.6,1080.0,453.6,8/19/2026,,,,,,,,
3051,8/18/2026,386.0,165.0,Sparkling Janitors of Mountridge,15.0,Sparkling 2-Ply Toilet Paper,paper & tissue,segA,18.0,43.0,62.35,1122.3,774.0,348.3,8/19/2026,,,,,,,,
3052,8/18/2026,386.0,165.0,Sparkling Janitors of Mountridge,24.0,Sparkling Pocket Tissues,paper & tissue,segA,6.0,18.0,24.48,146.88,108.0,38.88,8/19/2026,,,,,,,,
3053,8/18/2026,386.0,165.0,Sparkling Janitors of Mountridge,27.0,Sparkling Sticky Notes,office products,  segA ,18.0,43.0,59.77,1075.86,774.0,301.86,8/19/2026,,,,,,,,
3054,8/18/2026,386.0,165.0,Sparkling Janitors of Mountridge,30.0,Immaculate Markers,office products,segA,8.0,28.0,38.36,306.88,224.0,82.88,8/19/2026,,,,,,,,
3055,8/18/2026,386.0,165.0,Sparkling Janitors of Mountridge,33.0,Dazzling Flie Folders,office products,segA,7.0,26.0,35.88,251.16,182.0,69.16,8/19/2026,,,,,,,,
3056,8/18/2026,386.0,165.0,Sparkling Janitors of Mountridge,37.0,Bright Recycled Paper,office products,segA,12.0,24.0,37.44,449.28,288.0,161.28,8/19/2026,,,,,,,,
3057,8/18/2026,386.0,165.0,Sparklnig Janitors of Mountridge,42.0,Polished Markers,office products,segA,14.0,28.0,36.4,509.6,392.0,117.6,8/19/2026,,,,,,,,
3058,8/18/2026,386.0,165.0,Sparkling Janitors of Mountridge,43.0,Fresh File Folders,office products,segA,11.0,50.0,73.0,803.0,550.0,253.0,8/19/2026,,,,,,,,
3059,8/18/2026,386.0,165.0,Sparkling Janitors of Mountridge,55.0,Spotless Floor Cleaner,cleaning supplies,segA,9.0,29.0,50.46,454.14,261.0,193.14,8/19/2026,,,,,,,,
3060,8/18/2026,386.0,165.0,Sparkling Janitors of Mountridge,67.0,Sleek Citrus Cleaner,cleaning supplies,segA,3.0,39.0,72.93,218.79,117.0,101.79,8/19/2026,,,,,,,,
3061,8/18/2026,386.0,165.0,Sparkling Janitors of Mountridge,72.0,Gleaming Glass Cleaner,cleaning supplies,segA,13.0,32.344897959183676,37.72,490.36,299.0,191.36,8/19/2026,,,,,,,,
3062,8/18/2026,386.0,165.0,Sparkling Janitors of Mountridge,99.0,Glossy Letter Size Paper,copy paper,segB,2.0,57.0,92.34,277.02,171.0,106.02,8/19/2026,,,,,,,,
3063,8/18/2026,386.0,165.0,Sparkling Janitors of Mountridge,107.0,Radiant Glossy Photo Paper,copy paper,segB,4.0,58.0,91.64,366.56,232.0,134.56,8/19/2026,,,,,,,,
3064,8/18/2026,386.0,165.0,Sparkling Janitors of Mountridge,120.0,Sparkling Letter Size Paper,copy paper,segB,8.0,45.0,64.35,514.8,360.0,154.8,8/19/2026,,,,,,,,
3065,8/17/2026,418.0,165.0,Sparkling Janitors of Mountridge,23.0,Dazzling Roll Paper Towels,paper & tissue,segA,7.0,40.0,55.2,386.4,280.0,106.4,8/18/2026,,,,,,,,
3066,8/17/2026,418.0,165.0,Sparkling Janitors of Mountridge,24.0,Sparkling Pocket Tissues,paper & tissue,segA,11.0,32.344897959183676,24.48,269.28,198.0,71.28,8/18/2026,,,,,,,,
3067,8/17/2026,418.0,165.0,Sparkling Janitors of Mountridge,28.0,Immaculate Binder Clips,office products,segA,15.0,29.0,43.21,648.15,435.0,213.15,8/18/2026,,,,,,,,
3068,8/17/2026,418.0,165.0,Sparkling Janitors of Mountridge,45.0,Immaculate Staplers,office products,segA,12.0,50.0,65.5,786.0,600.0,186.0,8/18/2026,,,,,,,,
3069,8/17/2026,418.0,165.0,Sparkling Janitors of Mountridge,62.0,Glossy Air Freshener,cleaning supplies,segA,1.0,20.0,36.2,36.2,20.0,16.2,8/18/2026,,,,,,,,
3070,8/17/2026,418.0,165.0,Sparkling Janitors of Mountridge,64.0,Bright Glass Cleaner,cleaning supplies,segA,52.0,32.0,45.76,2379.52,1664.0,715.52,8/18/2026,,,,,,,,
3071,8/17/2026,418.0,165.0,Sparkling Janitors of Mountridge,69.0,Gleaming Degreaser,cleaning supplies,segA,1.0,27.0,44.01,44.01,27.0,17.01,8/18/2026,,,,,,,,
3072,8/17/2026,418.0,165.0,Sparkling Janitors of Mountridge,72.0,Gleaming Glass Cleaner,cleaning supplies,segA,8.0,23.0,37.72,301.76,184.0,117.76,8/18/2026,,,,,,,,
3073,8/17/2026,418.0,165.0,Sparkling Janitors of Mountridge,74.0,Pristine Energy Drinks,  breakroom supplies ,segD,1.0,15.0,32.7,32.7,15.0,17.7,8/18/2026,,,,,,,,
3074,8/17/2026,418.0,165.0,Sparkling Janitors of Mountridge,100.0,Dazzling Legal Size Paper,copy paper,segB,5.0,24.0,36.96,184.8,120.0,64.8,8/18/2026,,,,,,,,
3075,8/17/2026,418.0,165.0,Sparkling Janitors of Mountridge,102.0,Sleek Resume Paper,copy paper,segB,2.0,26.0,36.4,291.2,208.0,83.2,8/18/2026,,,,,,,,
3076,8/17/2026,418.0,165.0,Sparkling Janitors of Mountridge,120.0,Sparkling Letter Size Paper,copy paper,segB,6.0,45.0,51.29707511896669,386.1,270.0,116.1,8/18/2026,,,,,,,,
3077,8/26/2026,226.0,166.0,Sleek Maintainers of Mountfield,77.0,Sleek Disposable Cups,breakroom supplies,segA,1.0,25.0,45.25,45.25,25.0,20.25,8/27/2026,,,,,,,,
3078,8/26/2026,226.0,166.0,Sleek Maintainers of Mountfield,78.0,Glossy Creamers,breakroom supplies,segA,2.0,27.0,55.08,110.16,54.0,56.16,8/27/2026,,,,,,,,
3079,8/26/2026,226.0,166.0,Sleek Maintainers of Mountfield,84.0,Sparkling Creamers,breakroom supplies,segA,1.0,18.0,31.5,31.5,18.0,13.5,8/27/2026,,,,,,,,
3080,8/26/2026,226.0,166.0,Sleek Maintainers of Mountfield,85.0,Sparkling Microwave Popcorn,breakroom supplies,segA,26.0,12.0,18.0,468.0,312.0,156.0,8/27/2026,,,,,,,,
3081,8/26/2026,226.0,166.0,Sleek Maintainers of Mountfield,88.0,Gleaming Coffee Beans,breakroom supplies,segA,62.0,18.0,27.0,1674.0,1116.0,558.0,8/27/2026,,,,,,,,
3082,8/26/2026,226.0,166.0,Sleek Maintainers of Mountfield,92.0,Glossy Instant Soups,breakroom supplies,segA,2.0,24.0,50.4,100.8,48.0,52.8,27/08/2026,,,,,,,,
3083,8/13/2026,487.0,167.0,Gleaming Cleaners of Mountfield,38.0,Radiant Pens,office products,segC,6.0,17.0,26.01,156.06,63.0,54.06,8/14/2026,,,,,,,,
3084,8/13/2026,487.0,167.0,Gleaming Cleaners of Mountfield,67.0,Sleek Citrus Cleaner,cleaning supplies,segD,2.0,39.0,74.1,148.2,78.0,70.2,8/14/2026,,,,,,,,
3085,8/13/2026,487.0,167.0,Gleaming Cleaners of Mountfield,76.0,Immaculate Granola Bars,breakroom supplies,segB,3.0,10.0,21.6,64.8,30.0,34.8,8/14/2026,,,,,,,,
3086,8/13/2026,487.0,167.0,Gleaming Cleaners of Mountfield,82.0,Pristine Granola Bars,breakroom supplies,segB,1.0,26.0,52.26,52.26,26.0,26.26,14/08/2026,,,,,,,,
3087,8/13/2026,487.0,167.0,Gleaming Cleaners of Mountfield,85.0,Sparkling Microwave Popcorn,breakroom supplies,segB,5.0,12.0,51.29707511896669,111.0,60.0,51.0,8/14/2026,,,,,,,,
3088,8/13/2026,487.0,167.0,Gleaming Cleaners of Mountfield,89.0,Sparkling Disposable Cups,breakroom supplies,segB,1.0,21.0,42.21,42.21,21.0,21.21,8/14/2026,,,,,,,,
3089,8/13/2026,487.0,167.0,Gleaming Cleaners of Mountfield,90.0,Dazzling Instant Soups,breakroom supplies,,2.0,24.0,47.04,94.08,48.0,46.08,8/14/2026,,,,,,,,
3090,8/21/2026,315.0,168.0,Immaculate Stewards of Baydale,25.0,Dazzling Binder Clips,office products,segC,1.0,45.0,72.45,72.45,45.0,27.45,8/24/2026,,,,,,,,
3091,8/21/2026,315.0,168.0,Immaculate Stewards of Baydale,82.0,Pristine Granola Bars,breakroom supplies,segA,1.0,26.0,50.7,50.7,26.0,24.7,8/24/2026,,,,,,,,
3092,8/21/2026,315.0,168.0,Immaculate Stewards of Baydale,86.0,Dazzling Instant Soups,breakroom supplies,segA,1.0,16.0,34.24,34.24,16.0,18.24,8/24/2026,,,,,,,,
3093,8/21/2026,315.0,168.0,Immaculate Stewards of Baydale,89.0,Sparkling Disposable Cups,breakroom supplies,segA,1.0,21.0,38.22,38.22,21.0,17.22,8/24/2026,,,,,,,,
3094,21/08/2026,315.0,168.0,Immaculate Stewards of Baydale,95.0,Bright Disposable Cups,breakroom supplies,,2.0,13.0,22.23,44.46,26.0,18.46,8/24/2026,,,,,,,,
3095,8/21/2026,315.0,168.0,Immaculate Stewards of Baydale,99.0,Glossy Letter Size Paper,copy paper,segB,1.0,57.0,89.49,89.49,57.0,32.49,8/24/2026,,,,,,,,
3096,8/21/2026,315.0,168.0,Immaculate Stewards of Baydale,103.0,Spotless Colored Paper,copy paper,segB,1.0,45.0,65.25,65.25,45.0,20.25,8/24/2026,,,,,,,,
3097,8/21/2026,315.0,168.0,Immaculate Stewards of Baydale,108.0,Dazzling Cardstock,copy paper,segB,1.0,21.0,34.65,34.65,21.0,13.65,24/08/2026,,,,,,,,
3098,8/21/2026,315.0,168.0,Immaculate Stewards of Baydale,114.0,Glossy Recycled Paper,copy paper,segB,1.0,54.0,85.32,85.32,54.0,31.32,8/24/2026,,,,,,,,
3099,8/18/2026,387.0,168.0,Immaculate Stewards of Baydale,29.0,Dazzling Paper Clips,office products,segC,1.0,37.0,54.76,54.76,37.0,17.76,8/19/2026,,,,,,,,
3100,8/18/2026,387.0,168.0,Immaculate Stewards of Baydale,49.0,Sparkling Disinfectant Wipes,cleaning supplies,segB,1.0,21.0,35.91,102.06,21.0,14.91,8/19/2026,,,,,,,,
3101,8/18/2026,387.0,168.0,Immaculate Stewards of Baydale,72.0,Gleaming Glass Cleaner,cleaning supplies,segB,1.0,23.0,39.1,39.1,23.0,16.1,8/19/2026,,,,,,,,
3102,8/18/2026,387.0,168.0,Immaculate Stewards of Baydale,82.0,Pristine Granola Bars,breakroom supplies,segA,2.0,26.0,50.7,101.4,52.0,49.4,8/19/2026,,,,,,,,
3103,8/18/2026,387.0,168.0,Immaculate Stewards of Baydale,86.0,Dazzling Instant Soups,breakroom supplies,segA,1.0,16.0,34.24,34.24,16.0,18.24,8/19/2026,,,,,,,,
3104,8/18/2026,387.0,168.0,Immaculate Stewards of Baydale,89.0,Sparkling Disposable Cups,breakroom supplies,,1.0,21.0,38.22,38.22,21.0,17.22,8/19/2026,,,,,,,,
3105,8/18/2026,387.0,168.0,Immaculate Stewards of Baydale,94.0,Pristine Instant Soups,breakroom supplies,segA,1.0,7.0,13.93,13.93,7.0,6.93,8/19/2026,,,,,,,,
3106,8/18/2026,387.0,168.0,Immaculate Stewards of Baydale,98.0,Radiant Glossy Photo Paper,copy paper,segB,1.0,23.0,37.49,37.49,23.0,14.49,8/19/2026,,,,,,,,
3107,8/18/2026,387.0,168.0,Immaculate Stewards of Baydale,114.0,Glossy Recycled Paper,,segB,1.0,54.0,85.32,85.32,54.0,31.32,8/19/2026,,,,,,,,
3108,8/18/2026,387.0,168.0,Immaculate Stewards of Baydale,112.0,Sparkling Letter Size Paper,copy paper,segB,1.0,46.0,69.92,69.92,46.0,23.92,8/19/2026,,,,,,,,
3109,8/12/2026,519.0,168.0,Immaculate Stewards of Baydale,49.0,Sparkling Disinfectant Wipes,cleaning supplies,segB,1.0,21.0,35.91,35.91,21.0,14.91,8/13/2026,,,,,,,,
3110,8/12/2026,519.0,168.0,Immaculate Stewards of Baydale,53.0,Glossy Glass Cleaner,cleaning supplies,segB,1.0,36.0,70.2,70.2,36.0,34.2,8/13/2026,,,,,,,,
3111,8/12/2026,519.0,168.0,Immaculate Stewards of Baydale,72.0,Gleaming Glass Cleaner,cleaning supplies,segB,1.0,23.0,39.1,39.1,23.0,16.1,8/13/2026,,,,,,,,
3112,8/12/2026,519.0,168.0,Immaculate Stewards of Baydale,78.0,Glossy Creamers,breakroom supplies,segA,1.0,27.0,52.38,52.38,27.0,25.38,8/13/2026,,,,,,,,
3113,8/12/2026,519.0,168.0,Immaculate Stewards of Baydale,81.0,Polished Stirrers,breakroom supplies,segA,1.0,22.0,39.82,39.82,22.0,17.82,8/13/2026,,,,,,,,
3114,8/12/2026,519.0,168.0,Immaculate Stewards of Baydale,91.0,Glossy Microwave Popcorn,breakroom supplies,segA,1.0,29.0,50.17,50.17,29.0,21.17,8/13/2026,,,,,,,,
3115,8/12/2026,519.0,168.0,Immaculate Stewards of Baydale,95.0,Bright Disposable Cups,breakroom supplies,segA,2.0,13.0,22.23,44.46,26.0,18.46,8/13/2026,,,,,,,,
3116,8/12/2026,519.0,168.0,Immaculate Stewards of Baydale,96.0,Dazzling Disposable Cups,breakroom supplies,segA,1.0,19.0,38.57,38.57,19.0,19.57,8/13/2026,,,,,,,,
3117,8/12/2026,519.0,168.0,Immaculate Stewards of Baydale,98.0,Radiant Glossy Photo Paper,copy paper,segB,1.0,23.0,37.49,37.49,23.0,14.49,8/13/2026,,,,,,,,
3118,8/12/2026,519.0,168.0,Immaculate Stewards of Baydale,99.0,Glossy Letter Size Paper,copy paper,  segB ,1.0,57.0,89.49,89.49,57.0,32.49,8/13/2026,,,,,,,,
3119,8/12/2026,519.0,168.0,Immaculate Stewards of Baydale,105.0,Pristine Graph Paper,copy paper,segB,1.0,32.344897959183676,78.52,78.52,52.0,26.52,8/13/2026,,,,,,,,
3120,8/10/2026,568.0,168.0,Immaculate Stewards of Baydale,45.0,Immaculate Staplers,office products,segC,1.0,50.0,74.0,74.0,50.0,24.0,,,,,,,,,
3121,8/10/2026,568.0,168.0,Immaculate Stewards of Baydale,72.0,Gleaming Glass Cleaner,,segB,1.0,23.0,39.1,39.1,23.0,16.1,8/11/2026,,,,,,,,
3122,8/10/2026,568.0,168.0,Immaculate Stewards of Baydale,78.0,Glossy Creamers,breakroom supplies,segA,1.0,27.0,52.38,52.38,27.0,25.38,8/11/2026,,,,,,,,
3123,8/10/2026,568.0,168.0,Immaculate Stewards of Baydale,88.0,Gleaming Coffee Beans,breakroom supplies,segA,1.0,18.0,34.56,34.56,18.0,16.56,8/11/2026,,,,,,,,
3124,8/10/2026,568.0,168.0,Immaculate Stewards of Baydale,91.0,Glossy Microwave Popcorn,breakroom supplies,segA,1.0,29.0,50.17,50.17,29.0,21.17,8/11/2026,,,,,,,,
3125,8/21/2026,,168.0,Immaculate Stewards of Baydale,81.0,Polished Stirrers,,segA,1.0,22.0,39.82,39.82,22.0,17.82,8/24/2026,,,,,,,,
3126,8/18/2026,,168.0,Immaculate Stewards of Baydale,53.0,Glossy Glass Cleaner,cleaning supplies,,1.0,36.0,70.2,70.2,36.0,34.2,8/19/2026,,,,,,,,
3127,9/2/2026,68.0,169.0,Dazzling Wholesalers of Cedarburg,42.0,Polished Markers,office products,segD,1.0,28.0,48.44,48.44,28.0,20.44,9/3/2026,,,,,,,,
3128,9/2/2026,68.0,169.0,Dazzling Wholesalers of Cedarburg,49.0,  Sparkling Disinfectant Wipes ,cleaning supplies,segA,2.0,21.0,51.29707511896669,78.54,42.0,36.54,9/3/2026,,,,,,,,
3129,9/2/2026,68.0,169.0,Dazzling Wholesalers of Cedarburg,51.0,Bright Glass Cleaner,cleaning supplies,segA,38.0,26.0,39.0,1482.0,988.0,494.0,9/3/2026,,,,,,,,
3130,9/2/2026,68.0,169.0,Dazzling Wholesalers of Cedarburg,53.0,Glossy Glass Cleaner,cleaning supplies,segA,1.0,36.0,61.92,61.92,36.0,25.92,9/3/2026,,,,,,,,
3131,9/2/2026,68.0,169.0,Dazzling Wholesalers of Cedarburg,59.0,Spotless All-Purpose Cleaner,cleaning supplies,segA,2.0,47.0,84.6,169.2,94.0,75.2,9/3/2026,,,,,,,,
3132,9/2/2026,68.0,169.0,Dazzling Wholesalers of Cedarburg,64.0,Bright Glass Cleaner,cleainng supplies,segA,1.0,32.0,56.0,56.0,32.0,24.0,9/3/2026,,,,,,,,
3133,9/2/2026,68.0,169.0,Dazzling Wholesalers of Cedarburg,72.0,Gleaming Glass Cleaner,cleaning supplies,segA,1.0,23.0,39.33,39.33,23.0,16.33,9/3/2026,,,,,,,,
3134,9/2/2026,68.0,169.0,Dazzling Wholesalers of Cedarburg,73.0,Spotless Creamers,breakroom supplies,segA,1.0,18.0,34.2,34.2,18.0,16.2,9/3/2026,,,,,,,,
3135,9/2/2026,68.0,169.0,Dazzling Wholesalers of Cedarburg,74.0,Pristine Energy Drinks,breakroom supplies,segA,2.0,15.0,28.5,57.0,30.0,27.0,9/3/2026,,,,,,,,
3136,9/2/2026,68.0,169.0,Dazzling Wholesalers of Cedarburg,76.0,Immaculate Granola Bars,breakroom supplies,segA,1.0,10.0,19.2,19.2,10.0,9.2,9/3/2026,,,,,,,,
3137,9/2/2026,68.0,169.0,Dazzling Wholesalers of Cedarburg,78.0,Glossy Creamers,breakroom supplies,segA,1.0,27.0,51.03,51.03,27.0,24.03,9/3/2026,,,,,,,,
3138,9/2/2026,68.0,169.0,Dazzling Wholesalers of Cedarburg,81.0,Polished Stirrers,breakroom supplies,segA,1.0,22.0,38.72,38.72,22.0,16.72,9/3/2026,,,,,,,,
3139,9/2/2026,68.0,169.0,Dazzling Wholesalers of Cedarburg,83.0,Spotless Energy Drinks,breakroom supplies,segA,1.0,26.0,48.1,48.1,26.0,22.1,9/3/2026,,,,,,,,
3140,9/2/2026,68.0,169.0,Dazzling Wholesalers of Cedarburg,98.0,Radiant Glossy Photo Paper,copy paper,segA,2.0,23.0,34.96,69.92,46.0,23.92,9/3/2026,,,,,,,,
3141,9/2/2026,68.0,169.0,Dazzling Wholesalers of Cedarburg,106.0,Sleek Resume Paper,copy paper,segA,5.0,48.0,65.76,328.8,240.0,88.8,9/3/2026,,,,,,,,
3142,9/2/2026,68.0,169.0,  Dazzling Wholesalers of Cedarburg ,107.0,Radiant Glossy Photo Paper,copy paper,segA,2.0,58.0,88.16,176.32,116.0,60.32,9/3/2026,,,,,,,,
3143,9/2/2026,68.0,169.0,Dazzling Wholesalers of Cedarburg,117.0,Dazzling Graph Paper,copy paper,segA,47.0,51.0,66.3,3116.1,2397.0,719.1,9/3/2026,,,,,,,,
3144,9/2/2026,68.0,169.0,Dazzling Wholesalers of Cedarburg,118.0,Sparkling Cardstock,copy paper,segA,3.0,37.0,48.47,145.41,111.0,34.41,9/3/2026,,,,,,,,
3145,9/2/2026,68.0,169.0,Dazzling Wholesalers of Cedarburg,119.0,Immaculate Letter Size Paper,copy paper,segA,3.0,32.344897959183676,66.0,198.0,132.0,66.0,9/3/2026,,,,,,,,
3146,1/9/2026,96.0,169.0,Dazzling Wholesalers of Cedarburg,49.0,Sparkling Disinfectant Wipes,cleaning supplies,segA,1.0,21.0,39.27,39.27,21.0,18.27,9/2/2026,,,,,,,,
3147,9/1/2026,96.0,169.0,Dazzling Wholesalers of Cedarburg,51.0,Bright Glass Cleaner,cleaning supplies,segA,29.0,26.0,39.0,1131.0,754.0,377.0,9/2/2026,,,,,,,,
3148,9/1/2026,96.0,169.0,Dazzling Wholesalers of Cedarburg,53.0,Glossy Glass Cleaner,cleaning supplies,segA,2.0,36.0,61.92,123.84,72.0,51.84,9/2/2026,,,,,,,,
3149,9/1/2026,96.0,169.0,Dazzling Wholesalers of Cedarburg,64.0,Bright Glass Cleaner,cleaning supplies,segA,1.0,32.0,56.0,56.0,32.0,24.0,9/2/2026,,,,,,,,
3150,1/9/2026,96.0,169.0,Dazzling Wholesalers of Cedarburg,73.0,Spotless Creamers,breakroom supplies,segA,1.0,18.0,34.2,102.06,18.0,16.2,9/2/2026,,,,,,,,
3151,9/1/2026,96.0,169.0,Dazzling Wholesalers of Cedarburg,83.0,Spotless Energy Drinks,breakroom supplies,segA,1.0,26.0,48.1,48.1,26.0,22.1,9/2/2026,,,,,,,,
3152,1/9/2026,96.0,169.0,Dazzling Wholesalers of Cedarburg,88.0,Gleaming Coffee Beans,breakroom supplies,segA,1.0,18.0,35.82,35.82,18.0,17.82,9/2/2026,,,,,,,,
3153,9/1/2026,96.0,169.0,Dazzling Wholesalers of Cedarburg,89.0,Sparkling Disposable Cups,breakroom supplies,segA,1.0,21.0,41.79,41.79,21.0,20.79,,,,,,,,,
3154,9/1/2026,96.0,169.0,Dazzling Wholesalers of Cedarburg,95.0,Bright Disposable Cups,breakroom supplies,segA,1.0,13.0,22.49,22.49,13.0,9.49,9/2/2026,,,,,,,,
3155,9/1/2026,96.0,169.0,Dazzling Wholesalers of Cedarburg,98.0,Radiant Glossy Photo Paper,copy paepr,segA,4.0,23.0,34.96,139.84,92.0,47.84,9/2/2026,,,,,,,,
3156,9/1/2026,96.0,169.0,Dazzling Wholesalers of Cedarburg,99.0,Glossy Letter Size Paper,copy paper,segA,35.0,57.0,71.82,102.06,1995.0,518.7,9/2/2026,,,,,,,,
3157,9/1/2026,96.0,169.0,Dazzling Wholesalers of Cedarburg,100.0,Dazzling Legal Size Paper,copy paper,segA,1.0,24.0,31.2,31.2,24.0,7.2,9/2/2026,,,,,,,,
3158,9/1/2026,96.0,169.0,Dazzling Wholesalers of Cedarburg,103.0,Spotless Colored Paper,copy paper,segA,7.0,45.0,63.45,102.06,315.0,129.15,9/2/2026,,,,,,,,
3159,9/1/2026,96.0,169.0,Dazzling Wholesalers of Cedarburg,107.0,Radiant Glossy Photo Paper,copy paper,segA,2.0,58.0,88.16,176.32,116.0,60.32,9/2/2026,,,,,,,,
3160,9/1/2026,96.0,169.0,Dazzling Wholesalers of Cedarburg,118.0,  Sparkling Cardstock ,copy paper,segA,1.0,37.0,48.47,48.47,37.0,11.47,9/2/2026,,,,,,,,
3161,9/1/2026,96.0,169.0,Dazzlin gWholesalers of Cedarburg,119.0,Immaculate Letter Size Paper,copy paper,segA,5.0,44.0,66.0,330.0,220.0,110.0,9/2/2026,,,,,,,,
3162,8/31/2026,115.0,170.0,Immaculate Servicers of Riverwood,15.0,  Sparkling 2-Ply Toilet Paper ,paper & tissue,segC,1.0,43.0,61.92,61.92,43.0,18.92,9/1/2026,,,,,,,,
3163,8/31/2026,115.0,170.0,Immaculate Servicers of Riverwood,27.0,Sparkling Sticky Notes,office products,segA,4.0,43.0,60.63,242.52,172.0,70.52,9/1/2026,,,,,,,,
3164,8/31/2026,115.0,170.0,Immaculate Servicers of Riverwood,46.0,Spotless Desk Organizers,office products,segA,11.0,33.0,50.16,551.76,363.0,188.76,9/1/2026,,,,,,,,
3165,8/31/2026,115.0,170.0,Immaculate Servicers of Riverwood,47.0,Immaculate Satplers,office products,segA,6.0,24.0,36.24,217.44,144.0,73.44,9/1/2026,,,,,,,,
3166,8/31/2026,115.0,170.0,Immaculate Servicers of Riverwood,48.0,Fresh Desk Organizers,office products,segA,10.0,29.0,39.73,397.3,290.0,107.3,9/1/2026,,,,,,,,
3167,8/31/2026,115.0,170.0,Immaculate Servicers of Riverwood,104.0,Gleaming Glossy Photo Paper,copy paper,segA,10.0,52.0,73.32,733.2,520.0,213.2,9/1/2026,,,,,,,,
3168,8/31/2026,115.0,170.0,Immaculate Servicers of Riverwood,112.0,Sparkling Letter Size Paper,copy paper,segA,22.0,46.0,67.62,1487.64,1012.0,475.64,9/1/2026,,,,,,,,
3169,8/24/2026,285.0,170.0,  Immaculate Servicers of Riverwood ,25.0,Dazzling Binder Clips,office products,segA,8.0,45.0,65.25,102.06,360.0,162.0,8/25/2026,,,,,,,,
3170,8/24/2026,285.0,170.0,Immaculate Servicers of Riverwood,27.0,Sparkling Sticky Notes,office products,segA,6.0,43.0,60.63,363.78,258.0,105.78,,,,,,,,,
3171,8/24/2026,285.0,170.0,Immaculate Servicers of Riverwood,28.0,Immaculate Binder Clips,office products,segA,4.0,29.0,40.31,161.24,116.0,45.24,8/25/2026,,,,,,,,
3172,8/24/2026,285.0,170.0,Immaculate Servicers of Riverwood,25.0,Dazzling Paper Clips,office products,segA,12.0,37.0,57.72,692.64,444.0,248.64,8/25/2026,,,,,,,,
3173,8/24/2026,285.0,170.0,Immaculate Servicers of Riverwood,33.0,Dazzling File Folders,office products,segA,6.0,26.0,36.92,221.52,156.0,65.52,8/25/2026,,,,,,,,
3174,8/24/2026,285.0,170.0,Immaculate Servicers of Riverwood,39.0,Immaculate Sticky Notes,office products,segA,6.0,34.0,53.72,322.32,204.0,118.32,8/25/2026,,,,,,,,
3175,8/24/2026,285.0,170.0,Immaculate Servicers of Riverwood,40.0,Immaculate Markers,office products,segA,6.0,34.0,46.58,279.48,204.0,75.48,8/25/2026,,,,,,,,
3176,8/24/2026,285.0,170.0,Immaculate Servicers of Riverwood,47.0,Immaculate Staplers,office products,segA,6.0,24.0,36.24,217.44,144.0,73.44,8/25/2026,,,,,,,,
3177,8/24/2026,285.0,170.0,Immaculate Servicers of Riverwood,48.0,Fresh Desk Organizers,office products,segA,11.0,29.0,39.73,437.03,319.0,118.03,8/25/2026,,,,,,,,
3178,8/24/2026,285.0,170.0,Immaculate Servicers of Riverwood,90.0,Dazzling Instant Soups,breakroom supplies,segD,129.0,24.0,42.0,5418.0,3096.0,2322.0,8/25/2026,,,,,,,,
3179,8/24/2026,285.0,170.0,Immaculate Servicers of Riverwood,102.0,Sleek Resume Paper,copy paper,segA,17.0,26.0,35.88,609.96,442.0,167.96,8/25/2026,,,,,,,,
3180,8/24/2026,285.0,170.0,Immaculate Servicers of Riverwood,104.0,Gleaming Glossy Photo Paper,copy paper,segA,10.0,52.0,73.32,733.2,520.0,213.2,8/25/2026,,,,,,,,
3181,8/24/2026,285.0,170.0,Immaculate Servicers of Riverwood,118.0,Sparkling Cardstock,copy paper,segA,24.0,37.0,52.91,1269.84,888.0,381.84,,,,,,,,,
3182,8/24/2026,285.0,170.0,  Immaculate Servicers of Riverwood ,119.0,Immaculate Letter Size Paper,copy paper,segA,13.0,44.0,65.12,846.56,572.0,274.56,8/25/2026,,,,,,,,
3183,8/11/2026,539.0,170.0,Immaculate Servicers of Riverwood,21.0,Glossy Facial Tissues,paper & tissue,segC,2.0,47.0,65.8,131.6,94.0,37.6,8/12/2026,,,,,,,,
3184,8/11/2026,539.0,170.0,Immaculate Servicers of Riverwood,33.0,Dazzling File Folders,office products,segA,8.0,26.0,36.92,295.36,208.0,87.36,8/12/2026,,,,,,,,
3185,8/11/2026,539.0,170.0,Immaculate Servicers of Riverwood,35.0,Dazzling Staplers,office products,segA,4.0,27.0,39.96,159.84,108.0,51.84,8/12/2026,,,,,,,,
3186,8/11/2026,539.0,170.0,Immaculate Servicers of Riverwood,48.0,Fresh Desk Organizers,office products,segA,16.0,29.0,39.73,635.68,464.0,171.68,8/12/2026,,,,,,,,
3187,8/11/2026,539.0,170.0,Immaculate Servicers of Riverwood,88.0,Gleaming Coffee Beans,breakroom supplies,segD,1.0,18.0,38.16,38.16,18.0,20.16,8/12/2026,,,,,,,,
3188,8/11/2026,539.0,170.0,Immaculate Servicers of Riverwood,97.0,Sparkling Legal Size Paper,copy paper,segA,4.0,39.0,58.89,235.56,156.0,79.56,8/12/2026,,,,,,,,
3189,8/11/2026,539.0,170.0,Immaculate Servicers of Riverwood,110.0,Pristine Cardstock,copy paper,segA,9.0,32.344897959183676,59.64,536.76,63.0,158.76,8/12/2026,,,,,,,,
3190,8/11/2026,539.0,170.0,Immaculate Servicers of Riverwood,114.0,Glossy Recycled Paper,copy paper,segA,18.0,32.0,42.56,766.08,576.0,190.08,8/12/2026,,,,,,,,
3191,8/11/2026,539.0,170.0,Immaculate Servicers of Riverwood,118.0,Sparkling Cardstock,copy paper,segA,23.0,37.0,52.91,1216.93,851.0,365.93,8/12/2026,,,,,,,,
3192,8/28/2026,153.0,171.0,Glossy Providers of Gardenport,11.0,Fresh Lunch Napkins,paper & tissue,segC,1.0,21.0,31.71,31.71,21.0,10.71,8/31/2026,,,,,,,,
3193,8/28/2026,153.0,171.0,Glossy Providers of Gardenport,16.0,Dazzling aBthroom Tissue,paper & tissue,segC,2.0,42.0,66.36,132.72,84.0,48.72,8/31/2026,,,,,,,,
3194,8/28/2026,153.0,171.0,Glossy Providers of Gardenport,26.0,Radiant Sticky Notes,office products,segC,1.0,34.0,53.04,53.04,34.0,19.04,8/31/2026,,,,,,,,
3195,8/28/2026,153.0,171.0,Glossy Providers of Gardenport,37.0,  Bright Recycled Paper ,office products,segC,1.0,24.0,37.68,37.68,24.0,13.68,8/31/2026,,,,,,,,
3196,8/28/2026,153.0,171.0,Glossy Providers of Gardenport,44.0,Gleaming Recycled Paper,office products,segC,1.0,34.0,54.74,54.74,34.0,20.74,8/31/2026,,,,,,,,
3197,8/28/2026,153.0,171.0,Glossy Providers of Gardenport,48.0,Fresh Desk Organizers,office products,segC,16.0,29.0,40.6,649.6,464.0,185.6,8/31/2026,,,,,,,,
3198,8/25/2026,258.0,172.0,Spotless Suppliers of Canyoncrest,31.0,Polished Highlighters,office products,segB,6.0,17.0,23.8,142.8,102.0,40.8,8/26/2026,,,,,,,,
3199,8/25/2026,258.0,172.0,Spotless Suppliers of Canyoncrest,32.0,Bright Desk Organizers,office products,segB,1.0,44.0,63.36,63.36,44.0,19.36,26/08/2026,,,,,,,,
3200,8/25/2026,258.0,172.0,  Spotless Suppliers of Canyoncrest ,40.0,Immaculate Markers,office produtcs,segB,1.0,34.0,56.44,56.44,34.0,22.44,8/26/2026,,,,,,,,
3201,8/25/2026,258.0,172.0,Spotless Suppliers of Canyoncrest,80.0,Spotless Instant Soups,breakroom supplies,segA,3.0,17.0,36.04,108.12,51.0,57.12,8/26/2026,,,,,,,,
3202,8/25/2026,258.0,172.0,Spotless Suppliers of Canyoncrest,93.0,Gleaming Microwave Popcorn,breakroom supplies,segA,4.0,20.0,40.2,160.8,80.0,80.8,26/08/2026,,,,,,,,
3203,8/25/2026,258.0,172.0,Spotless Suppliers of Canyoncrest,101.0,Radiant Colored Paper,copy paper,segA,21.0,60.0,90.6,1902.6,1260.0,642.6,8/26/2026,,,,,,,,
3204,8/25/2026,258.0,172.0,Spotless Suppliers of Canyoncrest,102.0,Sleek Resume Paper,copy paper,segA,8.0,26.0,38.22,305.76,208.0,97.76,8/26/2026,,,,,,,,
3205,8/25/2026,258.0,172.0,Spotless Suppliers of Canyoncrest,114.0,Glossy Recycled Paper,copy paper,segA,11.0,32.0,44.16,485.76,352.0,133.76,8/26/2026,,,,,,,,
3206,8/25/2026,258.0,172.0,Spotless Suppliers of Canyoncrest,115.0,Polished Glossy Photo Paper,copy paper,segA,22.0,59.0,89.09,1959.98,1298.0,661.98,8/26/2026,,,,,,,,
3207,8/21/2026,316.0,172.0,Spotless Suppliers of Canyoncrest,27.0,Sparkling Sticky Notes,office products,segB,6.0,43.0,69.66,417.96,258.0,159.96,8/24/2026,,,,,,,,
3208,8/21/2026,316.0,172.0,Spotless Suppliers of Canyoncrest,40.0,Immaculate Markers,office products,segB,1.0,34.0,56.44,56.44,34.0,22.44,8/24/2026,,,,,,,,
3209,8/21/2026,316.0,172.0,Spotless Suppliers of Canyoncrest,70.0,Sleek Air Freshener,cleaning supplies,segD,1.0,32.344897959183676,63.36,63.36,33.0,30.36,8/24/2026,,,,,,,,
3210,8/21/2026,316.0,172.0,Spotless Suppliers of Canyoncrest,79.0,Immaculate Microwave Popcorn,breakroom supplies,segA,6.0,25.0,45.5,273.0,150.0,123.0,8/24/2026,,,,,,,,
3211,8/21/2026,316.0,172.0,Spotless Suppliers of Canyoncrest,80.0,Spotless Instant Soups,breakroom supplies,segA,2.0,17.0,36.04,72.08,34.0,38.08,8/24/2026,,,,,,,,
3212,8/21/2026,316.0,172.0,Spotless Suppliers of Canyoncrest,84.0,Sparkling Creamers,breakroom supplies,segA,9.0,18.0,31.5,283.5,162.0,121.5,8/24/2026,,,,,,,,
3213,8/21/2026,316.0,172.0,Spotless Suppliers of Canyoncrest,90.0,Dazzling Instant Soups,breakroom supplies,segA,2.0,24.0,51.36,154.08,72.0,82.08,8/24/2026,,,,,,,,
3214,8/21/2026,316.0,172.0,Spotless Suppliers of Canyoncrest,91.0,Glossy Microwave Popcorn,breakroom supplies,segA,73.0,29.0,51.29707511896669,3175.5,2117.0,1058.5,8/24/2026,,,,,,,,
3215,8/21/2026,316.0,172.0,Spotless Suppliers of Canyoncrest,93.0,Gleaming Microwave Popcorn,breakroom supplies,segA,4.0,20.0,40.2,160.8,80.0,80.8,8/24/2026,,,,,,,,
3216,8/21/2026,316.0,172.0,Spotless Suppliers of Canyoncrest,95.0,Bright Disposable Cups,breakroom supplies,segA,4.0,13.0,27.3,109.2,63.0,57.2,8/24/2026,,,,,,,,
3217,8/21/2026,316.0,172.0,Spotless Suppliers of Canyoncrest,97.0,Sparkling Legal Size Paper,copy paper,segA,6.0,39.0,50.7,304.2,234.0,70.2,8/24/2026,,,,,,,,
3218,8/21/2026,316.0,172.0,Spotless Suppliers of Canyoncrest,98.0,Radiant Glossy Photo Paper,  copy paper ,segA,11.0,23.0,30.36,333.96,253.0,80.96,8/24/2026,,,,,,,,
3219,8/21/2026,316.0,172.0,Spotless Suppliers of Canyoncrest,99.0,Glossy Letter Size Paper,copy paper,segA,27.0,57.0,87.21,2354.67,1539.0,815.67,8/24/2026,,,,,,,,
3220,8/21/2026,316.0,172.0,Spotless Suppliers of Canyoncrest,101.0,Radiant Colored Paper,copy paper,segA,24.0,60.0,90.6,2174.4,1440.0,734.4,8/24/2026,,,,,,,,
3221,8/21/2026,316.0,172.0,Spotless Suppliers of Canyoncrest,102.0,Sleek Resume Paper,copy paper,,5.0,32.344897959183676,38.22,191.1,130.0,61.1,8/24/2026,,,,,,,,
3222,8/21/2026,316.0,172.0,Spotless Suppliers of Canyoncrest,107.0,Radiant Glossy Photo Paper,copy paper,segA,10.0,58.0,86.42,864.2,580.0,284.2,8/24/2026,,,,,,,,
3223,21/08/2026,316.0,172.0,Spotless Suppliers of Canyoncrest,108.0,Dazzling Cardstock,copy paper,segA,18.0,21.0,33.6,604.8,378.0,226.8,8/24/2026,,,,,,,,
3224,8/21/2026,316.0,172.0,Spotless Suppliers of Canyoncrest,110.0,Pristine Cardstock,copy paper,,12.0,42.0,63.42,761.04,504.0,257.04,8/24/2026,,,,,,,,
3225,8/21/2026,316.0,172.0,Spotless Suppliers of Canyoncrest,114.0,Glossy Recycled Paper,copy paper,segA,7.0,54.0,77.76,544.32,378.0,166.32,8/24/2026,,,,,,,,
3226,8/21/2026,316.0,172.0,Spotless Suppliers of Canyoncrest,114.0,Glossy Recycled Paper,copy paper,segA,15.0,32.0,44.16,662.4,480.0,182.4,8/24/2026,,,,,,,,
3227,8/21/2026,316.0,172.0,Spotless Suppliers of Canyoncrest,117.0,Dazzling Graph Paper,copyp aper,segA,15.0,51.0,80.58,1208.7,765.0,443.7,8/24/2026,,,,,,,,
3228,8/13/2026,488.0,172.0,Spotless Suppliers of Canyoncrest,31.0,Polished Highlighters,office products,segB,4.0,17.0,23.8,95.2,68.0,27.2,8/14/2026,,,,,,,,
3229,13/08/2026,488.0,172.0,Spotless Suppliers of Canyonrcest,73.0,Spotless Creamers,breakroom supplies,segA,144.0,18.0,27.0,3888.0,2592.0,1296.0,8/14/2026,,,,,,,,
3230,8/13/2026,488.0,172.0,Spotless Suppliers of Canyoncrest,78.0,Glossy Creamers,breakroom supplies,segA,3.0,27.0,56.43,169.29,81.0,88.29,8/14/2026,,,,,,,,
3231,8/13/2026,488.0,172.0,Spotless Suppliers of Canyoncrest,82.0,Pristine Granola Bars,breakroom supplies,segA,3.0,26.0,50.96,152.88,78.0,74.88,8/14/2026,,,,,,,,
3232,8/13/2026,488.0,172.0,Spotless Suppliers of Canyoncrest,90.0,Dazzling Instant Soups,breakroom supplies,segA,1.0,24.0,51.36,51.36,24.0,27.36,8/14/2026,,,,,,,,
3233,8/13/2026,488.0,172.0,Spotless Suppliers of Canyoncrest,93.0,Gleaming Microwave Popcorn,breakroom supplies,segA,4.0,20.0,40.2,160.8,80.0,80.8,8/14/2026,,,,,,,,
3234,8/13/2026,488.0,172.0,Spotless Suppliers of Canyoncrest,94.0,Pristine Instant Soups,breakroom supplies,,1.0,7.0,13.44,13.44,7.0,6.44,8/14/2026,,,,,,,,
3235,8/13/2026,488.0,172.0,Spotless Suppliers of Canyoncrest,98.0,Radiant Glossy Photo Paper,coyp paper,segA,13.0,23.0,30.36,102.06,299.0,95.68,8/14/2026,,,,,,,,
3236,8/13/2026,488.0,172.0,Spotless Suppliers of Canyoncrest,99.0,Glossy Letter Size Paper,copy paper,segA,15.0,57.0,51.29707511896669,1308.15,855.0,453.15,8/14/2026,,,,,,,,
3237,8/13/2026,488.0,172.0,Spotless Suppliers of Canyoncrest,107.0,Radiant Glossy Photo Paper,copy paper,segA,9.0,58.0,86.42,777.78,63.0,255.78,8/14/2026,,,,,,,,
3238,8/13/2026,488.0,172.0,Spotless Suppliers of Canyoncrest,108.0,Dazzling Cardstock,copy paper,segA,9.0,21.0,33.6,302.4,189.0,113.4,8/14/2026,,,,,,,,
3239,8/13/2026,488.0,172.0,Spotless Suppliers of Canyoncrest,110.0,Pristine Cardstock,copy paper,segA,2.0,42.0,63.42,570.78,378.0,192.78,8/14/2026,,,,,,,,
3240,8/13/2026,488.0,172.0,Spotless Suppliers of Canyoncrest,115.0,Polished Glossy Photo Paper,copy paper,segA,12.0,59.0,89.09,1069.08,708.0,361.08,8/14/2026,,,,,,,,
3241,8/11/2026,540.0,172.0,Spotless Suppliers of Canyoncrest,19.0,Fresh Party Napkins,paper & tissue,segD,2.0,45.0,76.5,153.0,90.0,63.0,8/12/2026,,,,,,,,
3242,8/11/2026,540.0,172.0,Spotless Suppliers of Canyoncrest,40.0,Immaculate Markers,office products,segB,2.0,34.0,56.44,112.88,68.0,44.88,8/12/2026,,,,,,,,
3243,8/11/2026,540.0,172.0,Spotless Suppliers of Canyoncrest,47.0,Immaculate Staplers,office products,segB,5.0,24.0,40.08,200.4,120.0,80.4,,,,,,,,,
3244,8/11/2026,540.0,172.0,Spotless Suppliers of Canyoncrest,60.0,Polished Degreaser,cleaning supplies,segD,1.0,26.0,55.38,55.38,26.0,29.38,8/12/2026,,,,,,,,
3245,8/11/2026,540.0,172.0,Spotless Suppliers of Canyoncrest,73.0,Spotless Creamers,breakroom supplies,segA,105.0,18.0,27.0,2835.0,1890.0,945.0,8/12/2026,,,,,,,,
3246,8/11/2026,540.0,172.0,Spotless Suppliers of Canyoncrest,79.0,Immaculate Microwave Popcorn,breakroom supplies,segA,8.0,25.0,45.5,364.0,200.0,164.0,8/12/2026,,,,,,,,
3247,8/11/2026,540.0,172.0,Spotless Suppliers of Canyoncrest,81.0,Polished Stirrers,breakroom supplies,segA,2.0,22.0,47.3,94.6,44.0,50.6,12/8/2026,,,,,,,,
3248,8/11/2026,540.0,172.0,Spotless Suppliers of Canyoncrest,90.0,Dazzling Instant Soups,breakroom supplies,segA,2.0,24.0,51.36,102.72,48.0,54.72,8/12/2026,,,,,,,,
3249,8/11/2026,540.0,172.0,Spotless Suppliers of Canyoncrest,91.0,Glossy Microwave Popcorn,breakroom supplies,segA,66.0,29.0,43.5,2871.0,1914.0,957.0,8/12/2026,,,,,,,,
3250,8/11/2026,540.0,172.0,Spotless Suppliers of Canyoncrest,93.0,Gleaming Microwave Popcorn,breakromo supplies,segA,4.0,20.0,40.2,160.8,80.0,80.8,8/12/2026,,,,,,,,
3251,8/11/2026,540.0,172.0,Spotless Suppliers of Canyoncrest,95.0,Bright Disposable Cups,breakroom supplies,segA,4.0,13.0,27.3,109.2,52.0,57.2,8/12/2026,,,,,,,,
3252,8/11/2026,540.0,172.0,Spotless Suppliers of Canyoncrest,98.0,Radiant Glossy Photo Paper,copy paper,segA,12.0,23.0,30.36,364.32,276.0,88.32,8/12/2026,,,,,,,,
3253,8/11/2026,540.0,172.0,Spotless Suppliers of Canyoncrest,99.0,Glossy Letter Size Paper,copy paper,segA,16.0,57.0,87.21,1395.36,912.0,483.36,8/12/2026,,,,,,,,
3254,8/11/2026,540.0,172.0,Spotless Suppliers of Canyoncrest,114.0,Glossy Recycled Paper,copy paper,segA,4.0,54.0,77.76,311.04,216.0,95.04,8/12/2026,,,,,,,,
3255,8/11/2026,540.0,172.0,Spotless Suppliers of Canyoncrest,117.0,Dazzling Graph Paper,copy paper,segA,12.0,51.0,80.58,966.96,612.0,354.96,8/12/2026,,,,,,,,
3256,8/11/2026,,172.0,Spotless Suppliers of Canyoncrest,114.0,Glossy Recycled Paper,copy paper,segA,14.0,32.0,44.16,618.24,448.0,170.24,8/12/2026,,,,,,,,
3257,9/4/2026,15.0,173.0,Immaculate Janitors of Gardenfield,4.0,Bright Bathroom Tissue,paper & tissue,segB,2.0,26.0,38.74,77.48,52.0,25.48,9/7/2026,,,,,,,,
3258,9/4/2026,15.0,173.0,Immaculate Janitors of Gardenfield,57.0,Glossy All-Purpose Cleaner,cleaning supplies,segA,1.0,51.0,88.74,88.74,51.0,37.74,9/7/2026,,,,,,,,
3259,9/4/2026,15.0,173.0,Immaculate Janitors of Gardenfield,59.0,Spotless All-Purpose Cleaner,cleaning supplies,segA,1.0,47.0,85.07,85.07,47.0,38.07,9/7/2026,,,,,,,,
3260,9/4/2026,15.0,173.0,Immaculate Janitors of Gardenfield,70.0,Sleek Air Freshener,cleaning supplies,segA,2.0,33.0,59.07,118.14,66.0,52.14,9/7/2026,,,,,,,,
3261,9/4/2026,15.0,173.0,Immaculate Janitors of Gardenfield,71.0,Spotless Glass Cleaner,cleaning supplies,segA,1.0,31.0,56.73,56.73,31.0,25.73,7/9/2026,,,,,,,,
3262,9/4/2026,15.0,173.0,Immaculate Janitors of Gardenfield,72.0,Gleaming Glass Cleaner,cleaning supplies,segA,1.0,23.0,38.87,38.87,23.0,15.87,9/7/2026,,,,,,,,
3263,9/4/2026,15.0,173.0,Immaculate Janitors of Gardenfield,80.0,Spotless Instant Soups,breakroom supplies,segA,1.0,17.0,28.9,28.9,17.0,11.9,9/7/2026,,,,,,,,
3264,9/4/2026,15.0,173.0,Immaculate Janitors of Gardenfield,88.0,Gleaming Coffee Beans,breakroom supplies,segA,1.0,18.0,34.02,34.02,18.0,16.02,9/7/2026,,,,,,,,
3265,9/4/2026,15.0,173.0,Immaculate Janitors of Gardenfield,89.0,Sparkling Disposable Cups,breakroom supplies,segA,2.0,21.0,40.53,81.06,42.0,37.8,9/7/2026,,,,,,,,
3266,9/4/2026,15.0,173.0,Immaculate Janitors of Gardenfield,95.0,Bright Disposable Cups,breakroom supplies,segA,1.0,13.0,23.14,23.14,13.0,10.14,9/7/2026,,,,,,,,
3267,8/27/2026,190.0,173.0,Immaculate Janitors of Gardenfield,4.0,Bright Bathroom Tissue,paper & tissue,segB,1.0,26.0,38.74,38.74,26.0,12.74,9/4/2026,,,,,,,,
3268,27/08/2026,190.0,173.0,Immaculate Janitors of Gardenfield,10.0,Pristine 2-Ply Toilet Paper,paper & tissue,segB,1.0,26.0,38.48,38.48,26.0,12.48,9/4/2026,,,,,,,,
3269,8/27/2026,190.0,173.0,Immaculate Janitors of Gardenfield,13.0,Pristine Party Napkins,paper & tissue,segB,2.0,45.0,69.75,139.5,90.0,37.8,9/4/2026,,,,,,,,
3270,8/27/2026,190.0,173.0,Immaculate Janitors of Gardenfield,20.0,Gleaming Roll Paper Towels,,segB,1.0,28.0,41.44,41.44,28.0,13.44,9/4/2026,,,,,,,,
3271,8/27/2026,190.0,173.0,Immaculate Janitors of Gardenfeild,49.0,Sparkling Disinfectant Wipes,cleaning supplies,segA,1.0,21.0,39.9,39.9,21.0,18.9,4/9/2026,,,,,,,,
3272,8/27/2026,190.0,173.0,Immaculate Janitors of Gardenfield,51.0,Bright Glass Cleaner,cleaning supplies,segA,2.0,26.0,46.8,93.6,52.0,41.6,,,,,,,,,
3273,8/27/2026,190.0,173.0,Immaculate Janitors of Gardenfield,59.0,Spotless All-Purpose Cleaner,cleaning supplies,  segA ,1.0,47.0,85.07,85.07,47.0,38.07,9/4/2026,,,,,,,,
3274,8/27/2026,190.0,173.0,Immaculate Janitors of Gardenfield,66.0,Radiant Glass Cleaner,cleaning supplies,segA,2.0,21.0,38.85,77.7,42.0,35.7,9/4/2026,,,,,,,,
3275,8/27/2026,190.0,173.0,Immaculate Janitors of Gardenfield,68.0,Dazzling Disinfectant Wipes,cleaning supplies,segA,2.0,32.344897959183676,102.6,102.6,54.0,48.6,9/4/2026,,,,,,,,
3276,8/27/2026,190.0,173.0,Immaculate Janitors of Gardenfield,70.0,  Sleek Air Freshener ,cleaning supplies,segA,1.0,33.0,59.07,59.07,33.0,26.07,9/4/2026,,,,,,,,
3277,8/27/2026,190.0,173.0,Immaculate Janitors of Gardenfield,72.0,Gleaming Glass Cleaner,cleaning supplies,segA,1.0,23.0,38.87,38.87,23.0,15.87,9/4/2026,,,,,,,,
3278,8/27/2026,190.0,173.0,Immaculate Janitors of Gardenfield,79.0,Immaculate Microwave Popcorn,breakroom supplies,segA,1.0,25.0,51.5,51.5,25.0,26.5,9/4/2026,,,,,,,,
3279,8/27/2026,190.0,173.0,Immaculate Janitors of Gardenfield,88.0,Gleaming Coffee Beans,breakroom supplies,segA,1.0,18.0,34.02,34.02,18.0,16.02,9/4/2026,,,,,,,,
3280,8/27/2026,190.0,173.0,Immaculate Janitors of Gardenfield,89.0,Sparkling Disposable Cups,breakroom supplies,segA,2.0,21.0,40.53,81.06,42.0,39.06,9/4/2026,,,,,,,,
3281,8/27/2026,190.0,173.0,Immaculate Janitors of Gardenfield,90.0,Dazzling Instant Soups,breakroom supplies,segA,1.0,24.0,48.72,48.72,24.0,24.72,9/4/2026,,,,,,,,
3282,8/27/2026,190.0,173.0,Immaculate Janitors of Gardenfield,95.0,Bright Disposable Cups,breakroom supplies,segA,1.0,13.0,23.14,23.14,13.0,10.14,9/4/2026,,,,,,,,
3283,8/27/2026,190.0,173.0,Immaculate Janitors of Gardenfield,105.0,Pristine Graph Paper,copy paper,segC,1.0,52.0,85.8,85.8,52.0,33.8,9/4/2026,,,,,,,,
3284,8/18/2026,388.0,173.0,Immaculate Janitors of Gardenfiled,51.0,Bright Glass Cleaner,cleaning supplies,segA,1.0,26.0,46.8,46.8,26.0,20.8,8/19/2026,,,,,,,,
3285,8/18/2026,388.0,173.0,Immaculate Janitors of Gardenfield,57.0,Glossy All-Purpose Cleaner,cleaning supplies,segA,2.0,51.0,88.74,177.48,102.0,75.48,8/19/2026,,,,,,,,
3286,8/18/2026,388.0,173.0,Immaculate Janitors of Gardenfield,59.0,Spotless All-Purpose Cleaner,cleaning supplies,segA,1.0,47.0,85.07,85.07,47.0,38.07,8/19/2026,,,,,,,,
3287,8/18/2026,388.0,173.0,Immaculate Janitors of Gardenfield,60.0,Polished Degreaser,,segA,1.0,26.0,46.54,46.54,26.0,20.54,8/19/2026,,,,,,,,
3288,8/18/2026,388.0,173.0,Immaculate Janitors of Gardenfield,61.0,Pristine Degreaser,cleaning supplies,segA,1.0,50.0,82.0,82.0,50.0,32.0,8/19/2026,,,,,,,,
3289,8/18/2026,388.0,173.0,Immaculate Janitors of Gardenfield,70.0,Sleek Air Freshener,cleaning supplies,segA,2.0,33.0,59.07,118.14,66.0,52.14,8/19/2026,,,,,,,,
3290,8/18/2026,388.0,173.0,Immaculate Janitors of Gardenfield,71.0,Spotless Glass Cleaner,cleaning supplies,esgA,1.0,31.0,56.73,56.73,31.0,25.73,8/19/2026,,,,,,,,
3291,8/18/2026,388.0,173.0,Immaculate Janitors of Gardenfield,74.0,Pristine Energy Drinks,breakroom supplies,segA,2.0,15.0,27.9,55.8,30.0,25.8,8/19/2026,,,,,,,,
3292,8/18/2026,388.0,173.0,Immaculate Janitors of Gardenfield,80.0,Spotless Instant Soups,breakroom suplpies,segA,2.0,17.0,28.9,57.8,34.0,23.8,8/19/2026,,,,,,,,
3293,8/18/2026,388.0,173.0,Immaculate Janitors of Gardenfield,86.0,Dazzling Instant Soups,breakroom supplies,segA,2.0,16.0,27.2,54.4,32.0,22.4,8/19/2026,,,,,,,,
3294,8/18/2026,388.0,173.0,Immaculate Janitors of Gardenfield,88.0,Gleaming Coffee Beans,breakroom supplies,segA,1.0,18.0,34.02,34.02,18.0,16.02,8/19/2026,,,,,,,,
3295,8/18/2026,388.0,173.0,Immaculate Janitors of Gardenfield,89.0,Sparkling Disposabl eCups,breakroom supplies,segA,1.0,21.0,40.53,40.53,63.0,19.53,8/19/2026,,,,,,,,
3296,8/14/2026,452.0,173.0,Immaculate Janitors of Gardenfield,57.0,Glossy All-Purpose Cleaner,cleaning supplies,segA,1.0,51.0,88.74,88.74,51.0,37.74,8/17/2026,,,,,,,,
3297,8/14/2026,452.0,173.0,Immaculate Janitors of Gardenfield,64.0,Bright Glass Cleaner,cleaning supplies,segA,1.0,32.0,56.32,56.32,32.0,24.32,8/17/2026,,,,,,,,
3298,8/14/2026,452.0,173.0,Immaculate Janitors of Gardenfield,71.0,Spotless Glass Cleaner,cleaning supplies,segA,1.0,31.0,56.73,56.73,31.0,25.73,8/17/2026,,,,,,,,
3299,8/14/2026,452.0,173.0,Immaculate Janitor sof Gardenfield,72.0,Gleaming Glass Cleaner,cleaning supplies,segA,1.0,23.0,38.87,38.87,23.0,15.87,8/17/2026,,,,,,,,
3300,8/14/2026,452.0,173.0,Immaculate Janitors of Gardenfield,74.0,Pristine Energy Drinks,breakroom supplies,segA,2.0,15.0,27.9,55.8,30.0,25.8,8/17/2026,,,,,,,,
3301,8/14/2026,452.0,173.0,Immaculate Janitors of Gardenfield,79.0,Immaculate Microwave Popcorn,,segA,1.0,25.0,51.5,51.5,63.0,26.5,8/17/2026,,,,,,,,
3302,8/14/2026,452.0,173.0,Immaculate Janitors of Gardenfield,80.0,Spotless Instant Soups,breakroom supplies,segA,2.0,17.0,28.9,57.8,34.0,23.8,8/17/2026,,,,,,,,
3303,8/14/2026,452.0,173.0,Immaculate Janitors of Gardenfield,82.0,Pristine Granola Bars,breakroom supplies,segA,1.0,26.0,47.84,47.84,26.0,21.84,8/17/2026,,,,,,,,
3304,8/14/2026,452.0,173.0,Immaculate Janitors of Gardenfield,89.0,Sparkling Disposable Cups,breakroom supplies,segA,1.0,21.0,40.53,40.53,21.0,19.53,8/17/2026,,,,,,,,
3305,8/14/2026,452.0,173.0,Immaculate Janitors of Gardenfield,90.0,Dazzling Instant Soups,breakroom supplies,segA,1.0,24.0,48.72,48.72,63.0,24.72,8/17/2026,,,,,,,,
3306,8/14/2026,452.0,173.0,Immaculate Janitors of Gardenfield,92.0,Glossy Instant Soups,breakroom supplies,segA,1.0,24.0,49.2,49.2,24.0,25.2,17/08/2026,,,,,,,,
3307,8/14/2026,,173.0,Immaculate Janitors of Gardenfield,59.0,Spotless All-Purpose Cleaner,cleaning supplies,segA,1.0,47.0,85.07,85.07,47.0,38.07,8/17/2026,,,,,,,,
3308,8/14/2026,,173.0,Immaculate Janitors of Gardenfield,95.0,Bright Disposable Cups,breakroom supplies,segA,2.0,13.0,23.14,46.28,26.0,20.28,8/17/2026,,,,,,,,
3309,8/24/2026,286.0,174.0,Bright Suppliers of Harborfield,1.0,Sleek Party Napkins,paper & tissue,segB,1.0,29.0,44.08,44.08,29.0,15.08,8/25/2026,,,,,,,,
3310,24/08/2026,286.0,174.0,Bright Suppliers of Harborfield,8.0,Bright Party Napkins,paper & tissue,segB,1.0,50.0,78.0,78.0,50.0,28.0,8/25/2026,,,,,,,,
3311,8/24/2026,286.0,174.0,Bright Suppliers of Harborfield,19.0,Fresh Party Napkins,paper & tissue,segB,1.0,45.0,67.5,67.5,45.0,22.5,8/25/2026,,,,,,,,
3312,8/24/2026,286.0,174.0,Bright Suppliers of Harborfield,21.0,Glossy Facial Tissues,paper & tissue,segB,1.0,47.0,71.91,71.91,47.0,24.91,8/25/2026,,,,,,,,
3313,8/24/2026,286.0,174.0,Bright Suppliers of Harborfield,35.0,Dazzling Staplers,office products,segB,1.0,27.0,42.66,42.66,27.0,15.66,8/25/2026,,,,,,,,
3314,8/24/2026,286.0,174.0,Bright Suppliers of Harborfield,59.0,Spotless All-Purpose Cleaner,cleaning supplies,segC,1.0,47.0,92.59,92.59,47.0,45.59,8/25/2026,,,,,,,,
3315,8/24/2026,286.0,174.0,Bright Suppliers of Harborfield,70.0,Sleek Air Freshener,cleaning supplies,segC,1.0,33.0,60.06,60.06,33.0,37.8,8/25/2026,,,,,,,,
3316,8/11/2026,541.0,174.0,Bright Suppliers of Harborfield,8.0,Bright Party Napkins,paper & tissue,segB,1.0,50.0,78.0,78.0,50.0,28.0,8/19/2026,,,,,,,,
3317,8/11/2026,541.0,174.0,Bright Suppliers of Harborfield,14.0,Spotless Pocket Tissues,paper & tissue,segB,1.0,20.0,31.6,31.6,20.0,11.6,8/19/2026,,,,,,,,
3318,8/11/2026,541.0,174.0,Bright Suppliers of Harborfield,26.0,Radiant Sticky Notes,office products,segB,1.0,34.0,57.8,57.8,34.0,23.8,8/19/2026,,,,,,,,
3319,8/11/2026,541.0,174.0,Bright Suppliers of Harborfield,46.0,Spotless Desk Organizers,office products,segB,1.0,33.0,49.83,49.83,33.0,16.83,8/19/2026,,,,,,,,
3320,8/11/2026,541.0,174.0,Bright Suppliers of Harborfield,59.0,Spotless All-Purpose Cleaner,cleaning supplies,segC,1.0,47.0,92.59,92.59,63.0,45.59,8/19/2026,,,,,,,,
3321,8/11/2026,541.0,174.0,Bright Suppliers of Harborfield,117.0,Dazzling Graph Paper,copy paper,segB,1.0,51.0,71.91,71.91,51.0,20.91,8/19/2026,,,,,,,,
3322,8/11/2026,,174.0,  Bright Suppliers of Harborfield ,114.0,Glossy Recycled Paper,copy paper,segB,1.0,32.0,52.8,52.8,32.0,20.8,8/19/2026,,,,,,,,
3323,9/4/2026,16.0,175.0,Radiant Facilities of Cedarcrest,10.0,Pristine 2-Ply Toilet Paper,paper & tissue,segD,1.0,26.0,44.46,102.06,26.0,18.46,7/9/2026,,,,,,,,
3324,9/4/2026,16.0,175.0,Radiant Facilities of Cedarcrest,29.0,Dazzling Paper Clips,office products,segC,1.0,37.0,58.46,58.46,37.0,21.46,9/7/2026,,,,,,,,
3325,9/4/2026,16.0,175.0,Radiant Facilities of Cedarcrest,49.0,Sparkling Disinfectant Wipes,cleaning supplies,  segA ,2.0,21.0,37.8,75.6,42.0,33.6,9/7/2026,,,,,,,,
3326,9/4/2026,16.0,175.0,Radiant Facilities of Cedarcrest,50.0,Bright GlassC leaner,cleaning supplies,segA,1.0,23.0,42.55,42.55,23.0,19.55,,,,,,,,,
3327,9/4/2026,16.0,175.0,Radiant Facilities of Cedarcrest,52.0,SpotlessA ir Freshener,cleaning supplies,segA,3.0,32.344897959183676,88.69,266.07,147.0,119.07,9/7/2026,,,,,,,,
3328,9/4/2026,16.0,175.0,Radiant Facilities of Cedarcrest,67.0,Sleek Citrus Cleaner,cleaning supplies,segA,26.0,39.0,51.29707511896669,1439.88,1014.0,425.88,9/7/2026,,,,,,,,
3329,9/4/2026,16.0,175.0,Radiant Facilities of Cedarcrest,68.0,Dazzling Disinfectant Wipes,  cleaning supplies ,segA,1.0,54.0,99.36,99.36,54.0,45.36,9/7/2026,,,,,,,,
3330,9/4/2026,16.0,175.0,Radiant Facilities of Cedarcrest,72.0,Gleaming Glass Cleaner,cleaning supplies,,1.0,23.0,39.79,102.06,23.0,16.79,9/7/2026,,,,,,,,
3331,8/10/2026,569.0,175.0,Radiant Facilities of Cedarcrest,29.0,Dazzling Paper Clips,office products,segC,1.0,37.0,58.46,58.46,37.0,21.46,8/11/2026,,,,,,,,
3332,8/10/2026,569.0,175.0,Radiant Facilities of Cedarcrest,53.0,Glossy Glass Cleaner,cleaning supplies,segA,2.0,36.0,62.64,125.28,72.0,53.28,8/11/2026,,,,,,,,
3333,8/10/2026,569.0,175.0,Radiant Facilities of Cedarcrest,71.0,Spotless Glass Cleaner,cleaning supplies,,2.0,31.0,57.97,115.94,62.0,53.94,8/11/2026,,,,,,,,
3334,8/10/2026,569.0,175.0,Radiant Facilities of Cedarcrest,79.0,Immaculate Microwave Popcorn,breakroom supplies,segB,1.0,25.0,46.5,46.5,25.0,21.5,8/11/2026,,,,,,,,
3335,8/10/2026,569.0,175.0,Radiant Facilities of Cedarcrest,82.0,Pristine Granola Bars,breakroom supplies,segB,1.0,26.0,54.86,54.86,26.0,28.86,8/11/2026,,,,,,,,
3336,8/28/2026,154.0,176.0,Pristine Cleaners of Valleyhaven,1.0,Sleek Party Napkins,paper & tissue,seAg,4.0,29.0,39.73,158.92,116.0,42.92,8/31/2026,,,,,,,,
3337,8/28/2026,154.0,176.0,Pristine Cleaners of Valleyhaven,2.0,Glossy Party Napkins,paper & tissue,segA,6.0,29.0,43.21,259.26,174.0,85.26,8/31/2026,,,,,,,,
3338,8/28/2026,154.0,176.0,Pristine Cleaners of Valleyhaven,5.0,Polished Kitchen Towels,paper & tissue,segA,2.0,35.0,40.95,450.45,385.0,65.45,8/31/2026,,,,,,,,
3339,8/28/2026,154.0,176.0,Pristine Cleaners of Valleyhaven,9.0,Fresh Kitchen Towels,paper & tissue,segA,1.0,33.0,48.84,48.84,33.0,15.84,8/31/2026,,,,,,,,
3340,8/28/2026,154.0,176.0,Pristine Cleaners of Valleyhaven,11.0,Fresh Lunch Napkins,paper & tissue,segA,3.0,21.0,30.45,91.35,63.0,28.35,8/31/2026,,,,,,,,
3341,28/08/2026,154.0,176.0,Pristine Cleaners of Valleyhaven,12.0,Immaculate Roll Paper Towels,paper & tissue,segA,2.0,44.0,62.04,124.08,88.0,36.08,8/31/2026,,,,,,,,
3342,8/28/2026,154.0,176.0,Pristine Cleaners of Valleyhaven,16.0,Dazzling Bathroom Tissue,paper & tissue,segA,2.0,42.0,57.54,115.08,84.0,37.8,8/31/2026,,,,,,,,
3343,8/28/2026,154.0,176.0,Pristine Cleaners of Valleyhaven,65.0,Sparkling Citrus Cleaner,cleaning supplies,segB,1.0,20.0,40.0,40.0,20.0,20.0,8/31/2026,,,,,,,,
3344,8/25/2026,259.0,176.0,Pristine Cleaners of Valleyhaven,1.0,Sleek Party Napkins,paper & tissue,segA,4.0,29.0,39.73,158.92,116.0,42.92,9/9/2026,,,,,,,,
3345,8/25/2026,259.0,176.0,Pristine Cleaners of Valleyhaven,2.0,Glossy Party Napkins,paper & tissue,segA,4.0,29.0,43.21,172.84,116.0,56.84,9/9/2026,,,,,,,,
3346,8/25/2026,259.0,176.0,Pristine Cleaners of Valleyhaven,5.0,Polished Kitchen Towels,paper & tissue,segA,10.0,35.0,40.95,409.5,350.0,59.5,9/9/2026,,,,,,,,
3347,8/25/2026,259.0,176.0,Pristine Cleaners of Valleyhaven,9.0,Fresh Kitchen Towels,paper & tissue,segA,2.0,33.0,48.84,97.68,66.0,31.68,9/9/2026,,,,,,,,
3348,8/25/2026,259.0,176.0,Pristine Cleaners of Valleyhaven,11.0,Fresh Lunch Napkins,,esgA,1.0,21.0,30.45,30.45,21.0,9.45,9/9/2026,,,,,,,,
3349,8/25/2026,259.0,176.0,Pristine Cleaners of Valleyhaven,12.0,Immaculate Roll Paper Towels,paper & tissue,segA,1.0,44.0,62.04,62.04,44.0,18.04,9/9/2026,,,,,,,,
3350,8/25/2026,259.0,176.0,Pristine Cleaners of Valleyhaven,22.0,Sparkling Pocket Tissues,paper & tissue,segA,1.0,41.0,56.17,56.17,41.0,15.17,9/9/2026,,,,,,,,
3351,8/25/2026,259.0,176.0,Pristine Cleaners of Valleyhaven,23.0,Dazzling Roll Paper Towels,,segA,2.0,40.0,54.4,108.8,80.0,28.8,9/9/2026,,,,,,,,
3352,8/25/2026,259.0,176.0,Pristine Cleaners of Valleyhaven,51.0,Bright Glass Cleaner,cleaning supplies,segB,1.0,26.0,46.28,46.28,26.0,20.28,9/9/2026,,,,,,,,
3354,8/10/2026,570.0,176.0,Pristine Cleaners of Valleyhaven,1.0,Sleek Party Napkins,paper & tissue,segA,4.0,29.0,39.73,158.92,116.0,42.92,8/25/2026,,,,,,,,
3355,8/10/2026,570.0,176.0,Pristine Cleaners of Valleyhaven,2.0,Glossy Party Napkins,paper & tissue,segA,7.0,29.0,43.21,302.47,203.0,37.8,8/25/2026,,,,,,,,
3356,8/10/2026,570.0,176.0,Pristine Cleaners of Valleyhaven,11.0,Fresh Lunch Napkins,paper & tissue,segA,3.0,21.0,30.45,91.35,63.0,28.35,8/25/2026,,,,,,,,
3357,8/10/2026,570.0,176.0,Pristine Cleaners of Valleyhaven,14.0,Spotless Pocket Tissues,paper & tissue,segA,2.0,20.0,28.0,56.0,40.0,16.0,8/25/2026,,,,,,,,
3358,8/10/2026,570.0,176.0,Pristine Cleaners of Valleyhaven,16.0,Dazzling Bathroom Tissue,paper & tissue,segA,5.0,42.0,57.54,287.7,210.0,77.7,8/25/2026,,,,,,,,
3359,8/10/2026,570.0,176.0,Pristine Cleaners of Valleyhaven,60.0,Polished Degreaser,cleaning supplies,segB,1.0,26.0,49.14,49.14,26.0,23.14,8/25/2026,,,,,,,,
3360,8/10/2026,570.0,176.0,Pristine Cleanerso f Valleyhaven,120.0,Sparkling Letter Size Paper,copy paper,,1.0,45.0,80.55,80.55,45.0,35.55,8/25/2026,,,,,,,,
3361,8/28/2026,155.0,178.0,Fresh Sanitizers of Mountridge,26.0,Radiant Sticky Notes,office products,segB,1.0,34.0,51.29707511896669,52.7,34.0,18.7,8/31/2026,,,,,,,,
3362,8/28/2026,155.0,178.0,Fresh Sanitizers of Mountridge,28.0,Immaculate Binder Clips,office products,segB,1.0,29.0,44.08,44.08,29.0,15.08,8/31/2026,,,,,,,,
3363,8/28/2026,155.0,178.0,Fresh Sanitizers of Mountridge,50.0,Bright Glass Cleaner,cleaning supplies,segC,1.0,23.0,39.79,39.79,23.0,16.79,8/31/2026,,,,,,,,
3364,8/28/2026,155.0,178.0,Fresh Sanitizers of Mountridge,54.0,Dazzling Floor Cleaner,cleaning supplies,segC,1.0,45.0,77.4,77.4,45.0,32.4,8/31/2026,,,,,,,,
3365,8/28/2026,155.0,178.0,Fresh Sanitizers of Mountridge,104.0,Gleaming Glossy Photo Paper,copy paper,segB,2.0,52.0,82.16,164.32,104.0,37.8,8/31/2026,,,,,,,,
3366,8/28/2026,155.0,178.0,Fresh Sanitizers of Mountridge,112.0,Sparkling Letter Size Paper,copy paper,  segB ,1.0,46.0,64.4,64.4,46.0,18.4,8/31/2026,,,,,,,,
3367,8/21/2026,317.0,178.0,Fresh Sanitizers of Mountridge,27.0,  Sparkling Sticky Notes ,office products,segB,1.0,43.0,61.06,61.06,43.0,18.06,8/24/2026,,,,,,,,
3368,8/21/2026,317.0,178.0,Fresh Sanitizers of Mountridge,28.0,Immaculate Binder Clips,office products,segB,1.0,29.0,44.08,44.08,29.0,15.08,8/24/2026,,,,,,,,
3369,8/21/2026,317.0,178.0,Fresh Sanitizers of Mountridge,31.0,Polished Highlighters,office products,segB,1.0,17.0,28.56,28.56,17.0,11.56,8/24/2026,,,,,,,,
3370,8/21/2026,317.0,178.0,Fresh Sanitizers of Mountridge,44.0,Gleaming Recycled Paper,office products,segB,1.0,34.0,54.74,54.74,34.0,20.74,8/24/2026,,,,,,,,
3371,8/21/2026,317.0,178.0,Fresh Sanitizers of Mountridge,48.0,Fresh Desk Organizers,office products,segB,1.0,32.344897959183676,41.76,41.76,29.0,12.76,8/24/2026,,,,,,,,
3372,8/21/2026,317.0,178.0,Fresh Sanitizers of Mountridge,104.0,Gleaming Glossy Photo Paper,copy paper,segB,1.0,52.0,82.16,82.16,52.0,30.16,8/24/2026,,,,,,,,
3374,8/14/2026,453.0,178.0,Fresh Sanitizers of Mountridge,28.0,Immaculate Binder Clips,office products,segB,1.0,29.0,44.08,44.08,29.0,15.08,8/17/2026,,,,,,,,
3375,8/14/2026,453.0,178.0,Fresh Sanitizers of Mountridge,39.0,Immaculate Sticky Notes,office products,,1.0,34.0,53.72,53.72,34.0,19.72,8/17/2026,,,,,,,,
3376,8/14/2026,453.0,178.0,Fresh Sanitizers of Mountridge,44.0,Gleaming Recycled Paper,office products,segB,1.0,34.0,54.74,54.74,34.0,20.74,8/17/2026,,,,,,,,
3377,8/14/2026,453.0,178.0,Fresh Sanitizers of Mountridge,48.0,Fresh Desk Organizers,office products,segB,1.0,29.0,41.76,41.76,29.0,12.76,8/17/2026,,,,,,,,
3378,8/14/2026,453.0,178.0,Fresh Sanitizers of Mountridge,54.0,Dazzling Floor Cleaner,cleaning supplies,segC,1.0,45.0,77.4,77.4,45.0,32.4,8/17/2026,,,,,,,,
3379,8/25/2026,260.0,179.0,Pristine Maintainers of Gardenton,4.0,Bright Bathroom Tissue,paper & tisuse,segC,2.0,26.0,38.48,38.48,26.0,12.48,,,,,,,,,
3380,8/25/2026,260.0,179.0,Pristine Maintainers of Gardenton,74.0,Pristine Energy Drinks,breakroom supplies,segA,1.0,15.0,51.29707511896669,30.75,15.0,15.75,9/2/2026,,,,,,,,
3381,8/25/2026,260.0,179.0,Pristine Maintainers of Gardenton,78.0,Glossy Creamers,breakroom supplies,segA,28.0,27.0,40.5,1134.0,756.0,378.0,9/2/2026,,,,,,,,
3382,8/25/2026,260.0,179.0,Pristine Maintainers of Gardenton,82.0,Pristine Granola Bars,breakroom supplies,segA,1.0,26.0,50.7,50.7,26.0,24.7,9/2/2026,,,,,,,,
3383,8/25/2026,260.0,179.0,Pristine Maintainers of Gardenton,84.0,Sparkling Creamers,breakroom supplies,segA,2.0,18.0,32.22,64.44,36.0,28.44,9/2/2026,,,,,,,,
3384,8/25/2026,260.0,179.0,Pristine Maintainers of Gardenton,86.0,Dazzling Instant Soups,breakroom supplies,segA,1.0,16.0,32.16,32.16,16.0,16.16,9/2/2026,,,,,,,,
3385,8/25/2026,260.0,179.0,Pristine Maintainers of Gardenton,94.0,Pristine Instant Soups,breakroom supplies,segA,1.0,7.0,12.53,12.53,7.0,5.53,9/2/2026,,,,,,,,
3386,8/25/2026,260.0,179.0,Pristine Maintainers of Gardenton,96.0,Dazzling Disposable Cups,breakroom supplies,segA,1.0,19.0,32.3,32.3,19.0,13.3,9/2/2026,,,,,,,,
3387,8/28/2026,156.0,180.0,Pristine Wholesalers of Canyonport,3.0,Sparkling Party Napkins,paper & tissue,segC,1.0,21.0,32.76,32.76,21.0,11.76,8/31/2026,,,,,,,,
3388,8/28/2026,156.0,180.0,Pristine Wholesalers of Canyonport,29.0,Dazzling Paper Clips,office products,segD,1.0,37.0,61.42,61.42,37.0,24.42,8/31/2026,,,,,,,,
3389,8/28/2026,156.0,180.0,Pristine Wholesalers of Canyonport,75.0,Fresh Microwave Popcorn,breakroom supplies,segA,1.0,18.0,30.78,30.78,18.0,12.78,8/31/2026,,,,,,,,
3390,8/28/2026,156.0,180.0,Pristine Wholesalers of Canyonport,76.0,Immaculate Granola Bars,breakroom supplies,segA,49.0,10.0,51.29707511896669,735.0,490.0,245.0,8/31/2026,,,,,,,,
3391,8/28/2026,156.0,180.0,Pristine Wholesalers of Canyonport,80.0,Spotless Instant Soups,breakroom supplies,segA,1.0,17.0,30.94,30.94,17.0,13.94,8/31/2026,,,,,,,,
3392,8/28/2026,156.0,180.0,Pristine Wholesalers of Canyonport,84.0,Sparkling Creamers,breakroom supplies,segA,1.0,18.0,35.64,35.64,18.0,17.64,8/31/2026,,,,,,,,
3393,8/28/2026,156.0,180.0,Pristine Wholesalers of Canyonport,87.0,Glossy Tea Selection,breakroom supplies,segA,2.0,11.0,19.47,38.94,22.0,16.94,8/31/2026,,,,,,,,
3394,8/28/2026,156.0,180.0,Pristine Wholesalers of Canyonport,89.0,Sparkling Disposable Cups,breakroom supplies,segA,1.0,21.0,43.47,43.47,21.0,22.47,8/31/2026,,,,,,,,
3395,8/28/2026,156.0,180.0,Pristine Wholesalers of Canyonport,92.0,Glossy Instant Soups,breakroom supplies,,1.0,24.0,41.76,41.76,24.0,17.76,8/31/2026,,,,,,,,
3396,8/28/2026,156.0,180.0,Pristine Wholesalers of Canyonport,94.0,Pristine Instant Soups,breakroom supplies,segA,1.0,7.0,13.51,13.51,7.0,6.51,8/31/2026,,,,,,,,
3397,8/28/2026,156.0,180.0,Pristine Wholesalers of Canyonport,95.0,Bright Disposable Cups,breakroom supplies,segA,1.0,13.0,24.57,24.57,13.0,11.57,8/31/2026,,,,,,,,
3398,8/24/2026,287.0,180.0,Pristine Wholesalers of Canyonport,75.0,Fresh Microwave Popcorn,breakroom supplies,segA,1.0,18.0,30.78,30.78,18.0,12.78,8/25/2026,,,,,,,,
3399,8/24/2026,287.0,180.0,Pristine Wholesalers of Canyonport,76.0,Immaculate Granola Bars,breakroom supplies,segA,26.0,10.0,15.0,390.0,260.0,130.0,8/25/2026,,,,,,,,
3400,8/24/2026,287.0,180.0,Pristine Wholesalers of Canyonport,85.0,Sparkling Microwave Popcorn,,segA,1.0,12.0,22.8,22.8,12.0,10.8,8/25/2026,,,,,,,,
3401,8/24/2026,287.0,180.0,Pristine Wholesalers of Canyonport,86.0,Dazzling Instant Soups,breakroom supplies,segA,1.0,16.0,32.32,32.32,16.0,16.32,8/25/2026,,,,,,,,
3402,8/24/2026,287.0,180.0,Pristine Wholesalers of Canyonport,89.0,Sparkling Disposable Cups,breakroom supplies,  segA ,1.0,21.0,43.47,43.47,21.0,22.47,8/25/2026,,,,,,,,
3403,8/24/2026,287.0,180.0,Pristine Wholesalers of Canyonport,94.0,Pristine Instant Soups,breakroom supplies,esgA,1.0,7.0,13.51,13.51,7.0,6.51,8/25/2026,,,,,,,,
3404,8/28/2026,,180.0,Pristine Wholesalers of Canyonport,86.0,Dzazling Instant Soups,breakroom supplies,segA,1.0,16.0,32.32,32.32,16.0,16.32,8/31/2026,,,,,,,,
3405,8/24/2026,288.0,181.0,Dazzling Suppliers of Graniteville,97.0,Sparkling Legal Size Paper,copy paper,segA,2.0,39.0,51.09,102.18,78.0,24.18,8/25/2026,,,,,,,,
3406,24/08/2026,288.0,181.0,Dazzling Suppliers of Graniteville,104.0,Gleaming Glossy Photo Paper,copy paper,segA,1.0,52.0,77.48,77.48,52.0,25.48,8/25/2026,,,,,,,,
3407,8/24/2026,288.0,181.0,Dazzling Suppliers of Graniteville,113.0,Polished Recycled Paper,copy paper,segA,6.0,36.0,50.4,302.4,216.0,86.4,8/25/2026,,,,,,,,
3408,8/24/2026,288.0,181.0,Dazzling Suppliers of Graniteville,116.0,Immaculate Legal Size Paper,copy paper,segA,3.0,59.0,86.73,260.19,177.0,83.19,8/25/2026,,,,,,,,
3409,8/21/2026,318.0,181.0,Dazzling Suppliers of Graniteville,99.0,Glossy Letter Size Paper,copy paper,segA,5.0,57.0,87.78,438.9,285.0,153.9,8/31/2026,,,,,,,,
3410,8/21/2026,318.0,181.0,Dazzling Suppliers of Graniteville,101.0,Radiant Colored Paper,copy paper,segA,5.0,60.0,85.2,426.0,300.0,126.0,8/31/2026,,,,,,,,
3411,8/21/2026,318.0,181.0,Dazzling Suppliers of Graniteville,106.0,Sleek Resume Paper,copy paper,segA,2.0,48.0,70.08,140.16,96.0,44.16,8/31/2026,,,,,,,,
3412,8/21/2026,318.0,181.0,Dazzling Suppliers of Graniteville,109.0,Immaculate Resume Paper,copy paper,segA,2.0,31.0,44.33,88.66,62.0,26.66,8/31/2026,,,,,,,,
3413,8/21/2026,318.0,181.0,Dazzling Suppliers of Graniteville,114.0,Glossy Recycled Paper,copy paper,segA,1.0,54.0,76.14,102.06,54.0,22.14,8/31/2026,,,,,,,,
3414,8/21/2026,318.0,181.0,Dazzling Suppliers of Graniteville,113.0,Polished Recycled Paper,copy paper,segA,3.0,36.0,50.4,151.2,108.0,43.2,8/31/2026,,,,,,,,
3415,8/21/2026,318.0,181.0,Dazzling Suppliers of Graniteville,114.0,Glossy Recycled Paper,copy paper,segA,32.0,32.0,39.04,1249.28,1024.0,225.28,8/31/2026,,,,,,,,
3416,8/21/2026,318.0,181.0,Dazzling Suppliers of Graniteville,116.0,Immaculate Legal Size Paper,copy paper,segA,3.0,59.0,86.73,260.19,177.0,83.19,8/31/2026,,,,,,,,
3417,8/17/2026,419.0,181.0,Dazzling Suppliers of Graniteville,7.0,Gleaming Bathroom Tissue,paper  &tissue,segD,1.0,16.0,24.8,24.8,16.0,8.8,9/1/2026,,,,,,,,
3418,8/17/2026,419.0,181.0,Dazzling Suppliers of Graniteville,78.0,Glossy Creamers,breakroom supplies,segD,1.0,27.0,56.43,56.43,27.0,29.43,9/1/2026,,,,,,,,
3419,8/17/2026,419.0,181.0,Dazzling Suppliers of Graniteville,97.0,Sparkling Legal Size Paper,copy paper,segA,5.0,39.0,51.09,255.45,195.0,60.45,9/1/2026,,,,,,,,
3420,8/17/2026,419.0,181.0,  Dazzling Suppliers of Graniteville ,99.0,Glossy Letter Size Paper,copy paper,segA,3.0,57.0,87.78,263.34,171.0,92.34,9/1/2026,,,,,,,,
3421,8/17/2026,419.0,181.0,Dazzling Suppliers of Graniteville,106.0,Sleek Resume Paper,copy paper,segA,2.0,48.0,70.08,140.16,96.0,44.16,9/1/2026,,,,,,,,
3422,8/17/2026,419.0,181.0,Dazzling Suppliers of Graniteville,108.0,Dazzling Cardstock,,segA,1.0,21.0,28.14,28.14,21.0,7.14,9/1/2026,,,,,,,,
3423,8/17/2026,419.0,181.0,Dazzling Suppliers of Graniteville,114.0,Glossy Recycled Paper,copy paper,segA,2.0,54.0,76.14,152.28,108.0,44.28,9/1/2026,,,,,,,,
3424,8/17/2026,419.0,181.0,Dazzling Suppliers of Graniteville,116.0,Immaculate Legal Size Paper,copy paper,segA,5.0,59.0,86.73,102.06,295.0,138.65,9/1/2026,,,,,,,,
3425,8/17/2026,419.0,181.0,Dazzling Suppliers of Graniteville,117.0,Dazzling Graph Paper,  copy paper ,segA,3.0,51.0,78.54,235.62,153.0,82.62,9/1/2026,,,,,,,,
3426,8/13/2026,489.0,181.0,Dazzling Suppliers of Graniteville,22.0,Sparkling Pocket Tissues,paper & tissue,,1.0,41.0,64.78,64.78,41.0,23.78,8/14/2026,,,,,,,,
3427,8/13/2026,489.0,181.0,Dazzling Suppliers of Graniteville,47.0,Immaculate Staplers,office products,segC,1.0,24.0,36.0,36.0,24.0,12.0,8/14/2026,,,,,,,,
3428,8/13/2026,489.0,181.0,Dazzling Suppliers of Graniteville,62.0,Glossy Air Freshener,cleaning supplies,segC,1.0,20.0,37.2,37.2,20.0,17.2,8/14/2026,,,,,,,,
3429,8/13/2026,489.0,181.0,Dazzling Suppliers of Graniteville,104.0,Gleaming Glossy Photo Paper,copy paper,segA,2.0,52.0,77.48,154.96,104.0,50.96,8/14/2026,,,,,,,,
3430,8/13/2026,489.0,181.0,Dazzling Suppliers of Graniteville,113.0,Polished Recycled Paper,copy papre,segA,6.0,36.0,50.4,302.4,216.0,86.4,8/14/2026,,,,,,,,
3431,8/13/2026,489.0,181.0,Dazzling Suppliers of Graniteville,114.0,Glossy Recycled Paper,copy paper,segA,31.0,32.0,39.04,1210.24,992.0,218.24,8/14/2026,,,,,,,,
3432,8/13/2026,489.0,181.0,Dazzling Suppliers of Graniteville,116.0,Immaculate Legal Size Paper,copy paper,segA,7.0,59.0,86.73,607.11,413.0,194.11,8/14/2026,,,,,,,,
3433,8/24/2026,,181.0,Dazzling Suppliers of Graniteville,99.0,Glossy Letter Size Paper,copy paper,segA,5.0,57.0,87.78,438.9,285.0,153.9,8/25/2026,,,,,,,,
3434,8/24/2026,,181.0,Dazzling Suppliers of Graniteville,114.0,Glossy Recyclde Paper,copy paper,segA,36.0,32.0,39.04,1405.44,1152.0,253.44,8/25/2026,,,,,,,,
3435,9/4/2026,17.0,182.0,Glossy Wholesalers of Forestridge,2.0,  Glossy Party Napkins ,paper & tissue,segA,3.0,29.0,40.02,120.06,87.0,33.06,9/7/2026,,,,,,,,
3436,9/4/2026,17.0,182.0,Glossy Wholesalers of Forestridge,4.0,Bright Bathroom Tissue,paper & tissue,segA,34.0,26.0,29.9,1016.6,884.0,132.6,9/7/2026,,,,,,,,
3437,9/4/2026,17.0,182.0,Glossy Wholesalers of Forestridge,11.0,Fresh Lunch Napkins,paper & tissue,sgeA,1.0,21.0,28.77,28.77,21.0,7.77,9/7/2026,,,,,,,,
3438,9/4/2026,17.0,182.0,Glossy Wholesalers of Forestridge,14.0,Spotless Pocket Tissues,,segA,2.0,32.344897959183676,26.8,53.6,40.0,13.6,9/7/2026,,,,,,,,
3439,9/4/2026,17.0,182.0,Glossy Wholesalers of Forestridge,16.0,Dazzling Bathroom Tissue,paper & tissue,segA,3.0,42.0,57.12,171.36,126.0,45.36,9/7/2026,,,,,,,,
3440,9/4/2026,17.0,182.0,Glossy Wholesalers of Forestridge,19.0,Fresh Party Napkins,paper & tissue,segA,6.0,45.0,59.85,359.1,270.0,89.1,7/9/2026,,,,,,,,
3441,9/4/2026,17.0,182.0,Glossy Wholesalers of Forestridge,21.0,Glossy Facial Tissues,paper & tissue,segA,5.0,47.0,64.39,321.95,235.0,86.95,9/7/2026,,,,,,,,
3442,9/4/2026,17.0,182.0,Glossy Wholesalers of Forestridge,59.0,Spotless All-Purpose Cleaner,cleaning supplies,segC,1.0,47.0,80.84,80.84,47.0,33.84,9/7/2026,,,,,,,,
3443,9/4/2026,17.0,182.0,Glossy Wholesalers of Forestridge,71.0,Spotless Glass Cleaner,cleaning supplies,segC,1.0,31.0,57.97,57.97,31.0,26.97,9/7/2026,,,,,,,,
3444,9/4/2026,17.0,182.0,  Glossy Wholesalers of Forestridge ,100.0,Dazzling Legal Size Paper,copy paper,segA,2.0,24.0,31.92,63.84,48.0,15.84,9/7/2026,,,,,,,,
3445,9/4/2026,17.0,182.0,Glossy Wholesalers of Forestridge,110.0,Pristine Cardstock,copy paper,segA,1.0,42.0,62.58,62.58,42.0,20.58,9/7/2026,,,,,,,,
3446,9/4/2026,17.0,182.0,Glossy Wholesalers of Forestridge,114.0,Glossy Recycled Paper,copy paper,,3.0,54.0,71.82,215.46,162.0,53.46,9/7/2026,,,,,,,,
3447,9/4/2026,17.0,182.0,Glossy Wholesalers of Forestridge,113.0,Polished Recycled Paper,copy paper,segA,2.0,36.0,52.92,105.84,72.0,33.84,9/7/2026,,,,,,,,
3448,9/4/2026,17.0,182.0,Glossy Wholesalers of Forestridge,116.0,Immaculate Legal Size Paper,copy paper,segA,6.0,59.0,89.68,538.08,354.0,184.08,9/7/2026,,,,,,,,
3449,9/4/2026,17.0,182.0,Glossy Wholesalers of Forestridge,117.0,Dazzling Graph Paper,copy paper,segA,5.0,51.0,68.85,344.25,255.0,89.25,7/9/2026,,,,,,,,
3450,9/4/2026,17.0,182.0,Glossy Wholesalers of Forestridge,120.0,Sparkling Letter Size Paper,copy paper,segA,2.0,45.0,51.29707511896669,118.8,90.0,28.8,9/7/2026,,,,,,,,
3451,8/28/2026,157.0,182.0,Glossy Wholesalers of Forestridge,4.0,Bright Bathroom Tissue,paper & tissue,,31.0,26.0,29.9,926.9,806.0,120.9,9/14/2026,,,,,,,,
3452,8/28/2026,157.0,182.0,Glossy Wholesalers of Forestridge,6.0,Pristine Bathroom Tissue,paper & tissue,segA,5.0,19.0,26.03,130.15,95.0,35.15,9/14/2026,,,,,,,,
3453,8/28/2026,157.0,182.0,Glossy Wholesalers of Forestridge,7.0,Gleaming Bathroom Tissue,paper & tissue,segA,3.0,16.0,23.84,71.52,48.0,23.52,9/14/2026,,,,,,,,
3454,8/28/2026,157.0,182.0,Glossy Wholesalers of Forestridge,11.0,Fresh Lunch Napkins,paper & tissue,segA,1.0,21.0,28.77,28.77,21.0,7.77,14/09/2026,,,,,,,,
3455,8/28/2026,157.0,182.0,Glossy Wholesalers of Forestridge,14.0,Spotless Pocket Tissues,paper & tissue,segA,2.0,20.0,26.8,53.6,40.0,13.6,9/14/2026,,,,,,,,
3456,8/28/2026,157.0,182.0,Glossy Wholesalers of Forestridge,15.0,Sparkling 2-Ply Toilet Paper,paper & tissue,segA,3.0,43.0,62.35,187.05,129.0,58.05,9/14/2026,,,,,,,,
3457,8/28/2026,157.0,182.0,Glossy Wholesalers of Forestridge,18.0,Pristine Lunch Napkins,paper & tissue,segA,7.0,20.0,26.6,186.2,140.0,46.2,9/14/2026,,,,,,,,
3458,8/28/2026,157.0,182.0,Glossy Wholesalers of Forestridge,35.0,Dazzling Staplers,office products,segC,2.0,27.0,45.63,91.26,54.0,37.26,9/14/2026,,,,,,,,
3459,8/28/2026,157.0,182.0,Glossy Wholesalers of Forestridge,65.0,Sparkling Citrus Cleaner,cleaning supplies,segC,1.0,20.0,35.8,35.8,20.0,15.8,9/14/2026,,,,,,,,
3460,8/28/2026,157.0,182.0,Glossy Wholesalers of Forestridge,103.0,Spotless Colored Paper,copy paper,segA,2.0,45.0,64.35,128.7,90.0,38.7,,,,,,,,,
3461,8/28/2026,157.0,182.0,Glossy Wholesalers of Forestridge,104.0,Gleaming Glossy Photo Paper,,segA,4.0,52.0,81.12,324.48,208.0,116.48,9/14/2026,,,,,,,,
3462,8/28/2026,157.0,182.0,Glossy Wholesalers of Forestridge,108.0,Dazzling Cardstock,copy paper,segA,34.0,21.0,23.94,813.96,714.0,99.96,9/14/2026,,,,,,,,
3463,8/28/2026,157.0,182.0,Glossy Wholesalers of Forestridge,113.0,Polished Recycled Paper,copy paper,segA,2.0,36.0,52.92,105.84,72.0,33.84,9/14/2026,,,,,,,,
3464,8/28/2026,157.0,182.0,Glossy Wholesalers of Forestridge,116.0,Immaculate Legal Size Paper,copy paper,segA,3.0,59.0,89.68,269.04,177.0,92.04,9/14/2026,,,,,,,,
3465,8/28/2026,157.0,182.0,Glossy Wholesalers of Forestridge,117.0,Dazzling Graph Paper,copy paper,segA,4.0,51.0,68.85,275.4,204.0,71.4,9/14/2026,,,,,,,,
3466,8/28/2026,157.0,182.0,Glossy Wholesalers of Forestridge,120.0,Sparkling Letter Size Paper,copy paper,segA,1.0,45.0,59.4,59.4,45.0,14.4,14/09/2026,,,,,,,,
3467,8/14/2026,454.0,182.0,Glossy Wholesalers of Forestridge,11.0,Fresh Lunch Napkins,paper & tissue,segA,2.0,21.0,28.77,57.54,42.0,37.8,8/17/2026,,,,,,,,
3468,8/14/2026,454.0,182.0,Glossy Wholesalers of Forestridge,15.0,Sparkling 2-Ply Toilet Paper,paper & tissue,segA,3.0,43.0,62.35,187.05,129.0,58.05,8/17/2026,,,,,,,,
3469,8/14/2026,454.0,182.0,Glossy Wholesalers of Forestridge,19.0,  Fresh Party Napkins ,paper & tissue,segA,6.0,45.0,59.85,359.1,270.0,89.1,8/17/2026,,,,,,,,
3470,8/14/2026,454.0,182.0,Glossy Wholesalers of Forestridge,21.0,Glossy Facial Tissues,paper & tissue,segA,5.0,47.0,64.39,321.95,235.0,86.95,8/17/2026,,,,,,,,
3471,8/14/2026,454.0,182.0,Glossy Wholesalers of Forestridge,24.0,Sparkling Pocket Tissues,paper & tissue,  segA ,2.0,18.0,26.46,52.92,36.0,16.92,8/17/2026,,,,,,,,
3472,8/14/2026,454.0,182.0,Glossy Wholesalers of Forestridge,26.0,Radiant Sticky Notes,office products,segC,1.0,34.0,51.68,51.68,34.0,17.68,8/17/2026,,,,,,,,
3473,8/14/2026,454.0,182.0,Glossy Wholesalers of Forestridge,71.0,Spotless Glass Cleaner,cleaning supplies,  segC ,2.0,31.0,57.97,57.97,31.0,26.97,8/17/2026,,,,,,,,
3474,8/14/2026,454.0,182.0,Glossy Wholesalers of Forestridge,97.0,Sparkling Legal Size Paper,copy paper,esgA,3.0,39.0,60.84,102.06,117.0,65.52,8/17/2026,,,,,,,,
3475,8/14/2026,454.0,182.0,Glossy Wholesalers of Forestridge,100.0,Dazzling Legal Size Paper,copy paper,segA,2.0,24.0,51.29707511896669,63.84,48.0,15.84,8/17/2026,,,,,,,,
3476,8/14/2026,454.0,182.0,Glossy Wholesalers of Forestridge,108.0,Dazzling Cardstock,copy paper,segA,59.0,21.0,23.94,1412.46,1239.0,173.46,8/17/2026,,,,,,,,
3477,8/14/2026,454.0,182.0,Glossy Wholesalers of Forestridge,110.0,Pristine Cardstock,copy paper,segA,3.0,42.0,62.58,187.74,126.0,61.74,8/17/2026,,,,,,,,
3478,8/14/2026,454.0,182.0,Glossy Wholesalers of Forestridge,114.0,Glossy Recycled Paper,copy paper,segA,4.0,54.0,71.82,287.28,216.0,71.28,8/17/2026,,,,,,,,
3479,8/14/2026,454.0,182.0,Glossy Wholesalers of Forestridge,113.0,Polished Recycled Paper,copy paper,segA,2.0,36.0,52.92,105.84,72.0,33.84,8/17/2026,,,,,,,,
3480,8/14/2026,454.0,182.0,  Glossy Wholesalers of Forestridge ,116.0,Immaculate Legal Size Paper,copy paper,segA,4.0,59.0,89.68,358.72,236.0,122.72,8/17/2026,,,,,,,,
3481,8/14/2026,454.0,182.0,Glossy Wholesalers of Forestridge,117.0,Dazzling Graph Paper,copy paper,  segA ,3.0,51.0,68.85,206.55,153.0,53.55,8/17/2026,,,,,,,,
3482,8/14/2026,454.0,182.0,Glossy Wholesalers of Forestridge,120.0,Sparkling Letter Size Paper,,segA,2.0,45.0,59.4,118.8,90.0,28.8,8/17/2026,,,,,,,,
3483,8/31/2026,116.0,183.0,Pristine Keepers of Gardenwood,4.0,Bright Bathroom Tissue,paper & tissue,segB,1.0,26.0,37.18,37.18,26.0,11.18,9/1/2026,,,,,,,,
3484,8/31/2026,116.0,183.0,Pristine Keepers of Gardenwood,8.0,Bright Party Napkins,paper & tissue,segB,1.0,50.0,77.5,77.5,50.0,27.5,9/1/2026,,,,,,,,
3485,8/31/2026,116.0,183.0,Pristine Keepers of Gardenwood,18.0,Pristine Lunch Napkins,  paper & tissue ,segB,1.0,20.0,51.29707511896669,31.6,20.0,11.6,9/1/2026,,,,,,,,
3486,8/31/2026,116.0,183.0,Pristine Keepers of Gardenwood,27.0,Sparkling Sticky Notes,office products,segA,41.0,43.0,48.16,1974.56,1763.0,211.56,9/1/2026,,,,,,,,
3487,8/31/2026,116.0,183.0,  Pristine Keepers of Gardenwood ,40.0,Immaculate Markers,office products,segA,1.0,34.0,52.02,52.02,34.0,18.02,9/1/2026,,,,,,,,
3488,8/31/2026,116.0,183.0,Pristine Keepers of Gardenwood,42.0,Polished Markers,office products,segA,1.0,28.0,44.24,44.24,28.0,16.24,9/1/2026,,,,,,,,
3489,8/31/2026,116.0,183.0,Pristine Keepers of Gardenwood,46.0,Spotless Desk Organizers,office products,segA,25.0,33.0,39.27,981.75,825.0,156.75,9/1/2026,,,,,,,,
3490,31/08/2026,116.0,183.0,Pristine Keepers of Gardenwood,55.0,Spotless Floor Cleaner,cleaning supplies,segA,1.0,29.0,53.36,53.36,29.0,24.36,9/1/2026,,,,,,,,
3491,8/31/2026,116.0,183.0,Pristine Keepers of Gardenwood,56.0,Pristine Citrus Cleaner,cleaning supplies,segA,1.0,48.0,79.2,79.2,48.0,31.2,9/1/2026,,,,,,,,
3492,31/08/2026,116.0,183.0,Pristine Keepers of Gardenwood,62.0,Glossy Air Freshener,  cleaning supplies ,segA,1.0,20.0,34.8,34.8,20.0,37.8,9/1/2026,,,,,,,,
3493,8/31/2026,116.0,183.0,Pristine Keepers of Gardenwood,67.0,Sleek Citrus Cleaner,cleaning supplies,segA,1.0,39.0,64.35,64.35,39.0,25.35,9/1/2026,,,,,,,,
3494,8/31/2026,116.0,183.0,Pristine Keepers of Gardenwood,68.0,Dazzling Disinfectant Wipes,cleaning supplies,segA,1.0,54.0,88.02,88.02,63.0,34.02,9/1/2026,,,,,,,,
3495,8/27/2026,191.0,183.0,Pristine Keepers of Gardenwood,1.0,  Sleek Party Napkins ,paper & tissue,,1.0,29.0,43.79,43.79,29.0,14.79,8/28/2026,,,,,,,,
3496,8/27/2026,191.0,183.0,Pristine Keepers of Gardenwood,20.0,Gleaming Roll Paper Towels,paper & tissue,segB,1.0,28.0,42.84,42.84,28.0,14.84,8/28/2026,,,,,,,,
3497,8/27/2026,191.0,183.0,Pristine Keepers of Gardenwood,28.0,Immaculate Binder Clips,office products,segA,3.0,29.0,41.18,123.54,63.0,36.54,8/28/2026,,,,,,,,
3498,8/27/2026,191.0,183.0,Pristine Keepers of Gardenwood,39.0,Immaculate Sticky Notes,office products,segA,3.0,34.0,49.64,148.92,102.0,37.8,8/28/2026,,,,,,,,
3499,8/27/2026,191.0,183.0,Pristine Keepers of Gardenwood,41.0,Dazzling File Folders,office products,  segA ,6.0,46.0,72.68,436.08,276.0,160.08,8/28/2026,,,,,,,,
3500,8/27/2026,191.0,183.0,Pristine Keepers of Gardenwood,43.0,Fresh File Folders,office products,segA,5.0,50.0,65.5,327.5,250.0,77.5,8/28/2026,,,,,,,,
3501,8/27/2026,191.0,183.0,Pristine Keepers of Gardenwood,45.0,Immaculate Staplers,office products,,2.0,50.0,68.0,136.0,100.0,36.0,8/28/2026,,,,,,,,
3502,8/27/2026,191.0,183.0,Pristine Keepers of Gardenwood,47.0,Immaculate Staplers,office products,segA,3.0,24.0,36.72,110.16,72.0,38.16,8/28/2026,,,,,,,,
3503,8/27/2026,191.0,183.0,Pristine Keepers of Gardenwood,52.0,Spotless Air Freshener,cleaning supplies,segA,3.0,49.0,51.29707511896669,266.07,147.0,119.07,8/28/2026,,,,,,,,
3504,8/27/2026,191.0,183.0,Pristine Keepers of Gardenwood,55.0,Spotless Floor Cleaner,cleaning supplies,segA,1.0,32.344897959183676,53.36,53.36,29.0,24.36,28/08/2026,,,,,,,,
3505,8/27/2026,191.0,183.0,Pristine Keepers of Gardenwood,62.0,Glossy Air Freshener,cleaning supplies,segA,2.0,20.0,34.8,69.6,40.0,29.6,8/28/2026,,,,,,,,
3506,8/25/2026,261.0,185.0,Dazzling Wholesalers of Harborville,50.0,Bright Glass Cleaner,cleaning supplies,segB,1.0,23.0,43.7,43.7,63.0,20.7,8/26/2026,,,,,,,,
3507,8/25/2026,261.0,185.0,Dazzling Wholesalers of Harborville,82.0,Pristine Granola Bars,breakroom supplies,segC,1.0,26.0,49.14,49.14,26.0,23.14,8/26/2026,,,,,,,,
3508,8/25/2026,261.0,185.0,Dazzling Wholesalers of Harborville,85.0,Sparkling Microwave Popcorn,breakroom supplies,segC,1.0,12.0,21.84,21.84,12.0,9.84,26/08/2026,,,,,,,,
3509,8/19/2026,368.0,185.0,Dazzling Wholesalers of Harborville,27.0,Sparkling Sticky Notes,office products,segD,1.0,43.0,76.97,76.97,43.0,33.97,8/27/2026,,,,,,,,
3510,8/19/2026,368.0,185.0,  Dazzling Wholesalers of Harborville ,76.0,Immaculate Granola Bars,breakroom supplies,segC,1.0,10.0,19.3,19.3,10.0,9.3,8/27/2026,,,,,,,,
3511,8/19/2026,368.0,185.0,Dazzling Wholesalers of Harborville,78.0,Glossy Creamers,breakroom supplies,segC,1.0,27.0,54.54,54.54,27.0,27.54,8/27/2026,,,,,,,,
3512,8/19/2026,368.0,185.0,Dazzling Wholesalers of Harborville,85.0,Sparkling Microwave Popcorn,breakroom supplies,segC,1.0,12.0,21.84,102.06,12.0,37.8,8/27/2026,,,,,,,,
3513,8/19/2026,368.0,185.0,Dazzling Wholesalers of Harborville,92.0,Glossy Instant Soups,breakroom supplies,segC,1.0,24.0,43.44,43.44,24.0,19.44,8/27/2026,,,,,,,,
3515,8/14/2026,455.0,185.0,Dazzling Wholesalers of Harborville,7.0,Gleaming Bathroom Tissue,,segD,1.0,16.0,25.44,25.44,16.0,9.44,8/31/2026,,,,,,,,
3516,8/14/2026,455.0,185.0,Dazzling Wholesalers of Harborville,61.0,Pristine Degreaser,cleaning supplies,,21.0,50.0,80.0,1680.0,1050.0,37.8,8/31/2026,,,,,,,,
3517,8/14/2026,455.0,185.0,Dazzling Wholesalers of Harborville,78.0,Glossy Creamers,breakroom supplies,segC,1.0,27.0,54.54,54.54,27.0,27.54,8/31/2026,,,,,,,,
3518,8/14/2026,455.0,185.0,Dazzling Wholesalers of Harborville,102.0,Sleek Resume Paper,copy paper,segB,1.0,26.0,42.12,42.12,26.0,16.12,8/31/2026,,,,,,,,
3519,14/08/2026,455.0,185.0,Dazzling Wholesalers of Harborville,112.0,Sparkling Letter Size Paper,copy paper,segB,1.0,46.0,76.36,76.36,46.0,30.36,8/31/2026,,,,,,,,
3520,8/14/2026,455.0,185.0,Dazzling Wholesalers of Harborville,114.0,Glossy Recycled Paper,copy paper,segB,1.0,32.0,52.48,52.48,32.0,20.48,8/31/2026,,,,,,,,
3521,8/14/2026,455.0,185.0,Dazzling Wholesalers of Harborville,119.0,Immaculate Letter Size Paper,copy paper,segB,1.0,44.0,67.76,67.76,44.0,23.76,8/31/2026,,,,,,,,
3522,8/21/2026,319.0,186.0,Dazzling Custodians of Valleyton,6.0,  Pristine Bathroom Tissue ,paper & tissue,segA,15.0,19.0,27.74,416.1,285.0,131.1,9/7/2026,,,,,,,,
3523,8/21/2026,319.0,186.0,Dazzling Custodians of Valleyton,11.0,Fresh Lunch Napkins,paper & tissue,segA,18.0,21.0,28.77,517.86,378.0,139.86,,,,,,,,,
3524,8/21/2026,319.0,186.0,Dazzling Custodians of Valleyton,12.0,Immaculate Roll Paper Towels,paper & tissue,segA,12.0,44.0,62.92,755.04,528.0,227.04,9/7/2026,,,,,,,,
3525,8/21/2026,319.0,186.0,Dazzling Custodians of Valleyton,16.0,Dazzling Bathroom Tissue,  paper & tissue ,,11.0,42.0,62.16,683.76,462.0,221.76,9/7/2026,,,,,,,,
3526,8/21/2026,319.0,186.0,Dazzling Custodians of Valleyton,17.0,Glossy Lunch Napkins,paper & tissue,segA,17.0,31.0,42.16,716.72,527.0,189.72,9/7/2026,,,,,,,,
3527,8/21/2026,319.0,186.0,Dazzling Custodians of Valleyton,24.0,Sparkling Pocket Tissues,paper & tissue,segA,15.0,18.0,27.0,405.0,270.0,135.0,9/7/2026,,,,,,,,
3528,8/21/2026,319.0,186.0,Dazzling Custodians of Valleyton,32.0,Bright Desk Organizers,office products,segC,4.0,44.0,68.2,272.8,176.0,96.8,9/7/2026,,,,,,,,
3529,8/21/2026,319.0,186.0,Dazzling Custodians of Valleyton,68.0,Dazzling Disinfectant Wipes,cleaning supplies,segB,1.0,54.0,105.84,105.84,54.0,51.84,9/7/2026,,,,,,,,
3530,8/21/2026,319.0,186.0,Dazzling Custodians of Valleyton,73.0,Spotless Creamers,breakroom supplies,segC,1.0,18.0,51.29707511896669,35.82,18.0,17.82,9/7/2026,,,,,,,,
3531,8/21/2026,319.0,186.0,Dazzling Custodians of Valleyton,91.0,lGossy Microwave Popcorn,breakroom supplies,segC,1.0,29.0,62.06,62.06,29.0,33.06,9/7/2026,,,,,,,,
3532,8/21/2026,319.0,186.0,Dazzling Custodians of Valleyton,115.0,Polished Glossy Photo Paper,copy paper,segD,1.0,59.0,96.76,96.76,59.0,37.76,9/7/2026,,,,,,,,
3533,9/3/2026,47.0,187.0,Glossy Stewards of Granitewood,25.0,Dazzling Binder Clips,office products,segB,1.0,45.0,64.8,64.8,63.0,19.8,,,,,,,,,
3534,9/3/2026,47.0,187.0,Glossy Stewards of Granitewood,51.0,Bright Glass Cleaner,  cleaning supplies ,segA,1.0,26.0,46.8,46.8,26.0,20.8,9/4/2026,,,,,,,,
3535,9/3/2026,47.0,187.0,Glossy Stewards of Granitewood,54.0,Dazzling FloorC leaner,cleaning supplies,segA,2.0,45.0,83.25,166.5,90.0,37.8,9/4/2026,,,,,,,,
3536,9/3/2026,47.0,187.0,Glossy Stewards of Granitewood,58.0,Spotless Floor Cleaner,cleaning supplies,segA,1.0,32.344897959183676,51.29707511896669,58.9,31.0,27.9,9/4/2026,,,,,,,,
3537,3/9/2026,47.0,187.0,Glossy Stewards of Granitewood,60.0,Polished Degreaser,cleaning supplies,segA,1.0,26.0,43.16,43.16,26.0,17.16,9/4/2026,,,,,,,,
3538,9/3/2026,47.0,187.0,Glossy Stewards of Granitewood,64.0,Bright Glass Cleaner,cleaning supplies,segA,1.0,32.0,58.56,58.56,32.0,26.56,9/4/2026,,,,,,,,
3539,3/9/2026,47.0,187.0,Glossy Stewards of Granitewood,71.0,Spotless Glass Cleaner,cleaning supplies,segA,2.0,31.0,53.01,106.02,62.0,44.02,9/4/2026,,,,,,,,
3540,9/3/2026,47.0,187.0,Glossy Stewards of Granitewood,80.0,Spotless Instant Soups,breakroom supplies,segA,41.0,17.0,25.5,102.06,697.0,348.5,9/4/2026,,,,,,,,
3541,9/3/2026,47.0,187.0,Glossy Stewards of Graniteowod,95.0,Bright Disposable Cups,breakroom supplies,segA,1.0,13.0,24.7,24.7,13.0,37.8,9/4/2026,,,,,,,,
3542,8/28/2026,158.0,187.0,Glossy Stewards of Granitewood,25.0,Dazzling Binder Clips,office products,segB,1.0,45.0,64.8,64.8,45.0,19.8,8/31/2026,,,,,,,,
3543,8/28/2026,158.0,187.0,Glossy Stewards of Granitewood,36.0,  Glossy Staplers ,office products,segB,1.0,50.0,83.5,83.5,50.0,33.5,8/31/2026,,,,,,,,
3544,8/28/2026,158.0,187.0,Glossy Stewards of Granitewood,39.0,Immaculate Sticky Notes,office products,segB,1.0,34.0,56.1,56.1,34.0,22.1,,,,,,,,,
3545,8/28/2026,158.0,187.0,Glossy Stewards of Granitewood,49.0,Sparkling Disinfectant Wipes,cleaning supplies,segA,1.0,21.0,39.48,39.48,21.0,18.48,8/31/2026,,,,,,,,
3546,8/28/2026,158.0,187.0,Glossy Stewards of Granitewood,54.0,Dazzling Floor Cleaner,cleaning supplies,segA,3.0,45.0,83.25,249.75,135.0,114.75,31/08/2026,,,,,,,,
3547,8/28/2026,158.0,187.0,Glossy Stewards of Granitewood,58.0,Spotless Floor Cleaner,cleaning supplies,segA,2.0,31.0,58.9,117.8,62.0,55.8,8/31/2026,,,,,,,,
3548,8/28/2026,158.0,187.0,Glossy Stewards of Granitewood,64.0,Bright Glass Cleaner,cleaning supplies,segA,1.0,32.0,58.56,58.56,32.0,26.56,8/31/2026,,,,,,,,
3549,28/08/2026,158.0,187.0,Glossy Stewards of Granitewood,71.0,Spotless Glass Cleaner,cleaning supplies,segA,3.0,31.0,53.01,159.03,93.0,66.03,8/31/2026,,,,,,,,
3550,8/28/2026,158.0,187.0,Glossy Stewards of Granitewood,86.0,Dazzling Instant Soups,breakroom supplies,segA,1.0,16.0,34.08,34.08,16.0,37.8,8/31/2026,,,,,,,,
3551,8/28/2026,158.0,187.0,Glossy Stewards of Granitewood,95.0,Bright Disposable Cups,breakroom supplies,segA,1.0,13.0,24.7,24.7,13.0,11.7,8/31/2026,,,,,,,,
3552,8/28/2026,158.0,187.0,Glossy Stewards of Granitewood,109.0,Immaculate Resume Paper,copy paper,segB,1.0,31.0,47.43,47.43,31.0,16.43,8/31/2026,,,,,,,,
3553,8/27/2026,192.0,187.0,Glossy Stewards of Granitewood,26.0,Radiant Sticky Notes,office products,segB,1.0,34.0,52.7,52.7,34.0,18.7,8/28/2026,,,,,,,,
3554,8/27/2026,192.0,187.0,Glossy Stewards of Granitewood,32.0,  Bright Desk Organizers ,office products,segB,1.0,44.0,70.84,70.84,44.0,26.84,8/28/2026,,,,,,,,
3555,8/27/2026,192.0,187.0,Glossy Stewards of Granitewood,59.0,Spotless All-Purpose Cleaner,cleaning supplies,segA,1.0,47.0,83.19,83.19,47.0,36.19,8/28/2026,,,,,,,,
3556,27/08/2026,192.0,187.0,Glossy Stewards of Granitewood,60.0,Polished Degreaser,claening supplies,segA,1.0,26.0,43.16,43.16,26.0,17.16,8/28/2026,,,,,,,,
3557,8/27/2026,192.0,187.0,Glossy Stewards of Granitewood,65.0,Sparkling Citrus Cleaner,cleaning supplies,segA,1.0,20.0,32.4,32.4,20.0,12.4,,,,,,,,,
3558,8/27/2026,192.0,187.0,Glossy Stewards of Granitewood,69.0,Gleaming Degreaser,cleaning supplies,segA,12.0,27.0,40.5,486.0,324.0,162.0,8/28/2026,,,,,,,,
3559,8/27/2026,192.0,187.0,Glossy Stewards of Granitewood,85.0,Sparkling Microwave Popcorn,breakroom supplies,segA,1.0,12.0,22.44,22.44,12.0,10.44,8/28/2026,,,,,,,,
3560,8/27/2026,192.0,187.0,Glossy Stewards of Granitewood,95.0,Bright Disposable Cups,breakroom supplies,segA,1.0,13.0,24.7,24.7,13.0,11.7,8/28/2026,,,,,,,,
3561,8/27/2026,192.0,187.0,Glossy Stewards of Granitewood,102.0,Sleek Resume Paper,copy paper,segB,1.0,26.0,40.3,40.3,63.0,14.3,8/28/2026,,,,,,,,
3562,8/27/2026,192.0,187.0,Glossy Stewards of Granitewood,113.0,Polished Recycled Paper,copy paper,segB,1.0,36.0,56.88,56.88,36.0,20.88,8/28/2026,,,,,,,,
3563,8/27/2026,192.0,187.0,Glossy Stewards of Granitewood,116.0,Immaculate Legal Size Paper,copy paper,segB,2.0,59.0,94.99,94.99,59.0,35.99,8/28/2026,,,,,,,,
3564,8/18/2026,389.0,187.0,Glossy Stewards of Granitewood,51.0,Bright Glass Cleaner,cleaning supplies,segA,1.0,26.0,46.8,46.8,26.0,20.8,8/19/2026,,,,,,,,
3565,8/18/2026,389.0,187.0,Glossy Stewards of Granitewood,54.0,Dazzling Floor Cleaner,cleaning supplies,segA,3.0,45.0,83.25,249.75,135.0,114.75,8/19/2026,,,,,,,,
3566,8/18/2026,389.0,187.0,Glossy Stewards of Granitewood,58.0,Spotless Floor Cleaner,cleaning supplies,segA,2.0,31.0,58.9,117.8,62.0,55.8,8/19/2026,,,,,,,,
3567,8/18/2026,389.0,187.0,Glossy Stewards of Granitewood,59.0,Spotless All-Purpose Cleaner,cleaning suplpies,segA,1.0,47.0,83.19,83.19,47.0,36.19,8/19/2026,,,,,,,,
3568,8/18/2026,389.0,187.0,Glossy Stewards of Granitewood,76.0,Immaculate Granola Bars,breakroom supplies,segA,1.0,10.0,17.1,17.1,10.0,7.1,8/19/2026,,,,,,,,
3569,8/18/2026,389.0,187.0,Glossy Stewards of Granitewood,80.0,Spotless Instant Soups,breakroom supplies,segA,46.0,17.0,25.5,102.06,782.0,391.0,8/19/2026,,,,,,,,
3570,8/18/2026,389.0,187.0,Glossy Stewards of Granitewood,110.0,Pristine Cardstock,copy paper,segB,1.0,42.0,71.4,71.4,42.0,29.4,8/19/2026,,,,,,,,
3571,8/18/2026,389.0,187.0,Glossy Stewards of Granitewood,113.0,Polished Recycled Paper,copy paper,segB,1.0,36.0,56.88,56.88,36.0,20.88,8/19/2026,,,,,,,,
3572,8/18/2026,389.0,187.0,Glossy Stewards of Granitewood,117.0,Dazzling Graph Paper,copy paper,segB,1.0,51.0,73.44,73.44,51.0,22.44,8/19/2026,,,,,,,,
3573,9/3/2026,,187.0,Glossy Stewards of Granitewood,102.0,Sleek Resume Paper,  copy paper ,segB,1.0,26.0,40.3,40.3,26.0,14.3,9/4/2026,,,,,,,,
3574,8/18/2026,,187.0,Glossy Stewards of Granitewood,64.0,Bright Glass Cleaner,cleaning supplies,segA,1.0,32.0,58.56,58.56,32.0,37.8,8/19/2026,,,,,,,,
3575,8/18/2026,,187.0,Glossy Stewards of Granitewood,98.0,Radiant Glossy Photo Paper,copy paper,segB,1.0,23.0,34.73,34.73,23.0,11.73,8/19/2026,,,,,,,,
3576,8/17/2026,420.0,188.0,Glossy Stewards of Granitewood,10.0,Pristine 2-Ply Toilet Paper,paper & tissue,segC,1.0,26.0,36.92,36.92,63.0,10.92,8/18/2026,,,,,,,,
3577,8/17/2026,420.0,188.0,Spotless Suppliers of Granitveille,36.0,Glossy Staplers,office products,segB,1.0,50.0,73.5,73.5,50.0,23.5,8/18/2026,,,,,,,,
3578,8/17/2026,420.0,188.0,Spotless Suppliers of Graniteville,51.0,Bright Glass Cleaner,cleaning supplies,segC,1.0,26.0,51.29707511896669,47.58,26.0,21.58,8/18/2026,,,,,,,,
3579,8/17/2026,420.0,188.0,Spotless Suppliers of Graniteville,62.0,Glossy Air Freshener,cleaning supplies,segC,1.0,20.0,38.4,38.4,20.0,18.4,8/18/2026,,,,,,,,
3580,8/17/2026,420.0,188.0,Spotless Suppliers of Graniteville,71.0,Spotless Glass Cleaner,cleaning supplies,seCg,1.0,31.0,59.52,59.52,31.0,28.52,8/18/2026,,,,,,,,
3581,17/08/2026,420.0,188.0,Spotless Suppliers of Graniteville,73.0,Spotless Creamers,breakroom supplies,segD,1.0,18.0,39.24,39.24,18.0,21.24,8/18/2026,,,,,,,,
3582,8/18/2026,390.0,189.0,Pristine Cleaners of Valleyton,1.0,Sleek Party Napkins,paper & tissue,segA,3.0,29.0,40.02,120.06,87.0,33.06,8/19/2026,,,,,,,,
3583,8/18/2026,390.0,189.0,Pristine Cleaners of Valleyton,11.0,Fresh Lunch Napkins,paper & tissue,segA,3.0,21.0,29.4,88.2,63.0,25.2,8/19/2026,,,,,,,,
3584,8/18/2026,390.0,189.0,Pristine Cleaners of Valleyton,19.0,Fresh Party Napkins,paper & tissue,  segA ,1.0,45.0,66.15,66.15,45.0,21.15,8/19/2026,,,,,,,,
3585,8/18/2026,390.0,189.0,Pristine Cleaners of Valleyton,45.0,Immaculate Staplers,office products,segA,3.0,50.0,75.5,226.5,150.0,76.5,8/19/2026,,,,,,,,
3586,8/18/2026,390.0,189.0,Pristine Cleaners of Valleyton,47.0,Immaculate Staplers,office products,segA,3.0,24.0,31.44,94.32,72.0,22.32,8/19/2026,,,,,,,,
3587,8/18/2026,390.0,189.0,Pristine Cleaners of Valleyton,51.0,Bright Glass Cleaner,cleaning supplies,segD,1.0,26.0,55.12,55.12,26.0,29.12,8/19/2026,,,,,,,,
3588,8/10/2026,571.0,189.0,Pristine Cleaners of Valleyton,3.0,Sparkling Party Napkins,paper & tissue,segA,1.0,21.0,51.29707511896669,30.87,21.0,9.87,8/11/2026,,,,,,,,
3589,8/10/2026,571.0,189.0,Pristine Cleaners of Valleyton,9.0,Fresh Kitchen Towels,paper & tissue,segA,3.0,33.0,46.2,138.6,99.0,39.6,8/11/2026,,,,,,,,
3590,8/10/2026,571.0,189.0,Pristine Cleaners of Valleyton,11.0,Fresh Lunch Napkins,paper & tissue,segA,5.0,21.0,29.4,147.0,105.0,42.0,8/11/2026,,,,,,,,
3591,8/10/2026,571.0,189.0,Pristine Cleaners of Valleyton,27.0,Sparkling Sticky Notes,office products,segA,2.0,43.0,68.37,136.74,86.0,50.74,8/11/2026,,,,,,,,
3592,8/10/2026,571.0,189.0,Pristine Cleaners of Valleyton,30.0,Immaculate Markers,office products,  segA ,3.0,28.0,40.04,120.12,84.0,36.12,8/11/2026,,,,,,,,
3593,8/10/2026,571.0,189.0,Pristine Cleanerso f Valleyton,48.0,Fresh Desk Organizers,office products,segA,3.0,29.0,42.05,126.15,63.0,39.15,8/11/2026,,,,,,,,
3594,8/31/2026,117.0,190.0,Pristine Cleanerso f Valleyton,23.0,Dazzling Roll Paper Towels,paper & tissue,segC,1.0,40.0,57.6,57.6,40.0,17.6,9/8/2026,,,,,,,,
3595,8/31/2026,117.0,190.0,Gleaming Cleaners of Mapleville,37.0,Bright Recycled Paper,office products,segD,1.0,32.344897959183676,43.44,43.44,24.0,19.44,9/8/2026,,,,,,,,
3596,8/31/2026,117.0,190.0,Gleaming Cleaners of Mapleville,52.0,Spotless Air Freshener,cleaning supplies,segA,1.0,49.0,91.63,91.63,49.0,42.63,9/8/2026,,,,,,,,
3597,8/31/2026,117.0,190.0,Gleaming Cleaners of Mapleville,56.0,Pristine Citrus Cleaner,cleaning supplies,  segA ,34.0,48.0,67.68,2301.12,1632.0,669.12,9/8/2026,,,,,,,,
3598,8/31/2026,117.0,190.0,Gleaming Cleaners of Mapleville,57.0,Glossy All-Purpose Cleaner,cleaning supplies,segA,2.0,51.0,95.88,95.88,51.0,44.88,9/8/2026,,,,,,,,
3599,8/31/2026,117.0,190.0,Gleaming Cleaners of Mapleville,58.0,Spotless Floor Cleaner,cleaning supplies,segA,1.0,31.0,52.7,52.7,31.0,21.7,9/8/2026,,,,,,,,
3600,8/31/2026,117.0,190.0,Gleaming Cleaners of Mapleville,64.0,Bright Glass Cleaner,cleaning supplies,segA,2.0,32.0,53.44,53.44,32.0,21.44,9/8/2026,,,,,,,,
3601,8/31/2026,117.0,190.0,Gleaming Cleaners of Mapleville,65.0,Sparkling Citrus Cleaner,cleaning supplies,segA,1.0,20.0,37.2,37.2,63.0,17.2,9/8/2026,,,,,,,,
3602,8/31/2026,117.0,190.0,Gleaming Cleaners of Mapleville,70.0,Sleek Air Freshener,cleaning supplies,segA,1.0,33.0,59.07,59.07,33.0,26.07,9/8/2026,,,,,,,,
3603,8/31/2026,117.0,190.0,Gleaming Cleaners of Mapleville,86.0,Dazzling Instant Soups,breakroom supplies,segA,1.0,16.0,33.6,33.6,16.0,17.6,9/8/2026,,,,,,,,
3604,8/31/2026,117.0,190.0,Gleaming Cleaners of Mapleville,89.0,Sparkling Disposable Cups,breakroom supplies,segA,1.0,21.0,39.69,39.69,21.0,18.69,9/8/2026,,,,,,,,
3605,8/31/2026,117.0,190.0,Gleaming Cleaners of Mapleville,97.0,Sparkling Legal Size Paper,copy paper,segA,5.0,39.0,54.99,274.95,195.0,79.95,9/8/2026,,,,,,,,
3606,8/31/2026,117.0,190.0,Gleaming Cleaners of Mapleville,101.0,Radiant Colored Paper,copy paper,segA,49.0,60.0,70.2,3439.8,2940.0,499.8,9/8/2026,,,,,,,,
3607,8/31/2026,117.0,190.0,Gleaming Cleaners of Mapleville,110.0,Pristine Cardstock,copy paper,segA,2.0,42.0,59.22,118.44,84.0,34.44,9/8/2026,,,,,,,,
3608,8/31/2026,117.0,190.0,Glaeming Cleaners of Mapleville,112.0,Sparkling Letter Size Paper,copy paper,segA,3.0,46.0,70.84,212.52,138.0,74.52,9/8/2026,,,,,,,,
3609,8/31/2026,117.0,190.0,Gleaming Cleaners of Mapleville,114.0,Glossy Recycled Paper,copy paper,segA,1.0,32.0,50.88,50.88,32.0,18.88,9/8/2026,,,,,,,,
3610,8/31/2026,117.0,190.0,Gleaming Cleaners of Mapleville,120.0,Sparkling Letter Size Paper,copy paper,segA,1.0,45.0,58.95,58.95,45.0,13.95,9/8/2026,,,,,,,,
3611,8/27/2026,193.0,190.0,Gleaming Cleaners of Mapleville,13.0,Pristine Party Napkins,paper & tissue,segC,1.0,45.0,69.3,69.3,45.0,24.3,8/28/2026,,,,,,,,
3612,8/27/2026,193.0,190.0,Gleaming Cleaners of Mapleville,14.0,Spotless Pocket Tissues,paper & tissue,segC,2.0,20.0,29.6,102.06,40.0,19.2,8/28/2026,,,,,,,,
3613,8/27/2026,193.0,190.0,Gleaming Cleaners of Mapleville,23.0,Dazzling Roll Paper Towels,paper & tissue,segC,1.0,40.0,57.6,57.6,40.0,17.6,8/28/2026,,,,,,,,
3614,8/27/2026,193.0,190.0,Gleaming Cleaners of Mapleville,49.0,Sparkling Disinfectant Wipes,cleaning supplies,segA,1.0,21.0,39.69,39.69,21.0,18.69,8/28/2026,,,,,,,,
3615,8/27/2026,193.0,190.0,Gleaming Cleaners of Mapleville,50.0,Bright Glass Cleaner,cleaning supplies,segA,1.0,23.0,39.1,39.1,23.0,16.1,8/28/2026,,,,,,,,
3616,8/27/2026,193.0,190.0,Gleaming Cleaners of Mapleville,54.0,Dazzling Floor Cleaner,cleaning supplies,  segA ,2.0,45.0,82.35,164.7,90.0,74.7,8/28/2026,,,,,,,,
3617,8/27/2026,193.0,190.0,Gleaming Cleaners of Mapleville,57.0,Glossy All-Purpose Cleaner,cleaning supplies,segA,1.0,51.0,95.88,95.88,51.0,44.88,8/28/2026,,,,,,,,
3618,8/27/2026,193.0,190.0,Gleaming Cleaners of Mapleville,61.0,Pristine Degreaser,cleaning supplies,segA,1.0,50.0,89.5,89.5,50.0,39.5,8/28/2026,,,,,,,,
3619,8/27/2026,193.0,190.0,Gleaming Cleaners of Mapleville,64.0,Bright Glass Cleaner,cleaning supplies,segA,1.0,32.0,53.44,53.44,32.0,21.44,8/28/2026,,,,,,,,
3620,8/27/2026,193.0,190.0,Gleaming Cleaners of Mapleville,65.0,Sparkling Citrus Cleaner,cleaning supplies,segA,1.0,20.0,37.2,37.2,20.0,17.2,8/28/2026,,,,,,,,
3621,8/27/2026,193.0,190.0,  Gleaming Cleaners of Mapleville ,74.0,Pristine Energy Drinks,breakroom supplies,segA,1.0,15.0,26.7,26.7,15.0,11.7,8/28/2026,,,,,,,,
3622,8/27/2026,193.0,190.0,Gleaming Cleaners ofM apleville,77.0,Sleek Disposable Cups,breakroom supplies,segA,1.0,25.0,50.25,50.25,25.0,25.25,8/28/2026,,,,,,,,
3623,8/27/2026,193.0,190.0,Gleaming Cleaners of Mapleville,79.0,Immaculate Microwave Popcorn,breakroom supplies,segA,1.0,25.0,42.75,42.75,25.0,17.75,28/08/2026,,,,,,,,
3624,8/27/2026,193.0,190.0,Gleaming Cleaners of Mapleville,82.0,Pristine Granola Bars,breakroom supplies,segA,1.0,26.0,44.98,44.98,26.0,18.98,8/28/2026,,,,,,,,
3625,8/27/2026,193.0,190.0,Gleaming Cleaners of Mapleville,86.0,Dazzling Instant Soups,breakroom supplies,segA,1.0,16.0,33.6,33.6,16.0,17.6,8/28/2026,,,,,,,,
3626,8/27/2026,193.0,190.0,Gleaming Cleaners of Mapleville,89.0,Sparkling Disposable Cups,,segA,1.0,21.0,39.69,39.69,21.0,18.69,8/28/2026,,,,,,,,
3627,8/27/2026,193.0,190.0,Gleaming Cleaners of Mapleville,95.0,Bright Disposable Cups,breakroom supplies,segA,1.0,13.0,23.92,23.92,13.0,10.92,8/28/2026,,,,,,,,
3628,8/27/2026,193.0,190.0,Gleaming Cleaners of Mapleville,101.0,Radiant Colored Paper,copy paper,segA,37.0,60.0,70.2,2597.4,2220.0,377.4,8/28/2026,,,,,,,,
3629,8/27/2026,193.0,190.0,Gleaming Cleaners of Mapleville,104.0,  Gleaming Glossy Photo Paper ,copy paper,segA,3.0,52.0,79.56,238.68,156.0,82.68,8/28/2026,,,,,,,,
3630,8/27/2026,193.0,190.0,Gleaming Cleaners of Mapleville,105.0,Pristine Graph Paper,copy paper,segA,4.0,52.0,72.8,291.2,208.0,83.2,8/28/2026,,,,,,,,
3631,8/27/2026,193.0,190.0,Gleaming Cleaners of Mapleville,114.0,Glossy Recycled Paper,copy paper,segA,2.0,54.0,79.92,159.84,108.0,51.84,8/28/2026,,,,,,,,
3632,8/27/2026,193.0,190.0,Gleaming Cleaners of Mapleville,113.0,Polished Recycled Paper,copy paper,segA,4.0,36.0,49.68,198.72,144.0,54.72,8/28/2026,,,,,,,,
3633,8/27/2026,193.0,190.0,Gleaming Cleaners of Mapleville,120.0,Sparkling Letter Size Paper,copy paper,segA,2.0,45.0,58.95,117.9,90.0,27.9,8/28/2026,,,,,,,,
3634,8/31/2026,,190.0,Gleaming Cleaners of Mapleville,50.0,Bright Glass Cleaner,cleaning supplies,segA,1.0,23.0,39.1,39.1,23.0,16.1,,,,,,,,,
3635,8/31/2026,,190.0,Gleaming Cleaners of Mapleville,63.0,Polished Glass Cleaner,cleaning supplies,segA,1.0,42.0,70.14,70.14,42.0,28.14,9/8/2026,,,,,,,,
3636,8/27/2026,194.0,191.0,Glossy Suppliers of Valleywood,56.0,Pristine Citrus Cleaner,cleaning supplies,segA,2.0,48.0,84.0,168.0,96.0,72.0,9/4/2026,,,,,,,,
3637,8/27/2026,194.0,191.0,Glossy Suppliers of Valleywood,60.0,Polished Degreaser,cleaning supplies,segA,1.0,26.0,44.98,44.98,26.0,18.98,9/4/2026,,,,,,,,
3638,8/27/2026,194.0,191.0,Glossy Suppliers of Valleywood,62.0,Glsosy Air Freshener,cleaning supplies,segA,2.0,20.0,32.8,102.06,40.0,25.6,9/4/2026,,,,,,,,
3639,8/27/2026,194.0,191.0,Glossy Suppliers of Valleywood,63.0,Polished Glass Cleaner,cleaning supplies,segA,1.0,42.0,79.8,79.8,42.0,37.8,4/9/2026,,,,,,,,
3640,8/27/2026,194.0,191.0,Glossy Suppliers of Valleywood,65.0,Sparkling Citrus Cleaner,,  segA ,1.0,20.0,37.8,37.8,20.0,17.8,9/4/2026,,,,,,,,
3641,8/27/2026,194.0,191.0,Glossy Suppliers of Valleywood,66.0,Radiant Glass Cleaner,,segA,1.0,21.0,35.07,102.06,21.0,14.07,9/4/2026,,,,,,,,
3642,8/27/2026,194.0,191.0,Glossy Suppliers of Valleywood,100.0,Dazzling Legal Size Paper,copy paper,segB,1.0,24.0,33.84,33.84,24.0,37.8,9/4/2026,,,,,,,,
3643,8/27/2026,194.0,191.0,Glossy Suppliers of Valleywood,116.0,Immaculate Legal Size Paper,copy paper,segB,1.0,59.0,95.58,95.58,59.0,37.8,9/4/2026,,,,,,,,
3644,8/24/2026,289.0,191.0,Glossy Suppliers of Valleywood,63.0,Polished Glass Cleaner,cleaning supplies,segA,1.0,42.0,79.8,79.8,42.0,37.8,9/8/2026,,,,,,,,
3645,24/08/2026,289.0,191.0,Glossy Suppliers of Valleywood,66.0,Radiant Glass Cleaner,cleaning supplies,segA,2.0,21.0,35.07,70.14,42.0,28.14,9/8/2026,,,,,,,,
3646,8/24/2026,289.0,191.0,Glossy Suppliers of Valleywood,100.0,Dazzling Legal Size Paper,,segB,1.0,24.0,33.84,33.84,24.0,9.84,9/8/2026,,,,,,,,
3647,8/24/2026,289.0,191.0,Glossy Suppliers of Valleywood,101.0,Radiant Colored Paper,copy paper,segB,2.0,60.0,86.4,172.8,120.0,52.8,9/8/2026,,,,,,,,
3648,8/24/2026,289.0,191.0,Glossy Suppliers of Valleywood,112.0,Sparkling Letter Size Paper,,segB,1.0,46.0,69.92,69.92,46.0,23.92,8/9/2026,,,,,,,,
3649,8/24/2026,289.0,191.0,Glossy Suppliers of Valleywood,116.0,Immaculate Legal Size Paper,copy paper,segB,1.0,59.0,95.58,95.58,59.0,36.58,9/8/2026,,,,,,,,
3650,8/24/2026,,191.0,Glossy Suppliers of Valleywood,58.0,Spotless Floor Cleaner,cleaning supplies,segA,1.0,29.0,52.78,52.78,29.0,23.78,9/8/2026,,,,,,,,
3651,8/20/2026,351.0,193.0,Bright Cleaners of Maplecrest,25.0,Dazzling Binder Clips,office products,  segC ,1.0,45.0,72.0,102.06,45.0,27.0,8/21/2026,,,,,,,,
3652,8/20/2026,351.0,193.0,Bright Cleaners of Maplecrest,28.0,Immaculate Binder Clips,office products,segC,1.0,29.0,42.05,42.05,29.0,13.05,8/21/2026,,,,,,,,
3653,8/20/2026,351.0,193.0,Bright Cleaners of Maplecrest,103.0,Spotless Colored Paper,copy paper,segC,1.0,45.0,75.6,75.6,45.0,30.6,8/21/2026,,,,,,,,
3654,8/20/2026,351.0,193.0,Bright Cleaners of Maplecrest,118.0,Sparkling Cardstock,copy paper,segC,1.0,37.0,58.83,58.83,37.0,21.83,8/21/2026,,,,,,,,
3655,12/8/2026,520.0,194.0,Bright Servicers of Canyonridge,18.0,Pristine Lunch Napkins,paper & tissue,segC,1.0,20.0,30.4,30.4,20.0,10.4,8/20/2026,,,,,,,,
3656,8/12/2026,520.0,194.0,Bright Servicers of Canyonridge,51.0,Bright Glass Cleaner,cleaning supplies,segA,1.0,26.0,45.5,45.5,26.0,19.5,8/20/2026,,,,,,,,
3657,8/12/2026,520.0,194.0,Bright Servicers of Canyonridge,57.0,Glossy All-Purpose Cleaner,cleaning supplies,segA,1.0,51.0,92.82,92.82,51.0,41.82,8/20/2026,,,,,,,,
3658,8/12/2026,520.0,194.0,Bright Servicers of Canyonridge,60.0,Polished Degreaser,,segA,3.0,26.0,47.58,142.74,78.0,37.8,8/20/2026,,,,,,,,
3659,8/12/2026,520.0,194.0,Bright Servicers of Canyonridge,66.0,Radiant Glass Cleaner,cleaning supplies,segA,2.0,21.0,37.59,75.18,42.0,33.18,20/08/2026,,,,,,,,
3660,8/12/2026,520.0,194.0,Bright Servicers of Canyonridge,67.0,Sleek Citrus Cleaner,cleaning supplies,segA,1.0,39.0,67.47,67.47,39.0,28.47,8/20/2026,,,,,,,,
3661,8/12/2026,520.0,194.0,Bright Servicers of Canyonridge,69.0,Gleaming Degreaser,cleaning supplies,segA,1.0,27.0,46.17,46.17,27.0,19.17,8/20/2026,,,,,,,,
3662,8/12/2026,520.0,194.0,Bright Servicers of Canyonridge,80.0,Spotless Instant Soups,breakroom supplies,segB,2.0,17.0,36.55,36.55,17.0,19.55,8/20/2026,,,,,,,,
3663,8/12/2026,520.0,194.0,Bright Servicers of Canyonridge,92.0,Glossy Instant Soups,breakroom supplies,segB,1.0,24.0,48.24,48.24,24.0,24.24,8/20/2026,,,,,,,,
3664,8/12/2026,520.0,194.0,Bright Servicers of Canyonridge,118.0,Sparkling Cardstock,copy paper,segD,1.0,37.0,59.57,59.57,37.0,22.57,,,,,,,,,
3666,8/28/2026,159.0,195.0,Bright Servicers of Canyonridge,3.0,Sparkling Party Napkins,paper & tissue,  segC ,2.0,21.0,32.34,64.68,42.0,22.68,8/31/2026,,,,,,,,
3667,8/28/2026,159.0,195.0,  Immaculate Custodians of Graniteville ,9.0,Fresh Kitchen Towels,paper & tissue,segC,1.0,33.0,48.84,48.84,33.0,15.84,31/08/2026,,,,,,,,
3668,8/28/2026,159.0,195.0,Immaculate Custodians of Graniteville,23.0,Dazzling Roll Paper Towels,  paper & tissue ,segC,1.0,40.0,58.0,58.0,40.0,18.0,31/08/2026,,,,,,,,
3669,8/12/2026,521.0,196.0,Polished Facilities of Baywood,3.0,Sparkling Party Napkins,paper & tissue,segA,1.0,21.0,27.93,27.93,21.0,6.93,,,,,,,,,
3670,8/12/2026,521.0,196.0,Polished Facilities of Baywood,9.0,Fresh Kitchen Towels,paper & tissue,segA,4.0,33.0,43.89,175.56,132.0,43.56,8/27/2026,,,,,,,,
3671,8/12/2026,521.0,196.0,Polished Facilities of Baywood,14.0,Spotless Pocket Tissues,  paper & tissue ,segA,1.0,20.0,26.4,26.4,20.0,6.4,8/27/2026,,,,,,,,
3672,8/12/2026,521.0,196.0,Polished Facilities of Baywood,16.0,Dazzling Bathroom Tissue,paper & tissue,segA,5.0,42.0,55.02,275.1,210.0,65.1,8/27/2026,,,,,,,,
3673,8/12/2026,521.0,196.0,Polished Facilities of Baywood,19.0,Fresh Party Napkins,paper & tissue,segA,1.0,45.0,61.2,61.2,45.0,16.2,8/27/2026,,,,,,,,
3674,8/12/2026,521.0,196.0,Polished Facilities of Baywood,21.0,Glossy Facial Tissues,paper & tissue,segA,2.0,47.0,63.45,126.9,94.0,32.9,8/27/2026,,,,,,,,
3675,8/12/2026,521.0,196.0,Polished Facilities of Baywood,23.0,Dazzling Roll Paper Towels,paper & tissue,segA,7.0,40.0,54.0,378.0,280.0,98.0,8/27/2026,,,,,,,,
3676,8/12/2026,521.0,196.0,Polished Facilities of Baywood,44.0,Gleaming Recycled Paper,office products,segB,1.0,34.0,48.28,48.28,34.0,14.28,8/27/2026,,,,,,,,
3677,8/12/2026,521.0,196.0,Polished Facilities of Baywood,106.0,Sleek Resume Paper,copy paper,segB,1.0,48.0,72.0,72.0,48.0,24.0,8/27/2026,,,,,,,,
3678,8/12/2026,521.0,196.0,Polished Facilities of Baywood,114.0,Glossy Recycled Paper,copy paper,  segB ,2.0,54.0,79.38,102.06,63.0,50.76,8/27/2026,,,,,,,,
3679,8/12/2026,521.0,196.0,Polished Facilities of Baywood,119.0,Immaculate Letter Size Paper,copy paper,segB,1.0,44.0,67.32,67.32,44.0,23.32,8/27/2026,,,,,,,,
3680,8/27/2026,195.0,197.0,Pristine Keepers of Riverhaven,4.0,Bright Bathroom Tissue,paper & tissue,segC,10.0,26.0,36.92,369.2,260.0,109.2,8/28/2026,,,,,,,,
3681,8/27/2026,195.0,197.0,Pristine Keepers of Riverhaven,40.0,Immaculate Markers,office products,segC,13.0,34.0,55.08,716.04,442.0,274.04,8/28/2026,,,,,,,,
3682,8/27/2026,195.0,197.0,Pristine Keepers of Riverhaven,52.0,Spotless Air Freshener,cleaning supplies,segC,12.0,49.0,85.26,1023.12,588.0,435.12,8/28/2026,,,,,,,,
3683,8/27/2026,195.0,197.0,Pristine Keepers of Riverhaven,68.0,Dazzling Disinfectant Wipes,cleaning supplies,segC,3.0,54.0,101.52,304.56,162.0,142.56,8/28/2026,,,,,,,,
3684,8/17/2026,421.0,197.0,Pristine Keepers of Riverhaven,8.0,Bright Party Napkins,paper & tissue,segC,34.0,50.0,74.0,2516.0,1700.0,816.0,8/18/2026,,,,,,,,
3685,8/17/2026,421.0,197.0,Pristine Keepers of Riverhaven,69.0,Gleaming Degreaesr,cleaning supplies,segC,2.0,27.0,51.3,102.6,54.0,48.6,8/18/2026,,,,,,,,
3686,8/17/2026,421.0,197.0,Pristine Keepers of Riverhaven,72.0,Gleaming Glass Cleaner,cleaning supplies,segC,2.0,23.0,42.78,102.06,46.0,39.56,8/18/2026,,,,,,,,
3687,9/2/2026,69.0,198.0,Immaculate Wholesalers of Lakeburg,26.0,Radiant Sticky Notes,office products,segC,1.0,34.0,53.72,53.72,34.0,19.72,,,,,,,,,
3688,9/2/2026,69.0,198.0,Immaculate Wholesalers of Lakeburg,49.0,Sparkling Disinfectant Wipes,cleaning supplies,segB,1.0,21.0,41.16,41.16,21.0,20.16,9/3/2026,,,,,,,,
3689,9/2/2026,69.0,198.0,Immaculate Wholesalers of Lakeburg,60.0,Polished Degreaser,cleaning supplies,segB,1.0,26.0,47.58,47.58,26.0,21.58,9/3/2026,,,,,,,,
3690,9/2/2026,69.0,198.0,Immaculate Wholesalers of Lakeburg,76.0,Immaculate Granola Bars,breakroom supplies,segC,1.0,10.0,22.4,22.4,10.0,12.4,9/3/2026,,,,,,,,
3691,9/2/2026,69.0,198.0,Immaculate Wholesalers of Lakeburg,84.0,Sparkling Creamers,breakroom supplies,segC,1.0,18.0,36.9,36.9,18.0,18.9,9/3/2026,,,,,,,,
3692,8/21/2026,320.0,198.0,Immaculate Wholesalers of Lakeburg,3.0,Sparkling Party Napkins,paper & tissue,segD,1.0,21.0,35.07,35.07,21.0,14.07,8/24/2026,,,,,,,,
3693,8/21/2026,320.0,198.0,Immaculate Wholesalers of Lakeburg,16.0,Dazzling Bathroom Tissue,paper & tissue,segD,1.0,42.0,72.24,72.24,42.0,30.24,8/24/2026,,,,,,,,
3694,8/21/2026,320.0,198.0,Immaculate Wholesalers of Lakeburg,72.0,Gleaming Glass Cleaner,cleaning supplies,segB,1.0,23.0,41.4,41.4,23.0,18.4,24/08/2026,,,,,,,,
3695,8/21/2026,320.0,198.0,Immaculate Wholesalers of Lakeburg,73.0,Spotless Creamers,breakroom supplies,segC,1.0,18.0,36.18,36.18,18.0,18.18,8/24/2026,,,,,,,,
3696,21/08/2026,320.0,198.0,Immaculate Wholesalers of Lakeburg,76.0,Immaculate Granola Bars,breakroom supplies,segC,1.0,10.0,22.4,22.4,10.0,12.4,8/24/2026,,,,,,,,
3697,8/21/2026,320.0,198.0,Immaculate Wholesalers of Lakeburg,87.0,Glossy Tea Selection,breakroom supplies,segC,1.0,11.0,22.88,22.88,11.0,11.88,8/24/2026,,,,,,,,
3698,8/13/2026,490.0,198.0,Immaculate Wholesalers of Lakeburg,57.0,  Glossy All-Purpose Cleaner ,cleaning supplies,segB,1.0,51.0,98.94,98.94,51.0,47.94,8/14/2026,,,,,,,,
3699,8/13/2026,490.0,198.0,Immaculate Wholesalers of aLkeburg,61.0,Pristine Degreaser,cleaning supplies,segB,1.0,50.0,97.5,97.5,50.0,47.5,8/14/2026,,,,,,,,
3700,8/13/2026,490.0,198.0,Immaculate Wholesalers of Lakeburg,96.0,Dazzling Disposable Cups,breakroom supplies,segC,1.0,19.0,42.37,42.37,19.0,23.37,8/14/2026,,,,,,,,
3701,9/2/2026,,198.0,Immaculate Wholesalers of Lakeburg,10.0,Pristine 2-Ply Toilet Paper,paper & tissue,segD,1.0,26.0,43.16,43.16,26.0,17.16,9/3/2026,,,,,,,,
3702,8/13/2026,,198.0,Immaculate Wholesalers of Lakeburg,73.0,Spotless Creamers,breakroom supplies,segC,1.0,18.0,36.18,36.18,18.0,18.18,8/14/2026,,,,,,,,
3703,9/3/2026,48.0,199.0,Glossy Custodians of Cedarfield,37.0,Bright Recycled Paper,office products,segB,1.0,24.0,36.48,102.06,24.0,12.48,9/4/2026,,,,,,,,
3704,9/3/2026,48.0,199.0,Glossy Custodians of Cedarfield,74.0,Pristine Energy Drinks,breakroom supplies,segA,1.0,15.0,26.4,26.4,15.0,11.4,9/4/2026,,,,,,,,
3705,9/3/2026,48.0,199.0,Glossy Custodians of Cedarfield,76.0,Immaculate Granola Bars,breakroom supplies,segA,2.0,10.0,18.4,36.8,20.0,16.8,9/4/2026,,,,,,,,
3706,3/9/2026,48.0,199.0,Glossy Custodians of Cedarfield,79.0,Immaculate Microwave Popcorn,breakroom supplies,segA,1.0,25.0,45.5,45.5,25.0,20.5,9/4/2026,,,,,,,,
3707,9/3/2026,48.0,199.0,Glossy Custodians of Cedarfield,86.0,Dazzling Instant Soups,breakroom supplies,segA,1.0,16.0,32.8,32.8,16.0,16.8,9/4/2026,,,,,,,,
3708,9/3/2026,48.0,199.0,Glossy Custodians of Cedarfield,92.0,Glossy Instant Soups,breakroom supplies,segA,2.0,24.0,51.29707511896669,99.36,48.0,51.36,9/4/2026,,,,,,,,
3709,9/3/2026,48.0,199.0,Glossy Custodians of Cedarfield,93.0,Gleaming Microwave Popcorn,,segA,1.0,20.0,38.0,38.0,20.0,18.0,9/4/2026,,,,,,,,
3710,8/21/2026,321.0,200.0,Sleek Providers of Graniteport,3.0,Sparkling Party Napkins,paper & tissue,segA,19.0,21.0,25.2,478.8,399.0,79.8,8/31/2026,,,,,,,,
3711,8/21/2026,321.0,200.0,Sleek Providers of Graniteport,5.0,Polished Kitchen Towels,  paper & tissue ,segA,2.0,35.0,47.6,95.2,63.0,25.2,8/31/2026,,,,,,,,
3712,8/21/2026,321.0,200.0,Sleek Providers of Graniteport,11.0,Fresh Lunch Napkins,paper & tissue,segA,3.0,21.0,51.29707511896669,89.46,63.0,26.46,31/08/2026,,,,,,,,
3713,8/21/2026,321.0,200.0,Sleek Providers of Graniteport,14.0,Spotless Pocket Tissues,paper & tissue,segA,31.0,20.0,22.2,688.2,620.0,68.2,8/31/2026,,,,,,,,
3714,8/21/2026,321.0,200.0,Sleek Providers of Graniteport,31.0,Polished Highlighters,office products,segD,1.0,17.0,30.26,30.26,17.0,13.26,8/31/2026,,,,,,,,
3715,8/21/2026,321.0,200.0,Sleek Providers of Graniteport,38.0,Radiant Pens,office products,segD,1.0,17.0,27.03,27.03,17.0,10.03,8/31/2026,,,,,,,,
3716,8/21/2026,321.0,200.0,Sleek Providers of Graniteport,52.0,Spotless Air Freshener,cleaning supplies,segA,3.0,49.0,91.63,274.89,147.0,127.89,8/31/2026,,,,,,,,
3717,8/21/2026,321.0,200.0,Sleek Providers of Graniteport,53.0,Glossy Glass Cleaner,cleaning supplies,segA,1.0,36.0,68.04,68.04,36.0,32.04,8/31/2026,,,,,,,,
3718,8/21/2026,321.0,200.0,Sleek Providers of rGaniteport,59.0,Spotless All-Purpose Cleaner,cleaning supplies,segA,2.0,47.0,77.55,155.1,94.0,61.1,8/31/2026,,,,,,,,
3719,8/21/2026,321.0,200.0,Sleek Providers of Graniteport,61.0,Pristine Degreaser,cleaning supplies,segA,1.0,50.0,51.29707511896669,86.0,50.0,36.0,8/31/2026,,,,,,,,
3720,8/21/2026,321.0,200.0,Sleek Providers of Graniteport,63.0,Polished Glass Cleaner,cleaning supplies,segA,1.0,42.0,67.62,67.62,42.0,25.62,8/31/2026,,,,,,,,
3721,8/21/2026,321.0,200.0,Sleek Providers of Graniteport,73.0,Spotless Creamers,breakroom supplies,segC,1.0,18.0,40.32,40.32,18.0,22.32,8/31/2026,,,,,,,,
3722,8/21/2026,321.0,200.0,Sleek Providers of Graniteport,79.0,Immaculate Microwave Popcorn,breakroom supplies,segC,1.0,25.0,47.75,47.75,25.0,37.8,8/31/2026,,,,,,,,
3723,8/21/2026,321.0,200.0,Sleek Providers of Graniteport,84.0,Sparkling Creamers,breakroom supplies,segC,1.0,18.0,38.52,38.52,18.0,20.52,8/31/2026,,,,,,,,
3724,8/21/2026,321.0,200.0,Sleek Providers of Graniteport,97.0,Sparkling Legal Size Paper,copy paper,segA,4.0,39.0,54.21,216.84,156.0,60.84,8/31/2026,,,,,,,,
3725,8/21/2026,321.0,200.0,Sleek Providers of Graniteport,99.0,Glossy Letter Size Paper,copy paper,seAg,2.0,32.344897959183676,84.36,168.72,114.0,54.72,8/31/2026,,,,,,,,
3726,8/21/2026,321.0,200.0,Sleek Providers of Graniteport,101.0,Radiant Colored Paper,copy paper,segA,3.0,32.344897959183676,79.2,237.6,180.0,57.6,31/08/2026,,,,,,,,
3727,21/08/2026,321.0,200.0,Sleek Providers of Graniteport,103.0,Spotless Colored Paper,copy paper,segA,4.0,45.0,66.6,266.4,180.0,86.4,8/31/2026,,,,,,,,
3728,8/21/2026,321.0,200.0,Sleek Providers ofG raniteport,104.0,Gleaming Glossy Photo Paper,copy paper,segA,1.0,52.0,83.2,83.2,52.0,31.2,8/31/2026,,,,,,,,
3729,8/21/2026,321.0,200.0,Sleek Providers of Graniteport,116.0,Immaculate Legal Size Paper,copy paper,seAg,3.0,59.0,88.5,102.06,177.0,88.5,8/31/2026,,,,,,,,
3730,8/21/2026,321.0,200.0,Sleek Providers of Graniteport,117.0,Dazzling Graph Paper,copy paper,segA,3.0,51.0,68.34,205.02,153.0,52.02,8/31/2026,,,,,,,,
3731,8/12/2026,522.0,200.0,Sleek Providers of Graniteport,4.0,Bright Bathroom Tissue,paper & tissue,segA,3.0,26.0,35.36,106.08,78.0,28.08,8/13/2026,,,,,,,,
3732,8/12/2026,522.0,200.0,Sleek Providers of Graniteport,11.0,Fresh Lunch Napkins,paper & tissue,segA,2.0,21.0,29.82,102.06,42.0,17.64,8/13/2026,,,,,,,,
3733,8/12/2026,522.0,200.0,Sleek Providers of Graniteport,14.0,Spotless Pocket Tissues,paper & tissue,segA,34.0,20.0,22.2,754.8,680.0,74.8,8/13/2026,,,,,,,,
3734,8/12/2026,522.0,200.0,Sleek Providers of Graniteport,36.0,Glossy Staplers,office products,segD,1.0,50.0,88.5,88.5,50.0,38.5,8/13/2026,,,,,,,,
3735,8/12/2026,522.0,200.0,Sleek Providers of Graniteport,50.0,Bright Glass Cleaner,cleaning supplies,esgA,1.0,23.0,42.32,42.32,63.0,19.32,8/13/2026,,,,,,,,
3736,8/12/2026,522.0,200.0,Sleek Providers of Graniteport,51.0,Bright Glass Cleaner,cleaning supplies,segA,1.0,26.0,43.42,43.42,26.0,17.42,8/13/2026,,,,,,,,
3737,8/12/2026,522.0,200.0,Sleek Providers of Graniteport,52.0,Spotless Air Freshener,cleaning supplies,segA,3.0,49.0,91.63,274.89,147.0,127.89,8/13/2026,,,,,,,,
3738,8/12/2026,522.0,200.0,Sleek Providers of Graniteport,56.0,Pristine Citrus Cleaner,cleaning supplies,sgeA,1.0,48.0,84.0,84.0,48.0,36.0,8/13/2026,,,,,,,,
3739,8/12/2026,522.0,200.0,Sleek Providers of Graniteport,57.0,Glossy All-Purpose Cleaner,cleaning supplies,segA,1.0,51.0,95.88,95.88,51.0,44.88,8/13/2026,,,,,,,,
3740,8/12/2026,522.0,200.0,Sleek Providers of Graniteport,63.0,Polished Glass Cleaner,cleaning supplies,segA,1.0,42.0,67.62,67.62,42.0,25.62,8/13/2026,,,,,,,,
3741,8/12/2026,522.0,200.0,Sleek Providers of Graniteport,65.0,Sparkling Citrus Cleaner,cleaning supplies,segA,2.0,20.0,32.8,65.6,40.0,25.6,8/13/2026,,,,,,,,
3742,8/12/2026,522.0,200.0,Sleek Providers of Graniteport,84.0,Sparkling Creamers,breakroom supplies,segC,1.0,18.0,38.52,38.52,18.0,20.52,8/13/2026,,,,,,,,
3743,8/12/2026,522.0,200.0,Sleek Providers of Graniteport,101.0,  Radiant Colored Paper ,  copy paper ,segA,3.0,60.0,79.2,237.6,180.0,57.6,8/13/2026,,,,,,,,
3744,8/12/2026,522.0,200.0,Sleek Providers of Graniteport,113.0,Polished Recycled Paper,copy apper,segA,2.0,36.0,54.36,108.72,72.0,36.72,8/13/2026,,,,,,,,
3745,8/12/2026,522.0,200.0,Sleek Providers of Graniteport,117.0,Dazzling Graph Paper,copy paper,segA,6.0,51.0,68.34,410.04,306.0,104.04,8/13/2026,,,,,,,,
3746,8/21/2026,,200.0,Sleek Providers of Graniteport,2.0,Glossy Party Napkins,paper & tissue,segA,1.0,29.0,39.73,39.73,29.0,10.73,8/31/2026,,,,,,,,
3747,8/26/2026,227.0,201.0,Dazzling Custodians of Laketon,27.0,Sparkling Sticky Notes,office products,segA,3.0,43.0,62.35,187.05,129.0,58.05,9/10/2026,,,,,,,,
3748,8/26/2026,227.0,201.0,Dazzling Custodians of Laketon,30.0,Immaculate Markers,office products,segA,1.0,28.0,36.68,36.68,28.0,8.68,9/10/2026,,,,,,,,
3749,8/26/2026,227.0,201.0,Dazzling Custodians of Laketon,32.0,Bright Desk Organizers,office products,segA,3.0,32.344897959183676,69.08,207.24,132.0,75.24,9/10/2026,,,,,,,,
3750,8/26/2026,227.0,201.0,Dazzling Custodians of Laketon,35.0,Dazzling Staplers,office products,segA,2.0,27.0,42.39,84.78,54.0,30.78,9/10/2026,,,,,,,,
3751,8/26/2026,227.0,201.0,Dazzling Custodians of Laketon,37.0,Bright Recycled Paper,office products,segA,1.0,24.0,35.76,35.76,24.0,11.76,9/10/2026,,,,,,,,
3752,8/26/2026,227.0,201.0,Dazzling Custodians of Laketon,39.0,Immaculate Sticky Notes,office products,segA,2.0,34.0,46.92,93.84,68.0,25.84,,,,,,,,,
3753,8/26/2026,227.0,201.0,Dazzling Custodians of Laketon,47.0,Immaculate Staplers,office products,segA,3.0,24.0,31.2,93.6,72.0,21.6,9/10/2026,,,,,,,,
3754,8/26/2026,227.0,201.0,Dazzling Custodians of Laketon,50.0,Bright Glass Cleaner,,segA,3.0,23.0,38.64,115.92,69.0,46.92,9/10/2026,,,,,,,,
3755,8/26/2026,227.0,201.0,Dazzling Custodians of Laketon,54.0,Dazzling Floor Cleaner,cleaning supplies,segA,38.0,45.0,64.35,2445.3,1710.0,735.3,9/10/2026,,,,,,,,
3756,8/26/2026,227.0,201.0,Dazzling Custodians of Laketon,56.0,Pristine Citrus Cleaner,cleaning supplies,segA,2.0,48.0,89.28,178.56,96.0,82.56,9/10/2026,,,,,,,,
3757,8/26/2026,227.0,201.0,Dazzling Custodians of Laketon,57.0,Glossy All-Purpose Cleaner,cleaning supplies,segA,1.0,51.0,83.64,83.64,51.0,32.64,9/10/2026,,,,,,,,
3758,8/26/2026,227.0,201.0,Dazzling Custodians of Laketon,62.0,Glossy Air Freshener,cleaning supplies,segA,2.0,20.0,37.0,74.0,63.0,34.0,9/10/2026,,,,,,,,
3759,8/26/2026,227.0,201.0,Dazzling Custodians of Laketon,63.0,Polished Glass Cleaner,cleaning supplies,segA,26.0,42.0,58.8,1528.8,1092.0,436.8,9/10/2026,,,,,,,,
3760,8/26/2026,227.0,201.0,Dazzling Custodians of Laketon,71.0,Spotless Glass Cleaner,cleaning supplies,segA,1.0,31.0,49.6,49.6,31.0,18.6,9/10/2026,,,,,,,,
3761,8/26/2026,227.0,201.0,Dazzling Custodians of Laketon,99.0,Glossy Letter Size Paper,copy paper,segD,1.0,57.0,101.46,101.46,57.0,44.46,9/10/2026,,,,,,,,
3762,24/08/2026,290.0,201.0,Dazzling Custodians of Laketon,26.0,Radiant Sticky Notes,office products,segA,5.0,34.0,47.94,239.7,170.0,69.7,9/1/2026,,,,,,,,
3763,8/24/2026,290.0,201.0,Dazzling Custodians of Laketon,28.0,Immaculate Binder Clips,office products,segA,1.0,29.0,43.79,43.79,29.0,14.79,9/1/2026,,,,,,,,
3764,8/24/2026,290.0,201.0,Dazzling Custodians of Laketon,32.0,Bright Desk Organizers,office products,segA,1.0,44.0,69.08,69.08,44.0,25.08,9/1/2026,,,,,,,,
3765,8/24/2026,290.0,201.0,Dazzling Custodians of Laketon,35.0,Dazzling Staplers,office products,segA,1.0,27.0,42.39,42.39,27.0,15.39,9/1/2026,,,,,,,,
3766,8/24/2026,290.0,201.0,Dazzling Custodians of Laketon,37.0,Bright Recycled Paper,office products,segA,1.0,24.0,35.76,35.76,24.0,11.76,9/1/2026,,,,,,,,
3767,8/24/2026,290.0,201.0,Dazzling Custodians of Laketon,39.0,Immaculate Sticky Notes,office products,segA,2.0,34.0,46.92,93.84,68.0,25.84,9/1/2026,,,,,,,,
3768,8/24/2026,290.0,201.0,Dazzling Custodians of Laketon,40.0,Immaculate Markers,office products,segA,2.0,34.0,50.66,101.32,68.0,33.32,9/1/2026,,,,,,,,
3769,8/24/2026,290.0,201.0,Dazlzing Custodians of Laketon,46.0,Spotless Desk Organizers,office products,segA,1.0,33.0,52.14,52.14,33.0,19.14,9/1/2026,,,,,,,,
3770,8/24/2026,290.0,201.0,Dazzling Custodians of Laketon,47.0,Immaculate Staplers,office products,segA,3.0,24.0,31.2,93.6,72.0,21.6,9/1/2026,,,,,,,,
3771,8/24/2026,290.0,201.0,Dazzling Custodians of Laketon,50.0,Bright Glass Cleaner,cleaning supplies,segA,3.0,23.0,38.64,115.92,69.0,46.92,9/1/2026,,,,,,,,
3772,8/24/2026,290.0,201.0,Dazzling Custodians of Laketon,53.0,Glossy Glass Cleaner,,segA,1.0,36.0,62.28,62.28,36.0,26.28,9/1/2026,,,,,,,,
3773,8/24/2026,290.0,201.0,Dazzling Custodians of Laketon,59.0,Spotless All-Purpose Cleaner,cleaning supplies,segA,1.0,47.0,84.6,84.6,47.0,37.6,9/1/2026,,,,,,,,
3774,8/24/2026,290.0,201.0,Dazzling Custodians of Laketon,63.0,Polished Glass Cleaner,cleaning supplies,segA,19.0,42.0,58.8,1117.2,798.0,319.2,9/1/2026,,,,,,,,
3775,24/08/2026,290.0,201.0,Dazzling Custodians of Laketon,69.0,Gleaming Degreaser,cleaning supplies,segA,2.0,27.0,50.76,102.06,54.0,47.52,9/1/2026,,,,,,,,
3776,8/24/2026,290.0,201.0,Dazzling Custodians of Laketon,70.0,Sleek Air Freshener,cleaning supplies,segA,1.0,33.0,55.77,55.77,33.0,22.77,9/1/2026,,,,,,,,
3777,8/26/2026,228.0,202.0,Pristine Suppliers of Granitecrest,1.0,Sleek Party Napkins,paper & tissue,segA,4.0,29.0,42.05,168.2,116.0,52.2,8/27/2026,,,,,,,,
3778,8/26/2026,228.0,202.0,Pristine Suppliers of Granitecrest,14.0,Spotless Pocket Tissues,paper & tissue,sgeA,2.0,20.0,26.4,158.4,120.0,38.4,8/27/2026,,,,,,,,
3779,8/26/2026,228.0,202.0,Pristine Suppliers of Granitecrest,17.0,Glossy Lunch Napkins,paper & tissue,segA,1.0,31.0,41.23,102.06,31.0,10.23,8/27/2026,,,,,,,,
3780,8/26/2026,228.0,202.0,Pristine Suppliers of Granitecrest,18.0,Pristine Lunch Napkins,,segA,4.0,20.0,29.8,119.2,80.0,39.2,,,,,,,,,
3781,8/26/2026,228.0,202.0,Pristine Suppliers of Granitecrest,19.0,Fresh Party Napkins,paper & tissue,segA,3.0,45.0,66.6,199.8,135.0,64.8,8/27/2026,,,,,,,,
3782,8/26/2026,228.0,202.0,Pristine Suppliers of Granitecrest,22.0,Sparkling Pocket Tissues,paper & tissue,segA,3.0,41.0,56.58,169.74,123.0,46.74,8/27/2026,,,,,,,,
3783,8/26/2026,228.0,202.0,Prsitine Suppliers of Granitecrest,67.0,Sleek Citrus Cleaner,cleaning supplies,segC,1.0,39.0,71.76,71.76,39.0,32.76,8/27/2026,,,,,,,,
3784,8/14/2026,456.0,202.0,Pristine Suppliers of Granitecrest,1.0,Sleek Party Napkins,paper & tissue,segA,4.0,29.0,42.05,168.2,116.0,52.2,8/17/2026,,,,,,,,
3785,8/14/2026,456.0,202.0,Pristine Suppliers of Granitecrest,3.0,Sparkling Party Napkins,paper & tissue,segA,3.0,21.0,29.19,87.57,63.0,24.57,8/17/2026,,,,,,,,
3786,8/14/2026,456.0,202.0,Pristine Suppliers of Granitecrest,14.0,Spotless Pocket Tissues,  paper & tissue ,segA,5.0,20.0,26.4,132.0,100.0,32.0,8/17/2026,,,,,,,,
3787,8/14/2026,456.0,202.0,Pristine Suppliers of Granitecrest,18.0,Pristine Lunch Napkins,paper & tissue,segA,2.0,20.0,29.8,59.6,40.0,19.6,8/17/2026,,,,,,,,
3788,8/14/2026,456.0,202.0,Pristine Suppliers of Granitecrest,19.0,Fresh Party Napkins,paper & tissue,segA,3.0,45.0,66.6,199.8,135.0,64.8,8/17/2026,,,,,,,,
3789,9/3/2026,49.0,203.0,Bright Keepers of Riverburg,2.0,Glossy Party Napkins,paper & tissue,segC,1.0,29.0,45.82,45.82,29.0,16.82,9/11/2026,,,,,,,,
3790,9/3/2026,49.0,203.0,Bright Keepers of Riverburg,7.0,Gleaming Bathroom Tissue,  paper & tissue ,segC,1.0,16.0,23.68,23.68,16.0,7.68,9/11/2026,,,,,,,,
3791,9/3/2026,49.0,203.0,Bright Keepers of Riverburg,30.0,Immaculate Markers,office products,segA,3.0,28.0,44.24,132.72,84.0,48.72,9/11/2026,,,,,,,,
3792,9/3/2026,49.0,203.0,Bright Keepers of Riverburg,32.0,Bright Desk Organizers,office products,segA,6.0,32.344897959183676,60.72,364.32,264.0,100.32,9/11/2026,,,,,,,,
3793,9/3/2026,49.0,203.0,Bright Keepers of Riverburg,33.0,Dazzling File Folders,,segA,1.0,26.0,38.22,38.22,26.0,12.22,9/11/2026,,,,,,,,
3794,9/3/2026,49.0,203.0,Bright Keepers of Riverburg,37.0,Bright Recycled Paper,office products,segA,6.0,24.0,36.96,221.76,144.0,77.76,9/11/2026,,,,,,,,
3795,9/3/2026,49.0,203.0,Bright Keepers of Riverburg,41.0,Dazzling File Folders,office products,segA,3.0,46.0,69.46,208.38,138.0,70.38,9/11/2026,,,,,,,,
3796,9/3/2026,49.0,203.0,Bright Keepers of Riverburg,42.0,Polished Markers,office products,segA,1.0,28.0,41.72,41.72,28.0,13.72,9/11/2026,,,,,,,,
3797,9/3/2026,49.0,203.0,Bright Keepers of Riverburg,65.0,Sparkling Citrus Cleaner,cleaning supplies,segC,1.0,20.0,35.8,35.8,20.0,15.8,9/11/2026,,,,,,,,
3798,9/3/2026,49.0,203.0,Bright Keepers of Riverburg,99.0,Glossy Letter Size Paper,copy paper,segA,6.0,57.0,76.95,461.7,342.0,119.7,9/11/2026,,,,,,,,
3799,9/3/2026,49.0,203.0,Bright Keepers of Riverburg,102.0,Sleek Resume Paper,copy paper,segA,2.0,26.0,39.0,78.0,52.0,26.0,9/11/2026,,,,,,,,
3800,9/3/2026,49.0,203.0,Bright Keepers of Riverburg,108.0,Dazzling Cardstock,copy paper,segA,12.0,21.0,24.57,294.84,252.0,42.84,9/11/2026,,,,,,,,
3801,9/3/2026,49.0,203.0,Bright Keepers of Riverburg,110.0,Pristine Cardstock,copy paper,segA,31.0,42.0,54.6,1692.6,1302.0,390.6,9/11/2026,,,,,,,,
3803,8/31/2026,118.0,203.0,Bright Keepers of Riverburg,11.0,Fresh Lunch Napkins,paper & tissue,,2.0,21.0,33.39,66.78,42.0,24.78,9/1/2026,,,,,,,,
3804,8/31/2026,118.0,203.0,Bright Keepers of Riverburg,25.0,Dazzling Binder Clips,office products,segA,1.0,45.0,60.3,60.3,45.0,15.3,9/1/2026,,,,,,,,
3805,8/31/2026,118.0,203.0,Bright Keepers of Riverburg,28.0,Immaculate Binder Clips,office products,segA,1.0,32.344897959183676,38.57,38.57,29.0,9.57,9/1/2026,,,,,,,,
3806,8/31/2026,118.0,203.0,Bright Keepers of Riverburg,35.0,Dazzling Staplers,office products,segA,5.0,27.0,37.53,187.65,135.0,52.65,9/1/2026,,,,,,,,
3807,8/31/2026,118.0,203.0,Bright Keepers of Riverburg,42.0,Polished Markers,office products,segA,1.0,28.0,41.72,41.72,28.0,37.8,9/1/2026,,,,,,,,
3808,8/31/2026,118.0,203.0,Bright Keepers of Riverburg,43.0,Fresh File Folders,office products,segA,5.0,50.0,66.5,332.5,250.0,82.5,9/1/2026,,,,,,,,
3809,31/08/2026,118.0,203.0,Bright Keepers of Riverburg,79.0,Immaculate Microwave Popcorn,breakroom supplies,segB,1.0,25.0,54.5,54.5,25.0,29.5,9/1/2026,,,,,,,,
3810,8/31/2026,118.0,203.0,Bright Keepers of Riverburg,89.0,Sparkling Disposable Cups,  breakroom supplies ,segB,1.0,21.0,46.83,46.83,21.0,25.83,1/9/2026,,,,,,,,
3811,8/31/2026,118.0,203.0,Bright Keepers of Riverburg,108.0,Dazzling Cardstock,copy paper,segA,9.0,32.344897959183676,24.57,102.06,189.0,32.13,9/1/2026,,,,,,,,
3812,8/31/2026,118.0,203.0,Bright Keepers of Riverburg,110.0,Pristine Cardstock,copy paper,segA,22.0,32.344897959183676,54.6,1201.2,924.0,277.2,9/1/2026,,,,,,,,
3813,8/31/2026,118.0,203.0,Bright Keepers of Riverburg,114.0,Glossy Recycled Paper,copy paper,  segA ,2.0,54.0,84.24,168.48,108.0,60.48,9/1/2026,,,,,,,,
3814,8/31/2026,118.0,203.0,Bright Keepers of Riverburg,114.0,Glossy Recycled Paper,copy paper,segA,6.0,32.0,46.08,276.48,192.0,84.48,9/1/2026,,,,,,,,
3815,8/31/2026,118.0,203.0,Bright Keepers of Riverburg,115.0,Polished Glossy Photo Paper,copy paper,segA,2.0,59.0,90.27,180.54,118.0,62.54,9/1/2026,,,,,,,,
3816,8/31/2026,118.0,203.0,Bright Keepers of Riverburg,116.0,  Immaculate Legal Size Paper ,copy paper,  segA ,2.0,59.0,90.27,180.54,118.0,62.54,9/1/2026,,,,,,,,
3818,8/27/2026,196.0,203.0,Bright Keepers of Riverburg,27.0,Sparkling Sticky Notes,office products,segA,2.0,43.0,63.21,126.42,86.0,40.42,8/28/2026,,,,,,,,
3819,8/27/2026,196.0,203.0,Bright Keepers of Riverburg,30.0,Immaculate Markers,office products,segA,3.0,28.0,44.24,132.72,84.0,48.72,8/28/2026,,,,,,,,
3820,8/27/2026,196.0,203.0,Bright Keepers of Riverburg,32.0,Bright Desk Organizers,office products,segA,6.0,44.0,60.72,364.32,264.0,100.32,8/28/2026,,,,,,,,
3821,8/27/2026,196.0,203.0,Bright Keepers of Riverburg,35.0,Dazzling Staplers,office products,segA,2.0,27.0,37.53,75.06,54.0,21.06,8/28/2026,,,,,,,,
3822,8/27/2026,196.0,203.0,Bright Keepers of Riverburg,41.0,Dazzling File Folders,office products,segA,2.0,46.0,69.46,138.92,92.0,46.92,8/28/2026,,,,,,,,
3823,8/27/2026,196.0,203.0,Bright Keepers of Riverburg,43.0,Fresh File Folders,office products,segA,6.0,50.0,66.5,399.0,300.0,99.0,8/28/2026,,,,,,,,
3824,8/27/2026,196.0,203.0,Bright Keepers of Riverburg,83.0,Spotless Energy Drinks,breakroom supplies,,1.0,26.0,47.84,47.84,26.0,21.84,8/28/2026,,,,,,,,
3825,8/27/2026,196.0,203.0,Bright Keepers of Riverburg,99.0,Glossy Letter Size Paper,copy paper,segA,5.0,57.0,76.95,384.75,285.0,99.75,8/28/2026,,,,,,,,
3826,8/27/2026,196.0,203.0,Bright Keepers of Riverburg,101.0,Radiant Colored Paper,copy paper,sgeA,2.0,60.0,83.4,166.8,120.0,46.8,8/28/2026,,,,,,,,
3827,8/27/2026,196.0,203.0,Bright Keepers of Riverburg,102.0,Sleek Resume Paper,copy paper,segA,2.0,26.0,39.0,78.0,52.0,26.0,28/08/2026,,,,,,,,
3828,8/27/2026,196.0,203.0,Bright Keepers of Riverburg,106.0,Sleek Resume Paper,copy paper,segA,1.0,48.0,67.2,67.2,48.0,19.2,8/28/2026,,,,,,,,
3829,8/27/2026,196.0,203.0,Bright Keepers of Riverburg,114.0,Glossy Recycled Paper,copy paper,segA,3.0,54.0,84.24,252.72,162.0,90.72,28/08/2026,,,,,,,,
3830,8/27/2026,196.0,203.0,Bright Keepers of Riverburg,115.0,Polished Glossy Photo Paper,copy paper,segA,2.0,59.0,90.27,180.54,118.0,62.54,8/28/2026,,,,,,,,
3831,8/25/2026,262.0,203.0,Bright Keepers of Riverburg,25.0,Dazzling Binder Clips,office products,segA,1.0,45.0,60.3,60.3,45.0,15.3,9/2/2026,,,,,,,,
3832,8/25/2026,262.0,203.0,  Bright Keepers of Riverburg ,27.0,Sparkling Sticky Notes,office products,  segA ,3.0,43.0,63.21,189.63,129.0,60.63,9/2/2026,,,,,,,,
3833,8/25/2026,262.0,203.0,Bright Keepers of Riverburg,28.0,Immaculate Binder Clips,office products,segA,1.0,29.0,38.57,38.57,29.0,9.57,9/2/2026,,,,,,,,
3834,8/25/2026,262.0,203.0,Bright Keepers of Riverburg,30.0,Immaculate Markers,office products,segA,4.0,28.0,44.24,176.96,112.0,64.96,9/2/2026,,,,,,,,
3835,8/25/2026,262.0,203.0,Bright Keepers of Riverburg,33.0,Dazzling File Folders,office products,segA,1.0,26.0,38.22,38.22,26.0,12.22,9/2/2026,,,,,,,,
3836,8/25/2026,262.0,203.0,Bright Keepers of Riverburg,35.0,Dazzling Staplers,office products,,4.0,27.0,37.53,150.12,108.0,42.12,9/2/2026,,,,,,,,
3837,8/25/2026,262.0,203.0,Bright Keepers of Riverburg,43.0,Fresh File Folders,office products,segA,3.0,50.0,66.5,199.5,150.0,49.5,9/2/2026,,,,,,,,
3838,8/25/2026,262.0,203.0,  Bright Keepers of Riverburg ,66.0,Radiant Glass Cleaner,cleaning supplies,segC,1.0,32.344897959183676,36.33,36.33,21.0,15.33,9/2/2026,,,,,,,,
3839,8/25/2026,262.0,203.0,Bright Keepers of Riverburg,83.0,Spotless Energy Drinks,,segB,1.0,26.0,47.84,47.84,26.0,37.8,9/2/2026,,,,,,,,
3840,8/25/2026,262.0,203.0,Bright Keepers of Riverburg,99.0,Glossy Letter Size Paper,copy paper,segA,2.0,57.0,76.95,230.85,171.0,59.85,9/2/2026,,,,,,,,
3841,8/25/2026,262.0,203.0,Bright Keepers of Riverburg,102.0,Sleek Resume Paper,copy paper,segA,3.0,26.0,39.0,117.0,63.0,39.0,9/2/2026,,,,,,,,
3842,8/25/2026,262.0,203.0,Bright Keepers of Riverburg,108.0,Dazzling Cardstock,copy paper,segA,6.0,21.0,24.57,147.42,126.0,21.42,9/2/2026,,,,,,,,
3843,8/25/2026,262.0,203.0,Bright Keepers of Riverburg,115.0,Polished Glossy Photo Paper,copy paper,segA,3.0,59.0,90.27,270.81,177.0,93.81,9/2/2026,,,,,,,,
3844,8/14/2026,457.0,203.0,Bright Keepers of Riverburg,25.0,Dazzling Binder Clips,office products,segA,2.0,45.0,60.3,120.6,90.0,30.6,17/08/2026,,,,,,,,
3845,8/14/2026,457.0,203.0,Bright Keepers of Riverburg,30.0,Immaculate Markers,office products,segA,3.0,28.0,44.24,132.72,84.0,48.72,8/17/2026,,,,,,,,
3846,8/14/2026,457.0,203.0,Bright Keepers of Riverburg,32.0,Bright Desk Organizers,office products,segA,5.0,44.0,60.72,303.6,220.0,83.6,8/17/2026,,,,,,,,
3847,8/14/2026,457.0,203.0,Bright Keepers of Riverburg,43.0,Fresh File Folders,office products,segA,5.0,50.0,66.5,332.5,250.0,82.5,8/17/2026,,,,,,,,
3848,8/14/2026,457.0,203.0,Bright Keepers of Riverburg,47.0,Immaculate Staplers,office products,segA,2.0,24.0,31.68,63.36,48.0,15.36,8/17/2026,,,,,,,,
3849,8/14/2026,457.0,203.0,Bright Keepers of Riverburg,52.0,Spotless Air Freshener,cleaning supplies,segC,1.0,49.0,95.06,95.06,49.0,46.06,,,,,,,,,
3850,8/14/2026,457.0,203.0,Bright Keepers of Riverburg,78.0,Glossy Creamers,breakroom uspplies,segB,1.0,27.0,50.49,50.49,27.0,23.49,8/17/2026,,,,,,,,
3851,8/14/2026,457.0,203.0,Bright Keepers of Riverburg,99.0,Glossy Letter Size Paper,copy paper,segA,3.0,57.0,76.95,230.85,171.0,59.85,8/17/2026,,,,,,,,
3852,8/14/2026,457.0,203.0,Bright Keepers of Riverburg,108.0,Dazzling Cardstock,copy paper,segA,6.0,21.0,24.57,147.42,126.0,21.42,8/17/2026,,,,,,,,
3853,8/13/2026,491.0,203.0,Bright Keepers of Riverburg,10.0,Pristine 2-Ply Toilet Paper,paper & tissue,segC,1.0,26.0,40.56,40.56,26.0,14.56,8/14/2026,,,,,,,,
3854,8/13/2026,491.0,203.0,Bright Keepers of Riverburg,11.0,Fresh Lunch aNpkins,paper & tissue,,2.0,21.0,33.39,66.78,42.0,24.78,8/14/2026,,,,,,,,
3855,8/13/2026,491.0,203.0,Bright Keepers of Riverburg,27.0,Sparkling Sticky Notes,office products,segA,3.0,43.0,63.21,189.63,129.0,60.63,8/14/2026,,,,,,,,
3856,8/13/2026,491.0,203.0,Bright Keepers of Riverburg,100.0,Dazzling Legal Size Paper,copy paper,segA,31.0,24.0,27.36,848.16,744.0,104.16,8/14/2026,,,,,,,,
3857,8/13/2026,491.0,203.0,  Bright Keepers of Riverburg ,110.0,Pristine Cardstock,copy paper,segA,2.0,42.0,51.29707511896669,982.8,756.0,226.8,8/14/2026,,,,,,,,
3858,8/13/2026,491.0,203.0,Bright Keepers of Riverburg,115.0,Polished Glossy Photo Paper,  copy paper ,segA,3.0,59.0,90.27,270.81,177.0,93.81,8/14/2026,,,,,,,,
3859,8/12/2026,523.0,203.0,Bright Keepers of Riverburg,1.0,Sleek Party Napkins,paper & tissue,segC,1.0,29.0,43.21,43.21,29.0,14.21,8/13/2026,,,,,,,,
3860,8/12/2026,523.0,203.0,Bright Keepers of Riverburg,32.0,Bright Desk Organizers,office products,segA,5.0,44.0,60.72,303.6,220.0,37.8,8/13/2026,,,,,,,,
3861,8/12/2026,523.0,203.0,Bright Keepers of Riverburg,33.0,Dazzling File Folders,office products,segA,2.0,26.0,51.29707511896669,76.44,52.0,24.44,8/13/2026,,,,,,,,
3862,8/12/2026,523.0,203.0,Bright Keepers of Riverburg,35.0,Dazzling Staplers,office products,segA,2.0,27.0,37.53,102.06,54.0,21.06,8/13/2026,,,,,,,,
3863,8/12/2026,523.0,203.0,Bright Keepers of Riverburg,37.0,Bright Recycled Paper,office products,segA,5.0,24.0,36.96,184.8,120.0,64.8,8/13/2026,,,,,,,,
3864,8/12/2026,523.0,203.0,Bright Keepers of Riverburg,42.0,Polished Markers,office products,segA,1.0,28.0,41.72,41.72,63.0,13.72,8/13/2026,,,,,,,,
3865,8/12/2026,523.0,203.0,Bright Keepers of Riverburg,99.0,Glossy Letter Size Paper,copy paper,segA,3.0,57.0,76.95,230.85,171.0,59.85,8/13/2026,,,,,,,,
3866,8/12/2026,523.0,203.0,Bright Keepers of Riverburg,102.0,Sleek Resume Paper,copy paper,segA,1.0,26.0,39.0,39.0,26.0,13.0,8/13/2026,,,,,,,,
3867,8/12/2026,523.0,203.0,Bright Keepers of Riverburg,105.0,Pristine Graph Paper,copy paper,segA,1.0,52.0,77.48,77.48,52.0,25.48,8/13/2026,,,,,,,,
3868,8/12/2026,523.0,203.0,Bright Keepers of Riverburg,109.0,Immaculate Resume Paper,copy paper,segA,2.0,31.0,40.61,81.22,63.0,19.22,8/13/2026,,,,,,,,
3869,8/12/2026,523.0,203.0,BrightK eepers of Riverburg,110.0,Pristine Cardstock,copy paper,segA,26.0,42.0,54.6,1419.6,1092.0,327.6,8/13/2026,,,,,,,,
3870,8/12/2026,523.0,203.0,Bright Keepers of Riverburg,115.0,Polished Glossy Photo Paper,copy paper,segA,3.0,59.0,90.27,270.81,177.0,37.8,8/13/2026,,,,,,,,
3871,8/25/2026,,203.0,Bright Keepers of Riverburg,37.0,Bright Recycled Paper,office products,segA,4.0,24.0,36.96,147.84,96.0,51.84,9/2/2026,,,,,,,,
3872,14/08/2026,,203.0,Bright Keepers of Riverburg,37.0,Bright Recycled Paper,offic eproducts,,5.0,24.0,36.96,184.8,120.0,64.8,8/17/2026,,,,,,,,
3873,8/21/2026,322.0,204.0,Sleek Facilities of Harborhaven,22.0,Sparkling Pocket Tissues,paper & tissue,segC,1.0,41.0,65.19,65.19,41.0,24.19,8/24/2026,,,,,,,,
3874,8/21/2026,322.0,204.0,Sleek Facilities of Harborhaven,85.0,  Sparkling Microwave Popcorn ,breakroom supplies,segD,1.0,12.0,51.29707511896669,23.52,12.0,37.8,8/24/2026,,,,,,,,
3875,8/17/2026,422.0,204.0,Sleek Facilities of Harborhaven,9.0,Fresh Kitchen Towels,paper & tissue,segC,2.0,32.344897959183676,50.82,101.64,66.0,35.64,8/18/2026,,,,,,,,
3876,8/17/2026,422.0,204.0,Sleek Facilities of Harborhaven,12.0,Immaculate Roll Paper Towels,paper & tissue,segC,2.0,44.0,68.2,136.4,88.0,48.4,8/18/2026,,,,,,,,
3877,8/17/2026,422.0,204.0,Sleek Facilities of Harborhaven,42.0,Polished Markers,office products,segD,2.0,28.0,51.52,103.04,56.0,47.04,,,,,,,,,
3878,8/17/2026,422.0,204.0,Sleek Facilities of Harborhaven,114.0,Glossy Recycled Paper,copy paper,segC,1.0,54.0,77.22,77.22,54.0,23.22,8/18/2026,,,,,,,,
3879,8/11/2026,542.0,204.0,Sleek Facilities of Harborhaven,72.0,Gleaming Glass Cleaner,cleaning supplies,segC,2.0,23.0,45.54,45.54,23.0,22.54,8/12/2026,,,,,,,,
3880,8/11/2026,542.0,204.0,Sleek Facilities of Harborhaven,73.0,Spotless Creamers,breakroom supplies,sgeD,1.0,18.0,43.02,43.02,18.0,25.02,8/12/2026,,,,,,,,
3881,8/11/2026,542.0,204.0,Sleek Facilities of Harborhaven,97.0,Sparkling Legal Size Paper,copy paper,segC,3.0,39.0,61.62,184.86,117.0,67.86,8/12/2026,,,,,,,,
3882,8/27/2026,197.0,205.0,Pristine Stewards of Riverridge,10.0,Pristine 2-Ply Toilet Paper,paper & tissue,segA,4.0,32.344897959183676,39.0,156.0,104.0,52.0,9/4/2026,,,,,,,,
3883,8/27/2026,197.0,205.0,Pristine Stewards of Riverridge,48.0,Fresh Desk Organizers,office products,segC,1.0,29.0,46.4,46.4,63.0,17.4,9/4/2026,,,,,,,,
3884,8/27/2026,197.0,205.0,Pristine Stewards of Riverridge,59.0,Spotless All-Purpose Cleaner,cleaning supplies,segB,1.0,32.344897959183676,81.31,81.31,47.0,37.8,9/4/2026,,,,,,,,
3885,27/08/2026,197.0,205.0,Pristine Stewards of Riverridge,114.0,Glossy Recycled Paper,copy paper,segC,2.0,54.0,80.46,160.92,108.0,52.92,9/4/2026,,,,,,,,
3886,8/27/2026,197.0,205.0,Pristine Stewards of Riverridge,117.0,Dazzling Graph Paper,copy paper,segC,1.0,51.0,51.29707511896669,74.46,51.0,23.46,9/4/2026,,,,,,,,
3887,8/27/2026,197.0,205.0,Pristine Stewards of Riverridge,118.0,Sparkling Cardstock,copy paper,segC,1.0,37.0,62.53,62.53,37.0,25.53,9/4/2026,,,,,,,,
3888,8/18/2026,391.0,205.0,Pristine Stewards of Riverridge,1.0,Sleek Party Napkins,paper & tissue,sgeA,2.0,29.0,41.18,82.36,58.0,24.36,19/08/2026,,,,,,,,
3889,8/18/2026,391.0,205.0,Pristine Stewards of Riverridge,2.0,Glossy Party Napkins,paper & tissue,segA,3.0,29.0,39.15,117.45,87.0,30.45,8/19/2026,,,,,,,,
3890,8/18/2026,391.0,205.0,Pristine Stewards of Riverridge,9.0,Fresh Kitchen Towels,paper & tissue,segA,6.0,33.0,48.51,291.06,198.0,93.06,8/19/2026,,,,,,,,
3891,8/18/2026,391.0,205.0,Pristine Stewards of Riverridge,23.0,Dazzling Roll PaperT owels,,segA,2.0,40.0,52.4,104.8,80.0,24.8,8/19/2026,,,,,,,,
3892,8/18/2026,391.0,205.0,Pristine Stewards of Riverridge,24.0,Sparkling Pocket Tissues,paper & tissue,segA,6.0,18.0,24.66,147.96,108.0,39.96,8/19/2026,,,,,,,,
3893,8/18/2026,391.0,205.0,Pristine Stewards of Riverridge,57.0,Glossy All-Purpose Cleaner,cleaning supplies,segB,1.0,51.0,96.39,96.39,51.0,45.39,8/19/2026,,,,,,,,
3894,8/18/2026,391.0,205.0,Pristine Stewards of Riverridge,70.0,Sleek Air Freshener,cleaning supplies,segB,2.0,33.0,59.07,59.07,33.0,26.07,19/08/2026,,,,,,,,
3895,8/18/2026,391.0,205.0,Pristine Stewards of Riverridge,99.0,Glossy Letter Size Paper,copy paper,segC,1.0,57.0,88.35,88.35,57.0,31.35,8/19/2026,,,,,,,,
3896,8/18/2026,391.0,205.0,Pristien Stewards of Riverridge,117.0,Dazlzing Graph Paper,copy paper,segC,1.0,32.344897959183676,74.46,74.46,51.0,23.46,8/19/2026,,,,,,,,
3897,8/18/2026,391.0,205.0,Pristine Stewards of Riverridge,118.0,Sparkling Cardstock,copy paper,  segC ,1.0,37.0,62.53,62.53,37.0,25.53,8/19/2026,,,,,,,,
3898,8/28/2026,160.0,206.0,Bright Suppliers of Valleyport,5.0,Polished Kitchen Towels,paper & tissue,segB,1.0,35.0,50.75,50.75,35.0,15.75,8/31/2026,,,,,,,,
3899,8/28/2026,160.0,206.0,Bright Suppliers of Valleyport,22.0,Sparkling Pocket Tissues,paper & tissue,segB,1.0,41.0,58.22,58.22,41.0,17.22,8/31/2026,,,,,,,,
3900,8/28/2026,160.0,206.0,Bright Suppliers of Valleyport,32.0,Bright Desk Organizers,office products,segD,1.0,44.0,71.72,71.72,44.0,27.72,8/31/2026,,,,,,,,
3901,28/08/2026,160.0,206.0,Bright Suppliers of Valleyport,107.0,Radiant Glossy Photo Paper,copy paper,segA,1.0,58.0,89.9,102.06,58.0,31.9,31/08/2026,,,,,,,,
3902,8/28/2026,160.0,206.0,Bright Suppliers of Valleyport,113.0,Polished Recycled Paper,copy paper,segA,3.0,36.0,47.16,141.48,108.0,33.48,8/31/2026,,,,,,,,
3904,8/21/2026,323.0,206.0,Bright Suppliers of Valleyport,17.0,Glossy Lunch Napkins,paper & tissue,segB,1.0,31.0,45.57,102.06,31.0,14.57,8/24/2026,,,,,,,,
3905,8/21/2026,323.0,206.0,Bright Suppliers of Valleyport,58.0,Spotless Floor Cleaner,cleaning supplies,segC,1.0,31.0,60.45,60.45,31.0,29.45,,,,,,,,,
3906,8/21/2026,323.0,206.0,Bright Suppliers of Valleyport,95.0,Bright Disposable Cups,breakroom supplies,segD,1.0,13.0,28.6,28.6,13.0,15.6,8/24/2026,,,,,,,,
3907,8/21/2026,323.0,206.0,Bright Suppliers of Valleyport,100.0,Dazzling Legal Size Paper,copy paper,segA,1.0,24.0,51.29707511896669,32.4,24.0,8.4,8/24/2026,,,,,,,,
3908,8/21/2026,323.0,206.0,Bright Suppliers of Valleyport,104.0,Gleaming Glossy Photo Paper,copy paper,segA,3.0,52.0,80.08,240.24,156.0,84.24,24/08/2026,,,,,,,,
3909,8/21/2026,323.0,206.0,Bright Suppliers of Valleyport,110.0,Pristine Cardstock,copy paper,segA,5.0,42.0,60.06,300.3,210.0,90.3,8/24/2026,,,,,,,,
3910,8/21/2026,323.0,206.0,Bright Suppliers of Valleyport,114.0,Glossy Recycled Paper,copy paper,segA,2.0,54.0,76.14,152.28,108.0,44.28,8/24/2026,,,,,,,,
3911,8/21/2026,323.0,206.0,Bright Suppliers of Valleyport,113.0,Polished Recycled Paper,copy paper,segA,6.0,36.0,47.16,282.96,216.0,66.96,8/24/2026,,,,,,,,
3912,8/27/2026,198.0,207.0,Polished Keepers of Lakeport,2.0,Glossy Party Napkins,paper & tissue,segA,3.0,29.0,39.44,118.32,87.0,31.32,8/28/2026,,,,,,,,
3913,8/27/2026,198.0,207.0,  Polished Keepers of Lakeport ,15.0,Sparkling 2-Ply Toilet Paper,paper & tsisue,segA,1.0,43.0,63.21,63.21,43.0,20.21,8/28/2026,,,,,,,,
3914,8/27/2026,198.0,207.0,Polished Keepers of Lakeport,16.0,Dazzling Bathroom Tissue,paper & tissue,segA,2.0,42.0,58.8,117.6,84.0,33.6,8/28/2026,,,,,,,,
3915,8/27/2026,198.0,207.0,Polished Keepers of Lakeport,17.0,Glosys Lunch Napkins,paper & tissue,segA,4.0,31.0,44.64,178.56,124.0,54.56,8/28/2026,,,,,,,,
3916,8/27/2026,198.0,207.0,Polished Keepers of Lakeport,32.0,Bright Desk Organizers,office products,  segA ,6.0,44.0,60.28,361.68,63.0,97.68,8/28/2026,,,,,,,,
3917,8/27/2026,198.0,207.0,Polished Keepers of Lakeport,37.0,Bright Recycled Paper,office products,segA,1.0,24.0,37.44,37.44,24.0,13.44,8/28/2026,,,,,,,,
3918,8/27/2026,198.0,207.0,Polished Keepers of Lakeport,42.0,Polished Markers,office products,segA,3.0,28.0,37.24,111.72,84.0,27.72,8/28/2026,,,,,,,,
3919,8/27/2026,198.0,207.0,Polished Keepers of Lakeport,46.0,Spotless Desk Organizers,office products,segA,1.0,33.0,46.53,46.53,33.0,13.53,8/28/2026,,,,,,,,
3920,8/27/2026,198.0,207.0,Polished Keepers of Lakeport,100.0,Dazzling Legal Size Paper,copy paper,segD,1.0,24.0,39.84,39.84,24.0,15.84,28/08/2026,,,,,,,,
3921,9/4/2026,18.0,209.0,Bright Maintainers of Lakeville,2.0,Glossy Party Napkins,paper & tissue,segA,13.0,29.0,40.02,520.26,377.0,143.26,9/7/2026,,,,,,,,
3922,9/4/2026,18.0,209.0,Bright Maintainers of Lakeville,3.0,Sparkling Party Napkins,paper & tissue,segA,12.0,21.0,30.24,362.88,252.0,110.88,9/7/2026,,,,,,,,
3923,9/4/2026,18.0,209.0,Bright Maintainers of Lakeville,9.0,Fresh Kitchen Towels,paper & tissue,segA,14.0,33.0,46.53,651.42,462.0,189.42,9/7/2026,,,,,,,,
3924,9/4/2026,18.0,209.0,Bright Maintainers of Lakeville,28.0,Immaculate Binder Clips,office products,segA,13.0,29.0,39.15,508.95,377.0,131.95,9/7/2026,,,,,,,,
3925,9/4/2026,18.0,209.0,Bright Maintainers of Lakeville,30.0,Immaculate Markers,office products,segA,9.0,28.0,44.24,398.16,252.0,146.16,9/7/2026,,,,,,,,
3926,9/4/2026,18.0,209.0,Bright Maintainers of Lakeville,31.0,Polished Highlighters,office products,segA,113.0,17.0,22.1,2497.3,1921.0,576.3,9/7/2026,,,,,,,,
3927,9/4/2026,18.0,209.0,Bright Maintainers of Lakeville,37.0,Bright Recycled Paper,,segA,232.0,24.0,30.72,7127.04,5568.0,1559.04,9/7/2026,,,,,,,,
3928,9/4/2026,18.0,209.0,Bright Maintainers of Lakeville,47.0,Immaculate Staplers,office products,segA,8.0,24.0,35.52,284.16,63.0,92.16,9/7/2026,,,,,,,,
3929,9/4/2026,18.0,209.0,Bright Maintainers of Lakeville,50.0,Bright Glass Cleaner,cleaning supplies,segC,1.0,23.0,40.48,40.48,23.0,17.48,9/7/2026,,,,,,,,
3930,9/4/2026,18.0,209.0,Bright Maintainers of Lakeville,73.0,Spotless Creamers,breakroom supplies,segA,3.0,18.0,30.96,92.88,54.0,38.88,9/7/2026,,,,,,,,
3931,9/4/2026,18.0,209.0,Bright Maintainers of Lakeville,76.0,Immaculate Granola Bars,breakroom supplies,segA,3.0,10.0,20.8,62.4,30.0,32.4,9/7/2026,,,,,,,,
3932,9/4/2026,18.0,209.0,Bright Maintainers of Lakeville,80.0,Spotless Instant Soups,breakroom supplies,segA,1.0,17.0,30.6,30.6,17.0,13.6,9/7/2026,,,,,,,,
3933,9/4/2026,18.0,209.0,Bright Maintainers of Lakeville,84.0,Sparkling Creamers,breakroom supplies,segA,9.0,18.0,35.64,320.76,63.0,158.76,9/7/2026,,,,,,,,
3934,9/4/2026,18.0,209.0,Bright Maintainers of Lakeville,87.0,  Glossy Tea Selection ,breakroom supplies,segA,3.0,11.0,20.13,60.39,33.0,27.39,9/7/2026,,,,,,,,
3935,9/4/2026,18.0,209.0,Bright Maintainers of Lakeville,89.0,Sparkling Disposable Cups,breakroom supplies,segA,3.0,21.0,39.27,117.81,63.0,54.81,7/9/2026,,,,,,,,
3936,4/9/2026,18.0,209.0,Bright Maintainers of Lakeville,91.0,Glossy Microwave Popcorn,breakroom supplies,segA,2.0,29.0,53.94,107.88,58.0,49.88,9/7/2026,,,,,,,,
3937,9/4/2026,18.0,209.0,  Bright Maintainers of Lakeville ,92.0,Glossy Instant Soups,,segA,3.0,24.0,42.48,127.44,72.0,55.44,9/7/2026,,,,,,,,
3938,9/4/2026,18.0,209.0,Bright Maintainers of Lakeville,97.0,Sparkling Legal Size Paper,copy paper,segA,16.0,39.0,56.94,911.04,624.0,287.04,9/7/2026,,,,,,,,
3939,9/4/2026,18.0,209.0,Bright Maintainers of Lakeville,100.0,Dazzling Legal Size Paper,copy paper,segA,2.0,24.0,31.44,220.08,168.0,52.08,9/7/2026,,,,,,,,
3940,9/4/2026,18.0,209.0,Bright Maintainers of Lakeville,110.0,  Pristine Cardstock ,copy paper,segA,11.0,42.0,63.42,697.62,462.0,235.62,7/9/2026,,,,,,,,
3941,9/4/2026,18.0,209.0,Bright Maintainers of Lakeville,118.0,Sparkling Cardstock,copy paper,segA,10.0,37.0,51.06,510.6,370.0,140.6,9/7/2026,,,,,,,,
3942,9/4/2026,18.0,209.0,Bright Maintainers of Lakeville,120.0,Sparkling Letter Size Paper,copy paper,segA,7.0,45.0,65.25,456.75,315.0,141.75,9/7/2026,,,,,,,,
3943,8/31/2026,119.0,209.0,Bright Maintainers of Lakeville,3.0,Sparkling Party Napkins,paper & tissue,segA,12.0,21.0,30.24,362.88,252.0,110.88,9/1/2026,,,,,,,,
3944,8/31/2026,119.0,209.0,Bright Maintainers of Lakeville,5.0,Polished Kitchen Towels,paper & tissue,segA,126.0,35.0,40.6,5115.6,4410.0,705.6,9/1/2026,,,,,,,,
3945,8/31/2026,119.0,209.0,Bright Maintainers of Lakeville,15.0,Sparkling 2-Ply Toilet Paper,paper & tissue,segA,9.0,43.0,58.48,526.32,63.0,139.32,1/9/2026,,,,,,,,
3946,8/31/2026,119.0,209.0,Bright Maintainers of Lakeville,16.0,Dazzling Bathroom Tissue,paper & tissue,segA,15.0,42.0,58.38,875.7,630.0,245.7,9/1/2026,,,,,,,,
3947,31/08/2026,119.0,209.0,Bright Maintainers of Lakeville,21.0,Glossy Facial Tissues,paper & tissue,segA,9.0,47.0,66.74,600.66,423.0,177.66,9/1/2026,,,,,,,,
3948,8/31/2026,119.0,209.0,Bright Maintainers of Lakeville,23.0,Dazzling Roll Paper Towels,paper & tissue,segA,5.0,40.0,53.2,266.0,200.0,66.0,9/1/2026,,,,,,,,
3949,8/31/2026,119.0,209.0,Bright Maintainers of Lakeville,28.0,Immaculate Binder Clips,office products,segA,14.0,29.0,39.15,548.1,406.0,142.1,9/1/2026,,,,,,,,
3950,8/31/2026,119.0,209.0,Bright Maintainers of Lakeville,29.0,Dazzling Paper Clips,office products,segA,7.0,37.0,52.17,365.19,259.0,106.19,9/1/2026,,,,,,,,
3951,8/31/2026,119.0,209.0,Bright Maintainers of Lakeville,30.0,Immaculate Markers,office products,segA,12.0,28.0,44.24,530.88,336.0,194.88,9/1/2026,,,,,,,,
3952,8/31/2026,119.0,209.0,Bright Maintainers of Lakeville,40.0,Immaculate Markers,office products,segA,23.0,34.0,53.38,1227.74,782.0,445.74,9/1/2026,,,,,,,,
3953,8/31/2026,119.0,209.0,Bright Maintainers of Lakeville,43.0,Fresh File Folders,office products,segA,12.0,50.0,68.0,816.0,600.0,216.0,9/1/2026,,,,,,,,
3954,8/31/2026,119.0,209.0,Bright Maintainers of Lakeville,44.0,Gleaming Recycled Paper,office products,segA,8.0,32.344897959183676,47.26,378.08,272.0,106.08,9/1/2026,,,,,,,,
3955,8/31/2026,119.0,209.0,Bright Maintainers of Lakeville,75.0,  Fresh Microwave Popcorn ,breakroom supplies,,2.0,18.0,33.48,66.96,36.0,30.96,9/1/2026,,,,,,,,
3956,8/31/2026,119.0,209.0,Bright Maintainers of Lakeville,77.0,Sleek Disposable Cups,breakroom supplies,segA,5.0,25.0,45.5,227.5,125.0,102.5,9/1/2026,,,,,,,,
3957,8/31/2026,119.0,209.0,Bright Maintainers of Lakeville,85.0,Sparkling Microwave Popcorn,breakroom supplies,segA,3.0,12.0,21.96,65.88,36.0,29.88,9/1/2026,,,,,,,,
3958,8/31/2026,119.0,209.0,Bright Maintainers of Lakeville,87.0,Glossy Tea Selection,breakroom supplies,segA,3.0,11.0,20.13,60.39,63.0,27.39,9/1/2026,,,,,,,,
3959,31/08/2026,119.0,209.0,Bright Maintainers of Lakeville,88.0,Gleaming Coffee Beans,breakroom supplies,segA,5.0,18.0,37.44,187.2,90.0,97.2,1/9/2026,,,,,,,,
3960,8/31/2026,119.0,209.0,Bright Maintainers of Lakeville,97.0,Sparkling Legal Size Paper,copy paper,segA,11.0,39.0,56.94,626.34,429.0,197.34,9/1/2026,,,,,,,,
3961,8/31/2026,119.0,209.0,Bright Maintainers of Lakeville,104.0,Gleaming Glossy Photo Paper,copy paper,segA,14.0,52.0,83.2,1164.8,728.0,436.8,9/1/2026,,,,,,,,
3962,8/31/2026,119.0,209.0,Bright Maintainers of Lakeville,110.0,Pristine Cardstock,copy paper,segA,7.0,42.0,63.42,443.94,294.0,149.94,9/1/2026,,,,,,,,
3963,8/26/2026,229.0,209.0,Bright Maintainers of Lakeville,2.0,Glossy Party Napkins,paper & tissue,sgeA,11.0,29.0,40.02,440.22,319.0,121.22,9/10/2026,,,,,,,,
3964,8/26/2026,229.0,209.0,Bright Maintainers of Lakeville,3.0,Sparkling Party Napkins,paper & tissue,,10.0,21.0,30.24,302.4,210.0,92.4,9/10/2026,,,,,,,,
3965,8/26/2026,229.0,209.0,Bright Maintainers of Lakeville,4.0,Bright Bathroom Tissue,paper & tissue,esgA,9.0,26.0,37.96,341.64,234.0,107.64,9/10/2026,,,,,,,,
3966,8/26/2026,229.0,209.0,Bright Maintainers of Lakeville,7.0,Gleaming Bathroom Tissue,paper & tissue,segA,13.0,16.0,20.96,272.48,208.0,64.48,9/10/2026,,,,,,,,
3967,8/26/2026,229.0,209.0,Bright Maintainers of Lakeville,9.0,Fresh Kitchen Towels,paper & tissue,segA,12.0,33.0,46.53,558.36,396.0,162.36,9/10/2026,,,,,,,,
3968,8/26/2026,229.0,209.0,Bright Maintainers of Lakeville,15.0,Sparkling 2-Ply Toilet Paper,paper & tissue,segA,4.0,43.0,58.48,233.92,172.0,61.92,9/10/2026,,,,,,,,
3969,26/08/2026,229.0,209.0,Bright Maintainers of Lakeville,17.0,Glossy Lunch Napkins,paper & tissue,segA,9.0,31.0,42.47,382.23,279.0,103.23,9/10/2026,,,,,,,,
3970,8/26/2026,229.0,209.0,Bright Maintainers of Lakeville,23.0,Dazzling Roll Paper Towels,paper & tissue,segA,5.0,40.0,53.2,266.0,200.0,66.0,9/10/2026,,,,,,,,
3971,8/26/2026,229.0,209.0,Bright Maintainers of Lakeville,31.0,Polished Highlighters,office products,segA,95.0,17.0,22.1,2099.5,1615.0,484.5,9/10/2026,,,,,,,,
3972,8/26/2026,229.0,209.0,Bright Maintainers of Lakeville,35.0,Dazzling Staplers,office products,segA,17.0,27.0,51.29707511896669,683.91,459.0,224.91,9/10/2026,,,,,,,,
3973,8/26/2026,229.0,209.0,Bright Maintainers of Lakeville,38.0,Radiant Pens,office products,segA,17.0,17.0,23.29,395.93,289.0,106.93,9/10/2026,,,,,,,,
3974,8/26/2026,229.0,209.0,Bright Maintainers of Lakeville,44.0,Gleaming Recycled Paper,office products,segA,4.0,34.0,47.26,189.04,136.0,53.04,9/10/2026,,,,,,,,
3975,8/26/2026,229.0,209.0,Bright Maintainers of Lakeville,50.0,Bright Glass Cleaner,cleanin gsupplies,segC,1.0,23.0,51.29707511896669,40.48,23.0,17.48,9/10/2026,,,,,,,,
3976,8/26/2026,229.0,209.0,Bright Maintainers of Lakeville,63.0,Polished Glass Cleaner,cleaning supplies,segC,1.0,32.344897959183676,77.28,77.28,42.0,35.28,9/10/2026,,,,,,,,
3977,8/26/2026,229.0,209.0,Bright Maintainers of Lakeville,77.0,Sleek Disposable Cups,breakroom supplies,segA,8.0,25.0,45.5,364.0,200.0,164.0,9/10/2026,,,,,,,,
3978,8/26/2026,229.0,209.0,Bright Maintainers of Lakeville,84.0,Sparkling Creamers,breakroom supplies,segA,9.0,18.0,35.64,320.76,162.0,37.8,9/10/2026,,,,,,,,
3979,8/26/2026,229.0,209.0,Bright Maintainers of Laekville,85.0,Sparkling Microwave Popcorn,breakroom supplies,segA,3.0,12.0,21.96,65.88,36.0,37.8,9/10/2026,,,,,,,,
3980,8/26/2026,229.0,209.0,Bright Maintainers of Lakeville,86.0,Dazzling Instant Soups,breakroom supplies,segA,9.0,16.0,31.04,279.36,144.0,135.36,9/10/2026,,,,,,,,
3981,8/26/2026,229.0,209.0,Bright Maintainers of Lakeville,87.0,Glossy Tea Selection,breakroom supplies,segA,1.0,11.0,20.13,20.13,11.0,9.13,9/10/2026,,,,,,,,
3982,8/26/2026,229.0,209.0,Bright Maintainers of Lakeville,97.0,Sparkling Legal Size Paper,  copy paper ,segA,16.0,39.0,56.94,911.04,624.0,287.04,9/10/2026,,,,,,,,
3983,8/26/2026,229.0,209.0,Bright Maintainers of Lakeville,100.0,Dazzling Legal Size Paper,copy paper,segA,10.0,24.0,51.29707511896669,314.4,240.0,74.4,9/10/2026,,,,,,,,
3984,8/26/2026,229.0,209.0,Bright Maintainers of Lakeville,115.0,Polished Glossy Photo Paper,copy paper,segA,28.0,59.0,84.96,2378.88,1652.0,726.88,9/10/2026,,,,,,,,
3985,8/26/2026,229.0,209.0,Bright Maintainers of Lakeville,118.0,Sparkling Cardstock,copy paper,segA,9.0,37.0,51.06,459.54,333.0,126.54,9/10/2026,,,,,,,,
3986,8/26/2026,229.0,209.0,Bright Maintainers of Lakeville,120.0,Sparkling Letter Size Paper,copy paper,segA,11.0,45.0,65.25,717.75,495.0,222.75,9/10/2026,,,,,,,,
3987,8/25/2026,263.0,209.0,  Bright Maintainers of Lakeville ,3.0,Sparkling Party Napkins,paper & tissue,segA,7.0,21.0,30.24,211.68,147.0,64.68,8/26/2026,,,,,,,,
3988,8/25/2026,263.0,209.0,Bright Maintainers of Lakeville,16.0,Dazzling Bathroom Tissue,paper & tissue,segA,8.0,42.0,58.38,467.04,336.0,131.04,8/26/2026,,,,,,,,
3989,25/08/2026,263.0,209.0,Bright Maintainers of Lakeville,21.0,Glossy Facial Tissues,paper & tissue,segA,12.0,47.0,66.74,800.88,564.0,236.88,26/08/2026,,,,,,,,
3990,8/25/2026,263.0,209.0,Bright Maintainers of Lakeville,23.0,Dazzling Roll Paper Towels,paper & tissue,segA,4.0,40.0,51.29707511896669,212.8,160.0,52.8,8/26/2026,,,,,,,,
3991,8/25/2026,263.0,209.0,Bright Maintainers of Lakeville,29.0,Dazzling Paper Clips,office products,segA,10.0,37.0,52.17,521.7,370.0,151.7,8/26/2026,,,,,,,,
3992,8/25/2026,263.0,209.0,Bright Maintainers of Lakeville,30.0,Immaculate Markers,office products,  segA ,11.0,28.0,44.24,486.64,308.0,37.8,8/26/2026,,,,,,,,
3993,8/25/2026,263.0,209.0,Bright Maintainers of Lakeville,37.0,Bright Recycled Paper,office products,segA,220.0,24.0,30.72,6758.4,5280.0,1478.4,8/26/2026,,,,,,,,
3994,8/25/2026,263.0,209.0,Bright Maintainers of Lakeville,40.0,Immaculate Markers,office products,segA,14.0,34.0,53.38,747.32,476.0,271.32,8/26/2026,,,,,,,,
3995,8/25/2026,263.0,209.0,Bright Maintainers of Lakeville,77.0,Sleek Disposable Cups,breakroom supplies,segA,7.0,25.0,45.5,318.5,175.0,143.5,8/26/2026,,,,,,,,
3996,8/25/2026,263.0,209.0,  Bright Maintainers of Lakeville ,80.0,Spotless Instant Soups,breakroom supplies,segA,1.0,17.0,30.6,30.6,17.0,13.6,8/26/2026,,,,,,,,
3997,8/25/2026,263.0,209.0,Bright Maintainers of Lakeville,84.0,Sparkling Creamers,breakroom supplies,segA,6.0,18.0,35.64,213.84,108.0,105.84,8/26/2026,,,,,,,,
3998,8/25/2026,263.0,209.0,Bright Maintainers of Lakeville,85.0,Sparkling Microwave Popcorn,breakroom supplies,esgA,6.0,12.0,21.96,131.76,72.0,59.76,8/26/2026,,,,,,,,
3999,8/25/2026,263.0,209.0,Bright Maintainers of Lakeville,86.0,Dazzling Instant Soups,breakroom supplies,segA,2.0,16.0,31.04,102.06,112.0,105.28,8/26/2026,,,,,,,,
4000,8/25/2026,263.0,209.0,Bright Maintainers of Lakeville,87.0,Glossy Tea Seelction,breakroom supplies,segA,1.0,11.0,20.13,20.13,11.0,9.13,8/26/2026,,,,,,,,
4001,8/25/2026,263.0,209.0,Bright Maintainers of Lakeville,88.0,Gleaming Coffee Beans,breakroom supplies,  segA ,4.0,18.0,37.44,149.76,63.0,77.76,8/26/2026,,,,,,,,
4002,8/25/2026,263.0,209.0,Bright Maintainers of Lakeville,99.0,Glossy Letter Size Paper,copy paper,segA,14.0,57.0,78.09,1093.26,798.0,295.26,8/26/2026,,,,,,,,
4003,8/25/2026,263.0,209.0,Bright Maintainers of Lakeville,109.0,Immaculate Resume Paper,copy paper,segA,27.0,31.0,49.29,1330.83,837.0,493.83,8/26/2026,,,,,,,,
4004,8/25/2026,263.0,209.0,Bright Maintainers of Lakeville,115.0,Polished Glossy Photo Paper,copy paper,segA,28.0,59.0,84.96,102.06,1652.0,726.88,8/26/2026,,,,,,,,
4006,8/20/2026,352.0,209.0,Bright Maintainers of Lakeville,2.0,Glossy Party Napkins,paper & tissue,segA,11.0,29.0,40.02,440.22,319.0,121.22,8/21/2026,,,,,,,,
4007,8/20/2026,352.0,209.0,Bright Maintainers of Lakeville,4.0,Bright Bathroom Tissue,paper & tissue,segA,11.0,26.0,37.96,417.56,63.0,131.56,8/21/2026,,,,,,,,
4008,8/20/2026,352.0,209.0,Bright Maintainers of Lakeville,9.0,Fresh Kitchen Towels,paper & tissue,segA,16.0,33.0,46.53,744.48,528.0,216.48,8/21/2026,,,,,,,,
4009,8/20/2026,352.0,209.0,Bright Maintainers of Lakeville,17.0,Glossy Lunch Napkins,paper & tissue,segA,10.0,31.0,42.47,424.7,310.0,114.7,8/21/2026,,,,,,,,
4010,8/20/2026,352.0,209.0,Bright Maintainers of Lakeville,21.0,Glossy Facial Tissues,paper & tissue,segA,9.0,47.0,66.74,600.66,63.0,177.66,8/21/2026,,,,,,,,
4011,8/20/2026,352.0,209.0,Bright Maintainers of Lakeville,31.0,Polished Highlighters,office products,segA,123.0,17.0,22.1,2718.3,2091.0,627.3,21/08/2026,,,,,,,,
4012,8/20/2026,352.0,209.0,Bright Maintainers of Lakeville,40.0,Immaculate Markers,office products,segA,13.0,34.0,53.38,693.94,442.0,251.94,8/21/2026,,,,,,,,
4013,8/20/2026,352.0,209.0,Bright Maintainers of Lakeville,46.0,Spotless Desk Organizers,office products,segA,15.0,33.0,51.29707511896669,737.55,495.0,242.55,8/21/2026,,,,,,,,
4014,8/20/2026,352.0,209.0,Bright Maintainers of Lakeville,80.0,Spotless Instant Soups,breakroom supplies,,3.0,17.0,30.6,91.8,51.0,40.8,8/21/2026,,,,,,,,
4015,8/20/2026,352.0,209.0,Bright Maintainers of Lakeville,87.0,Glossy Tea Selection,breakroom supplies,segA,1.0,11.0,20.13,20.13,11.0,9.13,8/21/2026,,,,,,,,
4016,8/20/2026,352.0,209.0,Bright Maintainers of Lakeville,88.0,Gleaming Coffee Beans,breakroom supplies,segA,4.0,18.0,37.44,149.76,72.0,77.76,8/21/2026,,,,,,,,
4017,8/20/2026,352.0,209.0,Bright Maintainers of Lakeville,97.0,Sparkling Legal Size Paper,copy paper,segA,18.0,39.0,56.94,102.06,702.0,322.92,8/21/2026,,,,,,,,
4018,8/20/2026,352.0,209.0,Bright Maintainers of Lakeville,100.0,Dazzling Legal Size Paper,copy paper,segA,8.0,24.0,31.44,251.52,192.0,59.52,8/21/2026,,,,,,,,
4019,8/20/2026,352.0,209.0,Bright Maintainers of Lakeville,108.0,Dazzling Cardsotck,copy paper,segA,14.0,21.0,28.35,396.9,294.0,102.9,8/21/2026,,,,,,,,
4020,8/20/2026,352.0,209.0,Bright Maintainers of Lakeville,110.0,Pristine Cardstock,copy paper,segA,14.0,42.0,63.42,887.88,588.0,299.88,8/21/2026,,,,,,,,
4021,8/20/2026,352.0,209.0,Bright Maintainers of Lakeville,115.0,Polished Glossy Photo Paper,,segA,26.0,59.0,84.96,2208.96,1534.0,674.96,8/21/2026,,,,,,,,
4022,8/20/2026,352.0,209.0,Bright Maintainers of Lakeville,120.0,Sparkling Letter Size Paper,  copy paper ,segA,9.0,45.0,65.25,587.25,405.0,182.25,8/21/2026,,,,,,,,
4024,8/14/2026,458.0,209.0,Bright Maintainers of Lakeville,4.0,Bright Bathroom Tissue,paper & tissue,segA,17.0,26.0,37.96,645.32,442.0,203.32,8/17/2026,,,,,,,,
4025,8/14/2026,458.0,209.0,Bright Maintainers of Lakeville,28.0,Immaculate Binder Clips,office products,segA,9.0,29.0,39.15,352.35,261.0,91.35,8/17/2026,,,,,,,,
4026,8/14/2026,458.0,209.0,Bright Maintainers of Lakeville,40.0,Immaculate Markers,office products,segA,17.0,34.0,53.38,907.46,578.0,329.46,8/17/2026,,,,,,,,
4027,8/14/2026,458.0,209.0,Bright Maintainers of Lakeville,77.0,Sleek Disposable Cups,breakroom supplies,  segA ,8.0,32.344897959183676,45.5,364.0,200.0,164.0,8/17/2026,,,,,,,,
4028,8/14/2026,458.0,209.0,Bright Maintainers of Lakeville,84.0,Sparkling Creamers,breakroom supplies,segA,8.0,18.0,35.64,285.12,144.0,141.12,8/17/2026,,,,,,,,
4029,8/14/2026,458.0,209.0,Bright Maintainers of Lakeville,85.0,Sparkling Microwave Popcorn,breakroom supplies,segA,4.0,12.0,21.96,87.84,48.0,39.84,8/17/2026,,,,,,,,
4030,8/14/2026,458.0,209.0,Bright Maintainers of Lakeville,88.0,Gleaming Coffee Beans,berakroom supplies,segA,2.0,18.0,37.44,112.32,54.0,58.32,8/17/2026,,,,,,,,
4031,8/14/2026,458.0,209.0,Bright Maintainers of Lakeville,89.0,Sparkling Disposable Cups,breakroom supplies,segA,5.0,21.0,39.27,196.35,105.0,91.35,,,,,,,,,
4032,8/14/2026,458.0,209.0,Bright Maintainers of Lakeville,92.0,Glossy Instant Soups,,segA,5.0,24.0,42.48,212.4,120.0,92.4,8/17/2026,,,,,,,,
4033,14/08/2026,458.0,209.0,Bright Maintainers of Lakeville,105.0,Pristine Graph Paper,copy paper,segA,24.0,52.0,69.16,1659.84,1248.0,411.84,8/17/2026,,,,,,,,
4034,8/14/2026,458.0,209.0,Bright Maintainers of Lakeville,110.0,  Pristine Cardstock ,copy paper,segA,11.0,42.0,63.42,697.62,462.0,235.62,8/17/2026,,,,,,,,
4035,8/14/2026,458.0,209.0,Bright Maintainers of Lakeville,118.0,Sparkling Cardstock,copy paper,segA,12.0,37.0,51.06,612.72,444.0,168.72,8/17/2026,,,,,,,,
4036,8/12/2026,524.0,209.0,Bright Maintainers of Lakeville,4.0,Bright Bathroom Tissue,paper & tissue,segA,15.0,26.0,37.96,569.4,390.0,37.8,8/13/2026,,,,,,,,
4037,8/12/2026,524.0,209.0,Bright Maintainers of Lakeville,10.0,Pristine 2-Ply Toilet Paper,paper & tissue,segA,12.0,26.0,35.1,421.2,312.0,109.2,8/13/2026,,,,,,,,
4038,8/12/2026,524.0,209.0,Bright Maintainers of Lakeville,17.0,Glossy Lunch Napkins,paper & tissue,segA,6.0,31.0,42.47,254.82,63.0,68.82,8/13/2026,,,,,,,,
4039,8/12/2026,524.0,209.0,Bright Maintainers of Lakeville,23.0,Dazzling Roll Paper Towels,paper & tissue,segA,4.0,40.0,53.2,212.8,160.0,52.8,8/13/2026,,,,,,,,
4040,8/12/2026,524.0,209.0,Bright Maintainers of Lakeville,28.0,Immaculate Binder Clips,office products,segA,18.0,29.0,39.15,704.7,522.0,37.8,,,,,,,,,
4041,8/12/2026,524.0,209.0,Bright Maintainers of Lakeville,29.0,Dazzling Paper Clips,office products,segA,7.0,37.0,52.17,365.19,259.0,106.19,8/13/2026,,,,,,,,
4042,8/12/2026,524.0,209.0,Bright Maintainers of Lakeville,31.0,Polished Highlighters,office products,segA,105.0,17.0,22.1,2320.5,63.0,535.5,8/13/2026,,,,,,,,
4043,8/12/2026,524.0,209.0,Bright Maintainers of Lakeville,78.0,Glossy Craemers,,segA,8.0,27.0,49.41,395.28,216.0,37.8,8/13/2026,,,,,,,,
4044,8/12/2026,524.0,209.0,Bright Maintainers of Lakeville,84.0,Sparkling Creamers,breakroom supplies,segA,4.0,18.0,35.64,142.56,72.0,70.56,8/13/2026,,,,,,,,
4045,12/8/2026,524.0,209.0,Bright Maintainers of Lakeville,85.0,Sparkling Microwave Pocporn,breakroom supplies,segA,3.0,12.0,21.96,65.88,36.0,29.88,13/08/2026,,,,,,,,
4046,8/12/2026,524.0,209.0,Bright Maintainers of Lakeville,86.0,Dazzling Instatn Soups,breakroom supplies,segA,7.0,16.0,31.04,217.28,112.0,105.28,8/13/2026,,,,,,,,
4047,8/12/2026,524.0,209.0,Bright Maintainers of Lakeville,97.0,Sparkling Legal Size Paper,copy paper,segA,14.0,39.0,56.94,797.16,546.0,251.16,8/13/2026,,,,,,,,
4048,8/12/2026,524.0,209.0,Bright Maintainers of Lakeville,104.0,Gleamnig Glossy Photo Paper,copy paper,segA,19.0,52.0,83.2,1580.8,988.0,592.8,8/13/2026,,,,,,,,
4049,8/12/2026,524.0,209.0,Bright Maintainers of Lakeville,105.0,Pristine Graph Paper,copy paper,segA,2.0,52.0,51.29707511896669,1659.84,1248.0,411.84,8/13/2026,,,,,,,,
4050,8/12/2026,524.0,209.0,Bright Maintainers of Lakeville,118.0,Sparkling Cardstock,copy paper,segA,12.0,37.0,51.06,612.72,63.0,168.72,8/13/2026,,,,,,,,
4051,8/12/2026,524.0,209.0,Bright Maintainers of Lakeville,120.0,Sparkling Letter Size Paper,copy paper,segA,7.0,45.0,65.25,456.75,315.0,141.75,8/13/2026,,,,,,,,
4053,8/26/2026,,209.0,Bright Maintainers of Lakeville,80.0,  Spotless Instant Soups ,breakroom supplies,segA,2.0,17.0,51.29707511896669,61.2,34.0,27.2,9/10/2026,,,,,,,,
4054,8/20/2026,,209.0,Bright Maintainers of Lakeville,29.0,Dazzling Paper Clips,office products,segA,12.0,37.0,52.17,626.04,444.0,182.04,8/21/2026,,,,,,,,
4055,8/14/2026,,209.0,Bright Maintainers of Lakeville,29.0,Dazzling Paper Clips,office products,,8.0,37.0,52.17,417.36,296.0,121.36,8/17/2026,,,,,,,,
4056,8/13/2026,492.0,210.0,Pristine Providers of Lakeburg,47.0,Immaculate Staplers,office products,segB,1.0,24.0,38.16,38.16,24.0,14.16,8/14/2026,,,,,,,,
4057,8/13/2026,492.0,210.0,Bright Maintainers of Lakeville,81.0,Polished Stirrers,breakroom supplies,segA,52.0,22.0,33.0,1716.0,1144.0,572.0,8/14/2026,,,,,,,,
4058,13/08/2026,492.0,210.0,Pristine Providers of Lakeburg,87.0,Glossy Tea Selection,breakroom supplies,segA,1.0,11.0,22.22,22.22,11.0,11.22,8/14/2026,,,,,,,,
4059,8/13/2026,492.0,210.0,Pristine Providers of Lakeburg,88.0,Gleaming Coffee Beans,breakroom supplies,segA,29.0,18.0,27.0,783.0,522.0,261.0,8/14/2026,,,,,,,,
4060,8/13/2026,492.0,210.0,Pristine Providers of Lakeburg,90.0,Dazzling Instant Soups,breakroom supplies,segA,1.0,24.0,48.96,48.96,24.0,24.96,8/14/2026,,,,,,,,
4061,8/13/2026,492.0,210.0,Pristine Providers of Lakeburg,93.0,Gleaming Microwave Popcorn,breakroom supplies,segA,1.0,20.0,41.2,41.2,20.0,21.2,8/14/2026,,,,,,,,
4062,8/13/2026,492.0,210.0,  Pristine Providers of Lakeburg ,95.0,Bright Disposable Cups,breakroom supplies,segA,1.0,13.0,26.91,26.91,13.0,13.91,14/08/2026,,,,,,,,
4063,8/10/2026,572.0,210.0,Pristine Providers of Lakeburg,64.0,Bright Glass Cleaner,cleaning supplies,segD,1.0,32.0,64.64,64.64,32.0,32.64,8/11/2026,,,,,,,,
4064,8/10/2026,572.0,210.0,Pristine Providers of Lakeburg,81.0,Polished Stirrers,breakroom supplies,segA,46.0,22.0,33.0,1518.0,1012.0,506.0,,,,,,,,,
4065,8/10/2026,572.0,210.0,Pristine Providers of Lakeburg,87.0,Glossy Tea Selection,breakroom supplies,segA,1.0,11.0,22.22,22.22,63.0,11.22,,,,,,,,,
4066,10/8/2026,572.0,210.0,Pristine Providers of Lakeburg,88.0,Gleaming Coffee Beans,breakroom supplies,segA,29.0,18.0,27.0,783.0,522.0,261.0,8/11/2026,,,,,,,,
4067,8/10/2026,572.0,210.0,Pristine Providers of Lakeburg,90.0,Dazzling Instant Soups,breakroom supplies,segA,1.0,24.0,51.29707511896669,48.96,24.0,24.96,8/11/2026,,,,,,,,
4068,8/10/2026,572.0,210.0,Pristine Providers of Lakeburg,94.0,Pristine Instant Soups,breakroom supplies,segA,2.0,7.0,12.53,25.06,14.0,11.06,8/11/2026,,,,,,,,
4069,8/13/2026,,210.0,Pristine Providers of Lakeburg,94.0,Pristine Instant Soups,breakroom supplies,segA,2.0,7.0,12.53,25.06,14.0,11.06,8/14/2026,,,,,,,,
4070,8/26/2026,230.0,211.0,Sparkling Providers of Bayton,25.0,Dazzling Binder Clips,,segA,7.0,45.0,51.75,362.25,315.0,47.25,8/27/2026,,,,,,,,
4071,8/26/2026,230.0,211.0,Sparkling Providers of Bayton,31.0,Polished Highlighters,office products,segA,3.0,17.0,25.16,75.48,51.0,24.48,8/27/2026,,,,,,,,
4072,8/26/2026,230.0,211.0,Sparkling Providers of Bayton,39.0,Immaculate Sticky Notes,office products,segA,1.0,34.0,46.58,46.58,34.0,12.58,8/27/2026,,,,,,,,
4073,8/26/2026,230.0,211.0,Sparkling Providers of Bayton,41.0,Dazzling File Folders,office products,segA,9.0,46.0,51.06,459.54,414.0,45.54,8/27/2026,,,,,,,,
4074,8/26/2026,230.0,211.0,Sparkling Providers of Bayton,94.0,Pristine Instant Soups,breakroom supplies,segB,1.0,7.0,15.33,15.33,7.0,8.33,8/27/2026,,,,,,,,
4075,8/11/2026,543.0,211.0,Sparkling Providers of Bayton,28.0,Immaculate Binder Clips,office products,segA,1.0,29.0,41.76,41.76,29.0,12.76,8/12/2026,,,,,,,,
4076,8/11/2026,543.0,211.0,Sparkling Providers of Bayton,32.0,Bright Desk Organizers,office products,segA,3.0,44.0,60.72,182.16,132.0,50.16,,,,,,,,,
4077,8/11/2026,543.0,211.0,Sparkling Providers of Bayton,34.0,Radiant Staplers,office products,segA,46.0,24.0,31.2,1435.2,1104.0,331.2,8/12/2026,,,,,,,,
4078,8/11/2026,543.0,211.0,Sparkling Providers of Bayton,40.0,Immaculate Markers,office products,segA,4.0,34.0,47.26,189.04,136.0,53.04,8/12/2026,,,,,,,,
4079,8/11/2026,543.0,211.0,Sparkling Providers of Bayton,114.0,Glossy Recycled Paper,copy paper,segD,1.0,32.0,49.92,49.92,32.0,17.92,8/12/2026,,,,,,,,
4080,8/28/2026,161.0,212.0,Fresh Suppliers of Cedarhaven,4.0,Bright Bathroom Tissue,paper & tissue,segD,1.0,26.0,45.24,45.24,26.0,19.24,8/31/2026,,,,,,,,
4081,8/28/2026,161.0,212.0,Fresh Suppliers of Cedarhaven,77.0,Sleek Disposable Cups,breakroom supplies,segA,1.0,25.0,48.5,48.5,25.0,23.5,8/31/2026,,,,,,,,
4082,8/28/2026,161.0,212.0,Fresh Suppliers of Cedarhaven,80.0,Spotless Instant Soups,breakroom supplies,segA,1.0,17.0,30.43,30.43,17.0,13.43,8/31/2026,,,,,,,,
4083,8/28/2026,161.0,212.0,Fresh Suppliers of Cedarhaven,84.0,Sparkling Creamers,breakroom supplise,segA,1.0,18.0,36.54,36.54,18.0,18.54,8/31/2026,,,,,,,,
4084,8/28/2026,161.0,212.0,Fresh Suppliers of Cedarhaven,94.0,Pristine Instant Soups,breakroom supplies,segA,1.0,7.0,51.29707511896669,12.04,7.0,5.04,8/31/2026,,,,,,,,
4085,8/28/2026,161.0,212.0,Fresh Suppliers of Cedarhaven,110.0,Pristine Cardstock,copy paper,segB,1.0,42.0,62.16,62.16,42.0,20.16,8/31/2026,,,,,,,,
4086,8/28/2026,161.0,212.0,Fresh Suppliers of Cedarhaven,112.0,Sparkling Letter Size Paper,copy paper,segB,1.0,46.0,65.32,65.32,46.0,19.32,,,,,,,,,
4087,8/28/2026,161.0,212.0,Fresh Suppliers of Cedarhaven,113.0,Polished Recycled Paper,copy paper,segB,1.0,36.0,55.8,55.8,36.0,19.8,8/31/2026,,,,,,,,
4088,8/18/2026,392.0,212.0,Fresh Suppliers of Cedarhaven,12.0,Immaculate Roll Paper Toewls,  paper & tissue ,segD,1.0,44.0,68.64,68.64,44.0,24.64,8/19/2026,,,,,,,,
4089,8/18/2026,392.0,212.0,Fresh Suppliers of Cedarhaven,86.0,Dazzling Instant Soups,breakroom supplies,segA,2.0,16.0,33.28,66.56,32.0,34.56,8/19/2026,,,,,,,,
4090,8/18/2026,392.0,212.0,Fresh Suppliers of Cedarhaven,87.0,Glossy Tea Selection,breakroom supplies,segA,1.0,32.344897959183676,19.25,19.25,11.0,8.25,8/19/2026,,,,,,,,
4091,8/18/2026,392.0,212.0,Fresh Suppliers of Cedarhaven,90.0,Dazzling Instant Soups,breakroom supplies,segA,2.0,24.0,41.52,83.04,48.0,35.04,8/19/2026,,,,,,,,
4092,18/08/2026,392.0,212.0,Fresh Suppliers of Cedarhaven,91.0,Glossy Microwave Popcorn,breakroom supplies,segA,36.0,29.0,43.5,1566.0,1044.0,522.0,8/19/2026,,,,,,,,
4093,8/28/2026,,212.0,Fresh Suppliers of Cedarhaven,83.0,Spotless Energy Drinks,breakroom supplies,segA,1.0,26.0,54.6,54.6,26.0,28.6,8/31/2026,,,,,,,,
4094,8/11/2026,544.0,214.0,Spotless Cleaners of Harborfield,31.0,Polished Highlighters,office products,segA,44.0,17.0,23.12,1017.28,748.0,269.28,8/19/2026,,,,,,,,
4095,8/11/2026,544.0,214.0,Spotless Cleaners of Harborfield,43.0,Fresh File Folders,office products,esgA,15.0,50.0,75.5,1132.5,750.0,382.5,8/19/2026,,,,,,,,
4096,8/11/2026,544.0,214.0,Spotless Cleaners of Harborfield,44.0,Gleaming Recycled Paper,office products,segA,15.0,34.0,44.88,673.2,510.0,163.2,8/19/2026,,,,,,,,
4097,11/8/2026,544.0,214.0,Spotless Cleaners of Harborfield,48.0,Fresh Desk Organizers,office products,segA,72.0,29.0,40.6,2923.2,2088.0,835.2,8/19/2026,,,,,,,,
4098,8/11/2026,544.0,214.0,Spotless Cleaners of Harborfield,86.0,Dazzling Instant Soups,breakroom supplies,segB,6.0,16.0,31.52,189.12,96.0,93.12,8/19/2026,,,,,,,,
4099,8/11/2026,544.0,214.0,Spotless Cleaners of Harborfield,90.0,Dazzling Instant Soups,breakroom supplies,segB,3.0,24.0,44.64,133.92,72.0,61.92,8/19/2026,,,,,,,,
4100,9/4/2026,19.0,215.0,Sparkling Suppliers of Gardenfield,49.0,Sparkling Disinfectant Wipes,cleaning supplies,segA,1.0,21.0,33.6,33.6,21.0,12.6,9/7/2026,,,,,,,,
4101,9/4/2026,19.0,215.0,Sparkling Suppliers of Gardenfield,51.0,Bright Glass Cleaner,cleaning supplies,segA,3.0,26.0,46.28,138.84,78.0,60.84,9/7/2026,,,,,,,,
4102,9/4/2026,19.0,215.0,Sparkling Suppliers of Gardenfield,57.0,Glossy All-Purpose Cleaner,cleaning supplies,segA,1.0,51.0,81.6,81.6,51.0,30.6,9/7/2026,,,,,,,,
4103,9/4/2026,19.0,215.0,Sparkling Suppliers of Gardenfield,59.0,Spotless All-Purpose Cleaner,cleaning supplies,segA,1.0,47.0,51.29707511896669,81.78,47.0,34.78,9/7/2026,,,,,,,,
4104,9/4/2026,19.0,215.0,Sparkling Suppliers of Gardenfield,60.0,Polished Degreaser,cleaning supplies,segA,1.0,26.0,42.64,42.64,26.0,16.64,,,,,,,,,
4105,9/4/2026,19.0,215.0,Sparkling Suppliers of Gardenfield,66.0,Radiant Glass Cleaner,  cleaning supplies ,seAg,1.0,21.0,38.64,38.64,21.0,17.64,9/7/2026,,,,,,,,
4106,9/4/2026,19.0,215.0,Sparkling Suppliers of Gardenfield,73.0,Spotless Creamers,breakroom supplies,segA,1.0,18.0,38.52,38.52,18.0,37.8,9/7/2026,,,,,,,,
4107,9/4/2026,19.0,215.0,Sparkling Suppliers of Gardenfield,82.0,Pristine Granola Bars,breakroom supplies,segA,1.0,26.0,54.08,54.08,26.0,28.08,9/7/2026,,,,,,,,
4108,9/4/2026,19.0,215.0,Sparkling Suppliers of Gardenfield,84.0,Sparkling Creamers,breakorom supplies,segA,1.0,18.0,37.8,37.8,18.0,19.8,9/7/2026,,,,,,,,
4109,9/4/2026,19.0,215.0,Sparkling Suppliers of Gardenfield,108.0,Dazzling Cardstock,copy paper,segD,1.0,21.0,35.28,35.28,21.0,14.28,9/7/2026,,,,,,,,
4111,8/20/2026,353.0,215.0,Sparkling Suppliers of Gardenfield,10.0,Pristine 2-Ply Toilet Paper,paper & tissue,segC,1.0,32.344897959183676,37.44,37.44,26.0,11.44,8/21/2026,,,,,,,,
4112,8/20/2026,353.0,215.0,Sparkling Suppliers of Gardenfield,19.0,Fresh Party Napkins,paper & tissue,sgeC,2.0,32.344897959183676,68.85,137.7,90.0,47.7,8/21/2026,,,,,,,,
4113,8/20/2026,353.0,215.0,Sparkling Suppliers of Gardenfield,49.0,Sparkling Disinfectant Wipes,cleaning supplies,segA,1.0,21.0,33.6,33.6,21.0,12.6,8/21/2026,,,,,,,,
4114,8/20/2026,353.0,215.0,Sparkling Suppliers of Gardenfield,50.0,Bright Glass Cleaner,cleaning supplies,,1.0,23.0,37.72,37.72,23.0,14.72,8/21/2026,,,,,,,,
4115,8/20/2026,353.0,215.0,Sparkling Suppliers of Gardenfield,51.0,  Bright Glass Cleaner ,cleaning supplies,segA,2.0,26.0,46.28,92.56,52.0,40.56,8/21/2026,,,,,,,,
4116,8/20/2026,353.0,215.0,Sparkling Suppliers of Gardenfield,52.0,Spotless Air Freshener,cleaning supplies,segA,1.0,49.0,80.85,80.85,49.0,31.85,8/21/2026,,,,,,,,
4117,8/20/2026,353.0,215.0,Sparkling Suppliers of Gardenfield,57.0,Glossy All-Purpose Cleaner,cleaning supplies,segA,1.0,51.0,81.6,81.6,51.0,30.6,8/21/2026,,,,,,,,
4118,8/20/2026,353.0,215.0,Sparkling Suppliers of Gardenfield,73.0,Spotless Creamers,breakroom supplies,segA,1.0,18.0,38.52,38.52,18.0,20.52,8/21/2026,,,,,,,,
4119,8/20/2026,353.0,215.0,Sparkling Suppliers of Gardenfield,75.0,Fresh Microwave Popcorn,breakroom supplies,segA,1.0,18.0,33.48,33.48,18.0,15.48,8/21/2026,,,,,,,,
4120,8/20/2026,353.0,215.0,Sparkling Suppliers of Gardenfield,82.0,Pristine Granola Bars,breakroom supplies,segA,1.0,26.0,54.08,54.08,26.0,28.08,8/21/2026,,,,,,,,
4121,8/20/2026,353.0,215.0,Sparkling Suppliers of Gardenfield,92.0,Glossy Instant Soups,breakroom supplies,segA,2.0,24.0,50.64,101.28,48.0,53.28,8/21/2026,,,,,,,,
4122,8/20/2026,353.0,215.0,Sparkling Suppliers of Gardenfield,97.0,Sparkling Legal Size Paper,copy paper,segD,1.0,39.0,60.84,60.84,39.0,21.84,8/21/2026,,,,,,,,
4123,8/20/2026,353.0,215.0,Sparkling Suppliers of Gardenfield,103.0,Spotless Colored Paper,copy paper,segD,1.0,45.0,76.05,76.05,63.0,31.05,8/21/2026,,,,,,,,
4124,8/10/2026,573.0,215.0,Sparkling Suppliers of Gardenfield,25.0,Dazzling Binder Clips,office products,segD,1.0,45.0,76.95,76.95,45.0,31.95,8/11/2026,,,,,,,,
4125,8/10/2026,573.0,215.0,Sparkling Suppliers of Gardenfield,50.0,Bright Glass Cleaner,cleaning supplies,,2.0,23.0,37.72,75.44,46.0,29.44,8/11/2026,,,,,,,,
4126,8/10/2026,573.0,215.0,Sparkling Suppliers of Gardenfield,51.0,Bright Glass Cleaner,  cleaning supplies ,segA,2.0,26.0,46.28,92.56,52.0,37.8,8/11/2026,,,,,,,,
4127,8/10/2026,573.0,215.0,Sparkling Suppliers of Gardenfield,57.0,  Glossy All-Purpose Cleaner ,cleaning supplies,segA,1.0,51.0,81.6,81.6,51.0,30.6,,,,,,,,,
4128,8/10/2026,573.0,215.0,Sparkling Suppliers of Gardenfield,60.0,Polished Degreaser,cleaning supplies,segA,1.0,26.0,42.64,42.64,26.0,16.64,8/11/2026,,,,,,,,
4129,8/10/2026,573.0,215.0,Sparkling Suppliers of Gardenfield,66.0,Radiant Glass Cleaner,cleaning supplies,segA,1.0,21.0,38.64,38.64,21.0,17.64,8/11/2026,,,,,,,,
4130,8/10/2026,573.0,215.0,Sparkling Suppliers of Gardenfield,75.0,Fresh Microwave Popcorn,breakroom supplies,segA,1.0,18.0,33.48,33.48,18.0,15.48,8/11/2026,,,,,,,,
4131,10/8/2026,573.0,215.0,Sparkling Suppliers of Gardenfield,82.0,Pristine Granola Bars,breakroom supplies,segA,1.0,26.0,54.08,54.08,26.0,28.08,8/11/2026,,,,,,,,
4132,8/10/2026,573.0,215.0,Sparkling Suppliers of Gardenfield,84.0,Sparkling Creamers,breakroom supplies,segA,1.0,18.0,37.8,37.8,18.0,19.8,8/11/2026,,,,,,,,
4133,8/10/2026,573.0,215.0,Sparkling Suppliers of Gardenfield,91.0,Glossy Microwave Popcorn,breakroom supplies,segA,1.0,29.0,57.42,57.42,29.0,28.42,11/8/2026,,,,,,,,
4134,8/10/2026,,215.0,Sparkling Suppliers of Gardenfield,85.0,Sparkling Microwave Popcorn,breakroom supplies,segA,1.0,12.0,51.29707511896669,22.56,12.0,10.56,8/11/2026,,,,,,,,
4135,9/4/2026,20.0,216.0,Radiant Maintainers of Harborhaven,2.0,Glossy Party Napkins,paper & tissue,segA,1.0,29.0,37.7,37.7,29.0,8.7,9/21/2026,,,,,,,,
4136,9/4/2026,20.0,216.0,Radiant Maintainers of Harborhaven,3.0,Sparkling Party Napkins,paper & tissue,segA,3.0,21.0,31.29,93.87,63.0,30.87,9/21/2026,,,,,,,,
4137,9/4/2026,20.0,216.0,  Radiant Maintainers of Harborhaven ,4.0,Bright Bathroom Tissue,paper & tissue,segA,1.0,26.0,35.88,35.88,26.0,9.88,9/21/2026,,,,,,,,
4138,9/4/2026,20.0,216.0,Radiant Maintainers of Harborhaven,8.0,Bright Party Napkins,paper & tissue,segA,3.0,50.0,68.0,204.0,150.0,37.8,9/21/2026,,,,,,,,
4139,9/4/2026,20.0,216.0,Radiant Maintainers of Harborhaven,9.0,Fresh Kitchen Towels,paper & tissue,,6.0,33.0,46.86,281.16,198.0,37.8,9/21/2026,,,,,,,,
4140,9/4/2026,20.0,216.0,Radiant Maintainers of Harborhaven,11.0,Fresh Lunch Napkins,paper & tissue,segA,2.0,21.0,30.24,60.48,42.0,18.48,9/21/2026,,,,,,,,
4141,9/4/2026,20.0,216.0,Radiant Maintainers of Harborhaven,13.0,Pristine Party Napkins,paper & tissue,segA,6.0,45.0,66.15,396.9,270.0,37.8,9/21/2026,,,,,,,,
4142,9/4/2026,20.0,216.0,Radiant Maintainers of Harborhaven,20.0,Gleaming Roll Paper Towels,paper & tissue,segA,5.0,28.0,37.24,102.06,140.0,46.2,9/21/2026,,,,,,,,
4143,9/4/2026,20.0,216.0,Radiant Maintainers of Harborhaven,23.0,Dazzling Roll Paper Towels,paper & tissue,segA,2.0,40.0,60.0,120.0,80.0,40.0,9/21/2026,,,,,,,,
4144,9/4/2026,20.0,216.0,Radiant Maintainers of Harborhaven,25.0,Dazzling Binder Clips,office products,segA,5.0,45.0,69.75,348.75,225.0,123.75,9/21/2026,,,,,,,,
4145,9/4/2026,20.0,216.0,Radiant Maintainers of Harborhaven,32.0,Bright Desk Organizers,office products,segA,1.0,44.0,60.72,60.72,44.0,16.72,9/21/2026,,,,,,,,
4146,9/4/2026,20.0,216.0,Radiant Maintainers of Harborhaven,35.0,Dazzling Staplers,office products,segA,3.0,27.0,37.26,111.78,81.0,30.78,9/21/2026,,,,,,,,
4147,9/4/2026,20.0,216.0,Radiant Maintainers of Harborhaven,37.0,Bright Recycled Paper,office products,segA,4.0,24.0,35.52,142.08,96.0,46.08,9/21/2026,,,,,,,,
4148,9/4/2026,20.0,216.0,Radiant Maintainers of Harborhaven,44.0,Gleaming Recycled Paper,office products,segA,48.0,34.0,44.2,2121.6,1632.0,489.6,9/21/2026,,,,,,,,
4149,9/4/2026,20.0,216.0,Radiant Maintainers of Harborhaven,47.0,Immaculate Staplers,office products,segA,1.0,24.0,37.92,37.92,24.0,13.92,9/21/2026,,,,,,,,
4150,9/4/2026,20.0,216.0,Radiant Maintainers of Harborhaven,54.0,Dazzling Floor Cleaner,cleaning supplies,segA,12.0,45.0,67.5,810.0,540.0,270.0,9/21/2026,,,,,,,,
4151,9/4/2026,20.0,216.0,Radiant Maintainers of Harborhaven,57.0,Glossy All-Purpose Cleaner,cleaning supplies,seAg,1.0,51.0,96.9,96.9,51.0,45.9,9/21/2026,,,,,,,,
4152,9/4/2026,20.0,216.0,Radiant Maintainers of Harborhaven,61.0,Pristine Degreaser,cleaning supplies,segA,3.0,50.0,86.0,258.0,150.0,108.0,9/21/2026,,,,,,,,
4153,9/4/2026,20.0,216.0,Radiant Maintainers of Harborhaven,64.0,Bright Glass Cleaner,cleaning supplies,segA,2.0,32.0,58.56,58.56,32.0,26.56,9/21/2026,,,,,,,,
4154,9/4/2026,20.0,216.0,Radiant Maintainers of Harborhaven,67.0,Sleek Citrus Cleaner,cleaning supplies,segA,1.0,39.0,73.71,73.71,39.0,34.71,9/21/2026,,,,,,,,
4155,9/2/2026,70.0,216.0,Radiant Maintainers of Harborhaven,2.0,Glossy Party Napkins,paper & tissue,segA,2.0,29.0,37.7,75.4,58.0,17.4,9/3/2026,,,,,,,,
4156,9/2/2026,70.0,216.0,Radiant Maintainers of Harborhaven,8.0,Bright Party Napkins,paper & tissue,segA,3.0,50.0,68.0,204.0,150.0,54.0,9/3/2026,,,,,,,,
4157,9/2/2026,70.0,216.0,Radiant Maintainers of Harborhaven,9.0,Fresh Kitchen Towels,paper & tissue,segA,5.0,33.0,46.86,234.3,165.0,69.3,9/3/2026,,,,,,,,
4158,9/2/2026,70.0,216.0,Radiant Maintainers of Harborhaven,10.0,Pristine 2-Ply Toilet Paper,paper & tissue,segA,1.0,26.0,37.96,102.06,26.0,11.96,9/3/2026,,,,,,,,
4159,9/2/2026,70.0,216.0,Radiant Maintainers of Harborhaven,12.0,Immaculate Roll Paper Towels,paper & tissue,segA,3.0,44.0,58.08,174.24,132.0,42.24,9/3/2026,,,,,,,,
4160,2/9/2026,70.0,216.0,Radiant Maintainers of Harborhaven,23.0,Dazzling Roll Paper Towels,paper & tissue,,2.0,40.0,60.0,120.0,80.0,40.0,9/3/2026,,,,,,,,
4161,9/2/2026,70.0,216.0,Radiant Maintainers of Harborhaven,25.0,Dazzling Binder Clips,  office products ,segA,4.0,45.0,69.75,279.0,180.0,99.0,9/3/2026,,,,,,,,
4162,9/2/2026,70.0,216.0,Radiant Maintainers of Harborhaven,28.0,Immaculate Binder Clips,office products,segA,2.0,29.0,40.31,80.62,58.0,22.62,9/3/2026,,,,,,,,
4163,9/2/2026,70.0,216.0,Radiant Maintainers of Harborhaven,32.0,Bright Desk Organizers,  office products ,segA,2.0,44.0,60.72,121.44,88.0,33.44,9/3/2026,,,,,,,,
4164,9/2/2026,70.0,216.0,Radiant Maintainers of Harborhaven,37.0,Bright Recycled Paper,  office products ,segA,2.0,24.0,35.52,71.04,48.0,23.04,3/9/2026,,,,,,,,
4165,9/2/2026,70.0,216.0,Radiant Maintainers of Harborhaven,44.0,Gleaming Recycled Paper,office products,segA,30.0,34.0,44.2,1326.0,1020.0,306.0,9/3/2026,,,,,,,,
4166,9/2/2026,70.0,216.0,  Radiant Maintainers of Harborhaven ,47.0,Immaculate Staplers,office products,segA,1.0,24.0,37.92,37.92,24.0,13.92,,,,,,,,,
4167,9/2/2026,70.0,216.0,Radiant Maintainers of Harborhaven,54.0,Dazzling Floor Cleaner,cleaning supplies,seAg,8.0,45.0,67.5,540.0,360.0,180.0,9/3/2026,,,,,,,,
4168,9/2/2026,70.0,216.0,Radiant Maintainers of Harborhaven,61.0,Pristine Degreaser,cleaning supplies,segA,3.0,50.0,86.0,258.0,150.0,108.0,9/3/2026,,,,,,,,
4169,9/2/2026,70.0,216.0,  Radiant Maintainers of Harborhaven ,64.0,Bright Glass Cleaner,cleaning supplies,segA,1.0,32.0,58.56,58.56,32.0,26.56,,,,,,,,,
4171,8/25/2026,264.0,216.0,  Radiant Maintainers of Harborhaven ,3.0,Sparkling Party Napkins,paper & tissue,segA,2.0,21.0,31.29,62.58,42.0,20.58,8/26/2026,,,,,,,,
4172,8/25/2026,264.0,216.0,Radiant Maintainers of Harborhaven,8.0,Bright Party Napkins,paper & tissue,segA,6.0,50.0,68.0,408.0,300.0,108.0,8/26/2026,,,,,,,,
4173,8/25/2026,264.0,216.0,Radiant Maintainers of Harborhaven,12.0,Immaculate Roll Paper Towels,paper & tissue,  segA ,2.0,44.0,58.08,116.16,88.0,28.16,8/26/2026,,,,,,,,
4174,8/25/2026,264.0,216.0,Radiant Maintainers of Harborhaven,17.0,Glossy Lunch Napkins,paper & tissue,esgA,5.0,31.0,45.26,226.3,63.0,71.3,8/26/2026,,,,,,,,
4175,8/25/2026,264.0,216.0,Radiant Maintainers of Harborhaven,18.0,Pristine Lunch Napkins,paper & tissue,segA,4.0,20.0,26.8,107.2,80.0,37.8,8/26/2026,,,,,,,,
4176,8/25/2026,264.0,216.0,Radiant Maintainers of Harborhaven,22.0,Sparkling Pocket Tissues,paper & tissue,segA,3.0,41.0,54.12,162.36,123.0,39.36,8/26/2026,,,,,,,,
4177,25/08/2026,264.0,216.0,Radiant Maintainers of Harborhaven,23.0,Dazzling Roll Paper Towels,paper & tissue,segA,2.0,32.344897959183676,60.0,120.0,80.0,40.0,8/26/2026,,,,,,,,
4178,8/25/2026,264.0,216.0,Radiant Maintainers of Harborhaven,25.0,Dazzling Binder Clips,office products,segA,6.0,45.0,69.75,418.5,270.0,148.5,8/26/2026,,,,,,,,
4179,8/25/2026,264.0,216.0,Radiant Maintainers of Harborhaven,26.0,Radiant Sticky Notes,office products,segA,3.0,32.344897959183676,50.32,150.96,102.0,48.96,8/26/2026,,,,,,,,
4180,25/08/2026,264.0,216.0,Radiant Maintainers of Harborhaven,28.0,Immaculate Binder Clips,office products,,3.0,29.0,40.31,120.93,87.0,33.93,8/26/2026,,,,,,,,
4181,8/25/2026,264.0,216.0,Radiant Maintainers of Harborhaven,32.0,Bright Desk Organizers,office products,segA,1.0,44.0,60.72,60.72,44.0,16.72,8/26/2026,,,,,,,,
4182,8/25/2026,264.0,216.0,Sparkling Suppliers of Gardenfield,47.0,Immaculate Staplers,,segA,1.0,32.344897959183676,37.92,37.92,24.0,13.92,8/26/2026,,,,,,,,
4183,8/25/2026,264.0,216.0,Radiant Maintainers of Harborhaven,49.0,Sparkling Disinfectant Wipes,cleaning supplies,segA,3.0,21.0,33.81,101.43,63.0,38.43,8/26/2026,,,,,,,,
4184,8/25/2026,264.0,216.0,Radiant Maintainers of Harborhaven,54.0,Dazzling Floor Cleaner,cleaning supplies,segA,8.0,45.0,67.5,540.0,360.0,180.0,8/26/2026,,,,,,,,
4185,8/25/2026,264.0,216.0,Radiant Maintainers of Harborhaven,57.0,Glossy All-Purpose Cleaner,cleaning supplies,segA,1.0,51.0,96.9,96.9,51.0,45.9,8/26/2026,,,,,,,,
4186,8/25/2026,264.0,216.0,Radiant Maintainers of Harborhaven,60.0,Polished Degreaser,cleaning supplies,segA,1.0,26.0,47.06,47.06,26.0,21.06,,,,,,,,,
4187,8/25/2026,264.0,216.0,Radiant Maintainers of Harborhaven,61.0,Pristine Degreaser,cleaning supplies,seAg,3.0,50.0,86.0,258.0,150.0,108.0,8/26/2026,,,,,,,,
4188,8/25/2026,264.0,216.0,Radiatn Maintainers of Harborhaven,64.0,Bright Glass Cleaner,cleaning supplies,segA,1.0,32.0,58.56,58.56,32.0,26.56,8/26/2026,,,,,,,,
4189,8/25/2026,264.0,216.0,Radiant Maintainers of Harborhaven,65.0,Sparkling Citrus Cleaner,cleaning supplies,segA,1.0,20.0,33.6,33.6,20.0,13.6,8/26/2026,,,,,,,,
4190,25/08/2026,264.0,216.0,Radiant Maintainers of Harborhaven,67.0,Sleek Citrus Cleaner,cleaning supplies,esgA,3.0,39.0,73.71,221.13,117.0,104.13,8/26/2026,,,,,,,,
4191,8/25/2026,264.0,216.0,Radiant Maintainers of Harborhaven,69.0,Gleaming Degreaser,cleaning supplies,segA,2.0,27.0,44.28,88.56,54.0,34.56,8/26/2026,,,,,,,,
4192,8/25/2026,264.0,216.0,Radiant Maintainers of Harborhaven,78.0,Glossy Creamers,breakroom supplies,segD,1.0,27.0,62.1,62.1,27.0,35.1,8/26/2026,,,,,,,,
4193,8/24/2026,291.0,216.0,Radiant Maintainers of Harborhaven,3.0,Sparkling Party Napkins,paper & tissue,segA,3.0,21.0,31.29,93.87,63.0,30.87,8/25/2026,,,,,,,,
4194,8/24/2026,291.0,216.0,Radiant Maintainers of Harborhaven,5.0,Polished Kitchen Towels,paper & tissue,segA,4.0,35.0,51.8,207.2,140.0,67.2,8/25/2026,,,,,,,,
4195,8/24/2026,291.0,216.0,Radiant Maintainers of Harborhaven,8.0,Bright Party Napkins,paper & tissue,segA,6.0,50.0,68.0,408.0,300.0,108.0,8/25/2026,,,,,,,,
4196,8/24/2026,291.0,216.0,Radiant aMintainers of Harborhaven,9.0,Fresh Kitchen Towels,paper & tissue,segA,3.0,33.0,46.86,140.58,99.0,41.58,8/25/2026,,,,,,,,
4197,8/24/2026,291.0,216.0,Radiant Maintainers of Harborhaven,15.0,Sparkling 2-Ply Toilet Paper,ppaer & tissue,segA,3.0,43.0,59.77,179.31,129.0,50.31,8/25/2026,,,,,,,,
4198,8/24/2026,291.0,216.0,Radiant Maintainers of Harborhaven,17.0,Glossy Lunch Napkins,paper & tissue,segA,4.0,31.0,45.26,181.04,124.0,57.04,8/25/2026,,,,,,,,
4199,8/24/2026,291.0,216.0,Radiant Maintainers of Harborhaven,18.0,Pristine Lunch Napkins,paper & tissue,segA,2.0,20.0,26.8,160.8,120.0,37.8,8/25/2026,,,,,,,,
4200,8/24/2026,291.0,216.0,Radiant Maintainers of Harborhaven,23.0,Dazzling Roll Paper Towels,,segA,2.0,40.0,60.0,120.0,80.0,40.0,8/25/2026,,,,,,,,
4201,8/24/2026,291.0,216.0,Radiant Maintainers of Harborhaven,25.0,Dazzling Binder Clips,office products,segA,3.0,45.0,69.75,209.25,135.0,74.25,8/25/2026,,,,,,,,
4202,8/24/2026,291.0,216.0,Radiant Maintainers of Harborhaven,26.0,Radiant Sticky Notes,office products,segA,3.0,34.0,50.32,150.96,102.0,48.96,8/25/2026,,,,,,,,
4203,8/24/2026,291.0,216.0,Radiant Maintianers of Harborhaven,28.0,Immaculate Binder Clips,office products,  segA ,2.0,29.0,40.31,80.62,58.0,22.62,8/25/2026,,,,,,,,
4204,8/24/2026,291.0,216.0,Radiant Maintainers of Harborhaven,37.0,Bright Recycled Paper,office products,segA,3.0,24.0,35.52,106.56,72.0,34.56,8/25/2026,,,,,,,,
4205,8/24/2026,291.0,216.0,Radiant Maintainers of Harborhaven,44.0,Gleaming Recycled Paper,,segA,50.0,34.0,44.2,2210.0,1700.0,510.0,8/25/2026,,,,,,,,
4206,8/24/2026,291.0,216.0,  Radiant Maintainers of Harborhaven ,47.0,Immaculate Staplers,office products,segA,1.0,24.0,37.92,37.92,24.0,13.92,,,,,,,,,
4207,8/24/2026,291.0,216.0,Radiant Maintainers of Harborhaven,57.0,Glossy All-Purpose Cleaner,cleaning supplies,segA,1.0,51.0,96.9,96.9,51.0,45.9,8/25/2026,,,,,,,,
4208,8/24/2026,291.0,216.0,Radiant Maintainers of Harborhaven,61.0,Pristine Degreaser,cleaning supplies,,3.0,50.0,86.0,258.0,150.0,37.8,8/25/2026,,,,,,,,
4209,8/24/2026,291.0,216.0,Radiant Maintainers of Harborhaven,62.0,Glossy Air Freshener,cleaning supplies,segA,1.0,20.0,33.6,33.6,20.0,13.6,8/25/2026,,,,,,,,
4210,8/24/2026,291.0,216.0,Radiant Maintainers of Harborhaven,65.0,Sparkling Citrus Cleaner,cleaning supplies,segA,3.0,20.0,33.6,100.8,60.0,40.8,8/25/2026,,,,,,,,
4211,8/24/2026,291.0,216.0,Radiant Maintainers of Harborhaven,69.0,Gleaming Degreaser,cleaning supplies,segA,2.0,27.0,44.28,88.56,54.0,34.56,25/08/2026,,,,,,,,
4212,8/25/2026,,216.0,Radiant Maintainers of Harborhaven,11.0,Fresh Lunch Napkins,paper & tissue,segA,2.0,21.0,30.24,60.48,42.0,18.48,8/26/2026,,,,,,,,
4213,8/24/2026,,216.0,Radiant Maintainers of Harborhaven,54.0,Dazzling Floor Cleaner,cleaning supplies,segA,7.0,45.0,67.5,472.5,315.0,157.5,8/25/2026,,,,,,,,
4214,9/3/2026,50.0,217.0,Sparkling Custodians of Canyonwood,1.0,Sleek Party Napkins,,segA,4.0,29.0,37.99,151.96,116.0,35.96,9/11/2026,,,,,,,,
4215,9/3/2026,50.0,217.0,Sparkling Custodians of Canyonwood,2.0,Glossy Party Napkins,paper & tissue,segA,2.0,29.0,38.86,77.72,58.0,19.72,9/11/2026,,,,,,,,
4216,9/3/2026,50.0,217.0,Sparkling Custodians of Canyonwood,4.0,Bright Bathroom Tissue,paper & tissue,segA,1.0,26.0,36.14,36.14,26.0,10.14,11/9/2026,,,,,,,,
4217,9/3/2026,50.0,217.0,Sparkling Custodians of Canyonwood,7.0,Gleaming Bathroom Tissue,paper & tissue,segA,4.0,16.0,21.6,86.4,64.0,22.4,9/11/2026,,,,,,,,
4218,9/3/2026,50.0,217.0,Sparkling Custodians of Canyonwood,20.0,Gleaming Roll Paper Towels,paper & tissue,segA,2.0,32.344897959183676,37.52,150.08,112.0,38.08,9/11/2026,,,,,,,,
4219,9/3/2026,50.0,217.0,Sparkling Custodians of Canyonwood,22.0,Sparkling Pocket Tissues,paper & tissue,segA,2.0,41.0,51.29707511896669,123.0,82.0,41.0,9/11/2026,,,,,,,,
4220,9/3/2026,50.0,217.0,Sparkling Custodians of Canyonwood,49.0,Sparkling Disinfectant Wipes,cleaning supplies,segC,1.0,21.0,39.27,39.27,21.0,37.8,9/11/2026,,,,,,,,
4221,9/3/2026,50.0,217.0,Sparkling Custodians of Canyonwood,73.0,Spotless Creamers,  breakroom supplies ,,1.0,18.0,34.56,34.56,63.0,16.56,9/11/2026,,,,,,,,
4222,9/3/2026,50.0,217.0,Sparkling Custodians of Canyonwood,79.0,Immaculate Microwave Popcorn,breakroom supplies,segA,1.0,25.0,46.5,46.5,25.0,21.5,9/11/2026,,,,,,,,
4223,9/3/2026,50.0,217.0,Sparkling Custodians of Canyonwood,95.0,Bright Disposable Cups,breakroom supplies,segA,2.0,13.0,24.96,49.92,26.0,23.92,9/11/2026,,,,,,,,
4224,9/3/2026,50.0,217.0,Sparkling Custodians of Canyonwood,96.0,Dazzling Disposable Cups,breakroom supplies,segA,1.0,19.0,34.96,34.96,19.0,15.96,9/11/2026,,,,,,,,
4225,9/3/2026,50.0,217.0,Sparkling Custodians of Canyonwood,104.0,Gleaming Glossy Photo Paper,copy paper,segA,1.0,52.0,77.48,77.48,52.0,25.48,9/11/2026,,,,,,,,
4226,9/3/2026,50.0,217.0,Sparkling Custodians of Canyonwood,112.0,Sparkling Letter Size Paper,copy paper,segA,4.0,46.0,59.8,239.2,184.0,55.2,9/11/2026,,,,,,,,
4227,9/3/2026,50.0,217.0,Sparkling Custodians of Canyonwood,114.0,Glossy Recycled Paper,copy paper,segA,3.0,32.0,42.56,127.68,96.0,31.68,9/11/2026,,,,,,,,
4228,9/3/2026,50.0,217.0,Sparkling Custodians of Canyonwood,115.0,Polished Glossy Photo Paper,copy paper,segA,4.0,59.0,90.86,363.44,236.0,127.44,,,,,,,,,
4229,9/3/2026,50.0,217.0,Sparkling Custodians of Canyonwood,116.0,Immaculate Legal Size Paper,copy paper,segA,7.0,59.0,83.19,582.33,413.0,169.33,9/11/2026,,,,,,,,
4230,9/3/2026,50.0,217.0,Sparkling Custodians of Canyonwood,117.0,Dazzling Graph Paper,copy paper,segA,2.0,51.0,66.81,133.62,102.0,31.62,9/11/2026,,,,,,,,
4231,9/3/2026,50.0,217.0,Sparkling Custodians of Canyonwood,120.0,Sparkling Letter Size Paper,copy paper,segA,3.0,45.0,51.29707511896669,206.55,135.0,71.55,9/11/2026,,,,,,,,
4232,1/9/2026,97.0,217.0,Sparkling Custodians of Canyonwood,1.0,Sleek Party Napkins,paper & tissue,segA,3.0,29.0,37.99,113.97,87.0,26.97,9/2/2026,,,,,,,,
4233,9/1/2026,97.0,217.0,Sparkling Custodians of Canyonwood,2.0,Glossy Party Napkins,paper & tisseu,segA,4.0,29.0,38.86,155.44,116.0,39.44,9/2/2026,,,,,,,,
4234,9/1/2026,97.0,217.0,Sparkling Custodians of Canyonwood,4.0,Bright Bathroom Tissue,paper & tissue,segA,1.0,26.0,36.14,36.14,26.0,10.14,9/2/2026,,,,,,,,
4235,9/1/2026,97.0,217.0,Sparkling Custodians of Canyonwood,5.0,Polished Kitchen Towels,paper & tissue,segA,3.0,35.0,45.85,137.55,105.0,32.55,9/2/2026,,,,,,,,
4236,9/1/2026,97.0,217.0,Sparkling Custodians of Canyonwood,7.0,Gleaming Bathroom Tissue,paper & tissue,segA,4.0,16.0,21.6,86.4,64.0,22.4,9/2/2026,,,,,,,,
4237,9/1/2026,97.0,217.0,Sprakling Custodians of Canyonwood,16.0,Dazzling Bathroom Tissue,paper & tissue,segA,3.0,42.0,55.86,167.58,126.0,41.58,9/2/2026,,,,,,,,
4238,9/1/2026,97.0,217.0,Sparkling Custodians of Canyonwood,20.0,Gleaming Roll Paper Towels,,segA,3.0,28.0,37.52,112.56,84.0,28.56,9/2/2026,,,,,,,,
4239,9/1/2026,97.0,217.0,Sparkling Custodians of Canyonwood,22.0,Sparkling Pocket Tissues,paper & tissue,segA,4.0,41.0,51.29707511896669,246.0,164.0,82.0,9/2/2026,,,,,,,,
4240,9/1/2026,97.0,217.0,Sparkling Custodians of Canyonwood,63.0,Polished Glass Cleaner,cleaning supplies,segC,1.0,42.0,75.18,75.18,42.0,33.18,9/2/2026,,,,,,,,
4241,9/1/2026,97.0,217.0,Sparkling Custodians of Canyonwood,73.0,Spotless Creamers,breakroom supplies,segA,1.0,18.0,34.56,34.56,18.0,16.56,9/2/2026,,,,,,,,
4242,9/1/2026,97.0,217.0,Sparkling Custodians of Canyonwood,86.0,Dazzling Instant Soups,breakroom supplies,segA,1.0,16.0,51.29707511896669,27.68,16.0,11.68,9/2/2026,,,,,,,,
4243,9/1/2026,97.0,217.0,Sparkling Custodians of Canyonwood,95.0,Bright Disposable Cups,breakroom supplies,segA,1.0,13.0,24.96,24.96,13.0,11.96,9/2/2026,,,,,,,,
4244,9/1/2026,97.0,217.0,Sparkling Custodians of Canynowood,98.0,Radiant Glossy Photo Paper,copy paper,segA,2.0,23.0,36.57,73.14,46.0,27.14,9/2/2026,,,,,,,,
4245,9/1/2026,97.0,217.0,Sparkling Custodians of Canyonwood,104.0,Gleaming Glossy Photo Paper,copy paper,segA,2.0,52.0,77.48,154.96,104.0,50.96,9/2/2026,,,,,,,,
4246,9/1/2026,97.0,217.0,Sparkling Custodians of Canyonwood,106.0,Sleek Resume Paper,copy paper,sgeA,2.0,48.0,62.4,124.8,96.0,28.8,9/2/2026,,,,,,,,
4247,9/1/2026,97.0,217.0,Sparkling Custodians of Canyonwood,107.0,Radiant Glossy Photo Paper,copy paper,segA,5.0,32.344897959183676,90.48,452.4,290.0,162.4,9/2/2026,,,,,,,,
4248,9/1/2026,97.0,217.0,Sparkling Custodians of Canyonwood,110.0,Pristine Cardstock,copy paper,segA,2.0,42.0,57.12,171.36,126.0,37.8,9/2/2026,,,,,,,,
4249,9/1/2026,97.0,217.0,Sparkling Custodians ofC anyonwood,115.0,Polished Glossy Photo Paper,copy paper,segA,4.0,59.0,90.86,363.44,236.0,127.44,9/2/2026,,,,,,,,
4250,9/1/2026,97.0,217.0,Sparkling Custodians of Canyonwood,119.0,Immaculate Letter Size Paper,copy paper,segA,4.0,44.0,69.96,279.84,176.0,103.84,9/2/2026,,,,,,,,
4251,8/27/2026,199.0,217.0,Sparkling Custodians of Canyonwood,4.0,Bright Bathroom Tissue,paper & tissue,segA,2.0,26.0,36.14,72.28,52.0,20.28,9/11/2026,,,,,,,,
4252,8/27/2026,199.0,217.0,Sparkling Custodians of Canyonwood,5.0,Polished Kitchen Towels,paper & tissue,segA,3.0,35.0,45.85,137.55,105.0,32.55,9/11/2026,,,,,,,,
4253,8/27/2026,199.0,217.0,Sparkling Custodians of Canyonwood,7.0,Gleaming Bathroom Tissue,paper & tissue,segA,2.0,16.0,21.6,43.2,32.0,11.2,9/11/2026,,,,,,,,
4254,8/27/2026,199.0,217.0,Sparkling Custodians of Canyonwood,16.0,Dazzling Bathroom Tissue,paper & tissue,segA,2.0,42.0,55.86,111.72,84.0,27.72,9/11/2026,,,,,,,,
4255,8/27/2026,199.0,217.0,Sparkling Custodians of Canyonwood,23.0,Dazzling Roll Paper Towels,paper & tissue,segA,1.0,40.0,53.2,53.2,40.0,13.2,9/11/2026,,,,,,,,
4256,8/27/2026,199.0,217.0,Sparkling Custodians of Canyonwood,24.0,Sparkling Pocket Tissues,paper & tissue,segA,1.0,18.0,26.1,26.1,18.0,8.1,9/11/2026,,,,,,,,
4257,8/27/2026,199.0,217.0,Sparkling Custodians of Canyonwood,68.0,Dazzling Disinfectant Wipes,cleaning supplies,segC,1.0,54.0,96.66,96.66,63.0,42.66,9/11/2026,,,,,,,,
4258,8/27/2026,199.0,217.0,Sparkling Custodians of Canyonwood,73.0,Spotless Creamers,breakroom supplies,segA,1.0,18.0,34.56,34.56,18.0,16.56,9/11/2026,,,,,,,,
4259,8/27/2026,199.0,217.0,Sparkling Custodians of Canyonwood,87.0,Glossy Tea Selection,  breakroom supplies ,segA,1.0,11.0,23.65,23.65,11.0,12.65,9/11/2026,,,,,,,,
4260,8/27/2026,199.0,217.0,Sparkling Custodians of Canyonwood,90.0,Dazzling Instant Soups,breakroom supplies,  segA ,1.0,24.0,48.24,48.24,24.0,24.24,9/11/2026,,,,,,,,
4261,27/08/2026,199.0,217.0,Sparkling Custodians of Canyonwood,96.0,Dazzling Disposable Cups,breakroom supplies,segA,1.0,19.0,34.96,34.96,19.0,15.96,9/11/2026,,,,,,,,
4262,8/27/2026,199.0,217.0,Sparkling Custodians of Canyonwood,98.0,Radiant Glossy Photo Paper,copy paper,sgeA,4.0,23.0,36.57,146.28,92.0,54.28,9/11/2026,,,,,,,,
4263,8/27/2026,199.0,217.0,Sparkling Custodians of Canyonwood,99.0,Glossy Letter Size Paper,copy paper,segA,3.0,57.0,79.23,237.69,171.0,66.69,9/11/2026,,,,,,,,
4264,8/27/2026,199.0,217.0,Sparkling Custodians of Canyonwood,101.0,Radiant Colored Paper,copy paper,segA,1.0,60.0,89.4,89.4,60.0,29.4,9/11/2026,,,,,,,,
4265,8/27/2026,199.0,217.0,Sparkling Custodians of Canyonwood,104.0,lGeaming Glossy Photo Paper,copy paper,segA,2.0,52.0,77.48,154.96,104.0,50.96,,,,,,,,,
4266,8/27/2026,199.0,217.0,Sparkling Custodians of Canyonwood,106.0,Sleek Resume Paper,copy paper,segA,1.0,48.0,62.4,62.4,48.0,14.4,9/11/2026,,,,,,,,
4267,8/27/2026,199.0,217.0,Sparkling Custodians of Canyonwood,107.0,Radiant Glossy Photo Paper,copy paper,segA,5.0,58.0,51.29707511896669,452.4,290.0,162.4,9/11/2026,,,,,,,,
4268,27/08/2026,199.0,217.0,Sparkling Custodians of Canyonwood,112.0,Sparkling Letter Size Paper,copy paper,segA,2.0,46.0,59.8,119.6,92.0,27.6,9/11/2026,,,,,,,,
4269,8/27/2026,199.0,217.0,Sparkling Custodians of Canyonwood,113.0,Polished Recycled Paper,copy paper,segA,3.0,36.0,51.29707511896669,165.24,108.0,57.24,9/11/2026,,,,,,,,
4270,8/27/2026,199.0,217.0,Sparkling Csutodians of Canyonwood,117.0,Dazzling Graph Paper,copy paper,segA,1.0,51.0,66.81,66.81,51.0,15.81,9/11/2026,,,,,,,,
4271,8/25/2026,265.0,217.0,Sparkling Csutodians of Canyonwood,4.0,Bright Bathroom Tissue,paper & tissue,segA,2.0,26.0,36.14,72.28,52.0,20.28,8/26/2026,,,,,,,,
4272,8/25/2026,265.0,217.0,Sparkling Custodians of Canyonwood,5.0,Polished Kitchen Towels,paper & tissue,segA,2.0,35.0,45.85,91.7,70.0,21.7,8/26/2026,,,,,,,,
4273,8/25/2026,265.0,217.0,Sparkling Custodians of Canyonwood,6.0,Pristine Bathroom Tissue,paper & tissue,segA,3.0,19.0,26.6,102.06,57.0,22.8,,,,,,,,,
4274,8/25/2026,265.0,217.0,Sparkling Custodians of Canyonwood,7.0,Gleaming Bathroom Tissue,paper & tissue,segA,5.0,16.0,21.6,108.0,80.0,28.0,8/26/2026,,,,,,,,
4275,8/25/2026,265.0,217.0,Sparkling Custodians of Canyonwood,20.0,Gleaming Roll Paper Towels,paper & tissue,segA,5.0,28.0,37.52,187.6,140.0,47.6,8/26/2026,,,,,,,,
4276,8/25/2026,265.0,217.0,Sparkling Custodians of Canyonwood,23.0,Dazzling Roll Paper Towels,paper & tissue,segA,3.0,32.344897959183676,53.2,159.6,120.0,39.6,8/26/2026,,,,,,,,
4277,8/25/2026,265.0,217.0,Sparkling Custodinas of Canyonwood,24.0,Sparkling Pocket Tissues,paper & tissue,,2.0,18.0,26.1,52.2,36.0,16.2,8/26/2026,,,,,,,,
4278,8/25/2026,265.0,217.0,Sparkling Custodians of Canyonwood,73.0,Spotless Creamers,breakroom supplies,segA,1.0,18.0,34.56,34.56,18.0,16.56,8/26/2026,,,,,,,,
4279,8/25/2026,265.0,217.0,Sparkling Custodians of Canyonwood,77.0,Sleek Disposable Cups,breakroom supplies,segA,1.0,25.0,49.0,49.0,25.0,24.0,8/26/2026,,,,,,,,
4280,8/25/2026,265.0,217.0,Sparkling Csutodians of Canyonwood,89.0,Sparkling Disposable Cups,breakroom supplies,segA,1.0,32.344897959183676,42.42,42.42,21.0,21.42,8/26/2026,,,,,,,,
4281,8/25/2026,265.0,217.0,Sparkling Custodians of Canyonwood,93.0,Gleaming Microwave Popcorn,breakroom supplies,esgA,1.0,20.0,38.2,38.2,20.0,37.8,8/26/2026,,,,,,,,
4282,8/25/2026,265.0,217.0,Sparkling Custodians of Canyonwood,96.0,Dazzling Disposable Cups,breakroom supplies,segA,1.0,19.0,34.96,34.96,19.0,15.96,8/26/2026,,,,,,,,
4283,8/25/2026,265.0,217.0,Sparkling Custodians of Canyonwood,97.0,Sparkling Legal Size Paper,copy paper,segA,1.0,39.0,59.67,59.67,39.0,20.67,8/26/2026,,,,,,,,
4284,8/25/2026,265.0,217.0,Sparkling Custodians of Canyonwood,104.0,Gleaming Glossy Photo Paper,copy paper,segA,2.0,52.0,77.48,154.96,104.0,50.96,8/26/2026,,,,,,,,
4285,25/08/2026,265.0,217.0,Sparkling Custodians of Canyonwood,113.0,Polished Recycled Paper,copy paper,segA,4.0,36.0,55.08,220.32,144.0,76.32,8/26/2026,,,,,,,,
4286,8/25/2026,265.0,217.0,Sparkling uCstodians of Canyonwood,119.0,Immaculate Letter Size Paper,copy paper,segA,2.0,44.0,51.29707511896669,489.72,308.0,181.72,8/26/2026,,,,,,,,
4287,8/25/2026,265.0,217.0,Sparkling Custodians of Canyonwood,120.0,Sparkling Letter Size Paper,  copy paper ,segA,5.0,45.0,68.85,344.25,225.0,119.25,8/26/2026,,,,,,,,
4288,8/13/2026,493.0,217.0,Sparkling Custodians of Canyonwood,4.0,Bright Bathroom Tissue,paper & tissue,segA,2.0,26.0,36.14,72.28,52.0,20.28,8/14/2026,,,,,,,,
4289,8/13/2026,493.0,217.0,Sparkling Custodians of Canyonwood,5.0,Polished Kitchen Towels,paper & tissue,segA,5.0,35.0,45.85,229.25,175.0,54.25,8/14/2026,,,,,,,,
4290,8/13/2026,493.0,217.0,Sparkling Custodians of Canyonwood,7.0,Gleaming Bathroom Tissue,paper & tissue,segA,2.0,16.0,21.6,43.2,32.0,11.2,8/14/2026,,,,,,,,
4291,8/13/2026,493.0,217.0,Sparkling Custodians of Canyonwood,16.0,Dazzling Bathroom Tissue,paper & tissue,segA,1.0,42.0,55.86,55.86,42.0,13.86,8/14/2026,,,,,,,,
4292,8/13/2026,493.0,217.0,Sparkling Custodians of Canyonwood,22.0,Sparkling Pocket Tissues,paper & tissue,segA,4.0,41.0,61.5,246.0,164.0,82.0,8/14/2026,,,,,,,,
4293,8/13/2026,493.0,217.0,Sparkling Custodians of Canyonwood,24.0,Sparkling Pocket Tissues,paper & tissue,segA,1.0,18.0,26.1,26.1,18.0,8.1,8/14/2026,,,,,,,,
4294,8/13/2026,493.0,217.0,Sparkling Custodians of Canyonwood,60.0,Ploished Degreaser,cleaning supplies,segC,1.0,26.0,44.98,44.98,26.0,18.98,8/14/2026,,,,,,,,
4295,8/13/2026,493.0,217.0,Sparkling Custodians of Canyonwood,77.0,Sleek Disposable Cups,breakroom supplies,segA,1.0,25.0,49.0,49.0,25.0,37.8,8/14/2026,,,,,,,,
4296,8/13/2026,493.0,217.0,Sparkling Custodians of Canyonwood,82.0,Pristine Granola Bars,breakroom supplies,segA,2.0,26.0,53.04,106.08,52.0,54.08,8/14/2026,,,,,,,,
4297,8/13/2026,493.0,217.0,Sparkling Custodians of Canyonwood,86.0,Dazzling Instant Soups,breakroom supplies,segA,1.0,16.0,27.68,27.68,16.0,11.68,8/14/2026,,,,,,,,
4298,13/08/2026,493.0,217.0,Sparkling Custodians of Canyonwood,87.0,Glossy Tea Selection,breakroom supplies,segA,1.0,11.0,23.65,23.65,11.0,12.65,8/14/2026,,,,,,,,
4299,8/13/2026,493.0,217.0,Sparkling Custodians of Canyonwood,96.0,Dazzling Disposable Cups,breakroom supplies,segA,1.0,19.0,34.96,34.96,19.0,15.96,8/14/2026,,,,,,,,
4300,8/13/2026,493.0,217.0,Sparkling Custodians of Canyonwood,98.0,Radiant Glossy Photo Paper,copy paper,segA,2.0,32.344897959183676,36.57,73.14,46.0,27.14,8/14/2026,,,,,,,,
4301,8/13/2026,493.0,217.0,Sparkling Custodians of Canyonwood,99.0,Glossy Letter Size Paper,copy paper,segA,4.0,57.0,79.23,316.92,228.0,88.92,8/14/2026,,,,,,,,
4302,8/13/2026,493.0,217.0,Sparkling Custodians of Canyonwood,107.0,Radiant Glossy Photo Paper,copy paper,segA,4.0,58.0,90.48,361.92,232.0,129.92,8/14/2026,,,,,,,,
4303,8/13/2026,493.0,217.0,Sparkling Custodians of Canyonwood,114.0,Glossy Recycled Paper,copy paper,segA,5.0,54.0,79.92,399.6,270.0,129.6,8/14/2026,,,,,,,,
4304,8/13/2026,493.0,217.0,Sparkling Custodians of Canyonwood,114.0,Glossy Recycled Paper,copy paper,segA,4.0,32.0,42.56,170.24,128.0,42.24,8/14/2026,,,,,,,,
4305,8/13/2026,493.0,217.0,Sparkling Custodians of Canyonwood,115.0,Polished Glossy Photo Paper,copy paper,segA,3.0,59.0,90.86,272.58,177.0,95.58,8/14/2026,,,,,,,,
4306,8/13/2026,493.0,217.0,Sparkling Custodians of Canyonwood,117.0,Dazzling Graph Paper,copy paper,segA,1.0,51.0,66.81,66.81,51.0,15.81,8/14/2026,,,,,,,,
4307,8/13/2026,493.0,217.0,Sparkling Custodians of Canyonwood,119.0,Immaculate Letter Size Paper,copy paper,segA,4.0,44.0,69.96,279.84,176.0,103.84,8/14/2026,,,,,,,,
4308,8/13/2026,493.0,217.0,Sparkling Custodians of Canyonwood,120.0,Sparkling Letter Size Paper,,segA,7.0,45.0,68.85,481.95,315.0,166.95,8/14/2026,,,,,,,,
4309,8/27/2026,,217.0,Sparkling Custodians of Canyonwood,22.0,Sparkling Pocket Tissues,paper & tissue,segA,4.0,41.0,61.5,246.0,164.0,82.0,9/11/2026,,,,,,,,
4310,8/25/2026,,217.0,Sparkling Custodians of Canyonwood,116.0,Immaculate Legal Size Paper,copy paper,segA,6.0,59.0,83.19,499.14,354.0,145.14,8/26/2026,,,,,,,,
4311,8/13/2026,,217.0,Sparkling Custodians of Canyonwood,20.0,Gleaming Roll Paper Towels,paper & tissue,segA,6.0,28.0,37.52,225.12,168.0,57.12,8/14/2026,,,,,,,,
4312,8/13/2026,494.0,218.0,Dazzling Sanitizers of Bayhaven,21.0,Glossy Facial Tissues,paper & tissue,segD,1.0,47.0,75.67,75.67,47.0,28.67,8/14/2026,,,,,,,,
4313,8/13/2026,494.0,218.0,Dazzling Sanitizers of Bayhaven,97.0,Sparkling Legal Size Paper,copy paper,segA,4.0,39.0,58.5,234.0,156.0,78.0,8/14/2026,,,,,,,,
4314,8/13/2026,494.0,218.0,Dazzling Sanitizers of Bayhaven,100.0,Dazzling Legal Size Paper,copy paper,segA,1.0,24.0,31.2,31.2,24.0,7.2,8/14/2026,,,,,,,,
4315,8/13/2026,494.0,218.0,Dazzling Sanitizers of Bayhaven,117.0,Dazzling Graph Paper,copy paper,segA,2.0,51.0,80.07,80.07,63.0,29.07,8/14/2026,,,,,,,,
4316,8/13/2026,494.0,218.0,Dazzling Sanitizers of Bayhaven,120.0,Sparkling Letter Size Paper,copy paper,segA,5.0,45.0,51.29707511896669,353.25,225.0,128.25,8/14/2026,,,,,,,,
4318,8/26/2026,231.0,219.0,Gleaming Servicers of Cedarport,26.0,Radiant Sticky Notes,office products,segA,5.0,34.0,54.06,270.3,170.0,100.3,,,,,,,,,
4319,8/26/2026,231.0,219.0,Gleaming Servicers of Cedarport,28.0,Immaculate Binder Clips,office products,segA,3.0,29.0,45.82,137.46,87.0,50.46,8/27/2026,,,,,,,,
4320,8/26/2026,231.0,219.0,Gleaming Servicers of Cedarport,29.0,Dazzling Paper Clips,office products,segA,3.0,37.0,58.46,175.38,111.0,64.38,8/27/2026,,,,,,,,
4321,8/26/2026,231.0,219.0,Gleaming Servicers of Cedarport,30.0,Immaculate Markers,office products,segA,1.0,32.344897959183676,42.28,42.28,28.0,14.28,8/27/2026,,,,,,,,
4322,8/26/2026,231.0,219.0,Gleaming Servicers of Cedarport,31.0,Polished Highlighters,office products,segA,3.0,17.0,22.95,68.85,51.0,17.85,8/27/2026,,,,,,,,
4323,8/26/2026,231.0,219.0,Gleaming Servicers of Cedarport,36.0,Glossy Staplers,office products,segA,1.0,50.0,80.0,80.0,50.0,30.0,8/27/2026,,,,,,,,
4324,8/26/2026,231.0,219.0,Gleaming Servicers of Cedarport,48.0,Fresh Desk Organizers,office products,segA,1.0,29.0,42.34,102.06,29.0,13.34,8/27/2026,,,,,,,,
4325,8/26/2026,231.0,219.0,Gleaming Servicers of Cedarport,55.0,Spotless Floor Cleaner,cleaning supplies,segA,2.0,29.0,49.59,99.18,58.0,41.18,8/27/2026,,,,,,,,
4326,8/26/2026,231.0,219.0,Gleaming Servicers of Cedarport,64.0,Bright Glass Cleaner,cleaning supplies,segA,1.0,32.0,51.52,51.52,32.0,19.52,,,,,,,,,
4327,8/26/2026,231.0,219.0,Gleaming Servicers of Cedarport,70.0,Sleek Air Freshener,cleaning supplies,segA,20.0,33.0,49.5,990.0,660.0,330.0,8/27/2026,,,,,,,,
4328,8/19/2026,369.0,219.0,Gleaming Servicers of Cedarport,1.0,Sleek Party Napkins,paper & tissue,segB,1.0,29.0,44.66,44.66,29.0,15.66,8/20/2026,,,,,,,,
4329,8/19/2026,369.0,219.0,Gleaming Servicers of Cedarport,28.0,Immaculate Binder Clips,office products,segA,1.0,29.0,45.82,45.82,29.0,16.82,8/20/2026,,,,,,,,
4330,8/19/2026,369.0,219.0,Gleaming Servicers of Cedarport,29.0,Dazzling Paper Clips,office products,segA,2.0,37.0,58.46,116.92,74.0,42.92,8/20/2026,,,,,,,,
4331,8/19/2026,369.0,219.0,Gleaming Servicers of Cedarport,30.0,Immaculate Markers,office proudcts,segA,1.0,28.0,42.28,42.28,28.0,14.28,8/20/2026,,,,,,,,
4332,8/19/2026,369.0,219.0,Gleaming Servicers of Cedarport,33.0,Dazzling File Folders,office products,segA,5.0,26.0,40.82,204.1,130.0,74.1,8/20/2026,,,,,,,,
4333,8/19/2026,369.0,219.0,Gleaming Servicers of Cedarport,43.0,Fresh File Folders,offiec products,segA,1.0,50.0,69.0,69.0,50.0,19.0,8/20/2026,,,,,,,,
4334,8/19/2026,369.0,219.0,Gleaming Servicers of Cedarport,48.0,Fresh Desk Organizers,office products,segA,3.0,29.0,42.34,127.02,87.0,40.02,8/20/2026,,,,,,,,
4335,8/19/2026,369.0,219.0,Gleaming Servicers of Cedarport,49.0,Sparkling Disinfectant Wipes,cleaning supplies,segA,1.0,21.0,36.96,36.96,21.0,15.96,,,,,,,,,
4336,8/19/2026,369.0,219.0,Gleaming Servicers of Cedarport,57.0,Glossy All-Purpose Cleaner,cleaning supplies,segA,37.0,51.0,75.48,2792.76,1887.0,905.76,8/20/2026,,,,,,,,
4337,8/19/2026,369.0,219.0,Gleaming Servicers of Cedarport,62.0,Glossy Air Freshener,cleaning supplies,segA,3.0,20.0,33.4,100.2,60.0,40.2,8/20/2026,,,,,,,,
4338,8/19/2026,369.0,219.0,Gleaming Servicers of Cedarport,63.0,Polished Glass Cleaner,cleaning supplies,segA,2.0,42.0,77.28,154.56,84.0,70.56,8/20/2026,,,,,,,,
4339,8/19/2026,369.0,219.0,Gleaming Servicers of Cedarport,69.0,Gleaming Degreaser,cleaning supplies,segA,3.0,27.0,47.52,142.56,81.0,61.56,8/20/2026,,,,,,,,
4340,8/19/2026,369.0,219.0,Gleaming Servicers of Cedarport,70.0,Sleek Air Freshener,cleaning supplies,segA,13.0,33.0,49.5,643.5,429.0,214.5,8/20/2026,,,,,,,,
4341,8/19/2026,369.0,219.0,Gleaming Servicers of Cedarport,72.0,Gleaming Glass Cleaner,cleaning supplies,segA,3.0,23.0,37.26,111.78,69.0,42.78,8/20/2026,,,,,,,,
4342,8/19/2026,369.0,219.0,Gleaming Servicers of Cedarport,80.0,Spotless Instant Soups,breakroom supplies,segD,1.0,17.0,33.49,33.49,17.0,16.49,8/20/2026,,,,,,,,
4343,8/26/2026,,219.0,Gleaming Servicers of Cedarport,40.0,Immaculate Markers,office products,segA,1.0,34.0,46.92,46.92,34.0,12.92,8/27/2026,,,,,,,,
4344,8/19/2026,,219.0,Gleaming Servicers of Cedarport,55.0,Spotless Floor Cleaner,cleaning supplies,segA,2.0,29.0,49.59,99.18,58.0,41.18,8/20/2026,,,,,,,,
4345,8/25/2026,266.0,220.0,Fresh Servicers of Cedarwood,8.0,Bright Party Napkins,  paper & tissue ,segC,10.0,50.0,78.5,102.06,500.0,285.0,9/9/2026,,,,,,,,
4346,8/25/2026,266.0,220.0,Fresh Servicers of Cedarwood,34.0,Radiant Staplers,office products,segD,1.0,24.0,41.28,41.28,24.0,17.28,9/9/2026,,,,,,,,
4347,8/25/2026,266.0,220.0,Fresh Servicers of Cedarwood,79.0,Immaculate Microwave Popcorn,breakroom supplies,  segC ,1.0,25.0,54.75,54.75,25.0,29.75,9/9/2026,,,,,,,,
4348,8/25/2026,266.0,220.0,Fresh Servicers of Cedarwood,97.0,Sparkling Legal Size Paper,copy paper,segD,1.0,39.0,71.76,71.76,39.0,32.76,9/9/2026,,,,,,,,
4349,8/27/2026,200.0,221.0,Spotless Cleaners of Lakefield,35.0,Dazzling Staplers,office products,segC,3.0,27.0,44.55,133.65,81.0,52.65,8/28/2026,,,,,,,,
4350,8/27/2026,200.0,221.0,Spotless Cleaners of Lakefield,52.0,Spotless Air Freshener,cleaning supplies,segB,1.0,49.0,92.12,92.12,49.0,43.12,8/28/2026,,,,,,,,
4351,8/27/2026,200.0,221.0,Spotless Cleaners of Lakefield,72.0,Gleaming Glass Cleaner,cleaning supplies,segB,4.0,32.344897959183676,39.1,156.4,92.0,64.4,8/28/2026,,,,,,,,
4352,8/27/2026,200.0,221.0,Spotless Cleaners of Lakefield,100.0,Dazzling Legal Size Paper,copy paper,segA,2.0,24.0,35.52,745.92,504.0,241.92,8/28/2026,,,,,,,,
4353,8/27/2026,200.0,221.0,Spotless Cleaners of Lakefield,119.0,Immaculate Letter Size Paper,copy paper,segA,16.0,44.0,58.52,936.32,704.0,232.32,8/28/2026,,,,,,,,
4354,8/11/2026,545.0,221.0,Spotless Cleaners of Lakefield,19.0,Fresh Party Napkins,paper & tissue,segD,1.0,45.0,77.4,77.4,45.0,32.4,8/19/2026,,,,,,,,
4355,8/11/2026,545.0,221.0,Spotless Cleaners of Lakefield,92.0,Glossy Instant Soups,breakroom supplies,segD,1.0,24.0,53.04,53.04,24.0,29.04,19/08/2026,,,,,,,,
4356,8/11/2026,545.0,221.0,  Spotless Cleaners of Lakefield ,98.0,Radiant Glossy Photo Paper,copy paper,segA,18.0,23.0,31.74,571.32,414.0,157.32,8/19/2026,,,,,,,,
4357,8/11/2026,545.0,221.0,  Spotless Cleaners of Lakefield ,103.0,Spotless Colored Paper,copy paper,segA,5.0,45.0,70.65,353.25,225.0,128.25,8/19/2026,,,,,,,,
4358,8/11/2026,545.0,221.0,Spotless Cleaners of Lakefield,109.0,Immaculate Resume Paper,copy paper,segA,11.0,31.0,44.02,484.22,341.0,143.22,8/19/2026,,,,,,,,
4359,8/11/2026,545.0,221.0,Spotless Cleaners of Lakefield,119.0,Immaculate Letter Size Paper,copy paper,segA,29.0,44.0,58.52,1697.08,1276.0,421.08,8/19/2026,,,,,,,,
4360,8/27/2026,,221.0,Spotless Cleaners of Lakefield,114.0,Glossy Recycled Paper,copy paper,segA,8.0,54.0,86.4,691.2,432.0,259.2,8/28/2026,,,,,,,,
4361,8/31/2026,120.0,223.0,Sparkling Sanitizers of Forestdale,73.0,Spotless Creamers,breakroom supplies,segA,526.0,18.0,27.0,14202.0,63.0,4734.0,9/1/2026,,,,,,,,
4362,8/31/2026,120.0,223.0,Sparkling Sanitizers of Forestdale,81.0,Polished Stirrers,breakroom supplies,segA,14.0,22.0,46.2,646.8,308.0,338.8,9/1/2026,,,,,,,,
4363,8/31/2026,120.0,223.0,Sparkling Sanitizers of Forestdale,83.0,Spotless Energy Drinks,breakroom supplies,segA,2.0,26.0,50.96,102.06,832.0,798.72,9/1/2026,,,,,,,,
4364,8/31/2026,120.0,223.0,Sparkling Sanitizers of Forestdale,90.0,Dazzling Instant Soups,breakroom supplies,segA,45.0,24.0,44.4,1998.0,1080.0,918.0,9/1/2026,,,,,,,,
4365,8/28/2026,162.0,223.0,Sparkling Sanitizers of Forestdale,7.0,Gleaming Bathroom Tissue,paper & tissue,segC,6.0,16.0,24.32,145.92,96.0,49.92,8/31/2026,,,,,,,,
4366,8/28/2026,162.0,223.0,Sparkling Sanitizers of Forestdale,28.0,Immaculate Binder Clips,office products,segD,7.0,29.0,46.4,324.8,203.0,121.8,8/31/2026,,,,,,,,
4367,28/08/2026,162.0,223.0,Sparkling Sanitizers of Forestdale,63.0,Polished Glass Cleaner,,segA,45.0,42.0,70.56,3175.2,1890.0,1285.2,8/31/2026,,,,,,,,
4368,8/28/2026,162.0,223.0,Sparkling Sanitizers of Forestdale,66.0,Radiant Glass Cleaner,cleaning supplies,segA,7.0,21.0,37.59,263.13,147.0,116.13,8/31/2026,,,,,,,,
4369,8/28/2026,162.0,223.0,Sparkling Sanitizers of Forestdale,69.0,Gleaming Degreaser,cleaning supplies,segA,17.0,27.0,51.3,872.1,459.0,37.8,8/31/2026,,,,,,,,
4370,8/28/2026,162.0,223.0,Sparkling Sanitizers of Forestdale,73.0,  Spotless Creamers ,breakroom supplies,segA,486.0,18.0,27.0,13122.0,8748.0,37.8,8/31/2026,,,,,,,,
4371,8/28/2026,162.0,223.0,Sparkling Sanitizers of Forestdale,74.0,Pristine Energy Drinks,breakroom supplies,segA,33.0,15.0,26.7,881.1,495.0,386.1,8/31/2026,,,,,,,,
4372,8/28/2026,162.0,223.0,Sparkling Sanitizers of Forestdale,77.0,Sleek Disposable Cups,breakroom supplies,segA,45.0,25.0,45.5,2047.5,1125.0,922.5,8/31/2026,,,,,,,,
4373,8/28/2026,162.0,223.0,Sparkling Sanitizers of Forestdale,80.0,Spotless Instant Soups,breakroom supplies,segA,36.0,17.0,33.15,1193.4,612.0,581.4,8/31/2026,,,,,,,,
4374,8/28/2026,162.0,223.0,Sparkling Sanitizers of Forestdale,81.0,Polished Stirrers,breakroom supplies,segA,14.0,22.0,46.2,646.8,308.0,338.8,8/31/2026,,,,,,,,
4375,8/28/2026,162.0,223.0,Sparkling Sanitizers of Forestdale,90.0,Dazzling Instant Soups,breakroom supplies,esgA,38.0,24.0,44.4,102.06,912.0,775.2,8/31/2026,,,,,,,,
4376,8/28/2026,162.0,223.0,Sparkling Sanitizers of Forestdale,91.0,Glossy Microwave Popcorn,breakroom supplies,segA,34.0,29.0,52.2,1774.8,986.0,788.8,8/31/2026,,,,,,,,
4377,8/28/2026,162.0,223.0,Sparkling Sanitizers of Forestdale,100.0,Dazzling Legal Size Paper,,segB,39.0,24.0,34.56,1347.84,936.0,411.84,8/31/2026,,,,,,,,
4378,8/28/2026,162.0,223.0,Sparkling Sanitizers of Forestdale,106.0,Sleek Resume Paper,copy paper,segB,18.0,48.0,69.12,1244.16,864.0,380.16,8/31/2026,,,,,,,,
4379,8/21/2026,324.0,223.0,Sparkling Sanitizers of Forestdale,7.0,Gleaming Bathroom Tissue,paper & tissue,segC,6.0,16.0,24.32,145.92,96.0,49.92,8/24/2026,,,,,,,,
4380,8/21/2026,324.0,223.0,Sparkling Sanitizers of Forestdale,73.0,  Spotless Creamers ,breakroom supplies,segA,2.0,18.0,27.0,13041.0,8694.0,4347.0,8/24/2026,,,,,,,,
4381,8/21/2026,324.0,223.0,Sparkling Sanitizers of Forestdale,75.0,Fresh Microwave Popcorn,breakroom supplies,segA,571.0,18.0,27.0,15417.0,10278.0,5139.0,8/24/2026,,,,,,,,
4382,8/21/2026,324.0,223.0,Sparkling Sanitizers of Forestdale,77.0,Sleek Disposable Cups,breakroom supplies,segA,27.0,25.0,45.5,1228.5,675.0,553.5,8/24/2026,,,,,,,,
4383,8/21/2026,324.0,223.0,Sparkling Sanitizers of Forestdale,91.0,Glossy Microwave Popcorn,breakroom supplies,segA,2.0,29.0,52.2,1357.2,754.0,603.2,8/24/2026,,,,,,,,
4385,8/20/2026,354.0,223.0,Sparkling Sanitizers of Forestdale,65.0,Sparkling Citrus Cleaner,cleaning supplies,segA,27.0,20.0,36.6,988.2,540.0,448.2,8/21/2026,,,,,,,,
4386,8/20/2026,354.0,223.0,Sparkling Sanitizers of Forestdale,73.0,Spotless Creamers,breakroom supplies,segA,632.0,18.0,27.0,17064.0,11376.0,5688.0,8/21/2026,,,,,,,,
4387,8/20/2026,354.0,223.0,Sparkling Sanitizers of Forestdale,77.0,Sleek Disposable Cups,breakroom supplies,segA,41.0,25.0,45.5,1865.5,1025.0,840.5,8/21/2026,,,,,,,,
4388,8/20/2026,354.0,223.0,Sparkling Sanitizers of Forestdale,80.0,Spotless Instant Soups,breakroom supplies,segA,32.0,17.0,33.15,1060.8,544.0,516.8,8/21/2026,,,,,,,,
4389,8/20/2026,354.0,223.0,Sparkling Sanitizers of Forestdale,86.0,Dazzling Instant Soups,breakroom supplies,segA,41.0,16.0,29.92,1226.72,656.0,37.8,21/08/2026,,,,,,,,
4390,8/20/2026,354.0,223.0,  Sparkling Sanitizers of Forestdale ,87.0,Glossy Tea Selection,breakroom supplies,segA,39.0,11.0,21.89,853.71,429.0,424.71,8/21/2026,,,,,,,,
4391,8/20/2026,354.0,223.0,Sparkling Sanitizers of Forestdale,90.0,Dazzling Instant Soups,breakroom supplies,segA,29.0,24.0,44.4,1287.6,696.0,591.6,8/21/2026,,,,,,,,
4392,8/13/2026,495.0,223.0,Sparkling Sanitizers of Forestdale,39.0,Immaculate Sticky Notes,office products,segD,6.0,34.0,62.56,375.36,204.0,37.8,8/14/2026,,,,,,,,
4393,8/13/2026,495.0,223.0,Sparkling Sanitizers of Forestdale,51.0,Bright Glass Cleaner,cleaning supplies,segA,850.0,26.0,39.0,33150.0,22100.0,11050.0,8/14/2026,,,,,,,,
4394,8/13/2026,495.0,223.0,Sparkling Sanitizers of Forestdale,53.0,Glossy Glass Cleaner,cleaning supplies,segA,41.0,36.0,66.6,2730.6,1476.0,1254.6,8/14/2026,,,,,,,,
4395,8/13/2026,495.0,223.0,Sparkling Sanitizers of Forestdale,70.0,Sleek Air Freshener,cleaning supplies,segA,21.0,33.0,53.13,1115.73,693.0,422.73,14/08/2026,,,,,,,,
4396,8/13/2026,495.0,223.0,Sparkling Sanitizers of Forestdale,73.0,Spotless Creamers,breakroom supplies,segA,459.0,18.0,27.0,12393.0,8262.0,4131.0,8/14/2026,,,,,,,,
4397,8/13/2026,495.0,223.0,Sparkling Sanitizers of Forestdale,81.0,Polished Stirrers,breakroom supplies,segA,7.0,22.0,46.2,323.4,154.0,169.4,8/14/2026,,,,,,,,
4398,8/13/2026,495.0,223.0,Sparkling Sanitizers of Forestdale,86.0,Dazzling Instant Soups,breakroom supplies,esgA,38.0,16.0,29.92,1136.96,608.0,528.96,8/14/2026,,,,,,,,
4399,8/13/2026,495.0,223.0,Sparkling Sanitizers of Forestdale,87.0,Glossy Tea Selection,breakroom supplies,segA,33.0,11.0,21.89,722.37,363.0,359.37,8/14/2026,,,,,,,,
4400,8/13/2026,495.0,223.0,Sparkling Sanitizers of Forestdale,90.0,Dazzling Instant Soups,breakroom supplies,segA,42.0,24.0,44.4,1864.8,1008.0,856.8,8/14/2026,,,,,,,,
4401,8/13/2026,495.0,223.0,Sparkling Sanitizers of Forestdale,91.0,Glossy Microwave Popcorn,breakroom supplies,segA,25.0,29.0,52.2,1305.0,725.0,580.0,8/14/2026,,,,,,,,
4402,13/08/2026,495.0,223.0,Sparkling Sanitizers of Forestdale,100.0,Dazzling Legal Size Paper,copy paper,,23.0,24.0,34.56,102.06,552.0,242.88,8/14/2026,,,,,,,,
4403,8/13/2026,495.0,223.0,Sparkling Sanitizers of Forestdale,116.0,Immaculate Legal Size Paper,copy paper,segB,33.0,59.0,51.29707511896669,3134.67,1947.0,1187.67,8/14/2026,,,,,,,,
4404,8/12/2026,525.0,223.0,Sparkling Sanitizers of Forestdale,7.0,Gleaming Bathroom Tissue,paper & tissue,segC,6.0,16.0,24.32,145.92,96.0,49.92,8/13/2026,,,,,,,,
4405,8/12/2026,525.0,223.0,Sparkling Sanitizers of Forestdale,70.0,Sleek Air Freshener,cleaning supplies,segA,24.0,33.0,53.13,1275.12,792.0,483.12,8/13/2026,,,,,,,,
4406,8/12/2026,525.0,223.0,Sparkling Sanitizers of Forestdale,77.0,Sleek Disposable Cups,breakroom supplies,segA,31.0,32.344897959183676,45.5,1410.5,775.0,635.5,8/13/2026,,,,,,,,
4407,8/12/2026,525.0,223.0,Sparkling Sanitizers of Forestdale,90.0,Dazzling Instant Soups,breakroom supplies,segA,45.0,24.0,44.4,1998.0,1080.0,918.0,8/13/2026,,,,,,,,
4408,8/12/2026,,223.0,Sparkling Sanitizers of Forestdale,91.0,Glossy Microwave Popcorn,breakroom supplies,segA,36.0,29.0,52.2,1879.2,1044.0,835.2,8/13/2026,,,,,,,,
4409,8/28/2026,163.0,224.0,Glossy Wholesalers of Gardenburg,3.0,Sparkling Party Napkins,  paper & tissue ,segA,19.0,21.0,51.29707511896669,534.66,399.0,135.66,8/31/2026,,,,,,,,
4410,8/28/2026,163.0,224.0,Glossy Wholesalers of Gardenburg,5.0,Polished Kitchen Towels,paper & tissue,segA,30.0,35.0,48.65,1459.5,1050.0,409.5,8/31/2026,,,,,,,,
4411,8/28/2026,163.0,224.0,Glossy Wholesalers of Gardenburg,6.0,Pristine Bathroom Tissue,paper & tissue,segA,21.0,19.0,25.46,534.66,399.0,135.66,8/31/2026,,,,,,,,
4412,8/28/2026,163.0,224.0,Glossy Wholesalers of Gardenburg,11.0,Fresh Lunch Napkins,  paper & tissue ,segA,11.0,21.0,28.14,309.54,231.0,78.54,8/31/2026,,,,,,,,
4413,8/28/2026,163.0,224.0,Glossy Wholesalers of Gardenburg,15.0,Sparkling 2-Ply Toilet Paper,paper & tissue,segA,14.0,43.0,64.5,102.06,602.0,301.0,8/31/2026,,,,,,,,
4414,8/28/2026,163.0,224.0,Glossy Wholesalers of Gardenburg,18.0,Pristine Lunch Napkins,  paper & tissue ,segA,20.0,20.0,30.0,600.0,400.0,200.0,8/31/2026,,,,,,,,
4415,8/28/2026,163.0,224.0,Glossy Wholesalers of Gardenburg,23.0,Dazzling Roll Paper Towels,paper & tissue,  segA ,16.0,40.0,52.8,844.8,640.0,204.8,8/31/2026,,,,,,,,
4416,8/28/2026,163.0,224.0,Glossy Wholesalers of Gardenburg,50.0,Bright Glass Cleaner,cleaning supplies,,4.0,23.0,39.79,159.16,92.0,67.16,8/31/2026,,,,,,,,
4417,8/28/2026,163.0,224.0,Glossy Wholesalers of Gardenburg,55.0,Spotless Floor Cleaner,cleaning supplies,segB,1.0,29.0,56.55,56.55,29.0,27.55,8/31/2026,,,,,,,,
4418,8/28/2026,163.0,224.0,Glossy Wholesalers of Gardenburg,80.0,Spotless Instant Soups,breakroom supplies,segD,2.0,17.0,39.1,102.06,17.0,22.1,8/31/2026,,,,,,,,
4419,8/17/2026,423.0,224.0,Glossy Wholesalers of Gardenburg,6.0,Pristine Bathroom Tissue,paper & tissue,segA,14.0,19.0,25.46,356.44,266.0,90.44,9/1/2026,,,,,,,,
4420,8/17/2026,423.0,224.0,Glossy Wholesalers of Gardenburg,8.0,Bright Party Napkins,paper & tissue,segA,11.0,50.0,65.0,715.0,550.0,165.0,9/1/2026,,,,,,,,
4421,8/17/2026,423.0,224.0,Glossy Wholesalers of Gardenburg,13.0,Pristine Party Napkins,paper & tissue,segA,22.0,45.0,59.85,1316.7,63.0,326.7,9/1/2026,,,,,,,,
4422,8/17/2026,423.0,224.0,Glossy Wholesalers of Gardenburg,19.0,Fresh Party Napkins,paper & tissue,segA,14.0,45.0,58.5,819.0,630.0,189.0,9/1/2026,,,,,,,,
4423,8/17/2026,423.0,224.0,Glossy Wholesalers of Gardenburg,20.0,Gleaming Roll Paper Towels,paper & tissue,segA,11.0,28.0,41.44,455.84,308.0,147.84,9/1/2026,,,,,,,,
4424,8/17/2026,423.0,224.0,Glossy Wholesalers of Gardenburg,58.0,Spotless Floor Cleaner,cleaning supplies,segB,1.0,31.0,60.45,60.45,31.0,29.45,9/1/2026,,,,,,,,
4425,8/18/2026,393.0,226.0,Spotless Cleaners of Forestburg,32.0,Bright Desk Organizers,office products,segA,2.0,44.0,62.04,124.08,88.0,36.08,9/2/2026,,,,,,,,
4426,8/18/2026,393.0,226.0,Spotless Cleaners of Forestburg,34.0,Radiant Staplers,office products,segA,1.0,24.0,33.12,33.12,24.0,9.12,9/2/2026,,,,,,,,
4427,8/18/2026,393.0,226.0,Spotless Cleaners of Forestburg,35.0,Dazzling Staplers,,segA,2.0,27.0,39.15,102.06,63.0,24.3,9/2/2026,,,,,,,,
4428,8/18/2026,393.0,226.0,Spotless Cleaners of Forestburg,36.0,Glossy Staplers,office products,segA,2.0,32.344897959183676,66.0,132.0,100.0,32.0,9/2/2026,,,,,,,,
4429,8/18/2026,393.0,226.0,Spotless Cleaners of Forestburg,38.0,Radiant Pens,office products,segA,6.0,17.0,23.46,140.76,102.0,38.76,9/2/2026,,,,,,,,
4430,8/18/2026,393.0,226.0,Spotless Cleaners of Forestburg,42.0,Polished Markers,office products,segA,4.0,28.0,38.08,152.32,112.0,40.32,9/2/2026,,,,,,,,
4431,8/18/2026,393.0,226.0,Spotless Cleaners of Forestburg,46.0,Spotless Desk Organizers,office products,segA,3.0,33.0,45.21,135.63,99.0,36.63,2/9/2026,,,,,,,,
4432,8/18/2026,393.0,226.0,Spotless Cleaners of Forestburg,48.0,Fresh Desk Organizers,office products,segA,3.0,29.0,46.4,139.2,87.0,52.2,9/2/2026,,,,,,,,
4433,8/18/2026,,226.0,Spotless Cleaners of Forestburg,44.0,Gleaming Recycled Paper,office products,segA,25.0,34.0,43.52,1088.0,850.0,238.0,9/2/2026,,,,,,,,
4434,9/4/2026,21.0,227.0,Fresh Maintainers of Valleyville,79.0,Immaculate Microwave Popcorn,breakroom supplies,segA,2.0,25.0,53.25,106.5,50.0,56.5,9/7/2026,,,,,,,,
4435,9/4/2026,21.0,227.0,Fresh Maintainers of Valleyville,86.0,Dazzling Instant Soups,breakroom supplies,segA,1.0,16.0,32.8,32.8,16.0,16.8,9/7/2026,,,,,,,,
4436,9/4/2026,21.0,227.0,Fresh Maintainers of Valleyville,87.0,Glossy Tea Selection,breakroom supplies,,1.0,11.0,23.1,23.1,11.0,12.1,9/7/2026,,,,,,,,
4437,9/4/2026,21.0,227.0,Fresh Maintainers of Valleyville,90.0,Dazzling Instant Soups,breakroom supplies,segA,1.0,24.0,50.16,50.16,24.0,26.16,7/9/2026,,,,,,,,
4438,9/4/2026,21.0,227.0,Fresh Maintainers of Valleyville,91.0,Glossy Microwave Popcorn,breakroom supplies,segA,1.0,29.0,51.62,51.62,29.0,22.62,9/7/2026,,,,,,,,
4439,9/4/2026,21.0,227.0,Fresh Maintainers of Valleyville,94.0,Pristine Instant Soups,breakroom supplies,segA,1.0,7.0,14.35,102.06,7.0,7.35,9/7/2026,,,,,,,,
4440,9/4/2026,21.0,227.0,Fresh Maintainers of Valleyville,95.0,Bright Disposable Cups,breakroom supplies,segA,1.0,13.0,23.14,23.14,13.0,10.14,9/7/2026,,,,,,,,
4441,9/4/2026,21.0,227.0,Fresh Maintainers of Valleyville,96.0,Dazzling Disposable Cups,breakroom supplies,segA,1.0,19.0,36.29,36.29,19.0,17.29,9/7/2026,,,,,,,,
4442,9/4/2026,21.0,227.0,Fresh Maintainers of Valleyville,99.0,Glossy Letter Size Paper,copy paper,segA,4.0,57.0,78.66,314.64,228.0,86.64,9/7/2026,,,,,,,,
4443,9/4/2026,21.0,227.0,Fresh Maintainers of Valleyville,102.0,Sleek Resume Paper,,segA,10.0,26.0,32.76,327.6,260.0,67.6,9/7/2026,,,,,,,,
4444,9/4/2026,21.0,227.0,Fresh Maintainers of Valleyville,103.0,Spotless Colored Paper,copy paper,segA,3.0,45.0,61.2,183.6,135.0,48.6,,,,,,,,,
4445,9/4/2026,21.0,227.0,Fresh Maintainers of Valleyville,112.0,Sparkling Letter Size Paper,copy paper,segA,6.0,46.0,66.24,102.06,63.0,121.44,9/7/2026,,,,,,,,
4446,9/4/2026,21.0,227.0,Fresh Maintainers of Valleyville,115.0,  Polished Glossy Photo Paper ,cpoy paper,segA,4.0,59.0,90.86,363.44,236.0,127.44,9/7/2026,,,,,,,,
4447,9/4/2026,21.0,227.0,Fresh Maintainers of Valleyville,119.0,Immaculate Letter Size Paper,copy paper,segA,1.0,44.0,65.12,65.12,44.0,21.12,9/7/2026,,,,,,,,
4448,9/4/2026,21.0,227.0,Fresh Maintainers of Valleyville,120.0,Sparkling Letter Size Paper,copy paper,segA,13.0,45.0,56.7,737.1,585.0,152.1,9/7/2026,,,,,,,,
4449,8/18/2026,394.0,227.0,Fresh Maintainers of Valleyville,49.0,Sparkling Disinfectant Wipes,cleaning supplies,segD,1.0,21.0,44.52,44.52,21.0,23.52,8/19/2026,,,,,,,,
4450,8/18/2026,394.0,227.0,Fresh Maintainers of Valleyville,78.0,Glossy Creamers,breakroom uspplies,segA,1.0,27.0,50.49,50.49,27.0,23.49,,,,,,,,,
4451,8/18/2026,394.0,227.0,Fresh Maintainers of Valleyville,83.0,Spotless Energy Drinks,breakroom supplies,segA,1.0,26.0,52.78,52.78,63.0,26.78,8/19/2026,,,,,,,,
4452,8/18/2026,394.0,227.0,Fresh Maintainers of Valleyville,92.0,Glossy Instant Soups,breakroom supplies,segA,1.0,24.0,46.56,102.06,24.0,22.56,8/19/2026,,,,,,,,
4453,18/08/2026,394.0,227.0,Fresh Maintainers of Valleyville,94.0,Pristine Instant Soups,breakroom supplies,segA,1.0,7.0,14.35,14.35,7.0,7.35,8/19/2026,,,,,,,,
4454,8/18/2026,394.0,227.0,Fresh Maintainers of Valleyville,103.0,Spotless Colored Paper,copy paper,segA,3.0,45.0,61.2,183.6,135.0,48.6,8/19/2026,,,,,,,,
4455,8/18/2026,394.0,227.0,Fresh Maintainers of Valleyville,105.0,Pristine Graph Paper,copy paper,segA,1.0,52.0,74.88,74.88,52.0,22.88,8/19/2026,,,,,,,,
4456,8/18/2026,394.0,227.0,Fresh Maintainers of Valleyville,114.0,Glossy Recycled Paper,copy paper,,1.0,54.0,85.32,85.32,54.0,31.32,8/19/2026,,,,,,,,
4457,8/18/2026,394.0,227.0,Fresh Maintainers of Valleyville,112.0,Sparkling Letter Size Paper,copy paper,segA,4.0,46.0,66.24,264.96,184.0,80.96,8/19/2026,,,,,,,,
4458,8/18/2026,394.0,227.0,Fresh Maintainers of Valleyville,115.0,Polished Glossy Photo Paper,copy paper,segA,4.0,59.0,90.86,363.44,236.0,127.44,8/19/2026,,,,,,,,
4459,8/18/2026,394.0,227.0,Fresh Maintainers of Valleyville,116.0,Immaculate Legal Size Paper,copy paper,segA,3.0,59.0,87.32,261.96,177.0,84.96,8/19/2026,,,,,,,,
4460,8/18/2026,394.0,227.0,Fresh Maintainers of Valleyville,119.0,Immaculate Letter Size Paper,copy paper,segA,1.0,44.0,65.12,65.12,44.0,21.12,8/19/2026,,,,,,,,
4461,8/11/2026,546.0,227.0,Fresh Maintainers of Valleyville,19.0,Fresh Party Napkins,paper & tissue,segD,1.0,45.0,69.75,69.75,45.0,24.75,8/12/2026,,,,,,,,
4462,8/11/2026,546.0,227.0,Fresh Maintainers of Valleyville,74.0,Pristine Energy Drinks,breakroom supplies,segA,1.0,15.0,28.2,28.2,15.0,13.2,8/12/2026,,,,,,,,
4463,8/11/2026,546.0,227.0,Fresh Maintainers of Valleyville,81.0,Polished Stirrers,breakroom supplies,segA,1.0,22.0,37.4,37.4,22.0,15.4,12/8/2026,,,,,,,,
4464,8/11/2026,546.0,227.0,Fresh Maintainers of Valleyville,83.0,Spotless Energy Drinks,breakroom supplies,segA,1.0,26.0,52.78,52.78,26.0,26.78,8/12/2026,,,,,,,,
4465,8/11/2026,546.0,227.0,Fresh Maintainers of Valleyville,90.0,Dazzling Instant Soups,breakroom supplies,segA,1.0,24.0,50.16,50.16,24.0,26.16,8/12/2026,,,,,,,,
4466,8/11/2026,546.0,227.0,Fresh Maintainers of Valleyville,93.0,Gleaming Microwave Popcorn,breakroom supplies,segA,1.0,20.0,51.29707511896669,42.2,20.0,22.2,8/12/2026,,,,,,,,
4467,8/11/2026,546.0,227.0,Fresh Maintainers of Valleyville,94.0,Pristine Instant Soups,breakroom supplies,segA,1.0,7.0,14.35,14.35,7.0,7.35,8/12/2026,,,,,,,,
4468,8/11/2026,546.0,227.0,Fresh Maintainers of Valleyville,98.0,Radiant Glossy Photo Paper,copy paper,segA,3.0,23.0,33.81,101.43,69.0,32.43,8/12/2026,,,,,,,,
4469,8/11/2026,546.0,227.0,Fresh Maintainers of Valleyville,105.0,Pristine Graph Paper,copy paper,segA,1.0,52.0,74.88,74.88,52.0,22.88,8/12/2026,,,,,,,,
4470,8/11/2026,546.0,227.0,Fresh Maintainers of Valleyville,108.0,Dazzling Cardstock,copy paper,segA,4.0,21.0,29.4,117.6,84.0,33.6,8/12/2026,,,,,,,,
4471,8/11/2026,546.0,227.0,Fresh Maintainers of Valleyville,114.0,Glossy Recycled Paper,copy paper,segA,2.0,54.0,85.32,170.64,108.0,62.64,8/12/2026,,,,,,,,
4472,8/11/2026,546.0,227.0,Fresh Maintainers of Valleyville,115.0,Polished Glossy Photo Paper,copy paper,segA,2.0,59.0,90.86,181.72,118.0,63.72,8/12/2026,,,,,,,,
4473,8/11/2026,546.0,227.0,Fresh Maintainers of Valleyville,120.0,Sparkling Letter Size Paper,copy paper,segA,14.0,45.0,56.7,793.8,630.0,163.8,8/12/2026,,,,,,,,
4474,8/11/2026,,227.0,Fresh Maintainers of Valleyville,119.0,Immaculate Letter Size Paper,copy paper,segA,1.0,44.0,65.12,65.12,44.0,21.12,8/12/2026,,,,,,,,
4475,8/27/2026,201.0,228.0,Fresh Custodians of Mapleville,11.0,Fresh Lunch Napkins,paper & tissue,segC,2.0,21.0,32.13,64.26,42.0,22.26,9/4/2026,,,,,,,,
4476,8/27/2026,201.0,228.0,Fresh Custodians of Mapleville,12.0,Immaculate Roll Paper Towels,paper & tissue,segC,3.0,44.0,70.4,211.2,132.0,79.2,9/4/2026,,,,,,,,
4477,8/25/2026,267.0,228.0,Fresh Custodians of Mapleville,34.0,Radiant Staplers,office products,segC,2.0,24.0,39.36,78.72,48.0,30.72,8/26/2026,,,,,,,,
4478,8/25/2026,267.0,228.0,Fresh Custodians of Mapleville,114.0,Glossy Recycled Paper,copy paper,segB,3.0,32.0,48.96,146.88,96.0,50.88,8/26/2026,,,,,,,,
4479,8/25/2026,267.0,228.0,Fresh Custodians of Mapleville,116.0,Immaculate Legal Size Paper,copy paper,segB,208.0,59.0,82.6,17180.8,12272.0,4908.8,8/26/2026,,,,,,,,
4480,8/24/2026,292.0,228.0,Fresh Custodians of Mapleville,16.0,Dazzling Bathroom Tissue,paper & tissue,segC,4.0,42.0,60.9,243.6,168.0,75.6,8/25/2026,,,,,,,,
4481,8/24/2026,292.0,228.0,Fresh Custodians of Mapleville,23.0,Dazzling Roll Paper Towels,paper & tissue,segC,2.0,40.0,58.0,116.0,80.0,36.0,8/25/2026,,,,,,,,
4482,8/24/2026,292.0,228.0,Fresh Custodians of Mapleville,28.0,Immaculate Binder Clips,office products,segC,1.0,29.0,47.27,47.27,29.0,18.27,8/25/2026,,,,,,,,
4483,8/24/2026,292.0,228.0,Fresh Custodians of Mapleville,35.0,Dazzling Staplers,office products,segC,4.0,27.0,44.01,176.04,108.0,68.04,8/25/2026,,,,,,,,
4484,8/24/2026,292.0,228.0,Fresh Custodians of Mapleville,57.0,Glossy All-Purpose Cleaner,cleaning supplies,segC,1.0,51.0,99.45,99.45,51.0,48.45,8/25/2026,,,,,,,,
4485,9/3/2026,51.0,230.0,Spotless Servicers of Forestfield,8.0,Bright Party Napkins,paper & tissue,segD,1.0,50.0,83.0,83.0,50.0,33.0,9/4/2026,,,,,,,,
4486,9/3/2026,51.0,230.0,Spotless Servicers of Forestfield,98.0,Radiant Glossy Photo Paper,copy paper,segA,14.0,23.0,32.89,460.46,322.0,138.46,9/4/2026,,,,,,,,
4487,9/3/2026,51.0,230.0,Spotless Servicers of Forestfield,99.0,Glossy Letter Size Paper,copy paper,segA,13.0,57.0,83.22,1081.86,741.0,340.86,9/4/2026,,,,,,,,
4488,9/3/2026,51.0,230.0,Spotless Servicers of Forestfield,114.0,Glossy Recycled Paper,copy paper,segA,12.0,54.0,79.92,959.04,648.0,311.04,9/4/2026,,,,,,,,
4489,9/3/2026,51.0,230.0,Spotless Servicers of Forestfield,112.0,Sparkling Letter Size Paper,copy paper,segA,6.0,46.0,66.7,400.2,276.0,124.2,9/4/2026,,,,,,,,
4490,3/9/2026,51.0,230.0,Spotless Servicers of Forestfield,114.0,Glossy Recycled Paper,,segA,2.0,32.0,47.68,1048.96,704.0,37.8,9/4/2026,,,,,,,,
4491,9/3/2026,51.0,230.0,Spotless Servicers of Forestfield,118.0,Sparkling Cardstock,,segA,19.0,37.0,56.61,1075.59,703.0,372.59,9/4/2026,,,,,,,,
4492,9/1/2026,98.0,230.0,Spotless Servicers of Forestfield,5.0,Polished Kitchen Towels,paper & tissue,segD,3.0,35.0,58.8,176.4,105.0,71.4,9/2/2026,,,,,,,,
4493,9/1/2026,98.0,230.0,Spotless Servicers of Forestfield,99.0,Glossy Letter Size Paper,copy paper,segA,15.0,57.0,83.22,1248.3,855.0,393.3,9/2/2026,,,,,,,,
4494,9/1/2026,98.0,230.0,Spotless Servicers of Forestfield,100.0,Dazzling Legal Size Paper,copy paper,segA,12.0,24.0,32.16,385.92,288.0,97.92,9/2/2026,,,,,,,,
4495,9/1/2026,98.0,230.0,Spotless Servicers of Forestfield,114.0,Glossy Recycled Paper,copy paper,segA,8.0,54.0,79.92,639.36,432.0,207.36,9/2/2026,,,,,,,,
4496,9/1/2026,98.0,230.0,Spotless Servicers of Forestfield,112.0,Sparkling Letter Size Paper,copy paper,segA,7.0,46.0,66.7,466.9,322.0,144.9,9/2/2026,,,,,,,,
4497,9/1/2026,98.0,230.0,Spotless Servicers of Forestfield,114.0,Glossy Recycled Paper,copy paper,segA,18.0,32.0,47.68,858.24,576.0,282.24,9/2/2026,,,,,,,,
4498,8/19/2026,370.0,230.0,Spotless Servicers of Forestfield,5.0,Polished Kitchen Towels,  paper & tissue ,segD,5.0,35.0,58.8,294.0,63.0,119.0,8/27/2026,,,,,,,,
4499,8/19/2026,370.0,230.0,Spotless Servicers of Forestfield,48.0,Fresh Desk Organizers,office products,segD,2.0,29.0,46.69,46.69,29.0,17.69,8/27/2026,,,,,,,,
4500,8/19/2026,370.0,230.0,Spotless Servicers of Forestfield,82.0,  Pristine Granola Bars ,breakroom supplies,segD,1.0,26.0,57.72,57.72,26.0,31.72,8/27/2026,,,,,,,,
4501,8/19/2026,370.0,230.0,Spotless Servicers of Forestfield,100.0,Dazzling Legal Size Paper,copy paper,segA,7.0,24.0,32.16,225.12,168.0,57.12,8/27/2026,,,,,,,,
4502,8/19/2026,370.0,230.0,Spotless Servicers of Forestfield,104.0,Gleaming Glossy Photo Paper,copy paper,  segA ,10.0,52.0,82.68,826.8,520.0,306.8,8/27/2026,,,,,,,,
4503,8/19/2026,370.0,230.0,Spotless Servicers of Forestfield,112.0,Sparkling Letter Size Paper,copy paper,segA,5.0,46.0,66.7,333.5,230.0,103.5,8/27/2026,,,,,,,,
4504,8/19/2026,370.0,230.0,Spotless Servicers of Forestfield,114.0,  Glossy Recycled Paper ,copy paper,segA,17.0,32.0,47.68,810.56,544.0,266.56,8/27/2026,,,,,,,,
4505,8/19/2026,370.0,230.0,Spotless Servicers of Forestfield,115.0,Polished Glossy Photo Paper,copy paper,segA,15.0,59.0,83.19,1247.85,885.0,362.85,27/08/2026,,,,,,,,
4506,8/19/2026,,230.0,Spotless Servicers of Forestfield,103.0,Spotless Colored Paper,copy paper,  segA ,12.0,45.0,58.5,702.0,540.0,162.0,8/27/2026,,,,,,,,
4507,8/31/2026,121.0,231.0,Fresh Facilities of Mountwood,9.0,Fresh Kitchen Towels,paper & tissue,segB,1.0,33.0,46.86,46.86,33.0,13.86,9/1/2026,,,,,,,,
4508,31/08/2026,121.0,231.0,Fresh Facilities of Mountwood,16.0,Dazzling Bathroom Tissue,paper & tissue,segB,2.0,42.0,61.32,122.64,84.0,38.64,9/1/2026,,,,,,,,
4509,8/31/2026,121.0,231.0,Fresh Facilities of Mountwood,23.0,Dazzling Roll Paper Towels,paper & tissue,segB,1.0,40.0,60.0,60.0,40.0,20.0,9/1/2026,,,,,,,,
4510,8/31/2026,121.0,231.0,Fresh Facilities of Mountwood,24.0,Sparkling Pocket Tissues,paper & tissue,segB,2.0,18.0,28.08,56.16,36.0,20.16,9/1/2026,,,,,,,,
4511,8/31/2026,121.0,231.0,Fresh Facilities of Mountwood,75.0,Fresh Microwave Popcorn,breakroom supplies,segC,1.0,18.0,51.29707511896669,33.66,18.0,15.66,9/1/2026,,,,,,,,
4512,8/31/2026,121.0,231.0,Fresh Facilities of Mountwood,91.0,Glossy Microwave Popcorn,breakroom supplies,segC,1.0,29.0,59.45,59.45,29.0,30.45,9/1/2026,,,,,,,,
4513,8/31/2026,121.0,231.0,Fresh Facilities of Mountwood,100.0,Dazzling Legal Size Paper,copy paper,seBg,1.0,24.0,37.68,102.06,24.0,13.68,9/1/2026,,,,,,,,
4515,8/20/2026,355.0,231.0,Fresh Facilities of Mountwood,7.0,Gleaming Bathroom Tissue,paper & tissue,segB,13.0,16.0,20.8,270.4,208.0,62.4,8/21/2026,,,,,,,,
4516,8/20/2026,355.0,231.0,Fresh Facilities of Mountwood,14.0,Spotless Pocket Tissues,paper & tissue,segB,1.0,20.0,30.8,30.8,20.0,10.8,21/08/2026,,,,,,,,
4517,8/20/2026,355.0,231.0,Fresh Facilities of Moutnwood,101.0,Radiant Colored Paper,copy paper,,1.0,60.0,84.0,84.0,60.0,24.0,8/21/2026,,,,,,,,
4518,8/20/2026,355.0,231.0,Fresh Facilities of Mountwood,117.0,Dzazling Graph Paper,copy paper,segB,2.0,51.0,72.93,145.86,102.0,43.86,8/21/2026,,,,,,,,
4519,8/19/2026,371.0,231.0,Fresh Facilities of Mountwood,14.0,Spotless Pocket Tissues,paper & tissue,segB,1.0,20.0,30.8,30.8,20.0,10.8,8/27/2026,,,,,,,,
4520,8/19/2026,371.0,231.0,Fresh Facilities of Mountwood,23.0,Dazzling Roll Paper Towels,paper & tissue,segB,1.0,40.0,60.0,60.0,40.0,20.0,8/27/2026,,,,,,,,
4521,8/19/2026,371.0,231.0,Fresh Facilities of Mountwood,90.0,Dazzling Instant Soups,breakroom supplies,segC,1.0,24.0,48.0,48.0,24.0,24.0,8/27/2026,,,,,,,,
4522,8/19/2026,371.0,231.0,Fresh Facilities of Mountwood,101.0,Radiant Colored Paper,copy paper,segB,1.0,60.0,84.0,84.0,60.0,24.0,8/27/2026,,,,,,,,
4523,8/19/2026,371.0,231.0,Fresh Facilities of Mountwood,114.0,Glosys Recycled Paper,copy paper,segB,1.0,32.0,45.44,45.44,32.0,13.44,8/27/2026,,,,,,,,
4524,8/20/2026,,231.0,Fresh Facilities of Mountwood,18.0,Pristine Lunch Napkins,paper & tissue,segB,1.0,20.0,32.0,32.0,20.0,12.0,8/21/2026,,,,,,,,
4526,8/31/2026,122.0,236.0,Gleaming Suppliers of Canyonwood,14.0,Spotless Pocket Tissues,paper & tissue,segD,1.0,20.0,33.8,33.8,20.0,13.8,9/1/2026,,,,,,,,
4527,8/31/2026,122.0,236.0,Gleaming Suppliers of Canyonwood,90.0,Dazzling Instant Soups,breakroom supplies,segB,1.0,24.0,44.88,44.88,24.0,20.88,9/1/2026,,,,,,,,
4528,8/31/2026,122.0,236.0,Gleaming Suppliers of Canyonwood,93.0,Gleaming Microwave Popcorn,breakroom supplies,segB,1.0,20.0,43.6,43.6,20.0,23.6,9/1/2026,,,,,,,,
4529,8/31/2026,122.0,236.0,Gleaming Suppliers of Canyonwood,94.0,Pristine Instant Soups,breakroom supplies,segB,1.0,7.0,13.58,13.58,7.0,6.58,9/1/2026,,,,,,,,
4530,8/24/2026,293.0,236.0,Gleaming Suppliers of Canyonwood,74.0,Pristine Energy Drinks,breakroom supplies,segB,1.0,15.0,51.29707511896669,29.25,15.0,14.25,8/25/2026,,,,,,,,
4531,8/24/2026,293.0,236.0,Gleaming Suppliers of Canyonwood,92.0,Glossy Instant Soups,breakroom supplies,segB,1.0,24.0,45.6,45.6,24.0,21.6,,,,,,,,,
4532,8/24/2026,293.0,236.0,Gleaming Suppliers of Canyonwood,114.0,Glossy Recycled Paper,copy paper,segD,1.0,54.0,97.74,97.74,54.0,43.74,8/25/2026,,,,,,,,
4533,8/17/2026,424.0,237.0,Fresh Custodians of Cedarton,25.0,Dazzling Paper Clips,office products,segC,1.0,37.0,62.53,62.53,37.0,25.53,8/25/2026,,,,,,,,
4534,8/17/2026,424.0,237.0,Fresh Custodians of Cedarton,67.0,Sleek Citrus Cleaner,cleaning supplies,segD,1.0,39.0,81.51,81.51,39.0,42.51,8/25/2026,,,,,,,,
4535,8/17/2026,424.0,237.0,Fresh Custodians of Cedarton,103.0,Spotless Colored Paper,copy paper,segB,1.0,45.0,68.4,68.4,45.0,23.4,8/25/2026,,,,,,,,
4536,8/17/2026,424.0,237.0,Fresh Custodians of Cedarton,116.0,Immaculate Legal Size Paper,copy paper,segB,1.0,59.0,96.76,96.76,59.0,37.76,25/08/2026,,,,,,,,
4537,8/25/2026,268.0,238.0,Sparkling Suppliers of Harborwood,11.0,Fresh Lunch Napkins,paper & tissue,segC,1.0,21.0,29.4,29.4,21.0,8.4,8/26/2026,,,,,,,,
4538,8/25/2026,268.0,238.0,Sparkling Suppliers of Harborwood,15.0,Sparkling 2-Ply Toilet Paper,paper & tissue,segC,1.0,43.0,67.08,67.08,43.0,24.08,8/26/2026,,,,,,,,
4539,8/25/2026,268.0,238.0,Sparkling Suppliers of Harborwood,25.0,Dazzling Binder Clips,office products,segA,2.0,45.0,62.55,125.1,90.0,35.1,8/26/2026,,,,,,,,
4540,8/25/2026,268.0,238.0,Sparkling Suppliers of Harborwood,33.0,Dazzling File Folders,office products,segA,1.0,26.0,35.1,35.1,26.0,9.1,8/26/2026,,,,,,,,
4541,8/25/2026,268.0,238.0,Sparkling Suppliers of Harborwood,36.0,  Glossy Staplers ,office products,segA,3.0,50.0,65.0,195.0,150.0,45.0,8/26/2026,,,,,,,,
4542,25/08/2026,268.0,238.0,Sparkling Suppliers of Harborwood,37.0,Bright Recycled Paper,office products,segA,28.0,24.0,31.2,873.6,672.0,201.6,8/26/2026,,,,,,,,
4543,8/25/2026,268.0,238.0,Sparkling Suppliers of Harborwood,40.0,Immaculate Markers,office products,segA,5.0,34.0,51.29707511896669,102.06,170.0,79.9,8/26/2026,,,,,,,,
4544,8/25/2026,268.0,238.0,Sparkling Suppliers of Harborwood,43.0,Fresh File Folders,,segA,3.0,50.0,65.5,196.5,150.0,46.5,8/26/2026,,,,,,,,
4545,8/25/2026,268.0,238.0,Sparkling Suppliers of Harborwood,58.0,Spotless Floor Cleaner,cleaning supplies,segB,1.0,31.0,60.76,60.76,31.0,29.76,8/26/2026,,,,,,,,
4546,8/25/2026,268.0,238.0,Sparkling Suppliers of Harborwood,73.0,Spotless Creamers,breakroom supplies,segA,1.0,18.0,38.52,38.52,18.0,20.52,8/26/2026,,,,,,,,
4547,8/25/2026,268.0,238.0,Sparkling Suppliers of Harborwood,77.0,Sleek Disposable Cups,breakroom supplies,segA,1.0,25.0,44.0,44.0,25.0,19.0,8/26/2026,,,,,,,,
4548,8/25/2026,268.0,238.0,Sparkling Suppliers of Harborwood,81.0,Polished Stirrers,breakroom supplies,segA,1.0,22.0,41.14,41.14,22.0,19.14,8/26/2026,,,,,,,,
4549,8/25/2026,268.0,238.0,Sparkling Suppliers of Harborwood,94.0,Pristine Instant Soups,rbeakroom supplies,segA,1.0,7.0,12.04,12.04,7.0,5.04,8/26/2026,,,,,,,,
4550,8/25/2026,268.0,238.0,Sparkling Suppliers of Harborwood,98.0,Radiant Glossy Photo Paper,copy paper,segB,1.0,23.0,32.66,32.66,23.0,9.66,8/26/2026,,,,,,,,
4551,8/25/2026,268.0,238.0,Sparkling Suppliers of Harborwood,107.0,Radiant Glossy Photo Paper,copy paper,segB,2.0,58.0,90.48,180.96,116.0,64.96,8/26/2026,,,,,,,,
4552,8/25/2026,268.0,238.0,Sparkling Suppliers of Harborwood,108.0,Dazzling Cardstock,copy paper,segB,1.0,21.0,34.65,34.65,21.0,13.65,8/26/2026,,,,,,,,
4553,8/18/2026,395.0,238.0,Sparkling Suppliers of Harborwood,7.0,Gleaming Bathroom Tissue,paper & tissue,segC,1.0,16.0,24.8,24.8,16.0,8.8,,,,,,,,,
4554,8/18/2026,395.0,238.0,Sparkling Suppliers of Harborwood,36.0,Glossy Staplers,office products,segA,3.0,50.0,65.0,195.0,150.0,37.8,8/19/2026,,,,,,,,
4555,8/18/2026,395.0,238.0,Sparkling Suppliers of Harborwood,37.0,Bright Recycled Paper,office products,segA,48.0,24.0,31.2,1497.6,1152.0,345.6,8/19/2026,,,,,,,,
4556,8/18/2026,395.0,238.0,Sparkling Suppliers of Harborwood,38.0,Radiant Pens,office products,segA,2.0,17.0,22.61,45.22,34.0,11.22,8/19/2026,,,,,,,,
4557,8/18/2026,395.0,238.0,Sparkling Suppliers of Harborwood,44.0,Gleaming Recycled Paper,office products,segA,3.0,34.0,48.62,145.86,102.0,43.86,8/19/2026,,,,,,,,
4558,8/18/2026,395.0,238.0,Sparkling Suppliers of Harborwood,45.0,Immaculate Staplers,office products,segA,2.0,50.0,75.5,151.0,100.0,51.0,8/19/2026,,,,,,,,
4559,8/18/2026,395.0,238.0,Sparkling Suppliers of Harborwood,58.0,Spotless Floor Cleaner,cleaning supplies,segB,1.0,31.0,60.76,60.76,31.0,29.76,8/19/2026,,,,,,,,
4560,8/18/2026,395.0,238.0,Sparkling Suppliers of Harborwood,73.0,Spotless Creamers,breakroom supplies,segA,1.0,18.0,38.52,38.52,18.0,20.52,8/19/2026,,,,,,,,
4561,8/18/2026,395.0,238.0,Sparkling Suppliers of Harborwood,74.0,Pristine Energy Drinks,breakroom supplies,segA,1.0,15.0,30.45,30.45,15.0,15.45,8/19/2026,,,,,,,,
4562,8/18/2026,395.0,238.0,Sparkling Suppliers of Harborwood,80.0,Spotless Instant Soups,breakroom supplies,segA,2.0,17.0,30.26,30.26,17.0,13.26,8/19/2026,,,,,,,,
4563,8/18/2026,395.0,238.0,Sparkling Suppliers of Harborwood,81.0,Polished Stirrers,breakroom supplies,segA,2.0,22.0,41.14,82.28,44.0,38.28,19/08/2026,,,,,,,,
4564,8/18/2026,395.0,238.0,Sparkling Suppliers of Harborwood,90.0,Dazzling Instant Soups,breakroom supplies,segA,1.0,24.0,46.08,46.08,24.0,22.08,8/19/2026,,,,,,,,
4565,8/18/2026,395.0,238.0,Sparkling Suppliers of Harborwood,94.0,Pristine Instant Soups,breakroom supplies,segA,1.0,7.0,12.04,12.04,7.0,5.04,8/19/2026,,,,,,,,
4566,8/18/2026,395.0,238.0,Sparkling Suppliers of Harborwood,104.0,Gleaming Glossy Photo Paper,copy paper,segB,1.0,52.0,86.84,86.84,52.0,34.84,8/19/2026,,,,,,,,
4567,8/18/2026,395.0,238.0,Sparkling Suppliers of Harborwood,108.0,Dazzling Cardstock,copy paper,segB,2.0,21.0,34.65,69.3,42.0,27.3,8/19/2026,,,,,,,,
4568,8/18/2026,395.0,238.0,Sparkling Suppliers of Harborwood,109.0,Immaculate Resume Paper,copy paper,segB,2.0,31.0,46.81,93.62,62.0,31.62,19/08/2026,,,,,,,,
4569,8/11/2026,547.0,238.0,Sparkling Suppliers of Harborwood,33.0,Dazzling File Folders,office products,segA,2.0,26.0,35.1,70.2,52.0,18.2,8/12/2026,,,,,,,,
4570,8/11/2026,547.0,238.0,Sparkling Suppliers of Harborwood,36.0,Glossy Staplers,office products,segA,3.0,50.0,65.0,195.0,150.0,45.0,12/8/2026,,,,,,,,
4571,8/11/2026,547.0,238.0,Sparkling Suppliers of Harborwood,37.0,Bright Recycled Paper,office products,segA,33.0,24.0,31.2,1029.6,792.0,237.6,8/12/2026,,,,,,,,
4572,8/11/2026,547.0,238.0,Sparkling Suppliers of Harborwood,44.0,Gleaming Recycled Paper,office products,segA,5.0,34.0,48.62,243.1,170.0,73.1,8/12/2026,,,,,,,,
4573,8/11/2026,547.0,238.0,Sparkling Suppliers of Harborwood,58.0,Spotless Floor Cleaner,cleaning supplies,segB,1.0,31.0,60.76,60.76,31.0,29.76,8/12/2026,,,,,,,,
4574,8/11/2026,547.0,238.0,Sparkling Spupliers of Harborwood,68.0,Dazzling Disinfectant Wipes,cleaning supplies,,1.0,54.0,106.38,106.38,54.0,52.38,8/12/2026,,,,,,,,
4575,8/11/2026,547.0,238.0,Sparkling Suppliers of Harborwood,77.0,Sleek Disposable Cups,breakroom supplies,segA,1.0,25.0,44.0,44.0,25.0,19.0,8/12/2026,,,,,,,,
4576,8/11/2026,547.0,238.0,Sparkling Suppliers of Harborwood,84.0,Sparkling Creamers,breakroom supplies,segA,1.0,18.0,36.72,36.72,18.0,18.72,8/12/2026,,,,,,,,
4577,8/11/2026,547.0,238.0,Sparkling Suppliers of Harborwood,85.0,Sparkling Microwave Popcorn,breakroom supplies,segA,1.0,12.0,24.72,102.06,63.0,12.72,8/12/2026,,,,,,,,
4578,8/11/2026,547.0,238.0,Sparkling Suppliers of Harborwood,88.0,Gleaming Coffee Beans,breakroom supplies,segA,55.0,18.0,27.0,1485.0,990.0,495.0,8/12/2026,,,,,,,,
4579,8/11/2026,547.0,238.0,Sparkling Suppliers of Harborwood,90.0,Dazzling Instant Soups,breakroom supplies,segA,1.0,24.0,46.08,46.08,24.0,22.08,8/12/2026,,,,,,,,
4580,8/11/2026,547.0,238.0,Sparkling Suppliers of Harborwood,94.0,Pristine Instant Soups,breakroom supplies,segA,2.0,7.0,12.04,24.08,14.0,10.08,8/12/2026,,,,,,,,
4581,8/11/2026,547.0,238.0,Sparkling Suppliers of Harborwood,110.0,Pristine Cardstock,copy paper,segB,1.0,42.0,70.56,70.56,42.0,28.56,8/12/2026,,,,,,,,
4582,8/18/2026,,238.0,Sparkling Suppliers of Harborwood,40.0,Immaculate Markers,office products,segA,5.0,34.0,49.98,249.9,170.0,79.9,8/19/2026,,,,,,,,
4583,8/11/2026,,238.0,Sparkling Suppliers of Harborwood,80.0,Spotless Instant Soups,breakroom supplies,segA,1.0,17.0,30.26,30.26,17.0,13.26,8/12/2026,,,,,,,,
4584,8/31/2026,123.0,239.0,Dazzling Custodians of Canyonton,6.0,Pristine Bathroom Tissue,paper & tissue,segA,5.0,19.0,51.29707511896669,133.95,95.0,38.95,9/1/2026,,,,,,,,
4585,8/31/2026,123.0,239.0,Dazzling Custodians of Canyonton,7.0,Gleaming Bathroom Tissue,paper & tissue,segA,6.0,16.0,20.96,125.76,96.0,29.76,9/1/2026,,,,,,,,
4586,31/08/2026,123.0,239.0,Dazzling Custodians of Canyonton,8.0,Bright Party Napkins,,segA,6.0,50.0,68.5,411.0,300.0,111.0,9/1/2026,,,,,,,,
4587,8/31/2026,123.0,239.0,Dazzling Custodians of Canyonton,10.0,Pristine 2-Ply Toilet Paper,paper & tissue,segA,2.0,26.0,34.84,69.68,52.0,17.68,9/1/2026,,,,,,,,
4588,8/31/2026,123.0,239.0,Dazzling Custodians of Canyonton,16.0,Dazzling Bathroom Tissue,paper & tissue,segA,3.0,42.0,63.0,189.0,126.0,63.0,9/1/2026,,,,,,,,
4589,8/31/2026,123.0,239.0,Dazzling Custodians of Canyonton,25.0,Dazzling Binder Clips,office products,segA,1.0,45.0,61.2,61.2,45.0,37.8,,,,,,,,,
4590,8/31/2026,123.0,239.0,Dazzling Custodians of Canyonton,31.0,Polished Highlighters,office products,segA,2.0,17.0,25.5,51.0,34.0,17.0,9/1/2026,,,,,,,,
4591,8/31/2026,123.0,239.0,Dazzling Custodians of Canyonton,40.0,Immaculate Markers,office products,  segA ,4.0,34.0,54.4,217.6,136.0,81.6,9/1/2026,,,,,,,,
4592,8/31/2026,123.0,239.0,Dazzling Custodians of Canyonton,43.0,Fresh File Folders,office products,segA,3.0,50.0,74.0,222.0,150.0,72.0,9/1/2026,,,,,,,,
4593,8/31/2026,123.0,239.0,Dazzling Custodians of Canyonton,44.0,Gleaming Recycled Paper,office products,segA,5.0,34.0,47.26,236.3,170.0,66.3,9/1/2026,,,,,,,,
4594,8/31/2026,123.0,239.0,Dazzling Custodians of Canyonton,48.0,Fresh Desk Organizers,office products,segA,4.0,29.0,40.6,162.4,116.0,46.4,9/1/2026,,,,,,,,
4595,8/10/2026,574.0,239.0,Dazzling Custodians of Canyonton,6.0,Pristine Bathroom Tissue,paper & tissue,segA,5.0,19.0,26.79,133.95,95.0,38.95,8/11/2026,,,,,,,,
4596,8/10/2026,574.0,239.0,Dazzling Custodians of Canyonton,10.0,Pristine 2-Ply Toilet Paper,paper & tissue,segA,2.0,26.0,34.84,69.68,52.0,17.68,8/11/2026,,,,,,,,
4597,8/10/2026,574.0,239.0,Dazzling Custodians of Canyonton,25.0,Dazzling Binder Clips,office products,segA,2.0,45.0,61.2,61.2,45.0,16.2,8/11/2026,,,,,,,,
4598,10/8/2026,574.0,239.0,Dazzling Custodians of Canyonton,26.0,Radiant Sticky Notes,,segA,1.0,32.344897959183676,49.3,49.3,34.0,37.8,8/11/2026,,,,,,,,
4599,8/10/2026,574.0,239.0,Dazzling Custodians of Canyonton,32.0,Bright Desk Organizers,,segA,14.0,44.0,57.2,800.8,616.0,184.8,,,,,,,,,
4600,8/10/2026,574.0,239.0,Dazzling Custodians of Canyonton,40.0,Immaculate Markers,office products,segA,2.0,34.0,54.4,108.8,68.0,40.8,8/11/2026,,,,,,,,
4601,8/10/2026,574.0,239.0,Dazzling Custodians of Canyonton,104.0,Gleaming Glossy Photo Paper,copy paper,segC,1.0,52.0,82.68,82.68,52.0,30.68,8/11/2026,,,,,,,,
4602,8/31/2026,124.0,240.0,Fresh Stewards of Gardenfield,14.0,Spotless Pocket Tissues,paper & tissue,segB,1.0,20.0,31.6,31.6,20.0,11.6,9/1/2026,,,,,,,,
4603,8/31/2026,124.0,240.0,Fresh Stewards of Gardenfield,27.0,Sparkling Sticky Notes,office products,segC,1.0,43.0,70.95,70.95,43.0,27.95,9/1/2026,,,,,,,,
4604,8/31/2026,124.0,240.0,Fresh Stewards of Gardenfield,83.0,Spotless Energy Drinks,breakroom supplies,segD,1.0,26.0,60.06,60.06,26.0,37.8,9/1/2026,,,,,,,,
4605,8/20/2026,356.0,241.0,Dazzling Suppliers of Graniteton,21.0,Glossy Facial Tissues,  paper & tissue ,segD,1.0,47.0,79.9,79.9,47.0,32.9,8/21/2026,,,,,,,,
4606,8/20/2026,356.0,241.0,Dazzling Suppliers of Graniteton,27.0,Sparkling Sticky Notes,office products,segC,1.0,43.0,63.64,63.64,43.0,20.64,8/21/2026,,,,,,,,
4607,8/20/2026,356.0,241.0,Dazzling Suppliers of Graniteton,51.0,Bright Glass Cleaner,cleaning supplies,segA,1.0,26.0,41.6,41.6,26.0,15.6,8/21/2026,,,,,,,,
4608,8/20/2026,356.0,241.0,Dazzling Suppliers of Graniteton,53.0,Glossy Glass Cleaner,cleaning supplies,,2.0,36.0,67.68,67.68,36.0,31.68,8/21/2026,,,,,,,,
4609,8/20/2026,356.0,241.0,Dazzling Suppliers of Graniteton,55.0,Spotless Floor Cleaner,cleaning supplies,segA,1.0,29.0,51.62,51.62,29.0,22.62,8/21/2026,,,,,,,,
4610,8/20/2026,356.0,241.0,Dazzling Suppliers of Graniteton,61.0,Pristine Degreaser,cleaning supplies,segA,3.0,50.0,89.5,268.5,150.0,118.5,8/21/2026,,,,,,,,
4611,8/20/2026,356.0,241.0,Dazzling Suppliers of Graniteton,72.0,Gleaming Glass Cleaner,cleaning supplies,segA,1.0,23.0,42.78,102.06,23.0,19.78,8/21/2026,,,,,,,,
4612,8/20/2026,356.0,241.0,Dazzling Suppliers of Graniteton,79.0,Immaculate Microwave Popcorn,breakroom supplies,segA,1.0,25.0,48.0,48.0,25.0,23.0,8/21/2026,,,,,,,,
4613,8/20/2026,356.0,241.0,Dazzling Suppliers of Graniteton,80.0,Spotless Instant Soups,breakroom supplies,segA,1.0,17.0,32.81,32.81,17.0,15.81,8/21/2026,,,,,,,,
4614,8/20/2026,356.0,241.0,Dazzling Suppliers of Graniteton,88.0,Gleaming Coffee Beans,  breakroom supplies ,segA,2.0,18.0,37.98,75.96,36.0,39.96,8/21/2026,,,,,,,,
4615,8/20/2026,356.0,241.0,Dazzling Suppliers of Graniteton,90.0,Dazzling Instant Soups,breakroom supplies,segA,17.0,24.0,36.0,612.0,408.0,204.0,8/21/2026,,,,,,,,
4616,8/20/2026,356.0,241.0,Dazzling Suppliers of Graniteton,100.0,Dazzling Legal Size Paper,copy paper,segA,4.0,24.0,37.2,148.8,96.0,52.8,8/21/2026,,,,,,,,
4617,8/20/2026,356.0,241.0,Dazzling Suppliers of Graniteton,101.0,Radiant Colored Paper,copy paper,segA,6.0,32.344897959183676,84.0,504.0,360.0,144.0,8/21/2026,,,,,,,,
4618,8/20/2026,356.0,241.0,Dazzling Suppliers of Graniteton,102.0,Sleek Resume Paper,copy paper,segA,4.0,26.0,40.56,162.24,104.0,58.24,8/21/2026,,,,,,,,
4619,8/20/2026,356.0,241.0,  Dazzling Suppliers of Graniteton ,104.0,Gleaming Glossy Photo Paper,copy paper,segA,3.0,52.0,79.56,238.68,156.0,82.68,8/21/2026,,,,,,,,
4620,8/20/2026,356.0,241.0,Dazzling Suppliers of Graniteton,105.0,Pristine Graph Paper,copy paper,segA,2.0,52.0,77.48,154.96,104.0,50.96,8/21/2026,,,,,,,,
4621,8/20/2026,356.0,241.0,Dazzling Suppliers of Graniteton,108.0,Dazzling Cardstock,copy paper,segA,3.0,21.0,28.14,84.42,63.0,21.42,8/21/2026,,,,,,,,
4622,8/20/2026,356.0,241.0,Dazzling Suppliers of Graniteton,114.0,Glossy Recycled Paper,copy paper,segA,5.0,54.0,83.7,418.5,270.0,148.5,8/21/2026,,,,,,,,
4623,8/20/2026,356.0,241.0,Dazzling Suppliers of Graniteton,113.0,Polished Recycled Paper,copy paper,segA,6.0,36.0,56.16,336.96,216.0,120.96,8/21/2026,,,,,,,,
4624,8/17/2026,425.0,241.0,Dazzling Suppliers of Graniteton,42.0,Polished Markers,office products,segC,1.0,28.0,44.52,44.52,28.0,16.52,,,,,,,,,
4625,8/17/2026,425.0,241.0,Dazzling Suppliers of Graniteton,50.0,  Bright Glass Cleaner ,cleaning supplies,segA,1.0,23.0,39.56,39.56,23.0,16.56,8/18/2026,,,,,,,,
4626,8/17/2026,425.0,241.0,Dazzling Suppliers of Graniteton,50.0,Bright Glass Cleaner,cleaning supplies,segA,2.0,26.0,51.29707511896669,83.2,52.0,31.2,8/18/2026,,,,,,,,
4627,8/17/2026,425.0,241.0,Dazzling Suppliers of Graniteton,55.0,Spotless Floor Cleaner,cleaning supplies,segA,1.0,32.344897959183676,51.62,51.62,29.0,22.62,8/18/2026,,,,,,,,
4628,8/17/2026,425.0,241.0,Dazzling Suppliers of Graniteton,56.0,Pristine Citrus Cleaner,cleaning supplies,segA,1.0,48.0,89.76,89.76,48.0,41.76,8/18/2026,,,,,,,,
4629,8/17/2026,425.0,241.0,Dazzling Suppliers of Graniteton,,,cleaning supplies,segA,3.0,50.0,89.5,268.5,150.0,118.5,,,,,,,,,
4630,8/17/2026,425.0,241.0,Dazzling Suppliers of Graniteton,71.0,Spotless Glass Cleaner,cleaning supplies,segA,2.0,31.0,50.22,100.44,62.0,38.44,8/18/2026,,,,,,,,
4631,8/17/2026,425.0,241.0,Dazzling Suppliers of Graniteton,72.0,Gleaming Glass Cleaner,cleaning supplies,segA,1.0,23.0,42.78,42.78,23.0,19.78,8/18/2026,,,,,,,,
4632,8/17/2026,425.0,241.0,Dazzling Suppliers of Graniteton,74.0,Pristine Energy Drinks,breakroom supplies,segA,34.0,15.0,22.5,765.0,510.0,255.0,8/18/2026,,,,,,,,
4633,8/17/2026,425.0,241.0,Dazzling Suppliers of Graniteton,76.0,Immaculate Granola Bars,breakroom supplies,segA,1.0,10.0,19.6,19.6,10.0,9.6,8/18/2026,,,,,,,,
4634,8/17/2026,425.0,241.0,Dazzling Suppliers of Graniteton,80.0,Spotless Instant Soups,breakroom supplies,segA,1.0,17.0,32.81,32.81,17.0,15.81,8/18/2026,,,,,,,,
4635,8/17/2026,425.0,241.0,Dazzling Suppliers of Graniteton,87.0,Glossy Tea Selection,breakroom supplies,segA,2.0,11.0,20.13,40.26,22.0,18.26,8/18/2026,,,,,,,,
4636,8/17/2026,425.0,241.0,Dazzling Suppliers of Graniteton,88.0,Gleaming Coffee Beans,breakroom supplies,segA,1.0,18.0,37.98,37.98,18.0,19.98,18/08/2026,,,,,,,,
4637,8/17/2026,425.0,241.0,Dazzling Suppliers of Graniteton,93.0,Gleaming Microwave Popcorn,breakroom supplies,segA,1.0,20.0,35.4,35.4,20.0,15.4,8/18/2026,,,,,,,,
4638,8/17/2026,425.0,241.0,Dazzling Suppliers of Graniteton,98.0,Radinat Glossy Photo Paper,cpoy paper,segA,1.0,23.0,33.81,33.81,23.0,10.81,8/18/2026,,,,,,,,
4639,8/17/2026,425.0,241.0,  Dazzling Suppliers of Graniteton ,101.0,Radiant Colored Paper,copy paper,segA,3.0,60.0,84.0,252.0,180.0,72.0,8/18/2026,,,,,,,,
4640,8/17/2026,425.0,241.0,Dazzling Suppliers of Graniteton,102.0,Sleek Resume Paper,copy paper,segA,2.0,26.0,40.56,81.12,52.0,29.12,8/18/2026,,,,,,,,
4641,8/17/2026,425.0,241.0,Dazzling Suppliers of Graniteton,104.0,Gleaming Glossy Photo Paper,copy paper,seAg,5.0,52.0,79.56,397.8,260.0,137.8,8/18/2026,,,,,,,,
4642,8/17/2026,425.0,241.0,Dazzling Suppliers of Graniteton,106.0,Sleek Resume Paper,copy paper,segA,1.0,48.0,73.44,73.44,48.0,25.44,8/18/2026,,,,,,,,
4643,8/17/2026,425.0,241.0,Dazzling Suppliers of Graniteton,113.0,Polished Recycled Paper,copy paper,segA,4.0,36.0,56.16,224.64,144.0,80.64,8/18/2026,,,,,,,,
4644,8/17/2026,425.0,241.0,  Dazzling Suppliers of Graniteton ,116.0,Immaculate Legal Size Paper,copy paper,segA,2.0,59.0,81.42,162.84,118.0,44.84,8/18/2026,,,,,,,,
4645,8/14/2026,459.0,241.0,Dazzling Suppliers of Graniteton,21.0,Glossy Facial Tissues,paper & tissue,segD,1.0,47.0,79.9,79.9,47.0,32.9,8/17/2026,,,,,,,,
4646,8/14/2026,459.0,241.0,Dazzling Suppliers of Graniteton,53.0,Glossy Glass Cleaner,cleaning supplies,segA,1.0,36.0,67.68,67.68,36.0,31.68,8/17/2026,,,,,,,,
4647,8/14/2026,459.0,241.0,Dazzling Suppliers of Graniteton,55.0,Spotless Floor Cleaner,  cleaning supplies ,segA,2.0,29.0,51.62,103.24,58.0,45.24,8/17/2026,,,,,,,,
4648,8/14/2026,459.0,241.0,Dazzling Suppliers of Graniteton,56.0,Pristine Citrus Cleaner,cleaning supplies,segA,1.0,48.0,89.76,89.76,63.0,41.76,8/17/2026,,,,,,,,
4649,8/14/2026,459.0,241.0,Dzazling Suppliers of Graniteton,76.0,Immaculate Granola Bars,breakroom supplies,segA,1.0,10.0,19.6,19.6,10.0,9.6,8/17/2026,,,,,,,,
4650,8/14/2026,459.0,241.0,Dzazling Suppliers of Graniteton,79.0,Immaculate Microwave Popcorn,breakroom supplies,segA,1.0,25.0,48.0,48.0,25.0,23.0,17/08/2026,,,,,,,,
4651,8/14/2026,459.0,241.0,Dazzling Suppliers of Graniteton,86.0,Dazzling Instant Soups,breakroom supplies,segA,1.0,16.0,31.84,31.84,16.0,15.84,8/17/2026,,,,,,,,
4652,8/14/2026,459.0,241.0,Dazzling Suppliers of Graniteton,87.0,Glossy Tea Selection,breakroom supplies,segA,2.0,11.0,20.13,40.26,22.0,18.26,8/17/2026,,,,,,,,
4653,8/14/2026,459.0,241.0,Dazzling Suppliers of Graniteton,90.0,  Dazzling Instant Soups ,breakroom supplies,segA,25.0,24.0,36.0,900.0,600.0,300.0,8/17/2026,,,,,,,,
4654,8/14/2026,459.0,241.0,Dazzling Suppliers of Graniteton,93.0,Gleaming Microwave Popcorn,breakroom supplies,segA,2.0,20.0,35.4,70.8,40.0,30.8,,,,,,,,,
4655,8/14/2026,459.0,241.0,Dazzling Suppliers of Graniteton,101.0,Radiant Colored Paper,copy paper,segA,4.0,60.0,84.0,336.0,240.0,96.0,8/17/2026,,,,,,,,
4656,8/14/2026,459.0,241.0,Dazzling Suppliers of Graniteton,102.0,Sleek Resume Paper,copy paper,segA,4.0,26.0,40.56,162.24,104.0,58.24,8/17/2026,,,,,,,,
4657,8/14/2026,459.0,241.0,Dazzling Suppliers of Graniteton,104.0,Gleaming Glossy Photo Paper,copy paper,segA,6.0,52.0,79.56,477.36,312.0,165.36,8/17/2026,,,,,,,,
4658,8/14/2026,459.0,241.0,Dazzling Suppliers of Graniteton,105.0,Pristine Graph Paper,copy paper,segA,2.0,52.0,77.48,154.96,63.0,50.96,8/17/2026,,,,,,,,
4659,8/14/2026,459.0,241.0,Dazzling Suppliers of Graniteton,108.0,Dazzling Cardstock,copy paper,segA,5.0,21.0,28.14,140.7,105.0,35.7,17/08/2026,,,,,,,,
4660,8/12/2026,526.0,241.0,Dazzling Suppliers of Graniteton,49.0,Sparkling Disinfectant Wipes,cleaning supplies,  segA ,3.0,21.0,38.85,116.55,63.0,53.55,8/13/2026,,,,,,,,
4661,8/12/2026,526.0,241.0,Dazzling Suppliers of Graniteton,51.0,Bright Glass Cleaner,cleaning supplies,segA,2.0,26.0,51.29707511896669,83.2,52.0,31.2,8/13/2026,,,,,,,,
4662,8/12/2026,526.0,241.0,Dazzling Suppliers of Graniteton,55.0,Spotless Floor Cleaner,cleaning supplies,segA,1.0,32.344897959183676,51.62,51.62,29.0,22.62,,,,,,,,,
4663,8/12/2026,526.0,241.0,Dazzling Suppliers of Graniteton,72.0,Gleaming Glass Cleaner,cleaning supplies,segA,1.0,23.0,42.78,42.78,23.0,19.78,8/13/2026,,,,,,,,
4664,8/12/2026,526.0,241.0,Dazzling Suppliers of Graniteton,74.0,Pristine Energy Drinks,breakroom supplies,segA,27.0,15.0,22.5,607.5,405.0,37.8,8/13/2026,,,,,,,,
4665,8/12/2026,526.0,241.0,Dazzling Suppliers of Graniteton,79.0,Immaculate Microwave Popcorn,breakroom supplies,segA,2.0,25.0,48.0,96.0,50.0,46.0,8/13/2026,,,,,,,,
4666,8/12/2026,526.0,241.0,Dazzling Suppliers of Graniteton,80.0,Spotless Instant Soups,breakroom supplies,segA,1.0,17.0,32.81,32.81,17.0,15.81,13/08/2026,,,,,,,,
4667,8/12/2026,526.0,241.0,Dazzling Suppliers of Graniteton,86.0,Dazzling Instant Soups,breakroom supplies,segA,1.0,16.0,31.84,31.84,16.0,15.84,8/13/2026,,,,,,,,
4668,8/12/2026,526.0,241.0,Dazzling Suppliers of Graniteton,90.0,Dazzling Instant Soups,breakroom supplies,segA,23.0,24.0,36.0,828.0,552.0,276.0,8/13/2026,,,,,,,,
4669,8/12/2026,526.0,241.0,Dazzling Suppliers of Graniteton,98.0,Radiant Glossy Photo Paper,copy paper,segA,1.0,23.0,33.81,102.06,23.0,10.81,8/13/2026,,,,,,,,
4670,8/12/2026,526.0,241.0,Dazzling Suppliers of Graniteton,100.0,Dazzling Legal Size Paper,copy paper,segA,3.0,24.0,37.2,111.6,72.0,39.6,8/13/2026,,,,,,,,
4671,8/12/2026,526.0,241.0,Dazzling Suppliers of Graniteton,102.0,Sleek Resume Paper,copy paper,segA,3.0,26.0,40.56,121.68,78.0,43.68,8/13/2026,,,,,,,,
4672,8/12/2026,526.0,241.0,Dazzling Suppliers of Graniteton,108.0,Dazzling Cardstock,copy paper,segA,4.0,21.0,28.14,112.56,84.0,28.56,8/13/2026,,,,,,,,
4673,8/12/2026,526.0,241.0,Dazzling Suppliers of Graniteton,114.0,Glossy Recycled Paper,copy paper,segA,3.0,54.0,83.7,251.1,162.0,89.1,8/13/2026,,,,,,,,
4674,8/12/2026,526.0,241.0,Dazzling Suppliers of Graniteton,116.0,Immaculate Legal Size Paper,copy paper,,1.0,59.0,81.42,81.42,59.0,22.42,8/13/2026,,,,,,,,
4675,8/17/2026,,241.0,Dazzling Suppliers of Graniteton,108.0,Dazzling Cardstock,copy paper,segA,2.0,21.0,28.14,56.28,42.0,14.28,8/18/2026,,,,,,,,
4676,8/12/2026,,241.0,Dazzling Suppliers of Graniteton,88.0,Gleaming Coffee Beans,breakroom supplies,esgA,1.0,18.0,37.98,37.98,18.0,19.98,8/13/2026,,,,,,,,
4677,8/28/2026,164.0,242.0,Radiant Facilities of Bayport,52.0,Spotless Air Freshener,  cleaning supplies ,segA,1.0,49.0,87.22,87.22,49.0,38.22,8/31/2026,,,,,,,,
4678,8/28/2026,164.0,242.0,Radiant Facilities of Bayport,53.0,Glossy Glass Cleaner,cleaning supplies,segA,6.0,36.0,65.16,390.96,216.0,174.96,8/31/2026,,,,,,,,
4679,8/28/2026,164.0,242.0,Radiant Facilities of Bayport,58.0,Spotless Floor Cleaner,cleaning supplies,segA,8.0,31.0,57.35,458.8,248.0,210.8,8/31/2026,,,,,,,,
4680,8/28/2026,164.0,242.0,Radiant Facilities of Bayport,63.0,Polished Glass Cleaner,cleaning supplies,,3.0,42.0,68.04,204.12,126.0,78.12,8/31/2026,,,,,,,,
4681,8/28/2026,164.0,242.0,Radiant Facilities of Bayport,69.0,Gleaming Degreaser,cleaning supplies,segA,3.0,27.0,45.36,136.08,81.0,55.08,8/31/2026,,,,,,,,
4682,8/28/2026,164.0,242.0,Radiant Facilities of Bayport,71.0,Spotless Glass Cleaner,cleaning supplies,segA,13.0,31.0,50.53,656.89,403.0,253.89,,,,,,,,,
4683,8/28/2026,164.0,242.0,Radiant Facilities of Bayport,72.0,Gleaming Glass Cleaner,cleaning supplies,segA,8.0,23.0,40.25,322.0,184.0,138.0,8/31/2026,,,,,,,,
4685,9/1/2026,99.0,243.0,Glossy Sanitizers of Mapleton,26.0,Radiant Sticky Notes,office products,segA,4.0,34.0,45.9,102.06,136.0,47.6,9/2/2026,,,,,,,,
4686,9/1/2026,99.0,243.0,Glossy Sanitizers of Mapleton,36.0,Glossy Staplers,office products,seAg,3.0,50.0,68.0,204.0,150.0,54.0,9/2/2026,,,,,,,,
4687,9/1/2026,99.0,243.0,Glossy Sanitizers of Mapleton,42.0,Polished Markers,office products,segA,25.0,28.0,34.72,868.0,700.0,168.0,2/9/2026,,,,,,,,
4688,9/1/2026,99.0,243.0,Glossy Sanitizers of Mapleton,98.0,Radiant Glossy Photo Paper,copy paper,segA,1.0,23.0,35.42,35.42,23.0,12.42,9/2/2026,,,,,,,,
4689,9/1/2026,99.0,243.0,Glossy Sanitizers of Mapleton,99.0,Glossy Letter Size Paper,copy paper,segA,2.0,57.0,79.8,159.6,114.0,45.6,9/2/2026,,,,,,,,
4690,9/1/2026,99.0,243.0,Glossy Sanitizers of Mapleton,105.0,Pristine Graph Paper,copy paper,segA,4.0,52.0,82.16,328.64,208.0,120.64,9/2/2026,,,,,,,,
4691,9/1/2026,99.0,243.0,Glossy Sanitizers of Mapleton,106.0,Sleek Resume Paper,copy paper,segA,5.0,48.0,62.88,314.4,240.0,74.4,9/2/2026,,,,,,,,
4692,9/1/2026,99.0,243.0,Glossy Sanitizers of Mapleton,107.0,Radiant Glossy Photo Paper,copy paper,segA,4.0,58.0,78.88,315.52,232.0,83.52,9/2/2026,,,,,,,,
4693,9/1/2026,99.0,243.0,Glossy Sanitizers of Mapleton,110.0,Pristine Cardstock,copy paper,segA,6.0,42.0,62.16,372.96,252.0,120.96,9/2/2026,,,,,,,,
4694,9/1/2026,99.0,243.0,Glossy Sanitizers of Mapleton,115.0,Polished Glossy Photo Paper,copy paper,segA,4.0,59.0,87.32,349.28,236.0,113.28,9/2/2026,,,,,,,,
4695,9/1/2026,99.0,243.0,Glossy Sanitizers of Mapleton,116.0,Immaculate Legal Size Paper,copy paper,segA,5.0,59.0,51.29707511896669,430.7,295.0,135.7,9/2/2026,,,,,,,,
4696,9/1/2026,99.0,243.0,Glossy Sanitizers of Mapleton,117.0,Dazzling Graph Paper,copy apper,segA,2.0,51.0,74.97,149.94,102.0,47.94,9/2/2026,,,,,,,,
4697,9/1/2026,99.0,243.0,Glossy Sanitizers of Mapleton,112.0,Sparkling Letter Size Paper,copy paper,segA,1.0,45.0,69.75,69.75,45.0,24.75,9/2/2026,,,,,,,,
4698,8/31/2026,125.0,244.0,Bright Cleaners of Forestridge,19.0,Fresh Party Napkins,paper & tissue,segD,1.0,45.0,77.4,77.4,45.0,32.4,9/1/2026,,,,,,,,
4699,8/31/2026,125.0,244.0,Bright Cleaners of Forestridge,25.0,Dazzling Binder Clips,office products,segA,2.0,45.0,64.35,128.7,90.0,38.7,9/1/2026,,,,,,,,
4700,8/31/2026,125.0,244.0,Bright Cleaners of Forestridge,27.0,Sparkling Sticky Notes,office products,segA,2.0,32.344897959183676,59.34,118.68,86.0,32.68,9/1/2026,,,,,,,,
4701,8/31/2026,125.0,244.0,Bright Cleaners of Forestridge,28.0,Immaculate Binder Clips,office products,segA,1.0,29.0,38.28,38.28,29.0,9.28,9/1/2026,,,,,,,,
4702,8/31/2026,125.0,244.0,Bright Cleaners of Forestridge,32.0,Bright Desk Organizers,office products,segA,1.0,44.0,70.4,102.06,44.0,26.4,9/1/2026,,,,,,,,
4703,8/31/2026,125.0,244.0,Bright Cleaners of Forestridge,38.0,Radiant Pens,office products,segA,4.0,17.0,22.27,89.08,68.0,21.08,9/1/2026,,,,,,,,
4704,8/31/2026,125.0,244.0,Bright Cleaners of Forestridge,40.0,Immaculate Markers,office products,segA,1.0,34.0,45.56,45.56,34.0,11.56,9/1/2026,,,,,,,,
4705,8/31/2026,125.0,244.0,Bright Cleaners of Forestridge,53.0,Glossy Glass Cleaner,cleaning supplies,segA,1.0,36.0,68.4,68.4,36.0,32.4,9/1/2026,,,,,,,,
4706,8/31/2026,125.0,244.0,Bright Cleaners of Forestridge,62.0,Glossy Air Freshener,cleaning supplies,segA,1.0,20.0,35.0,35.0,20.0,15.0,9/1/2026,,,,,,,,
4707,8/31/2026,125.0,244.0,Bright Cleaners of Forestridge,63.0,Polished Glass Cleaner,cleaning supplies,,2.0,42.0,76.86,153.72,84.0,69.72,9/1/2026,,,,,,,,
4708,8/31/2026,125.0,244.0,Bright Cleaners of Forestridge,70.0,Sleek Air Freshener,cleaning supplies,sgeA,1.0,33.0,53.13,53.13,33.0,20.13,9/1/2026,,,,,,,,
4709,8/31/2026,125.0,244.0,Bright Cleaners of Forestridge,72.0,Gleaming Glass Cleaner,cleaning supplies,segA,36.0,23.0,32.43,1167.48,828.0,339.48,9/1/2026,,,,,,,,
4710,8/31/2026,125.0,244.0,Bright Cleaners of Forestridge,80.0,Spotless Instant Soups,breakroom supplies,segA,8.0,17.0,25.5,204.0,136.0,68.0,9/1/2026,,,,,,,,
4711,8/31/2026,125.0,244.0,Bright Cleaners of Forestridge,81.0,Polished Stirrers,breakroom supplies,segA,16.0,22.0,33.0,528.0,352.0,176.0,9/1/2026,,,,,,,,
4712,8/31/2026,125.0,244.0,Bright Cleaners of Forestridge,84.0,Sparkling Creamers,breakroom supplies,segA,2.0,18.0,32.4,64.8,36.0,28.8,9/1/2026,,,,,,,,
4713,31/08/2026,125.0,244.0,Bright Cleaners of Forestridge,85.0,Sparkling Microwave Popcorn,breakroom supplies,segA,1.0,12.0,23.52,23.52,12.0,11.52,9/1/2026,,,,,,,,
4714,8/19/2026,372.0,244.0,Bright Cleaners of Forestridge,25.0,Dazzling Binder Clips,office products,segA,2.0,45.0,64.35,102.06,90.0,38.7,8/20/2026,,,,,,,,
4715,8/19/2026,372.0,244.0,Bright Cleaners of Forestridge,26.0,Radiant Sticky Notes,office products,segA,6.0,34.0,54.4,326.4,204.0,122.4,8/20/2026,,,,,,,,
4716,8/19/2026,372.0,244.0,Bright Cleaners of Forestridge,29.0,Dazzling Paper Clips,office products,segA,2.0,37.0,53.65,107.3,74.0,33.3,8/20/2026,,,,,,,,
4717,8/19/2026,372.0,244.0,Bright Cleaners of Forestridge,37.0,Bright Recycled Paper,office products,segA,8.0,24.0,29.52,236.16,192.0,44.16,8/20/2026,,,,,,,,
4718,8/19/2026,372.0,244.0,Bright Cleaners of Forestridge,41.0,Dazzling File Folders,office products,segA,2.0,46.0,65.78,131.56,92.0,39.56,8/20/2026,,,,,,,,
4719,8/19/2026,372.0,244.0,Bright Cleaners of Forestridge,45.0,Immaculate Staplers,office products,segA,3.0,50.0,71.5,214.5,150.0,64.5,8/20/2026,,,,,,,,
4720,8/19/2026,372.0,244.0,Bright Cleaners of Forestridge,48.0,Fresh Desk Organizers,  office products ,segA,1.0,29.0,40.31,40.31,29.0,11.31,8/20/2026,,,,,,,,
4721,8/19/2026,372.0,244.0,Bright Cleaners of Forestridge,53.0,Glossy Glass Cleaner,cleaning supplies,segA,2.0,36.0,68.4,136.8,72.0,64.8,8/20/2026,,,,,,,,
4722,8/19/2026,372.0,244.0,Bright Cleaners of Forestridge,58.0,Spotless Floor Cleaner,cleaning supplies,segA,37.0,31.0,46.5,1720.5,1147.0,573.5,8/20/2026,,,,,,,,
4723,8/19/2026,372.0,244.0,Bright Cleaners of Forestridge,61.0,Pristine Degreaser,cleaning supplies,segA,23.0,50.0,75.0,102.06,1150.0,575.0,8/20/2026,,,,,,,,
4724,8/19/2026,372.0,244.0,Bright Cleaners of Forestridge,62.0,Glossy Air Freshener,cleaning supplies,segA,1.0,20.0,35.0,35.0,20.0,15.0,8/20/2026,,,,,,,,
4725,8/19/2026,372.0,244.0,Bright Cleaners of Forestridge,65.0,Sparkling Citrus Cleaner,cleaning supplies,segA,1.0,20.0,38.0,38.0,20.0,18.0,8/20/2026,,,,,,,,
4726,8/19/2026,372.0,244.0,Bright Cleaners of Forestridge,67.0,Sleek Citrus Cleaner,cleaning supplies,segA,1.0,39.0,71.76,71.76,39.0,32.76,8/20/2026,,,,,,,,
4727,8/19/2026,372.0,244.0,Bright Cleaners of Forestridge,72.0,Gleaming Glass Cleaner,cleaning supplies,segA,34.0,23.0,32.43,1102.62,782.0,320.62,8/20/2026,,,,,,,,
4728,8/19/2026,372.0,244.0,Bright Cleaners of Forestridge,78.0,Glossy Creamers,breakroom supplies,segA,1.0,27.0,52.65,52.65,27.0,25.65,8/20/2026,,,,,,,,
4729,8/19/2026,372.0,244.0,Bright Cleaners of Forestridge,80.0,Spotless Instant Soups,breakroom supplies,segA,7.0,17.0,25.5,178.5,119.0,59.5,8/20/2026,,,,,,,,
4730,8/19/2026,372.0,244.0,Bright Cleaners of Forestridge,86.0,Dazzling Instant Soups,breakroom supplies,segA,1.0,16.0,29.44,29.44,16.0,13.44,8/20/2026,,,,,,,,
4731,8/19/2026,372.0,244.0,Bright Cleaners of Forestridge,96.0,Dazzling Disposable Cups,breakroom supplies,segA,1.0,19.0,40.28,40.28,19.0,21.28,8/20/2026,,,,,,,,
4732,10/8/2026,575.0,244.0,Bright Cleaners of Forestridge,25.0,Dazzling Binder Clips,office products,segA,1.0,45.0,64.35,64.35,45.0,19.35,8/25/2026,,,,,,,,
4733,8/10/2026,575.0,244.0,Bright Cleaners of Forestridge,28.0,Immaculate Binder Clips,office products,segA,1.0,29.0,38.28,38.28,29.0,9.28,8/25/2026,,,,,,,,
4734,8/10/2026,575.0,244.0,Bright Cleaners of Forestridge,31.0,Polished Highlighters,office products,segA,31.0,17.0,19.89,102.06,527.0,89.59,8/25/2026,,,,,,,,
4735,8/10/2026,575.0,244.0,Bright Cleaners of Forestridge,32.0,Bright Desk Organizers,office products,,1.0,44.0,70.4,70.4,44.0,26.4,8/25/2026,,,,,,,,
4736,8/10/2026,575.0,244.0,Bright Cleaners of Forestridge,40.0,Immaculate Markers,office products,segA,1.0,34.0,45.56,45.56,34.0,11.56,8/25/2026,,,,,,,,
4737,8/10/2026,575.0,244.0,Bright Cleaners of Forestridge,42.0,Polished Markers,office products,segA,3.0,28.0,36.96,110.88,84.0,26.88,8/25/2026,,,,,,,,
4738,8/10/2026,575.0,244.0,Bright Cleaners of Forestridge,51.0,Bright Glass Cleaner,cleaning supplies,segA,2.0,32.344897959183676,37.49,74.98,46.0,28.98,8/25/2026,,,,,,,,
4739,8/10/2026,575.0,244.0,Bright Cleaners of Forestridge,78.0,Glossy Creamers,breakroom supplies,segA,1.0,27.0,52.65,52.65,27.0,25.65,8/25/2026,,,,,,,,
4740,8/10/2026,575.0,244.0,Bright Cleaners of Forestridge,87.0,Glossy Tea Selection,breakroom supplies,segA,1.0,11.0,20.79,20.79,11.0,9.79,8/25/2026,,,,,,,,
4741,8/10/2026,575.0,244.0,Bright Cleaners of Forestridge,,,copy paper,segD,1.0,37.0,58.83,58.83,37.0,21.83,8/25/2026,,,,,,,,
4742,8/19/2026,,244.0,Bright Cleaners of Forestridge,38.0,Radiant Pens,office products,segA,3.0,17.0,51.29707511896669,66.81,51.0,15.81,8/20/2026,,,,,,,,
4743,8/19/2026,,244.0,Bright Cleaners of Forestridge,84.0,Sparkling Creamers,breakroom supplies,,2.0,18.0,32.4,64.8,63.0,28.8,8/20/2026,,,,,,,,
4744,31/08/2026,126.0,245.0,Dazzling Keepers of Canyonfield,13.0,Pristine Party Napkins,paper & tissue,segA,1.0,45.0,60.75,60.75,45.0,15.75,9/1/2026,,,,,,,,
4745,8/31/2026,126.0,245.0,Dazzling Keepers of Canyonfield,15.0,Sparkling 2-Ply Toilet Paper,paper & tissue,segA,2.0,43.0,62.35,124.7,86.0,38.7,9/1/2026,,,,,,,,
4746,8/31/2026,126.0,245.0,Dazzling Keepers of Canyonfield,20.0,Gleaming Roll Paper Towels,paper & tissue,segA,2.0,28.0,38.92,77.84,56.0,21.84,9/1/2026,,,,,,,,
4747,8/31/2026,126.0,245.0,Dazzling Keepers of Canyonfield,22.0,Sparkling Pocket Tissues,paper & tissue,  segA ,3.0,41.0,55.35,166.05,123.0,43.05,9/1/2026,,,,,,,,
4748,31/08/2026,126.0,245.0,Dazzling eKepers of Canyonfield,23.0,Dazzling Roll Paper Towels,,segA,3.0,40.0,55.6,166.8,120.0,46.8,9/1/2026,,,,,,,,
4749,8/31/2026,126.0,245.0,Dazzling Keepers of Canyonfield,42.0,Polished Markers,office products,segD,1.0,28.0,44.52,44.52,63.0,16.52,9/1/2026,,,,,,,,
4750,8/31/2026,126.0,245.0,Dazzling Keepers of Canyonfield,80.0,Spotless Instant Soups,breakroom supplies,segA,1.0,17.0,31.79,31.79,17.0,37.8,9/1/2026,,,,,,,,
4751,8/31/2026,126.0,245.0,Dazzling Keepers of Canyonfield,84.0,Sparkling Creamers,breakroom supplies,segA,1.0,18.0,37.8,37.8,18.0,19.8,9/1/2026,,,,,,,,
4752,8/31/2026,126.0,245.0,Dazzling Keepers of Canyonfield,90.0,Dazzling Instant Soups,breakroom supplies,segA,1.0,24.0,41.76,41.76,24.0,17.76,9/1/2026,,,,,,,,
4753,8/31/2026,126.0,245.0,Dazzling Keepers of Canyonfield,92.0,Glossy Instant Soups,breakroom supplies,segA,1.0,24.0,44.64,102.06,24.0,20.64,9/1/2026,,,,,,,,
4754,8/31/2026,126.0,245.0,Dazzling Keepers of Canyonfield,93.0,Gleaming Microwave Popcorn,breakroom supplies,segA,1.0,20.0,40.6,40.6,20.0,20.6,9/1/2026,,,,,,,,
4755,31/08/2026,126.0,245.0,Dazzling Keepers of Canyonfield,107.0,Radiant Glossy Photo Paper,ocpy paper,segA,2.0,58.0,75.98,151.96,116.0,35.96,9/1/2026,,,,,,,,
4756,8/31/2026,126.0,245.0,Dazzling Keepers of Canyonfield,109.0,Immaculate Resume Paper,copy paper,segA,2.0,32.344897959183676,42.78,102.06,62.0,23.56,9/1/2026,,,,,,,,
4757,8/31/2026,126.0,245.0,Dazzling Keepers of Canyonfield,114.0,Glossy Recycled Paper,copy paper,segA,6.0,54.0,86.4,102.06,324.0,194.4,9/1/2026,,,,,,,,
4758,8/31/2026,126.0,245.0,Dazzling Keepers of Canyonfield,116.0,Immaculate Legal Size Paper,copy paper,  segA ,3.0,59.0,86.73,260.19,177.0,83.19,9/1/2026,,,,,,,,
4759,8/31/2026,126.0,245.0,Dazzling Keepers of Canyonfield,120.0,Sparkling Letter Size Paper,copy paper,segA,7.0,45.0,67.95,475.65,315.0,160.65,9/1/2026,,,,,,,,
4760,8/27/2026,202.0,245.0,Dazzling Keepers of Canyonfield,13.0,Pristine Party Napkins,paper & tissue,segA,1.0,45.0,60.75,60.75,45.0,15.75,8/28/2026,,,,,,,,
4761,8/27/2026,202.0,245.0,Dazzling Keepers of Canyonfield,15.0,Sparkling 2-Ply Toilet Paper,paper & tissue,segA,2.0,43.0,62.35,124.7,86.0,38.7,8/28/2026,,,,,,,,
4762,8/27/2026,202.0,245.0,Dazzling Keepers of Canyonfield,17.0,Glossy Lunch Napkins,paper & tissue,segA,6.0,31.0,41.23,247.38,186.0,61.38,8/28/2026,,,,,,,,
4763,8/27/2026,202.0,245.0,Dazzling Keepers of Canyonfield,18.0,Pristine Lunc hNapkins,paper & tissue,segA,5.0,20.0,29.0,145.0,100.0,45.0,8/28/2026,,,,,,,,
4764,8/27/2026,202.0,245.0,  Dazzling Keepers of Canyonfield ,22.0,Sparkling Pocket Tissues,paper &t issue,segA,3.0,41.0,55.35,166.05,123.0,43.05,8/28/2026,,,,,,,,
4765,8/27/2026,202.0,245.0,Dazzling Keepers of Canyonfield,24.0,Sparkling Pocket Tissues,,segA,1.0,18.0,25.56,25.56,18.0,7.56,8/28/2026,,,,,,,,
4766,8/27/2026,202.0,245.0,Dazzling Keepers of Canyonfield,43.0,Fresh File Folders,office products,seDg,1.0,50.0,83.0,83.0,50.0,33.0,8/28/2026,,,,,,,,
4767,8/27/2026,202.0,245.0,Dazzling Keepers of Canyonfield,80.0,Spotless Instant Soups,breakroom supplies,segA,1.0,17.0,31.79,31.79,17.0,14.79,8/28/2026,,,,,,,,
4768,8/27/2026,202.0,245.0,Dazzling Keepers of Canyonfield,84.0,Sparkling Creamers,breakroom supplies,segA,1.0,18.0,37.8,37.8,18.0,19.8,8/28/2026,,,,,,,,
4769,8/27/2026,202.0,245.0,Dazzling Keepers of Canyonfield,91.0,Glossy Microwave Popcorn,breakroom supplies,segA,1.0,29.0,60.9,60.9,29.0,31.9,8/28/2026,,,,,,,,
4770,8/27/2026,202.0,245.0,Dazzling Keepers of Canyonfield,107.0,Radiant Glossy Photo Paper,copy paper,segA,1.0,58.0,75.98,75.98,58.0,17.98,8/28/2026,,,,,,,,
4771,8/27/2026,202.0,245.0,Dazzling Keepers of Canyonfield,110.0,Pristine Cardstock,  copy paper ,segA,4.0,42.0,51.29707511896669,252.0,168.0,84.0,8/28/2026,,,,,,,,
4772,8/27/2026,202.0,245.0,Dazzling Keepers of Canyonfield,114.0,Glossy Recycled Paper,copy paper,segA,4.0,54.0,86.4,345.6,216.0,129.6,8/28/2026,,,,,,,,
4773,8/27/2026,202.0,245.0,Dazzling Keepers of Canyonfield,116.0,Immaculate Legal Size Paper,copy paper,segA,2.0,59.0,86.73,173.46,118.0,55.46,8/28/2026,,,,,,,,
4774,8/27/2026,202.0,245.0,Dazzling Keepers of Canyonfield,119.0,Immaculate Letter Size Paper,copy paper,segA,2.0,44.0,69.08,138.16,88.0,50.16,8/28/2026,,,,,,,,
4775,8/27/2026,202.0,245.0,  Dazzling Keepers of Canyonfield ,120.0,Sparkling Letter Size Paper,copy paper,segA,7.0,45.0,67.95,475.65,315.0,160.65,8/28/2026,,,,,,,,
4777,8/20/2026,357.0,245.0,Dazzling Keepers of Canyonfield,15.0,Sparkling 2-Ply Toilet Paper,paper & tissue,segA,1.0,43.0,62.35,62.35,43.0,37.8,8/21/2026,,,,,,,,
4778,8/20/2026,357.0,245.0,Dazzling Keepers of Canyonfield,17.0,Glossy Lunch Napkins,paper & tissue,segA,4.0,31.0,41.23,164.92,124.0,40.92,8/21/2026,,,,,,,,
4779,8/20/2026,357.0,245.0,Dazzling Keepers of Canyonfield,20.0,Gleaming Roll Paper Towels,paper & tissue,segA,1.0,28.0,38.92,38.92,28.0,10.92,8/21/2026,,,,,,,,
4780,8/20/2026,357.0,245.0,Dazzling Keepers of Canyonfield,22.0,Sparkling Pocket Tissues,paper & tissue,,3.0,41.0,55.35,166.05,123.0,43.05,8/21/2026,,,,,,,,
4781,8/20/2026,357.0,245.0,Dazzling Keepers of Canyonfield,24.0,Sparkling Pocket Tissues,paper & tissue,segA,3.0,18.0,25.56,76.68,54.0,22.68,8/21/2026,,,,,,,,
4782,8/20/2026,357.0,245.0,Dazzling Keepers of Canyonfield,25.0,Dazzling Binder Clips,office products,segD,1.0,45.0,73.35,73.35,45.0,28.35,8/21/2026,,,,,,,,
4783,8/20/2026,357.0,245.0,Dazzling Keepers of Canyonfield,74.0,Pristine Energy Drinks,breakroom supplies,segA,1.0,15.0,25.5,25.5,15.0,10.5,21/08/2026,,,,,,,,
4784,8/20/2026,357.0,245.0,Dazzling Keepers of Canyonfield,78.0,Glossy Creamers,breakroom supplies,segA,24.0,27.0,40.5,972.0,648.0,324.0,8/21/2026,,,,,,,,
4785,8/20/2026,357.0,245.0,Dazzling Keepers of Canyonfield,80.0,Spotless Instatn Soups,breakroom supplies,segA,1.0,17.0,31.79,31.79,17.0,14.79,8/21/2026,,,,,,,,
4786,8/20/2026,357.0,245.0,Dazzling Keepers of Canyonfield,101.0,Radiant Cloored Paper,copy paper,segA,2.0,60.0,92.4,554.4,360.0,194.4,,,,,,,,,
4787,8/20/2026,357.0,245.0,Dazzling Keepers of Canyonfield,109.0,Immaculate Resume Paper,cpoy paper,segA,1.0,31.0,42.78,42.78,31.0,11.78,8/21/2026,,,,,,,,
4788,8/20/2026,357.0,245.0,Dazzling Keepers of Canyonfield,114.0,Glossy Recycled Paper,,segA,3.0,32.0,46.4,139.2,96.0,43.2,8/21/2026,,,,,,,,
4789,8/20/2026,357.0,245.0,Dazzling Keepers of Canyonfield,116.0,Immaculate Legal Size Paper,copy paper,segA,2.0,59.0,86.73,173.46,118.0,55.46,8/21/2026,,,,,,,,
4790,8/20/2026,357.0,245.0,Dazzling Keepers of Canyonfield,120.0,Sparkling Letter Size Paper,copy paper,,6.0,45.0,67.95,407.7,270.0,137.7,8/21/2026,,,,,,,,
4791,8/17/2026,426.0,245.0,Dazzling Keepers of Canyonfield,6.0,Pristine Bathroom Tissue,paper & tissue,segA,3.0,19.0,27.74,83.22,57.0,26.22,8/18/2026,,,,,,,,
4792,8/17/2026,426.0,245.0,Dazzling Keepers of Canyonfield,10.0,  Pristine 2-Ply Toilet Paper ,paper & tissue,segA,1.0,26.0,34.32,34.32,26.0,8.32,8/18/2026,,,,,,,,
4793,17/08/2026,426.0,245.0,Dazzling Keepers of Canyonfield,15.0,Sparkling 2-Ply Toilet Paper,paper & tissue,segA,2.0,43.0,62.35,124.7,86.0,38.7,8/18/2026,,,,,,,,
4794,8/17/2026,426.0,245.0,Dazzling Keepers of Canyonfield,21.0,Glossy Facial Tissues,paper & tissue,segA,2.0,47.0,62.04,124.08,94.0,30.08,8/18/2026,,,,,,,,
4795,8/17/2026,426.0,245.0,Dazzling Keepers of Canyonfield,22.0,Sparkling Pocket Tissues,paper & tissue,segA,3.0,41.0,55.35,166.05,123.0,43.05,8/18/2026,,,,,,,,
4796,8/17/2026,426.0,245.0,Dazzling Keepers of Canyonfield,24.0,Sparkling Pocket Tissues,paper & tissue,segA,1.0,18.0,25.56,25.56,18.0,7.56,8/18/2026,,,,,,,,
4797,8/17/2026,426.0,245.0,Dazzling Keepers of Canyonfield,78.0,Glossy Creamers,breakroom supplies,segA,13.0,27.0,40.5,526.5,351.0,175.5,8/18/2026,,,,,,,,
4798,8/17/2026,426.0,245.0,Dazzling Keepers of Canyonfield,90.0,Dazzling Instant Soups,breakroom supplies,segA,1.0,24.0,41.76,41.76,24.0,17.76,8/18/2026,,,,,,,,
4799,8/17/2026,426.0,245.0,Dazzling Keepers of Canyonfield,114.0,Glossy Recycled Paper,copy paper,segA,5.0,54.0,86.4,432.0,270.0,162.0,8/18/2026,,,,,,,,
4800,8/17/2026,426.0,245.0,Dazzling Keepers of Canyonfield,112.0,Sparkling Letter Size Paper,copy paper,segA,4.0,46.0,67.16,268.64,184.0,84.64,18/08/2026,,,,,,,,
4801,8/17/2026,426.0,245.0,Dazzling Keepers of Canyonfield,114.0,Glossy Recycled Paper,copy paper,,3.0,32.0,46.4,139.2,96.0,43.2,8/18/2026,,,,,,,,
4802,8/17/2026,426.0,245.0,Dazzling Keepers of Canyonfield,120.0,Sparkling Letter Size Paper,copy paper,segA,5.0,45.0,67.95,339.75,225.0,114.75,8/18/2026,,,,,,,,
4804,8/27/2026,,245.0,Dazzling Keepers of Canyonfield,90.0,Dazzling Instant Soups,breakroom supplies,segA,1.0,24.0,41.76,102.06,24.0,17.76,28/08/2026,,,,,,,,
4805,8/20/2026,,245.0,Dazzling Keepers of Canyonfield,21.0,Glossy Facial Tissues,paper & tissue,segA,2.0,47.0,51.29707511896669,124.08,94.0,30.08,8/21/2026,,,,,,,,
4806,8/25/2026,269.0,246.0,Glossy Maintainers of Harborridge,26.0,Radiant Sticky Notes,office products,segC,2.0,34.0,50.66,101.32,68.0,33.32,8/26/2026,,,,,,,,
4807,25/08/2026,269.0,246.0,Glossy Maintainers of Harborridge,31.0,Polished Highlighters,office products,segC,1.0,17.0,28.56,28.56,17.0,11.56,8/26/2026,,,,,,,,
4808,25/08/2026,269.0,246.0,Glossy Maintainers of Harborridge,38.0,Radiant Pens,office products,segC,1.0,17.0,28.9,28.9,17.0,11.9,,,,,,,,,
4809,8/25/2026,269.0,246.0,Glossy Maintainers of Harborridge,42.0,Polished Markers,office products,segC,1.0,28.0,51.29707511896669,46.48,28.0,18.48,8/26/2026,,,,,,,,
4810,8/25/2026,269.0,246.0,Glossy Maintainers of Harborridge,87.0,Glossy Tea Selection,breakroom supplies,segB,1.0,11.0,20.9,102.06,11.0,9.9,8/26/2026,,,,,,,,
4811,8/31/2026,127.0,247.0,,28.0,Immaculate Binder Clips,office products,segA,21.0,29.0,40.89,858.69,609.0,249.69,9/1/2026,,,,,,,,
4812,8/31/2026,127.0,247.0,,33.0,Dazzling File Folders,office products,segA,3.0,26.0,40.04,120.12,78.0,42.12,9/1/2026,,,,,,,,
4813,8/31/2026,127.0,247.0,Pristine Sanitizers of Mapleport,44.0,Gleaming Recycled Paper,office products,segA,17.0,34.0,53.04,901.68,578.0,323.68,9/1/2026,,,,,,,,
4814,8/31/2026,127.0,247.0,Pristine Sanitizers of Mapleport,45.0,Immaculate Staplers,office products,segA,15.0,50.0,67.0,1005.0,750.0,255.0,9/1/2026,,,,,,,,
4815,8/31/2026,127.0,247.0,Pristine Sanitizers of Mapleport,46.0,Spotless Desk Organizers,office products,segA,9.0,33.0,51.48,463.32,297.0,166.32,1/9/2026,,,,,,,,
4816,8/31/2026,127.0,247.0,Pristine Sanitizers of Mapleport,86.0,Dazzling Instant Soups,breakroom supplies,segC,1.0,16.0,51.29707511896669,30.88,16.0,14.88,9/1/2026,,,,,,,,
4817,8/31/2026,127.0,247.0,Pristine Sanitizers of Mapleport,100.0,Dazzling Legal Size Paper,copy paper,segA,7.0,24.0,34.56,241.92,168.0,73.92,9/1/2026,,,,,,,,
4818,8/31/2026,127.0,247.0,,101.0,Radiant Colored Paper,copy paper,segA,15.0,60.0,84.0,1260.0,900.0,360.0,9/1/2026,,,,,,,,
4819,8/31/2026,127.0,247.0,Pristine Sanitizers of Mapleport,102.0,Sleek Resume Paper,copy paper,segA,17.0,26.0,36.92,627.64,442.0,185.64,9/1/2026,,,,,,,,
4820,8/31/2026,127.0,247.0,Pristine Sanitizers of Mapleport,103.0,Spotless Colored Paper,copy paper,segA,9.0,45.0,63.45,571.05,405.0,166.05,9/1/2026,,,,,,,,
4821,8/31/2026,127.0,247.0,Pristine Sanitizers of Mapleport,104.0,  Gleaming Glossy Photo Paper ,copy paper,segA,6.0,52.0,81.12,486.72,312.0,174.72,9/1/2026,,,,,,,,
4822,8/31/2026,127.0,247.0,Pristine Sanitizers of Mapleport,112.0,Sparkling Letter Size Paper,copy paper,segA,13.0,46.0,60.26,783.38,598.0,185.38,1/9/2026,,,,,,,,
4823,8/31/2026,127.0,247.0,Pristine Sanitizers of Mapleport,119.0,Immaculate Letter Size Paper,copy paper,segA,18.0,44.0,57.64,1037.52,792.0,245.52,9/1/2026,,,,,,,,
4824,28/08/2026,165.0,247.0,Pristine Sanitizers of Mapleport,8.0,Bright Party Napkins,paper & tissue,,1.0,50.0,85.5,85.5,50.0,35.5,8/31/2026,,,,,,,,
4825,8/28/2026,165.0,247.0,Pristine Sanitizers of Mapleport,28.0,Immaculate Binder Clips,office products,segA,15.0,29.0,40.89,613.35,435.0,178.35,8/31/2026,,,,,,,,
4826,8/28/2026,165.0,247.0,Pristine Sanitizers of Mapleport,30.0,Immaculate Markers,office products,segA,6.0,28.0,37.24,102.06,168.0,55.44,8/31/2026,,,,,,,,
4827,8/28/2026,165.0,247.0,Pristine Sanitizers of Mapleport,42.0,Polished Markers,office products,segA,86.0,28.0,36.4,3130.4,2408.0,722.4,8/31/2026,,,,,,,,
4828,8/28/2026,165.0,247.0,Pristine Sanitizers of Mapleport,44.0,Gleaming Recycled Paper,office products,segA,10.0,34.0,53.04,530.4,340.0,190.4,8/31/2026,,,,,,,,
4829,8/28/2026,165.0,247.0,Pristine Sanitizers of Mapleport,45.0,Immaculate Staplers,office products,segA,13.0,50.0,67.0,871.0,650.0,221.0,8/31/2026,,,,,,,,
4830,8/28/2026,165.0,247.0,Pristine Sanitizers of Mapleport,48.0,Fresh Desk Organizers,,segA,4.0,29.0,46.11,184.44,116.0,68.44,8/31/2026,,,,,,,,
4831,8/28/2026,165.0,247.0,Pristine Sanitizers of Mapleport,103.0,Spotless Colored Paper,copy paper,segA,7.0,45.0,63.45,102.06,315.0,129.15,8/31/2026,,,,,,,,
4832,8/28/2026,165.0,247.0,Pristine Sanitizers of Mapleport,109.0,Immaculate Resume Paper,copy paper,segA,4.0,31.0,49.29,197.16,124.0,73.16,8/31/2026,,,,,,,,
4833,8/28/2026,165.0,247.0,,112.0,Sparkling Letter Size Paper,,segA,9.0,46.0,60.26,542.34,414.0,128.34,8/31/2026,,,,,,,,
4834,8/28/2026,165.0,247.0,Pristine Sanitizers of Mapleport,114.0,Glossy Recycled Paper,copy paper,segA,11.0,32.344897959183676,42.56,468.16,352.0,116.16,8/31/2026,,,,,,,,
4835,8/28/2026,165.0,247.0,Pristine Sanitizers of Mapleport,119.0,Immaculate Letter Size Paper,copy paper,segA,23.0,44.0,57.64,1325.72,1012.0,313.72,8/31/2026,,,,,,,,
4836,8/21/2026,325.0,247.0,Pristine Sanitizers of Mapleport,28.0,Immaculate Binder Clips,office products,segA,17.0,29.0,40.89,695.13,493.0,202.13,8/24/2026,,,,,,,,
4837,8/21/2026,325.0,247.0,Pristine Sanitizers of Mapleport,44.0,Gleaming Recycled Paper,office products,segA,15.0,34.0,53.04,795.6,510.0,285.6,,,,,,,,,
4838,8/21/2026,325.0,247.0,Pristine Sanitizers of Mapleport,45.0,Immaculate Staplers,,segA,11.0,50.0,67.0,737.0,550.0,187.0,8/24/2026,,,,,,,,
4839,8/21/2026,325.0,247.0,Pristine Sanitizers of Mapleport,46.0,Spotless Desk Organizers,office products,segA,11.0,33.0,51.48,566.28,363.0,203.28,8/24/2026,,,,,,,,
4840,8/21/2026,325.0,247.0,Pristine Sanitizers of Mapleport,48.0,Fresh Desk Organizers,office products,segA,5.0,29.0,46.11,230.55,145.0,37.8,8/24/2026,,,,,,,,
4841,8/21/2026,325.0,247.0,Pristine Sanitizers of Mapleport,62.0,Glossy Air Freshener,cleaning supplies,  segC ,3.0,20.0,40.0,120.0,60.0,60.0,8/24/2026,,,,,,,,
4842,8/21/2026,325.0,247.0,Pristine Sanitizers of Mapleport,99.0,Glossy Letter Size Paper,,segA,13.0,57.0,79.23,1029.99,741.0,288.99,8/24/2026,,,,,,,,
4843,8/21/2026,325.0,247.0,Pristine Sanitizers of Mapleport,101.0,Radiant Colored Paper,copy paper,segA,13.0,60.0,84.0,1092.0,780.0,312.0,8/24/2026,,,,,,,,
4844,8/21/2026,325.0,247.0,Pristine Sanitizers of Mapleport,112.0,Sparkling Letter Size Paper,copy paper,segA,13.0,46.0,60.26,783.38,598.0,185.38,8/24/2026,,,,,,,,
4845,8/21/2026,325.0,247.0,Pristine Sanitizers of Mapleport,114.0,Glossy Recycled Paper,copy paper,segA,15.0,32.0,42.56,638.4,480.0,158.4,8/24/2026,,,,,,,,
4846,8/21/2026,325.0,247.0,Pristine Sanitizers of Mapleport,119.0,Immaculate Letter Size Paper,copy paper,segA,14.0,44.0,57.64,806.96,616.0,190.96,8/24/2026,,,,,,,,
4847,8/17/2026,427.0,247.0,Pristine Sanitizers of Mapleport,20.0,Gleaming Roll Paper Towels,paper & tissue,segD,2.0,28.0,44.8,89.6,56.0,33.6,8/18/2026,,,,,,,,
4848,8/17/2026,427.0,247.0,Pristine Sanitiezrs of Mapleport,28.0,Immaculate Binder Clips,office products,segA,18.0,29.0,40.89,736.02,522.0,214.02,8/18/2026,,,,,,,,
4849,8/17/2026,427.0,247.0,Pristine Sanitizers of Mapleport,42.0,Polished Markers,office products,segA,92.0,28.0,36.4,3348.8,2576.0,772.8,8/18/2026,,,,,,,,
4850,8/17/2026,427.0,247.0,Pristine Sanitizers of Mapleport,44.0,Gleaming Recycled Paper,office products,segA,18.0,34.0,53.04,954.72,612.0,342.72,8/18/2026,,,,,,,,
4851,8/17/2026,427.0,247.0,Pristine Sanitizers of Mapleport,45.0,Immaculate Staplers,office products,segA,10.0,50.0,67.0,670.0,500.0,170.0,8/18/2026,,,,,,,,
4852,8/17/2026,427.0,247.0,Pristine Sanitizers of Mapleport,46.0,Spotless Desk Organizers,  office products ,segA,7.0,33.0,51.48,360.36,231.0,129.36,8/18/2026,,,,,,,,
4853,8/17/2026,427.0,247.0,Pristine Sanitizers of Mapleport,48.0,Fresh Desk Organizers,office products,segA,3.0,29.0,46.11,138.33,87.0,51.33,8/18/2026,,,,,,,,
4854,8/17/2026,427.0,247.0,  Pristine Sanitizers of Mapleport ,62.0,Glossy Air Freshener,cleaning spuplies,segC,2.0,20.0,40.0,80.0,40.0,40.0,8/18/2026,,,,,,,,
4855,8/17/2026,427.0,247.0,Pristine Sanitizers of Mapleport,99.0,Glossy Letter Size Paper,copy paper,segA,21.0,57.0,79.23,1663.83,1197.0,466.83,8/18/2026,,,,,,,,
4856,8/17/2026,427.0,247.0,Pristine Sanitizers of Mapleport,100.0,Dazzling Legal Size Paper,copy paper,segA,9.0,24.0,34.56,311.04,216.0,95.04,8/18/2026,,,,,,,,
4857,8/17/2026,427.0,247.0,Pristine Sanitizers of Mapleport,102.0,Sleek Resume Paper,copy paper,segA,11.0,26.0,36.92,406.12,286.0,120.12,8/18/2026,,,,,,,,
4858,8/17/2026,427.0,247.0,Pristine Sanitizers of Mapleport,104.0,Gleaming Glossy Photo Paper,copy paper,segA,7.0,52.0,81.12,567.84,364.0,203.84,8/18/2026,,,,,,,,
4859,8/17/2026,427.0,247.0,Pristine Sanitizers of Mapleport,118.0,Sparkling Cardstock,copy paper,seAg,47.0,37.0,41.07,1930.29,1739.0,191.29,8/18/2026,,,,,,,,
4860,8/17/2026,,247.0,Pristine Sanitizers of Mapleport,119.0,Immaculate Letter Size Paper,copy paper,segA,15.0,44.0,57.64,864.6,660.0,204.6,8/18/2026,,,,,,,,
4861,8/28/2026,166.0,248.0,Dazzling Providers of Mountton,10.0,Pristine 2-Ply Toilet Paper,paper & tissue,segB,1.0,32.344897959183676,38.48,38.48,26.0,12.48,8/31/2026,,,,,,,,
4862,8/28/2026,166.0,248.0,Dazzling Porviders of Mountton,31.0,Polished Highlighters,office products,segA,3.0,17.0,23.97,71.91,51.0,20.91,8/31/2026,,,,,,,,
4863,8/28/2026,166.0,248.0,Dazzling Providers of Mountton,32.0,Bright Desk Organizers,office products,segA,4.0,44.0,57.64,230.56,176.0,54.56,8/31/2026,,,,,,,,
4864,8/28/2026,166.0,248.0,Dazzilng Providers of Mountton,35.0,Dazzling Staplers,office products,segA,6.0,27.0,41.04,246.24,162.0,84.24,8/31/2026,,,,,,,,
4865,8/28/2026,166.0,248.0,Dazzling Providers of Mountton,37.0,Bright Recycled Paper,office products,segA,1.0,24.0,37.92,37.92,24.0,13.92,8/31/2026,,,,,,,,
4866,8/28/2026,166.0,248.0,Dazzling Providers of Mountton,40.0,Immaculate Markers,office products,segA,3.0,34.0,52.02,156.06,63.0,37.8,8/31/2026,,,,,,,,
4867,8/28/2026,166.0,248.0,Dazzling Providers of Mountton,43.0,Fresh File Folders,office products,segA,4.0,50.0,76.0,304.0,200.0,104.0,8/31/2026,,,,,,,,
4868,8/28/2026,166.0,248.0,Dazzling Providers of Mountton,44.0,Gleaming Recycled Paper,office products,segA,1.0,34.0,54.4,54.4,34.0,20.4,8/31/2026,,,,,,,,
4869,8/28/2026,166.0,248.0,Dazzling Providers of Mountton,48.0,Fresh Desk Organizers,office products,,3.0,29.0,44.37,133.11,87.0,46.11,8/31/2026,,,,,,,,
4870,8/28/2026,166.0,248.0,Dazzling Providers of Mountton,58.0,Spotless Floor Cleaner,cleaning supplies,segA,2.0,31.0,49.91,99.82,62.0,37.82,8/31/2026,,,,,,,,
4871,8/28/2026,166.0,248.0,Dazzling Providers of Mountton,61.0,Pristine Degreaser,cleaning supplies,segA,1.0,50.0,80.5,80.5,50.0,30.5,8/31/2026,,,,,,,,
4872,8/28/2026,166.0,248.0,Dazzling Providers of Mountton,62.0,Glossy Air Freshener,cleaning supplies,segA,2.0,20.0,36.2,72.4,40.0,32.4,,,,,,,,,
4873,8/28/2026,166.0,248.0,Dazzling Providers of Mountton,63.0,Polished Glass Cleaner,cleaning supplies,segA,1.0,42.0,70.56,70.56,42.0,28.56,8/31/2026,,,,,,,,
4874,8/28/2026,166.0,248.0,Dazzling Providers of Mountton,64.0,Bright Glass Cleaner,cleaning supplies,segA,1.0,32.0,59.2,59.2,32.0,27.2,31/08/2026,,,,,,,,
4875,8/28/2026,166.0,248.0,Dazzling Providers of Mountton,73.0,Spotless Creamers,breakroom supplies,segA,31.0,18.0,27.0,837.0,558.0,279.0,8/31/2026,,,,,,,,
4876,8/28/2026,166.0,248.0,Dazzling Providers of Mountton,79.0,Immaculate Microwave Popcorn,breakroom supplies,segA,1.0,25.0,52.25,52.25,25.0,27.25,8/31/2026,,,,,,,,
4877,8/28/2026,166.0,248.0,Dazzling Providers of Mountton,81.0,Polished Stirrers,breakroom supplies,segA,1.0,22.0,37.4,37.4,22.0,15.4,8/31/2026,,,,,,,,
4878,8/28/2026,166.0,248.0,Dazzling Providers of Mountton,82.0,Pristien Granola Bars,breakroom supplies,segA,1.0,26.0,47.58,47.58,26.0,21.58,8/31/2026,,,,,,,,
4879,8/28/2026,166.0,248.0,Dazzling Providers of Mountton,89.0,Sparkling Disposable Cups,breakroom supplies,segA,2.0,21.0,40.11,80.22,42.0,38.22,8/31/2026,,,,,,,,
4880,8/28/2026,166.0,248.0,Dazzling Providers of Mountton,95.0,Bright Disposable Cups,breakroom supplies,segA,1.0,13.0,27.43,27.43,13.0,14.43,8/31/2026,,,,,,,,
4881,8/28/2026,166.0,248.0,,106.0,Sleek Resume Paper,copy paper,  segD ,1.0,48.0,88.8,102.06,48.0,40.8,8/31/2026,,,,,,,,
4882,8/27/2026,203.0,248.0,Dazzling Providers of Mountton,10.0,Pristine 2-Ply Toilet Paper,paper & tissue,segB,1.0,26.0,38.48,38.48,26.0,12.48,8/28/2026,,,,,,,,
4883,8/27/2026,203.0,248.0,Dazzling Providers of Mountton,21.0,Glossy Facial Tissues,paper & tissue,segB,1.0,47.0,74.73,74.73,47.0,27.73,8/28/2026,,,,,,,,
4884,8/27/2026,203.0,248.0,Dazzling Providers of Mountton,37.0,Bright Recycled Paper,office products,segA,1.0,32.344897959183676,37.92,37.92,24.0,13.92,8/28/2026,,,,,,,,
4885,8/27/2026,203.0,248.0,Dazzling Providers of Mountton,39.0,Immaculate Sticky Notes,office products,segA,1.0,34.0,51.34,51.34,34.0,17.34,,,,,,,,,
4886,8/27/2026,203.0,248.0,Dazzling Providers of Mountton,40.0,Immaculate Markers,office products,segA,4.0,34.0,52.02,208.08,136.0,72.08,8/28/2026,,,,,,,,
4887,8/27/2026,203.0,248.0,  Dazzling Providers of Mountton ,51.0,Bright Glass Cleaner,cleaning supplies,segA,1.0,26.0,47.32,47.32,26.0,21.32,8/28/2026,,,,,,,,
4888,8/27/2026,203.0,248.0,Dazzling Providers of Mountton,54.0,Dazzling Floor Cleaner,cleaning supplies,segA,2.0,45.0,74.25,222.75,135.0,87.75,28/08/2026,,,,,,,,
4889,8/27/2026,203.0,248.0,  Dazzling Providers of Mountton ,58.0,Spotless Floor Cleaner,cleaning supplies,segA,3.0,31.0,49.91,149.73,93.0,56.73,8/28/2026,,,,,,,,
4890,8/27/2026,203.0,248.0,Dazzling Providers of Mountton,63.0,Polished Glass Cleaner,cleaning supplies,segA,1.0,42.0,70.56,70.56,42.0,28.56,8/28/2026,,,,,,,,
4891,8/27/2026,203.0,248.0,Dazzling Providers of Mountton,77.0,Sleek Disposable Cups,breakroom supplies,segA,1.0,25.0,45.25,45.25,25.0,20.25,8/28/2026,,,,,,,,
4892,8/27/2026,203.0,248.0,Dazzling Providers of Mountton,81.0,Polished Stirrers,breakroom supplies,segA,1.0,22.0,37.4,37.4,22.0,15.4,8/28/2026,,,,,,,,
4893,8/27/2026,203.0,248.0,Dazzling Providers of Mountton,83.0,Spotless Energy Drinks,breakroom supplies,segA,1.0,26.0,51.22,51.22,26.0,25.22,8/28/2026,,,,,,,,
4894,8/27/2026,203.0,248.0,Dazzling Providers of Mountton,85.0,Sparkling Microwave Popcorn,breakroom supplies,segA,1.0,12.0,22.2,22.2,63.0,10.2,8/28/2026,,,,,,,,
4895,8/27/2026,203.0,248.0,Dazzling Providers of Mountton,101.0,Radiant Colored Paper,copy paper,segD,1.0,60.0,94.8,94.8,60.0,34.8,8/28/2026,,,,,,,,
4896,8/21/2026,326.0,248.0,Dazzling Providers of Mountton,10.0,Pristine 2-Ply Toilet Paper,paper & tissue,segB,1.0,26.0,38.48,38.48,26.0,12.48,24/08/2026,,,,,,,,
4897,8/21/2026,326.0,248.0,Dazzling Providers of Mountton,37.0,Bright Recycled Paper,office products,seAg,1.0,24.0,37.92,37.92,24.0,13.92,8/24/2026,,,,,,,,
4898,8/21/2026,326.0,248.0,Dazzling Providers of Mountton,38.0,Radiant Pens,,segA,2.0,17.0,22.78,45.56,34.0,11.56,8/24/2026,,,,,,,,
4899,8/21/2026,326.0,248.0,,44.0,Gleaming Recycled Paper,office products,segA,2.0,34.0,51.29707511896669,108.8,68.0,40.8,8/24/2026,,,,,,,,
4900,8/21/2026,326.0,248.0,Dazzling Providers of Mountton,45.0,Immaculate Staplers,office products,,3.0,50.0,66.0,198.0,150.0,48.0,8/24/2026,,,,,,,,
4901,21/08/2026,326.0,248.0,Dazzling Providers of Mountton,48.0,Fresh Desk Organizers,office products,segA,4.0,29.0,44.37,177.48,116.0,61.48,8/24/2026,,,,,,,,
4902,8/21/2026,326.0,248.0,Dazzling Providers of Mountton,49.0,Sparkling Disinfectant Wipes,cleaning supplies,segA,1.0,21.0,38.85,38.85,21.0,17.85,8/24/2026,,,,,,,,
4903,8/21/2026,326.0,248.0,Dazzling Providers of Mountton,58.0,Spotless Floor Cleaner,cleaning supplies,segA,1.0,31.0,49.91,49.91,31.0,37.8,8/24/2026,,,,,,,,
4904,8/21/2026,326.0,248.0,Dazzling Providers of Mountton,63.0,Polished Glass Cleaner,cleaning supplies,segA,1.0,42.0,70.56,102.06,42.0,28.56,8/24/2026,,,,,,,,
4905,8/21/2026,326.0,248.0,Dazzling Providers of Mountton,64.0,Bright Glass Cleaner,cleaning suppleis,segA,1.0,32.0,59.2,59.2,32.0,27.2,8/24/2026,,,,,,,,
4906,8/21/2026,326.0,248.0,Dazzling Providers of Mountton,67.0,Sleek Citrus Cleaner,cleainng supplies,segA,1.0,39.0,68.25,102.06,39.0,29.25,8/24/2026,,,,,,,,
4907,8/21/2026,326.0,248.0,Dazzling Providers of Mountton,68.0,Dazzling Disinfectant Wipes,cleaning supplies,segA,1.0,54.0,98.82,98.82,54.0,44.82,8/24/2026,,,,,,,,
4908,8/21/2026,326.0,248.0,Dazzling Providers of Mountton,81.0,Polished Stirrers,breakroom supplies,segA,1.0,22.0,37.4,37.4,22.0,15.4,8/24/2026,,,,,,,,
4909,8/21/2026,326.0,248.0,Dazzling Providers of Mountton,82.0,Pristine Granola Bars,breakroom supplies,segA,1.0,26.0,51.29707511896669,47.58,26.0,21.58,8/24/2026,,,,,,,,
4910,8/21/2026,326.0,248.0,Dazzling Providers of Mountton,95.0,Bright Disposable Cups,breakroom supplies,segA,1.0,13.0,27.43,27.43,13.0,14.43,8/24/2026,,,,,,,,
4911,8/19/2026,373.0,248.0,Dazzling Providers of Mountton,21.0,Glossy Faical Tissues,paper & tissue,segB,1.0,47.0,74.73,74.73,47.0,37.8,8/20/2026,,,,,,,,
4912,8/19/2026,373.0,248.0,Dazzling Providers of Mountton,25.0,Dazzling Binder Clips,office products,segA,2.0,45.0,70.2,140.4,90.0,50.4,8/20/2026,,,,,,,,
4913,8/19/2026,373.0,248.0,Dazzling Providers of Mountton,34.0,Radiant Staplers,,segA,1.0,24.0,33.36,33.36,24.0,9.36,8/20/2026,,,,,,,,
4914,8/19/2026,373.0,248.0,Dazzling Providers of Mountton,40.0,Immaculate Markers,office products,segA,3.0,34.0,52.02,156.06,102.0,54.06,8/20/2026,,,,,,,,
4915,8/19/2026,373.0,248.0,Dazzling Providers of Mountton,42.0,Polished Markers,office products,  segA ,6.0,28.0,36.68,220.08,168.0,52.08,8/20/2026,,,,,,,,
4916,8/19/2026,373.0,248.0,Dazzling Providers of Mountton,44.0,Gleaming Recycled Paper,,segA,1.0,34.0,54.4,54.4,34.0,20.4,8/20/2026,,,,,,,,
4917,8/19/2026,373.0,248.0,Dazzling Providers of Mountton,48.0,Fresh Desk Organizers,office products,segA,4.0,29.0,44.37,177.48,116.0,61.48,8/20/2026,,,,,,,,
4918,8/19/2026,373.0,248.0,Dazzling Providers of Mountton,54.0,Dazzling Floor Cleaner,cleaning supplies,segA,2.0,45.0,74.25,148.5,90.0,58.5,8/20/2026,,,,,,,,
4919,8/19/2026,373.0,248.0,Dazzling Providers of Mountton,56.0,Pristine Citrus Cleaner,  cleaning supplies ,segA,1.0,48.0,85.44,85.44,48.0,37.44,8/20/2026,,,,,,,,
4920,8/19/2026,373.0,248.0,Dazzling Providers of Mountton,67.0,Sleek Citrus Cleaner,,segA,1.0,39.0,68.25,68.25,39.0,29.25,20/08/2026,,,,,,,,
4921,8/19/2026,373.0,248.0,Dazzling Providers of Mountton,68.0,Dazzling Disinfectant Wipes,cleaning supplies,segA,1.0,54.0,98.82,98.82,54.0,44.82,8/20/2026,,,,,,,,
4922,8/19/2026,373.0,248.0,Dazzling Providers of Mountton,76.0,Immaculate Granola Bars,breakroom supplies,segA,1.0,10.0,19.6,19.6,10.0,9.6,8/20/2026,,,,,,,,
4923,8/19/2026,373.0,248.0,  Dazzling Providers of Mountton ,77.0,Sleek Disposable Cups,breakroom supplies,segA,1.0,25.0,45.25,45.25,25.0,20.25,8/20/2026,,,,,,,,
4924,8/19/2026,373.0,248.0,Dazzling Providers of Mountton,81.0,Polished Stirrers,breakroom supplies,segA,1.0,22.0,37.4,37.4,22.0,15.4,20/08/2026,,,,,,,,
4925,8/19/2026,373.0,248.0,Dazzling Providers of Mountton,85.0,Sparkling Microwave Popcorn,breakroom supplies,segA,1.0,12.0,22.2,22.2,12.0,10.2,8/20/2026,,,,,,,,
4926,8/19/2026,373.0,248.0,Dazzling Providers of Mountton,89.0,Sparkling Disposable Cups,breakroom supplies,segA,2.0,21.0,40.11,80.22,42.0,38.22,8/20/2026,,,,,,,,
4927,8/19/2026,373.0,248.0,Dazzling Providers of Mountton,95.0,Bright Disposable Cups,breakroom supplies,segA,1.0,13.0,27.43,27.43,13.0,14.43,8/20/2026,,,,,,,,
4928,8/19/2026,373.0,248.0,Dazzling Providers of Mountton,117.0,Dazzling Graph Paper,copy paper,segD,1.0,51.0,94.35,94.35,51.0,43.35,8/20/2026,,,,,,,,
4929,8/11/2026,548.0,248.0,Dazzling Providers of Mountton,4.0,Bright Bathroom Tissue,paper & tissue,segB,1.0,26.0,40.82,40.82,26.0,14.82,8/12/2026,,,,,,,,
4930,8/11/2026,548.0,248.0,Dazzling Providers of Mountton,10.0,Pristine 2-Ply Toilet Paper,paper & tissue,segB,1.0,26.0,38.48,38.48,26.0,12.48,8/12/2026,,,,,,,,
4931,8/11/2026,548.0,248.0,Dazzling Providers of Mountton,27.0,Sparkling Sticky Notes,office products,segA,3.0,43.0,59.77,179.31,129.0,50.31,8/12/2026,,,,,,,,
4932,8/11/2026,548.0,248.0,Dazzling Providers of Mountton,31.0,Polished Highlighters,office products,segA,1.0,17.0,51.29707511896669,23.97,17.0,6.97,8/12/2026,,,,,,,,
4933,8/11/2026,548.0,248.0,Dazzling Providers of Mountton,34.0,Radiant Staplers,office products,segA,1.0,24.0,33.36,33.36,24.0,9.36,8/12/2026,,,,,,,,
4934,8/11/2026,548.0,248.0,Dazzling Providers of Mountton,37.0,Bright Recycled Paper,office products,segA,2.0,24.0,37.92,75.84,48.0,27.84,8/12/2026,,,,,,,,
4935,8/11/2026,548.0,248.0,Dazzling Providers of Mountton,38.0,Radiant Pens,office products,segA,2.0,17.0,22.78,45.56,34.0,11.56,8/12/2026,,,,,,,,
4936,8/11/2026,548.0,248.0,Dazzling Providers of Mountton,41.0,Dazzling File Folders,office products,segA,3.0,46.0,64.86,194.58,138.0,56.58,8/12/2026,,,,,,,,
4937,8/11/2026,548.0,248.0,Dazzling Providers of Mountton,42.0,Polished Markers,office products,segA,6.0,28.0,36.68,220.08,168.0,52.08,8/12/2026,,,,,,,,
4938,8/11/2026,548.0,248.0,Dazzling Providers of Mountton,44.0,Gleaming Recycled Paper,office products,segA,2.0,34.0,54.4,108.8,68.0,40.8,8/12/2026,,,,,,,,
4939,8/11/2026,548.0,248.0,Dazzling Providers of Mountton,48.0,Fresh Desk Organizers,office products,segA,4.0,32.344897959183676,44.37,177.48,116.0,61.48,8/12/2026,,,,,,,,
4940,8/11/2026,548.0,248.0,Dazzling Providers of Mountton,49.0,Sparkling Disinfectant Wipes,cleaning supplies,segA,2.0,21.0,38.85,77.7,42.0,35.7,8/12/2026,,,,,,,,
4941,8/11/2026,548.0,248.0,Dazzling Providers of Mountton,54.0,Dazzling Floor Cleaner,cleaning supplies,segA,1.0,45.0,74.25,74.25,45.0,29.25,8/12/2026,,,,,,,,
4942,8/11/2026,548.0,248.0,Dazzling Providers of Mountton,56.0,Pristine Citrus Cleaner,cleaning supplies,segA,1.0,48.0,85.44,85.44,48.0,37.44,8/12/2026,,,,,,,,
4943,8/11/2026,548.0,248.0,Dazzling Providers of Mountton,64.0,Bright Glass Cleaner,cleaning supplies,,1.0,32.0,59.2,59.2,32.0,27.2,8/12/2026,,,,,,,,
4944,8/11/2026,548.0,248.0,Dazzling Providers of Mountton,67.0,Sleek Citrus Cleaner,cleaning supplies,segA,1.0,39.0,68.25,68.25,39.0,29.25,8/12/2026,,,,,,,,
4945,8/11/2026,548.0,248.0,Dazzling Providers of Mountton,73.0,Spotless Creamers,,segA,37.0,18.0,27.0,999.0,666.0,333.0,8/12/2026,,,,,,,,
4946,8/11/2026,548.0,248.0,Dazzling Providers of Mountton,79.0,Immaculate Microwave Popcorn,,segA,1.0,25.0,52.25,52.25,25.0,27.25,8/12/2026,,,,,,,,
4947,8/11/2026,548.0,248.0,Dazzling Providers of Mountton,81.0,Polished Stirrers,breakroom supplies,segA,1.0,22.0,37.4,37.4,22.0,15.4,8/12/2026,,,,,,,,
4948,8/11/2026,548.0,248.0,Dazzling Providers of Mountton,82.0,Pristine Granola Bars,breakroom supplies,segA,1.0,26.0,47.58,47.58,26.0,21.58,8/12/2026,,,,,,,,
4949,8/11/2026,548.0,248.0,Dazzling Providers of Mountton,83.0,Spotless Energy Drinks,breakroom supplies,segA,1.0,26.0,51.22,51.22,26.0,25.22,8/12/2026,,,,,,,,
4950,8/11/2026,548.0,248.0,Dazzling Providers of Mountton,85.0,Sparkling Microwave Popcorn,breakroom supplies,segA,1.0,12.0,22.2,22.2,12.0,10.2,8/12/2026,,,,,,,,
4951,8/11/2026,548.0,248.0,Dazzling Providers of Mountton,95.0,Bright Disposable Cups,breakroom supplies,segA,1.0,13.0,27.43,27.43,13.0,14.43,12/8/2026,,,,,,,,
4952,8/21/2026,,248.0,Dazzling Providers of Mountton,43.0,Fresh File Folders,office products,segA,2.0,50.0,76.0,152.0,100.0,52.0,8/24/2026,,,,,,,,
4953,8/19/2026,,248.0,Dazzling Providers of Mountton,45.0,Immaculate Staplers,office products,segA,3.0,50.0,66.0,102.06,150.0,48.0,20/08/2026,,,,,,,,
4954,8/11/2026,,248.0,Dazzling Providers of Mountton,3.0,Sparkling Party Napkins,paper & tissue,segB,1.0,21.0,33.18,33.18,21.0,12.18,8/12/2026,,,,,,,,
4955,9/2/2026,71.0,249.0,Glossy Custodians of Maplefield,1.0,Sleek Party Napkins,paper & tissue,segA,6.0,29.0,51.29707511896669,238.38,174.0,64.38,9/17/2026,,,,,,,,
4956,9/2/2026,71.0,249.0,Glossy Custodians of Maplefield,3.0,Sparkling Party Napkins,paper & tissue,segA,4.0,21.0,27.3,109.2,84.0,25.2,9/17/2026,,,,,,,,
4957,9/2/2026,71.0,249.0,Glossy Custodians of Maplefield,5.0,Polished Kitchen Towels,paper & tissue,segA,5.0,35.0,47.25,236.25,175.0,61.25,9/17/2026,,,,,,,,
4958,9/2/2026,71.0,249.0,Glossy Custodians of Maplefield,8.0,Bright Party Napkins,paper & tissue,segA,18.0,50.0,60.0,1080.0,900.0,180.0,9/17/2026,,,,,,,,
4959,9/2/2026,71.0,249.0,Glossy Custodians of Maplefield,9.0,Fresh Kitchen Towels,paper & tissue,segA,3.0,33.0,45.21,135.63,99.0,36.63,9/17/2026,,,,,,,,
4960,9/2/2026,71.0,249.0,Glossy Custodians of Maplefield,11.0,Fresh Lunch Napkins,paper & tissue,segA,1.0,21.0,29.4,29.4,21.0,8.4,9/17/2026,,,,,,,,
4961,9/2/2026,71.0,249.0,Glossy Custodians of Maplefield,14.0,Spotless Pocket Tissues,paper & tissue,segA,6.0,20.0,29.0,174.0,120.0,54.0,9/17/2026,,,,,,,,
4962,9/2/2026,71.0,249.0,Glossy Custodians of Maplefield,15.0,Sparkling 2-Ply Toilet Paper,paper & tissue,segA,5.0,43.0,61.92,309.6,215.0,94.6,9/17/2026,,,,,,,,
4963,9/2/2026,71.0,249.0,Glossy Custodians of Maplefield,20.0,Gleaming Roll Paper Towels,paper & tissue,segA,50.0,28.0,33.6,1680.0,1400.0,280.0,9/17/2026,,,,,,,,
4964,9/2/2026,71.0,249.0,Glossy Custodians of Maplefield,23.0,Dazzling Roll Paper Towels,paper & tissue,segA,3.0,40.0,52.0,156.0,120.0,36.0,9/17/2026,,,,,,,,
4965,9/2/2026,71.0,249.0,Glossy Custodians of Maplefield,40.0,Immaculate Markers,office products,sgeB,1.0,34.0,47.94,47.94,34.0,37.8,9/17/2026,,,,,,,,
4966,9/2/2026,71.0,249.0,  Glossy Custodians of Maplefield ,56.0,Pristine Citrus Cleaner,,segD,1.0,48.0,100.32,100.32,48.0,52.32,9/17/2026,,,,,,,,
4967,9/2/2026,72.0,251.0,Immaculate Suppliers of Riverburg,19.0,Fresh Party Napkins,paper & tissue,segC,1.0,45.0,64.8,64.8,45.0,19.8,9/3/2026,,,,,,,,
4968,9/2/2026,72.0,251.0,Immaculate Suppliers of Riverburg,26.0,Radiant Sticky Notes,office products,segA,4.0,34.0,49.3,197.2,136.0,61.2,9/3/2026,,,,,,,,
4969,9/2/2026,72.0,251.0,Immaculate Suppliers of Riverburg,29.0,Dazzling Paper Clips,office products,segA,2.0,37.0,55.13,110.26,74.0,36.26,9/3/2026,,,,,,,,
4970,9/2/2026,72.0,251.0,Immaculate Suppliers of Riverburg,41.0,Dazzling File Folders,office products,segA,10.0,46.0,59.8,598.0,460.0,138.0,9/3/2026,,,,,,,,
4971,9/2/2026,72.0,251.0,Immaculate Suppliers of Riverburg,42.0,Polished Markers,office products,segA,8.0,28.0,36.4,291.2,224.0,67.2,9/3/2026,,,,,,,,
4972,9/2/2026,72.0,251.0,Immaculate Suppliers of Riverburg,43.0,Fresh Fiel Folders,office products,segA,40.0,50.0,63.5,2540.0,2000.0,540.0,9/3/2026,,,,,,,,
4973,9/2/2026,72.0,251.0,Immaculate Suppliers of Riverburg,44.0,Gleaming Recycled Paper,office products,segA,3.0,34.0,45.22,135.66,102.0,33.66,9/3/2026,,,,,,,,
4974,9/2/2026,72.0,251.0,Immaculate Suppliers of Riverburg,45.0,Immaculate Staplers,office products,segA,1.0,32.344897959183676,69.5,69.5,50.0,19.5,9/3/2026,,,,,,,,
4975,9/2/2026,72.0,251.0,Immaculate Suppliers of Riverburg,46.0,Spotless Desk Organizers,office products,segA,1.0,33.0,49.83,49.83,33.0,16.83,9/3/2026,,,,,,,,
4976,9/2/2026,72.0,251.0,Immaculate Suppliers of Riverburg,55.0,Spotless Floor Cleaner,cleaning supplies,segA,1.0,29.0,54.23,54.23,29.0,25.23,9/3/2026,,,,,,,,
4977,9/2/2026,72.0,251.0,Immaculate Suppliers of Riverburg,58.0,Spotless Floor Cleaner,cleaning supplies,,1.0,31.0,50.22,50.22,31.0,19.22,9/3/2026,,,,,,,,
4978,9/2/2026,72.0,251.0,Immaculate Suppliers of Riverburg,63.0,Polished Glass Cleaner,cleaning supplies,segA,1.0,42.0,78.12,78.12,42.0,36.12,9/3/2026,,,,,,,,
4979,9/2/2026,72.0,251.0,,66.0,Radiant Glass Cleaner,cleaning supplies,segA,1.0,21.0,33.6,33.6,21.0,37.8,9/3/2026,,,,,,,,
4980,9/2/2026,72.0,251.0,Immaculate Suppliers of Riverburg,69.0,Gleaming Degreaser,  cleaning supplies ,segA,1.0,27.0,49.95,49.95,27.0,22.95,9/3/2026,,,,,,,,
4981,9/2/2026,72.0,251.0,Immaculate Suppliers of Riverburg,74.0,Pristine Energy Drinks,,segB,1.0,15.0,27.45,27.45,15.0,12.45,9/3/2026,,,,,,,,
4982,9/2/2026,72.0,251.0,Immaculate Suppliers of Riverburg,91.0,Glossy Microwave Popcorn,  breakroom supplies ,segB,1.0,29.0,53.65,102.06,29.0,24.65,9/3/2026,,,,,,,,
4983,9/2/2026,72.0,251.0,Immaculate Suppliers of Riverburg,100.0,Dazzling Legal Size Paper,copy paper,segA,4.0,24.0,37.44,149.76,96.0,53.76,9/3/2026,,,,,,,,
4984,9/2/2026,72.0,251.0,,101.0,Radiant Colored Paper,copy paper,segA,4.0,60.0,83.4,333.6,240.0,93.6,9/3/2026,,,,,,,,
4985,9/2/2026,72.0,251.0,Immaculate Suppliers of Riverburg,109.0,Immaculate Resume Paper,copy paper,segA,2.0,31.0,43.4,86.8,62.0,24.8,9/3/2026,,,,,,,,
4986,9/2/2026,72.0,251.0,Immaculate Suppliers of Riverburg,112.0,Sparklnig Letter Size Paper,copy paper,,5.0,46.0,71.3,356.5,230.0,126.5,9/3/2026,,,,,,,,
4987,8/26/2026,232.0,251.0,Immaculate Suppliers of Riverburg,26.0,Radiant Sticky Notes,office products,segA,4.0,34.0,49.3,197.2,136.0,61.2,8/27/2026,,,,,,,,
4988,8/26/2026,232.0,251.0,Immaculate Suppliers of Riverburg,28.0,Immaculate Binder Clips,office products,segA,1.0,29.0,45.24,45.24,29.0,16.24,8/27/2026,,,,,,,,
4989,8/26/2026,232.0,251.0,Immaculate Suppliers of Riverburg,29.0,Dazzling Paper Clips,office products,segA,1.0,37.0,55.13,55.13,37.0,18.13,8/27/2026,,,,,,,,
4990,8/26/2026,232.0,251.0,Immaculate Suppliers of Riverburg,30.0,Immaculate Markers,office products,segA,1.0,28.0,36.4,36.4,28.0,8.4,8/27/2026,,,,,,,,
4991,8/26/2026,232.0,251.0,Immaculate Suppliers of Riverburg,31.0,Polished Highlighters,office products,segA,4.0,17.0,22.27,89.08,68.0,21.08,8/27/2026,,,,,,,,
4992,8/26/2026,232.0,251.0,Immaculate Suppliers of Riverburg,35.0,Dazzling Staplers,office products,segA,13.0,27.0,30.51,396.63,351.0,37.8,8/27/2026,,,,,,,,
4993,8/26/2026,232.0,251.0,Immaculate Suppliers of Riverburg,43.0,Fresh File Folders,office products,segA,41.0,50.0,63.5,2603.5,2050.0,553.5,8/27/2026,,,,,,,,
4994,8/26/2026,232.0,251.0,Immaculate Suppliers of Riverburg,44.0,Gleaming Recycled Paper,office products,segA,2.0,34.0,45.22,90.44,68.0,22.44,8/27/2026,,,,,,,,
4995,8/26/2026,232.0,251.0,Immaculate Suppliers of Riverburg,45.0,Immaculate Staplers,office products,segA,2.0,50.0,69.5,139.0,100.0,39.0,8/27/2026,,,,,,,,
4996,8/26/2026,232.0,251.0,Immaculate Suppliers of Riverburg,46.0,Spotless Desk Organizers,office products,segA,1.0,33.0,49.83,49.83,33.0,16.83,8/27/2026,,,,,,,,
4997,8/26/2026,232.0,251.0,Immaculate Suppliers of Riverburg,55.0,Spotless Floor Cleaner,cleaning supplies,segA,1.0,29.0,54.23,54.23,29.0,25.23,8/27/2026,,,,,,,,
4998,8/26/2026,232.0,251.0,Immaculate Suppliers of Riverburg,57.0,Glossy All-Purpose Cleaner,cleaning supplies,segA,1.0,51.0,95.88,95.88,51.0,44.88,8/27/2026,,,,,,,,
4999,8/26/2026,232.0,251.0,Immaculate Suppliers of Riverburg,60.0,Polished Degreaser,cleaning supplies,segA,1.0,26.0,43.16,43.16,26.0,17.16,8/27/2026,,,,,,,,
5000,8/26/2026,232.0,251.0,Immaculate Suppliers of Riverburg,62.0,Glossy Air Freshener,cleaning supplies,segA,1.0,20.0,34.4,34.4,20.0,14.4,8/27/2026,,,,,,,,
5001,8/26/2026,232.0,251.0,Immaculate Suppliers of Riverburg,66.0,Radiant Glass Cleaner,cleaning supplies,segA,1.0,21.0,33.6,33.6,21.0,12.6,8/27/2026,,,,,,,,
5002,8/26/2026,232.0,251.0,Immaculate Suppliers of Riverburg,67.0,Sleek Citrus Cleaner,cleaning supplies,segA,1.0,39.0,73.71,73.71,39.0,34.71,8/27/2026,,,,,,,,
5003,8/26/2026,232.0,251.0,Immaculate Suppliers of Riverburg,89.0,Sparkling Disposable Cups,breakroom supplies,segB,1.0,21.0,45.99,45.99,21.0,24.99,8/27/2026,,,,,,,,
5004,8/26/2026,232.0,251.0,Immaculate Suppliers of Riverburg,118.0,Sparkling Cardstock,copy paper,segA,3.0,37.0,54.02,162.06,111.0,51.06,8/27/2026,,,,,,,,
5005,8/24/2026,294.0,251.0,  Immaculate Suppliers of Riverburg ,3.0,Sparkling Party Napkins,paper & tissue,segC,1.0,21.0,29.61,29.61,21.0,8.61,8/25/2026,,,,,,,,
5006,8/24/2026,294.0,251.0,Immaculate Suppliers of Riverburg,12.0,Immaculate Roll Paper Towels,paper & tissue,segC,1.0,44.0,63.8,63.8,44.0,19.8,8/25/2026,,,,,,,,
5007,8/24/2026,294.0,251.0,Immaculate Suppliers of Riverburg,27.0,Sparkling Sticky Notes,office products,segA,3.0,43.0,65.79,197.37,129.0,68.37,8/25/2026,,,,,,,,
5008,8/24/2026,294.0,251.0,Immaculate Suppliers of Riverburg,28.0,Immaculate Binder Clips,  office products ,segA,1.0,29.0,45.24,45.24,29.0,16.24,8/25/2026,,,,,,,,
5009,8/24/2026,294.0,251.0,Immaculate Suppliers of Riverburg,29.0,Dazzling Paper Clips,office products,segA,3.0,37.0,55.13,165.39,111.0,54.39,8/25/2026,,,,,,,,
5010,8/24/2026,294.0,251.0,Immaculate Suppliers of Riverburg,31.0,Polished Highlighters,office products,segA,4.0,17.0,22.27,89.08,68.0,21.08,8/25/2026,,,,,,,,
5011,8/24/2026,294.0,251.0,Immaculate Suppliers of Riverburg,42.0,Polished Markers,office products,segA,12.0,28.0,36.4,436.8,336.0,100.8,8/25/2026,,,,,,,,
5012,8/24/2026,294.0,251.0,Immaculate Suppliers of Riverburg,46.0,Spotless Desk Organizers,office products,segA,1.0,33.0,49.83,49.83,33.0,16.83,8/25/2026,,,,,,,,
5013,8/24/2026,294.0,251.0,Immaculate Suppliers of Riverburg,50.0,Bright Glass Cleaner,cleaning supplies,segA,1.0,23.0,39.79,39.79,23.0,16.79,8/25/2026,,,,,,,,
5014,8/24/2026,294.0,251.0,Immaculate Suppliers of Riverburg,60.0,Polished Degreaser,cleaning supplies,segA,1.0,26.0,43.16,43.16,63.0,17.16,8/25/2026,,,,,,,,
5015,8/24/2026,294.0,251.0,Immaculate Suppliers of Riverburg,82.0,Pristine Granola Bars,breakroom supplies,segB,1.0,26.0,53.56,53.56,26.0,27.56,8/25/2026,,,,,,,,
5016,8/24/2026,294.0,251.0,Immaculate Suppliers of Riverburg,89.0,Sparkling Disposable Cups,,segB,1.0,21.0,45.99,45.99,21.0,24.99,8/25/2026,,,,,,,,
5017,8/24/2026,294.0,251.0,Immaculate Suppliers of Riverburg,90.0,Dazzling Instant Soups,breakroom supplies,segB,1.0,24.0,50.16,50.16,24.0,26.16,8/25/2026,,,,,,,,
5018,8/24/2026,294.0,251.0,Immaculate Suppliers of Riverburg,104.0,Gleaming Glossy Photo Paper,copy paper,segA,1.0,52.0,72.28,72.28,52.0,20.28,8/25/2026,,,,,,,,
5019,8/24/2026,294.0,251.0,Immaculate Suppliers of Riverburg,115.0,Polished Glossy Photo Paper,,segA,21.0,59.0,69.62,1462.02,1239.0,223.02,8/25/2026,,,,,,,,
5020,8/24/2026,294.0,251.0,Immaculate Suppliers of Riverburg,118.0,Sparkling Cardstock,  copy paper ,segA,2.0,37.0,54.02,108.04,74.0,34.04,,,,,,,,,
5021,8/20/2026,358.0,251.0,Immaculate Suppliers of Riverburg,2.0,Glossy Party Napkins,paper & tissue,segC,1.0,29.0,40.6,40.6,29.0,11.6,8/21/2026,,,,,,,,
5022,8/20/2026,358.0,251.0,Immaculate Suppliers of Riverburg,27.0,Sparkling Sticky Notes,office products,segA,3.0,43.0,65.79,197.37,129.0,68.37,8/21/2026,,,,,,,,
5023,8/20/2026,358.0,251.0,Immaculate Suppliers of Riverburg,32.0,Bright Desk Organizers,office products,segA,4.0,44.0,66.88,267.52,176.0,91.52,8/21/2026,,,,,,,,
5024,8/20/2026,358.0,251.0,Immaculate Suppliers of Riverburg,41.0,Dazzling File Folders,office products,segA,12.0,46.0,59.8,717.6,552.0,165.6,8/21/2026,,,,,,,,
5025,8/20/2026,358.0,251.0,Immaculate Suppliers of Riverburg,42.0,Polished Markers,offiec products,segA,11.0,28.0,36.4,400.4,308.0,92.4,8/21/2026,,,,,,,,
5026,8/20/2026,358.0,251.0,Immaculate Suppliers of Riverburg,43.0,Fresh File Folders,office products,segA,55.0,50.0,63.5,3492.5,2750.0,742.5,8/21/2026,,,,,,,,
5027,8/20/2026,358.0,251.0,Immaculate Suppliers of Riverburg,48.0,Fresh Desk Organizers,office products,segA,2.0,29.0,42.92,85.84,58.0,27.84,8/21/2026,,,,,,,,
5028,8/20/2026,358.0,251.0,Immaculate Suppliers of Riverburg,50.0,Bright Glass Cleaner,cleaning supplies,segA,1.0,23.0,39.79,39.79,23.0,16.79,8/21/2026,,,,,,,,
5029,8/20/2026,358.0,251.0,Immaculate Suppliers of Riverburg,57.0,Glossy All-Purpose Cleaner,cleaning supplies,segA,2.0,51.0,95.88,191.76,102.0,89.76,8/21/2026,,,,,,,,
5030,8/20/2026,358.0,251.0,Immaculate Suppliers of Riverburg,58.0,Spotless Floor Cleaenr,cleaning supplies,segA,1.0,31.0,50.22,50.22,31.0,19.22,8/21/2026,,,,,,,,
5031,8/20/2026,358.0,251.0,Immaculate Suppliers of Riverburg,60.0,Polished Degreaser,cleaning supplies,segA,1.0,26.0,43.16,43.16,26.0,17.16,8/21/2026,,,,,,,,
5032,8/20/2026,358.0,251.0,Immaculate Suppliers of Riverburg,64.0,Bright Glass Cleaner,cleaning supplies,segA,1.0,32.0,51.52,51.52,32.0,19.52,8/21/2026,,,,,,,,
5033,8/20/2026,358.0,251.0,Immaculate Suppliers of Riverburg,66.0,Radiant Glass Cleaner,cleaning supplies,segA,1.0,21.0,33.6,33.6,21.0,12.6,8/21/2026,,,,,,,,
5034,8/20/2026,358.0,251.0,Immaculate Suppliers of Riverburg,71.0,Spotless Glass Cleaner,cleaning supplies,  segA ,2.0,31.0,50.22,100.44,62.0,38.44,8/21/2026,,,,,,,,
5035,8/20/2026,358.0,251.0,Immaculate Suppliers of Riverburg,97.0,Sparkling Legal Size Paper,copy paper,segA,3.0,39.0,58.89,176.67,117.0,59.67,8/21/2026,,,,,,,,
5036,8/20/2026,358.0,251.0,Immaculate Suppliers of Riverburg,99.0,Glossy Letter Size Paper,copy paper,segA,3.0,57.0,90.06,270.18,171.0,99.18,8/21/2026,,,,,,,,
5037,8/20/2026,358.0,251.0,Immaculate Suppliers of Riverburg,100.0,Dazzling Legal Size Paper,copy paper,segA,5.0,24.0,37.44,187.2,120.0,67.2,8/21/2026,,,,,,,,
5038,8/20/2026,358.0,251.0,Immaculate Suppliers of Riverburg,101.0,Radiant Colored Paper,copy paper,segA,6.0,60.0,83.4,500.4,360.0,140.4,8/21/2026,,,,,,,,
5039,8/20/2026,358.0,251.0,Immaculate Suppliers of Riverburg,110.0,Pristine Cardstock,copy paper,segA,1.0,42.0,57.12,57.12,42.0,15.12,8/21/2026,,,,,,,,
5040,8/17/2026,428.0,251.0,  Immaculate Suppliers of Riverburg ,28.0,Immaculate Binder Clips,office products,segA,3.0,29.0,45.24,135.72,87.0,48.72,8/18/2026,,,,,,,,
5041,8/17/2026,428.0,251.0,Immaculate Suppliers of Riverburg,41.0,Dazzling File Folders,office products,segA,10.0,46.0,59.8,598.0,460.0,138.0,8/18/2026,,,,,,,,
5042,8/17/2026,428.0,251.0,Immaculate Suppliers of Riverburg,42.0,Polished Markers,office products,segA,8.0,28.0,36.4,291.2,224.0,67.2,8/18/2026,,,,,,,,
5043,8/17/2026,428.0,251.0,Immaculate Suppliers of Riverburg,43.0,Fresh File Folders,office products,segA,32.0,50.0,63.5,2032.0,1600.0,432.0,8/18/2026,,,,,,,,
5044,8/17/2026,428.0,251.0,Immaculate Suppliers of Riverburg,44.0,Gleaming Recycled Paper,office products,,3.0,34.0,45.22,135.66,102.0,33.66,8/18/2026,,,,,,,,
5045,8/17/2026,428.0,251.0,Immaculate Suppliers of Riverburg,57.0,Glossy All-Purpose Cleaner,cleaning supplies,segA,2.0,51.0,95.88,191.76,102.0,89.76,,,,,,,,,
5046,8/17/2026,428.0,251.0,Immaculate Suppliers of Riverburg,60.0,Polished Degreaser,cleaning supplies,segA,1.0,26.0,43.16,43.16,26.0,17.16,8/18/2026,,,,,,,,
5047,8/17/2026,428.0,251.0,  Immaculate Suppliers of Riverburg ,67.0,Sleek Citrus Cleaner,cleaning supplies,segA,2.0,39.0,73.71,73.71,39.0,34.71,8/18/2026,,,,,,,,
5048,8/17/2026,428.0,251.0,Immaculate Suppliers of Riverburg,94.0,Pristine Instant Soups,,segB,1.0,7.0,13.72,13.72,7.0,6.72,8/18/2026,,,,,,,,
5049,8/17/2026,428.0,251.0,Immaculate Suppliers of Riverburg,99.0,Glossy Letter Size Paper,copy paper,segA,6.0,57.0,90.06,540.36,342.0,198.36,8/18/2026,,,,,,,,
5050,8/17/2026,428.0,251.0,Immaculate Suppliers of Riverburg,100.0,Dazzling Legal Size Paper,copy paper,segA,3.0,24.0,37.44,112.32,72.0,40.32,8/18/2026,,,,,,,,
5051,8/17/2026,428.0,251.0,Immaculate Suppliers of Riverburg,101.0,Radiant Colored Paper,copy paper,segA,6.0,60.0,51.29707511896669,500.4,360.0,140.4,,,,,,,,,
5052,8/17/2026,428.0,251.0,Immaculate Suppliers of Riverburg,104.0,Gleaming Glossy Photo Paper,copy paper,segA,3.0,52.0,72.28,216.84,156.0,60.84,8/18/2026,,,,,,,,
5053,8/17/2026,428.0,251.0,Immaculate Suppliers of Riverburg,106.0,Sleek Resume Paper,copy paper,segA,3.0,48.0,72.48,217.44,144.0,73.44,8/18/2026,,,,,,,,
5054,8/17/2026,428.0,251.0,Immaculate Suppliers of Riverburg,108.0,  Dazzling Cardstock ,copy paper,  segA ,6.0,21.0,28.77,172.62,126.0,46.62,8/18/2026,,,,,,,,
5055,8/17/2026,428.0,251.0,Immaculate Suppliers of Riverburg,112.0,Sparkling Letter Size Paper,copy paper,segA,3.0,46.0,71.3,213.9,138.0,75.9,8/18/2026,,,,,,,,
5056,8/17/2026,428.0,251.0,Immaculate Suppliers of Riverburg,118.0,Sparkling Cardstock,copy paper,segA,2.0,37.0,54.02,216.08,148.0,68.08,18/08/2026,,,,,,,,
5057,9/2/2026,,251.0,Immaculate Suppliers of Riverburg,61.0,Pristine Degreaser,cleaning supplies,segA,3.0,32.344897959183676,88.0,264.0,150.0,114.0,9/3/2026,,,,,,,,
5058,8/24/2026,,251.0,Immaculate Suppliers of Riverburg,58.0,Spotless Floor Cleaner,cleaning supplies,segA,1.0,31.0,50.22,50.22,31.0,19.22,8/25/2026,,,,,,,,
5059,8/20/2026,,251.0,Immaculate Suppliers of Riverburg,83.0,Spotless Energy Drinks,breakroom supplies,segB,19.0,26.0,41.6,790.4,494.0,296.4,,,,,,,,,
5060,8/17/2026,,251.0,Immaculate Suppliers of Riverburg,66.0,Radiant Glass Cleaner,cleaning supplies,segA,1.0,21.0,33.6,33.6,21.0,12.6,8/18/2026,,,,,,,,
5061,8/17/2026,,251.0,,109.0,Immaculate Resume Paper,copy paper,segA,1.0,31.0,43.4,43.4,31.0,12.4,18/08/2026,,,,,,,,
5062,8/13/2026,496.0,253.0,Immaculate Facilities of Mountwood,10.0,Pristine 2-Ply Toilet Paper,paper & tissue,segA,2.0,26.0,34.84,104.52,78.0,26.52,8/14/2026,,,,,,,,
5063,8/13/2026,496.0,253.0,Immaculate Facilities of Mountwood,20.0,Gleaming Roll Paper Towels,paper & tissue,segA,3.0,28.0,37.52,112.56,84.0,28.56,8/14/2026,,,,,,,,
5064,8/13/2026,496.0,253.0,Immaculate Facilities of Mountwood,59.0,Spotless All-Purpose Cleaner,cleaning supplies,segA,21.0,47.0,66.27,1391.67,987.0,404.67,8/14/2026,,,,,,,,
5065,8/13/2026,496.0,253.0,Immaculate Facilities of Mountwood,60.0,Polished Degreaser,lceaning supplies,segA,1.0,26.0,49.14,49.14,26.0,23.14,8/14/2026,,,,,,,,
5066,8/13/2026,496.0,253.0,Immaculate Facilities of Mountwood,62.0,Glossy Air Freshener,cleaning supplies,segA,1.0,20.0,35.0,35.0,20.0,15.0,8/14/2026,,,,,,,,
5067,8/13/2026,496.0,253.0,Immaculate Facilities of Mountwood,70.0,Sleek Air Freshener,cleaning supplies,segA,2.0,33.0,61.71,123.42,66.0,57.42,8/14/2026,,,,,,,,
5068,8/13/2026,496.0,253.0,Immaculate Facilities of Mountwood,71.0,Spotless Glass Cleaner,cleaning supplies,segA,1.0,31.0,58.9,58.9,31.0,27.9,8/14/2026,,,,,,,,
5069,8/13/2026,496.0,253.0,Immaculate Facilities of Mountwood,72.0,Gleaming Glass Cleaner,cleaning supplies,segA,1.0,23.0,38.64,38.64,23.0,37.8,8/14/2026,,,,,,,,
5070,8/13/2026,496.0,253.0,Immaculate Facilities of Mountwood,118.0,Sparkling Cardstock,copy paper,segC,1.0,37.0,59.94,102.06,37.0,22.94,8/14/2026,,,,,,,,
5071,8/13/2026,,253.0,Immaculate Facilities of Mountwood,23.0,Dazzling Roll Paper Towels,paper & tissue,segA,4.0,40.0,58.4,233.6,160.0,73.6,8/14/2026,,,,,,,,
5072,8/13/2026,,253.0,Immaculate Facilities of Mountwood,52.0,Spotless Air Freshener,cleaning supplies,segA,8.0,49.0,72.52,580.16,63.0,188.16,8/14/2026,,,,,,,,
5073,9/2/2026,73.0,254.0,Fresh Custodians of Cedarville,13.0,Pristine Party Napkins,paper & tissue,segC,2.0,45.0,66.15,132.3,90.0,42.3,9/3/2026,,,,,,,,
5074,9/2/2026,73.0,254.0,Fresh Custodians of Cdearville,33.0,Dazzling File Folders,office products,segB,1.0,26.0,40.56,40.56,26.0,14.56,9/3/2026,,,,,,,,
5075,9/2/2026,73.0,254.0,Fresh Custodians of Cedarville,35.0,Dazzling Staplers,office products,segB,2.0,27.0,42.12,84.24,54.0,30.24,9/3/2026,,,,,,,,
5076,9/2/2026,73.0,254.0,Fresh Custodians of Cedarville,50.0,Bright Glass Cleaner,cleaning supplies,segC,2.0,23.0,45.77,45.77,23.0,22.77,9/3/2026,,,,,,,,
5077,2/9/2026,73.0,254.0,Fresh Custodians of Cedarville,65.0,Sparkling Citrus Cleaner,cleaning supplies,segC,1.0,20.0,39.8,39.8,20.0,19.8,9/3/2026,,,,,,,,
5078,9/2/2026,73.0,254.0,Fresh Custodians of Cedarville,71.0,Spotless Glass Cleaner,cleaning supplies,segC,1.0,31.0,60.45,60.45,31.0,29.45,9/3/2026,,,,,,,,
5079,8/24/2026,295.0,254.0,Fresh Custodians of Cedarville,4.0,Bright Bathroom Tissue,paper & tissue,segC,1.0,26.0,36.4,36.4,26.0,10.4,8/25/2026,,,,,,,,
5080,8/24/2026,295.0,254.0,Fresh Custodians of Cedarville,19.0,Fresh Party Napkins,paper & tissue,segC,2.0,45.0,64.35,64.35,45.0,19.35,8/25/2026,,,,,,,,
5081,8/24/2026,295.0,254.0,Fresh Custodians of Cedarville,24.0,Sparkling Pocket Tissues,paper & tissue,segC,1.0,18.0,28.26,28.26,18.0,10.26,8/25/2026,,,,,,,,
5082,8/24/2026,295.0,254.0,Fresh Custodians of Cedarville,48.0,Fresh Desk Organizers,office products,segB,1.0,29.0,45.82,45.82,29.0,16.82,8/25/2026,,,,,,,,
5083,24/08/2026,295.0,254.0,Fresh Custodians of Cedarville,50.0,Bright Glass Cleaner,cleaning supplies,segC,1.0,23.0,45.77,45.77,23.0,22.77,8/25/2026,,,,,,,,
5084,8/24/2026,295.0,254.0,Fresh Custodians of Cedarville,120.0,Sparkling Letter Size Paper,copy paper,segB,1.0,45.0,70.2,70.2,63.0,25.2,8/25/2026,,,,,,,,
5085,8/13/2026,497.0,254.0,Fresh Custodians of Cedarville,2.0,Glossy Party Napkins,paper & tissue,segC,1.0,29.0,44.95,44.95,29.0,15.95,8/14/2026,,,,,,,,
5086,8/13/2026,497.0,254.0,,4.0,Bright Bathroom Tissue,paper & tissue,,1.0,26.0,36.4,36.4,26.0,10.4,8/14/2026,,,,,,,,
5087,8/13/2026,497.0,254.0,Fresh Custodians of Cedarville,24.0,Sparkling Pocket Tissues,paper & tissue,segC,1.0,18.0,28.26,28.26,18.0,10.26,14/08/2026,,,,,,,,
5088,8/13/2026,497.0,254.0,Fresh Custodians of Cedarville,33.0,Dazzling File Folders,office products,segB,1.0,26.0,40.56,40.56,26.0,14.56,8/14/2026,,,,,,,,
5089,13/08/2026,497.0,254.0,Fresh Custodians of Cedarville,35.0,Dazzling Staplers,office products,segB,2.0,27.0,42.12,84.24,54.0,30.24,8/14/2026,,,,,,,,
5090,8/13/2026,497.0,254.0,Fresh Custodians of Cedarville,50.0,Bright Glass Cleaner,cleaning supplies,segC,1.0,23.0,45.77,45.77,23.0,22.77,8/14/2026,,,,,,,,
5091,8/13/2026,497.0,254.0,Fresh Custodians of Cedarville,73.0,Spotless Creamers,breakroom supplies,segB,1.0,18.0,36.36,36.36,18.0,37.8,8/14/2026,,,,,,,,
5092,8/13/2026,497.0,254.0,Fresh Custodians of Cedarville,101.0,Radiant Colored Paper,copy paper,segB,1.0,60.0,100.2,100.2,60.0,40.2,8/14/2026,,,,,,,,
5093,8/20/2026,359.0,255.0,Sleek Facilities of Bayhaven,62.0,Glossy Air Freshener,,segA,1.0,20.0,34.4,34.4,20.0,14.4,8/21/2026,,,,,,,,
5094,8/20/2026,359.0,255.0,Sleek Facilities of Bayhaven,64.0,Bright Glass Cleaner,cleaning supplies,,1.0,32.0,53.12,53.12,32.0,21.12,8/21/2026,,,,,,,,
5095,8/21/2026,328.0,256.0,Pristine Custodians of Canyonridge,54.0,Dazzling Floor Cleaner,cleaning supplies,,1.0,45.0,87.3,87.3,45.0,42.3,8/24/2026,,,,,,,,
5096,8/21/2026,328.0,256.0,Pristine Custodians of Canyonridge,55.0,Spotless Floor Cleaner,cleaning supplies,segC,1.0,29.0,49.59,49.59,63.0,20.59,8/24/2026,,,,,,,,
5097,8/21/2026,328.0,256.0,Pristine Custodians of Canyonridge,75.0,Fresh Microwave Popcorn,breakroom supplies,segA,10.0,18.0,27.0,270.0,180.0,90.0,,,,,,,,,
5098,8/21/2026,328.0,256.0,  Pristine Custodians of Canyonridge ,76.0,Immaculate Granola Bars,breakroom supplies,segA,12.0,10.0,15.0,180.0,120.0,60.0,8/24/2026,,,,,,,,
5099,21/08/2026,328.0,256.0,Pristine Custodians of Canyonridge,81.0,Polished Stirrers,breakroom supplies,segA,1.0,22.0,38.94,38.94,63.0,16.94,8/24/2026,,,,,,,,
5100,21/08/2026,328.0,256.0,Pristine Custodians of Canyonridge,85.0,Sparkling Microwave Popcorn,breakroom supplies,segA,1.0,12.0,24.72,24.72,12.0,12.72,8/24/2026,,,,,,,,
5101,8/31/2026,128.0,257.0,Polished Cleaners of Riverdale,24.0,Sparkling Pocket Tissues,paper & tissue,segC,1.0,18.0,26.64,26.64,18.0,8.64,1/9/2026,,,,,,,,
5102,8/31/2026,128.0,257.0,Polished Cleaners of Riverdale,31.0,Polished Highlighters,office products,segC,1.0,17.0,28.9,28.9,17.0,11.9,9/1/2026,,,,,,,,
5103,8/31/2026,128.0,257.0,Polished Cleaners of Riverdale,39.0,Immaculate Sticky Notes,office products,segC,1.0,34.0,53.72,53.72,34.0,19.72,,,,,,,,,
5104,8/31/2026,128.0,257.0,Polished Cleaners of Riverdale,82.0,Pristine Granola Bars,breakroom supplies,segB,1.0,26.0,49.92,49.92,26.0,23.92,9/1/2026,,,,,,,,
5105,8/31/2026,128.0,257.0,Polished Cleaners of Riverdale,84.0,Sparkling Creamers,breakroom supplies,segB,1.0,18.0,38.34,38.34,18.0,20.34,9/1/2026,,,,,,,,
5106,8/31/2026,128.0,257.0,Polished Cleaners of Riverdale,88.0,Gleaming Coffee Beans,breakroom supplies,segB,1.0,18.0,40.14,40.14,18.0,22.14,9/1/2026,,,,,,,,
5107,8/31/2026,128.0,257.0,Polished Cleaners of Riverdale,98.0,Radiant Glossy Photo Paper,copy ppaer,segB,2.0,23.0,35.65,71.3,46.0,25.3,9/1/2026,,,,,,,,
5108,8/31/2026,128.0,257.0,Polished Cleaners of Riverdale,108.0,Dazzling Cardstock,copy paper,segB,1.0,21.0,31.92,31.92,21.0,10.92,9/1/2026,,,,,,,,
5109,8/31/2026,128.0,257.0,Polished Cleaners of Riverdale,116.0,Immaculate Legal Size Paper,copy paper,segB,1.0,59.0,93.81,93.81,59.0,34.81,9/1/2026,,,,,,,,
5111,8/25/2026,270.0,257.0,Polished Cleaners of Riverdale,24.0,Sparkling Pocket Tissues,paper & tissue,segC,1.0,18.0,26.64,26.64,18.0,8.64,8/26/2026,,,,,,,,
5112,8/25/2026,270.0,257.0,Polished Cleaners of Riverdale,43.0,Fresh File Folders,office products,segC,1.0,50.0,83.5,83.5,50.0,33.5,8/26/2026,,,,,,,,
5113,8/25/2026,270.0,257.0,Polished Cleaners of Riverdale,82.0,Pristine Granola Bars,breakroom supplies,segB,1.0,26.0,49.92,49.92,26.0,23.92,8/26/2026,,,,,,,,
5114,8/25/2026,270.0,257.0,Polished Cleaners of Riverdale,97.0,Sparkling Legal Size Paper,copy paper,segB,35.0,39.0,54.6,1911.0,1365.0,546.0,8/26/2026,,,,,,,,
5115,8/25/2026,270.0,257.0,Polished Cleaners of Riverdale,99.0,Glossy Letter Size Paper,copy paper,segB,1.0,57.0,84.93,84.93,57.0,27.93,8/26/2026,,,,,,,,
5116,8/25/2026,270.0,257.0,Polished Cleaners of Riverdale,105.0,Pristine Graph Paper,copy paper,  segB ,1.0,52.0,73.84,73.84,52.0,21.84,8/26/2026,,,,,,,,
5117,8/25/2026,270.0,257.0,Polished Cleaners of Riverdale,106.0,Sleek Resume Paper,copy paper,segB,1.0,48.0,68.64,102.06,48.0,20.64,8/26/2026,,,,,,,,
5118,8/25/2026,270.0,257.0,Polished Cleaners of Riverdale,116.0,Immaculate Legal Size Paper,copy paper,segB,1.0,59.0,93.81,93.81,59.0,34.81,8/26/2026,,,,,,,,
5119,8/21/2026,329.0,257.0,Polished Cleaners of Riverdale,6.0,Pristine Bathroom Tissue,paper & tissue,segC,2.0,19.0,27.17,54.34,38.0,16.34,8/24/2026,,,,,,,,
5120,8/21/2026,329.0,257.0,Polished Cleaners of Riverdale,13.0,Pristine Party Napkins,paper & tissue,segC,1.0,45.0,69.3,69.3,45.0,24.3,8/24/2026,,,,,,,,
5121,8/21/2026,329.0,257.0,Polished Cleaners of Riverdale,24.0,Sparkling Pocket Tissues,paper & tissue,,1.0,18.0,26.64,26.64,18.0,8.64,8/24/2026,,,,,,,,
5122,8/21/2026,329.0,257.0,Polished Cleaners of Riverdale,31.0,Polished Highlighters,office products,segC,2.0,17.0,28.9,102.06,17.0,11.9,8/24/2026,,,,,,,,
5123,8/21/2026,329.0,257.0,Polished Cleaners of Riverdale,84.0,Sparkling Creamers,breakroom supplies,segB,1.0,18.0,38.34,38.34,18.0,20.34,8/24/2026,,,,,,,,
5124,8/21/2026,329.0,257.0,Polished Cleaners of Riverdale,99.0,Glossy Letter Size Paper,copy paper,segB,2.0,57.0,84.93,169.86,114.0,55.86,8/24/2026,,,,,,,,
5125,8/21/2026,329.0,257.0,Polished Cleaners of Riverdale,114.0,Glossy Recycled Paper,copy papre,segB,1.0,32.0,45.76,45.76,32.0,13.76,8/24/2026,,,,,,,,
5126,8/21/2026,329.0,257.0,Polished Cleaners of Riverdale,116.0,Immaculate Legal Size Paper,copy paper,segB,1.0,59.0,93.81,93.81,59.0,34.81,8/24/2026,,,,,,,,
5128,8/18/2026,396.0,257.0,  Polished Cleaners of Riverdale ,6.0,Pristine Bathroom Tissue,paper & tissue,segC,2.0,19.0,27.17,54.34,38.0,16.34,8/19/2026,,,,,,,,
5129,8/18/2026,396.0,257.0,Polished Cleaners of Riverdale,17.0,Glossy Lunch Napkins,,segC,1.0,31.0,44.33,44.33,31.0,13.33,8/19/2026,,,,,,,,
5130,8/18/2026,396.0,257.0,Polished Cleaners of Riverdale,31.0,Polished Highlighters,office products,segC,1.0,17.0,28.9,28.9,17.0,11.9,8/19/2026,,,,,,,,
5131,8/18/2026,396.0,257.0,Polished Cleaners of Riverdale,43.0,Fresh File Folders,office products,segC,1.0,50.0,83.5,83.5,50.0,33.5,8/19/2026,,,,,,,,
5132,8/18/2026,396.0,257.0,Polished Cleaners of Riverdale,77.0,Sleek Disposable Cups,breakroom supplies,segB,1.0,25.0,47.75,47.75,25.0,22.75,8/19/2026,,,,,,,,
5133,8/18/2026,396.0,257.0,Polished Cleaners of Riverdale,97.0,Sparkling Legal Size Paper,copy paper,segB,60.0,39.0,54.6,3276.0,2340.0,936.0,8/19/2026,,,,,,,,
5134,8/31/2026,,257.0,Polished Cleaners of Riverdale,97.0,Sparkling Legal Size Paper,copy paper,segB,61.0,39.0,51.29707511896669,3330.6,2379.0,951.6,9/1/2026,,,,,,,,
5135,8/28/2026,167.0,259.0,Gleaming Stewards of Harborburg,7.0,Gleaming Bathroom Tissue,  paper & tissue ,segC,8.0,16.0,22.4,179.2,128.0,51.2,9/7/2026,,,,,,,,
5136,8/28/2026,167.0,259.0,Gleaming Stewards of Harborburg,13.0,Pristine Party Napkins,paper & tissue,segC,10.0,45.0,68.4,684.0,450.0,234.0,9/7/2026,,,,,,,,
5137,8/28/2026,167.0,259.0,Gleaming Stewards of Harborburg,19.0,Fresh Party Napkins,paper & tissue,segC,2.0,45.0,66.6,133.2,90.0,43.2,9/7/2026,,,,,,,,
5138,8/28/2026,167.0,259.0,Gleaming Stewards of Harborburg,52.0,Spotless Air Freshener,cleaning supplies,segA,10.0,49.0,82.81,828.1,490.0,338.1,9/7/2026,,,,,,,,
5139,8/28/2026,167.0,259.0,Gleaming Stewards of Harborburg,54.0,Dazzling Floor Cleaner,  cleaning supplies ,segA,2.0,45.0,80.55,161.1,63.0,71.1,9/7/2026,,,,,,,,
5140,8/28/2026,167.0,259.0,lGeaming Stewards of Harborburg,61.0,Pristine Degreaser,cleaning supplies,segA,3.0,32.344897959183676,89.5,268.5,63.0,118.5,9/7/2026,,,,,,,,
5141,8/28/2026,167.0,259.0,Gleaming Stewards of Harborburg,62.0,Glossy Air Freshener,cleaning supplies,  segA ,10.0,20.0,32.2,322.0,200.0,122.0,9/7/2026,,,,,,,,
5142,8/28/2026,167.0,259.0,Gleaming Stewards of Harborburg,67.0,Sleek Citrus Cleaner,cleaning supplies,segA,7.0,39.0,63.57,444.99,273.0,171.99,9/7/2026,,,,,,,,
5143,8/11/2026,549.0,259.0,Gleaming Stewards of Harborburg,1.0,Sleek Party Napkins,paper & tissue,segC,4.0,29.0,44.95,179.8,116.0,63.8,8/12/2026,,,,,,,,
5144,8/11/2026,549.0,259.0,Gleaming Stewards of Harborburg,49.0,Sparkling Disinfectant Wipes,cleaning supplies,segA,8.0,21.0,35.7,285.6,168.0,117.6,8/12/2026,,,,,,,,
5145,8/11/2026,549.0,259.0,Gleaming Stewards of Harborburg,54.0,Dazzling Floor Cleaner,cleaning supplies,segA,3.0,45.0,80.55,241.65,135.0,106.65,8/12/2026,,,,,,,,
5146,8/11/2026,549.0,259.0,,62.0,Glosys Air Freshener,cleaning supplies,segA,11.0,20.0,32.2,354.2,220.0,37.8,8/12/2026,,,,,,,,
5147,8/11/2026,549.0,259.0,Gleaming Stewards of Harborburg,67.0,Sleek Citrus Cleaner,cleaning supplies,  segA ,15.0,39.0,63.57,953.55,585.0,368.55,8/12/2026,,,,,,,,
5148,8/11/2026,549.0,259.0,Gleaming Stewards of Harborburg,68.0,Dazzling Disinfectant Wipes,cleaning supplies,segA,154.0,54.0,77.76,11975.04,8316.0,3659.04,8/12/2026,,,,,,,,
5149,8/11/2026,549.0,259.0,Gleaming Stewards of Harborburg,117.0,Dazzling Graph Paper,copy paper,segC,6.0,51.0,81.09,486.54,306.0,180.54,8/12/2026,,,,,,,,
5150,8/11/2026,,259.0,Gleaming Stewards of Harborburg,69.0,Gleaming Degreaser,cleaning supplies,segA,9.0,27.0,47.52,427.68,243.0,184.68,8/12/2026,,,,,,,,
5151,8/11/2026,,259.0,Gleaming Stewards of Harborburg,86.0,Dazzling Instant Soups,breakroom supplies,segD,1.0,16.0,37.12,37.12,16.0,21.12,8/12/2026,,,,,,,,
5152,8/31/2026,129.0,260.0,Radiant Servicers of Mountfield,6.0,Pristine Bathroom Tissue,paper & tissue,segA,4.0,19.0,26.79,107.16,76.0,31.16,9/15/2026,,,,,,,,
5153,8/31/2026,129.0,260.0,,17.0,Glossy Lunch Napkins,paper & tissue,segA,1.0,31.0,46.5,46.5,31.0,15.5,9/15/2026,,,,,,,,
5154,8/31/2026,129.0,260.0,Radiant Servicers of Mountfield,21.0,Glossy Facial Tissues,paper & tissue,,7.0,47.0,54.52,381.64,329.0,52.64,9/15/2026,,,,,,,,
5155,8/31/2026,129.0,260.0,Radiant Servicers of Mountfield,75.0,Fresh Microwave Popcorn,breakroom supplies,esgC,1.0,18.0,38.34,38.34,18.0,20.34,9/15/2026,,,,,,,,
5156,8/31/2026,129.0,260.0,Radiant Servicers of Mountfield,87.0,Glossy Tea Selection,breakroom supplies,segC,1.0,32.344897959183676,21.89,21.89,11.0,10.89,9/15/2026,,,,,,,,
5157,8/31/2026,129.0,260.0,Radiant Servicers of Mountfield,106.0,Sleek Resume Paper,copy paper,segB,1.0,48.0,80.16,80.16,48.0,32.16,9/15/2026,,,,,,,,
5158,8/31/2026,129.0,260.0,Radiant Servicers of Mountfield,107.0,Radiant Glossy Photo Paper,copy paper,segB,1.0,58.0,83.52,83.52,58.0,25.52,9/15/2026,,,,,,,,
5159,8/27/2026,204.0,260.0,Radiant Servicers of Mountfield,2.0,Glossy Party Napkins,paper & tissue,segA,2.0,29.0,40.02,80.04,58.0,22.04,8/28/2026,,,,,,,,
5160,8/27/2026,204.0,260.0,Radiant Servicers of Mountfield,8.0,Bright Party Napkins,paper & tissue,segA,2.0,50.0,65.0,130.0,100.0,30.0,28/08/2026,,,,,,,,
5161,8/27/2026,204.0,260.0,Radiant Servicers of Mountfield,10.0,Pristine 2-Ply Toilet Paper,paper & tissue,segA,3.0,26.0,33.8,101.4,78.0,23.4,8/28/2026,,,,,,,,
5162,8/27/2026,204.0,260.0,Radiant Servicers of Mountfield,17.0,Glossy Lunch Napkins,paper & tissue,segA,1.0,31.0,46.5,46.5,31.0,15.5,8/28/2026,,,,,,,,
5163,8/27/2026,204.0,260.0,Radiant Servicers of Mountfield,21.0,Glossy Facial Tissues,paper & tissue,segA,6.0,47.0,54.52,327.12,282.0,45.12,8/28/2026,,,,,,,,
5164,8/27/2026,204.0,260.0,Radiant Servicers of Mountfield,72.0,Gleaming Glass Cleaner,cleaning supplies,segD,1.0,23.0,45.77,45.77,23.0,22.77,8/28/2026,,,,,,,,
5165,8/27/2026,204.0,260.0,Radiant Servicers of Mountfield,75.0,Fresh Microwave Popcorn,breakroom supplies,segC,1.0,18.0,38.34,38.34,18.0,20.34,8/28/2026,,,,,,,,
5166,8/27/2026,204.0,260.0,Radiant Servicers of Mountfield,102.0,Sleek Resume Paper,copy paper,segB,1.0,26.0,42.38,102.06,63.0,16.38,8/28/2026,,,,,,,,
5167,8/18/2026,397.0,260.0,Radiant Servicers of Mountfield,5.0,Polished Kitchen Towels,paper & tissue,segA,3.0,35.0,51.8,155.4,105.0,50.4,8/26/2026,,,,,,,,
5168,8/18/2026,397.0,260.0,Radiant Servicers of Mountfield,6.0,Pristine Bathroom Tissue,paper & tissue,segA,3.0,19.0,51.29707511896669,80.37,57.0,23.37,8/26/2026,,,,,,,,
5169,8/18/2026,397.0,260.0,Radiant Servicers of Mountfield,18.0,Pristine Lunch Napkins,,segA,3.0,20.0,28.6,85.8,60.0,25.8,8/26/2026,,,,,,,,
5170,8/18/2026,397.0,260.0,Radiant Servicers of Mountfield,21.0,  Glossy Facial Tissues ,paper & tissue,segA,9.0,47.0,54.52,490.68,423.0,67.68,8/26/2026,,,,,,,,
5171,8/18/2026,397.0,260.0,Radiant Servicers of Mountfield,61.0,Pristine Degreaser,cleaning supplies,segD,1.0,50.0,98.5,98.5,50.0,48.5,26/08/2026,,,,,,,,
5172,8/18/2026,397.0,260.0,Radiant Servicers of Mountfield,75.0,Fresh Microwave Popcorn,breakroom supplies,segC,1.0,18.0,38.34,38.34,18.0,20.34,8/26/2026,,,,,,,,
5173,8/18/2026,397.0,260.0,Radiant Servicers of Mountfield,87.0,Glossy Tea Selection,breakroom supplies,segC,1.0,11.0,21.89,102.06,11.0,10.89,8/26/2026,,,,,,,,
5174,8/18/2026,397.0,260.0,Radiant Servicers of Mountfield,94.0,Pristine Instant Soups,breakroom supplies,segC,1.0,7.0,14.07,14.07,7.0,7.07,8/26/2026,,,,,,,,
5175,8/18/2026,398.0,261.0,Bright Janitors of Cedarton,41.0,Dazzling File Folders,office products,segC,4.0,46.0,76.82,307.28,184.0,123.28,8/19/2026,,,,,,,,
5176,8/18/2026,398.0,261.0,Bright Janitors of Cedarton,46.0,Spotless Desk Organizers,office products,segC,6.0,33.0,54.12,324.72,198.0,126.72,8/19/2026,,,,,,,,
5177,8/18/2026,398.0,261.0,Bright Janitors of Cedarton,60.0,Polished Degreaser,cleaning supplies,segC,1.0,26.0,51.48,51.48,26.0,25.48,8/19/2026,,,,,,,,
5178,8/18/2026,398.0,261.0,Bright Janitors of Cedarton,69.0,Gleaming Degreaser,,segC,2.0,32.344897959183676,49.14,98.28,54.0,44.28,8/19/2026,,,,,,,,
5179,8/11/2026,550.0,261.0,Bright Janitors of Cedarton,60.0,Polished Degreaser,cleaning supplies,segC,1.0,26.0,51.48,51.48,26.0,25.48,8/12/2026,,,,,,,,
5180,8/11/2026,550.0,261.0,Bright Janitors of Cedarton,101.0,Radiant Colored Paper,copy paper,segC,3.0,60.0,84.0,252.0,180.0,72.0,8/12/2026,,,,,,,,
5181,8/18/2026,399.0,262.0,Immaculate Cleaners of Valleyridge,8.0,Bright Party Napkins,paper & tissue,segA,10.0,50.0,65.0,650.0,500.0,150.0,8/26/2026,,,,,,,,
5182,8/18/2026,399.0,262.0,Immaculate Cleaners of Valleyridge,32.0,Bright Desk Organizers,office products,segB,2.0,44.0,65.12,130.24,88.0,42.24,8/26/2026,,,,,,,,
5183,8/18/2026,399.0,262.0,Immaculate Cleaners of Valleyridge,52.0,Spotless Air Freshener,  cleaning supplies ,segB,3.0,49.0,89.67,269.01,147.0,122.01,8/26/2026,,,,,,,,
5184,8/18/2026,399.0,262.0,Immaculate Cleaners of Valleyridge,64.0,Bright Glass Cleaner,cleaning supplies,segB,1.0,32.0,63.68,63.68,32.0,31.68,8/26/2026,,,,,,,,
5185,8/18/2026,399.0,262.0,Immaculate Cleaners of Valleyridge,114.0,Glossy Recycled Paper,copy paper,segC,3.0,32.0,47.36,142.08,96.0,46.08,8/26/2026,,,,,,,,
5186,9/1/2026,100.0,263.0,Polished Custodians of Graniteburg,22.0,Sparkling Pocket Tissues,paper & tissue,sgeB,1.0,32.344897959183676,57.4,57.4,63.0,16.4,9/2/2026,,,,,,,,
5187,9/1/2026,100.0,263.0,Polished Custodians of Graniteburg,52.0,Spotless Air Freshener,,segB,1.0,49.0,92.61,92.61,49.0,43.61,9/2/2026,,,,,,,,
5188,9/1/2026,100.0,263.0,Polished Custodians of Graniteburg,80.0,Spotless Instant Soups,breakroom supplies,segA,1.0,32.344897959183676,35.87,35.87,17.0,18.87,9/2/2026,,,,,,,,
5189,9/1/2026,100.0,263.0,Polished Custodians of Graniteburg,82.0,Pristine Granola Bars,breakroom supplies,segA,1.0,26.0,51.29707511896669,47.06,26.0,21.06,9/2/2026,,,,,,,,
5190,9/1/2026,100.0,263.0,Polished Custodians of Graniteburg,84.0,Sparkling Creamers,breakroom supplies,segA,1.0,18.0,32.4,32.4,18.0,14.4,9/2/2026,,,,,,,,
5191,9/1/2026,100.0,263.0,Polished Custodians of Graniteburg,86.0,Dazzling Instant Soups,breakroom supplies,segA,1.0,16.0,28.16,28.16,16.0,12.16,9/2/2026,,,,,,,,
5192,9/1/2026,100.0,263.0,Polished Custodians of Graniteburg,90.0,Dazzling Instant Soups,breakroom supplies,segA,1.0,24.0,51.12,51.12,24.0,27.12,9/2/2026,,,,,,,,
5193,9/1/2026,100.0,263.0,Polished Custodians of Graniteburg,91.0,Glossy Microwave Popcorn,breakroom supplies,segA,1.0,29.0,59.45,59.45,29.0,30.45,9/2/2026,,,,,,,,
5194,9/1/2026,100.0,263.0,Polished Custodians of Graniteburg,99.0,Glossy Letter Size Paper,copy paper,segA,4.0,32.344897959183676,75.81,303.24,228.0,75.24,9/2/2026,,,,,,,,
5195,9/1/2026,100.0,263.0,Polished Custodians of Graniteburg,102.0,Sleek Resume Paper,copy ppaer,segA,1.0,26.0,36.92,36.92,26.0,10.92,9/2/2026,,,,,,,,
5196,9/1/2026,100.0,263.0,Polished Custodians of Graniteburg,113.0,Polished Recycled Paper,copy paper,segA,3.0,36.0,52.92,158.76,108.0,50.76,9/2/2026,,,,,,,,
5197,9/1/2026,100.0,263.0,Polished Custodians of Graniteburg,117.0,Dazzling Graph Paper,copy paper,segA,3.0,51.0,69.87,102.06,153.0,56.61,9/2/2026,,,,,,,,
5198,9/1/2026,100.0,263.0,Polished Custodians of Graniteburg,118.0,Sparkling Cardstock,copy paper,segA,4.0,37.0,48.1,192.4,148.0,44.4,9/2/2026,,,,,,,,
5199,8/11/2026,551.0,263.0,Polished Custodians of Graniteburg,16.0,Dazzling Bathroom Tissue,paper & tissue,segB,1.0,42.0,60.48,60.48,63.0,18.48,8/12/2026,,,,,,,,
5200,8/11/2026,551.0,263.0,Polished Custodians of Graniteburg,52.0,Spotless Air Freshener,cleaning supplies,segB,1.0,49.0,92.61,92.61,49.0,43.61,8/12/2026,,,,,,,,
5201,11/8/2026,551.0,263.0,Polished Custodian sof Graniteburg,64.0,Bright Glass Cleaner,cleaning supplies,esgB,1.0,32.0,55.36,55.36,32.0,23.36,8/12/2026,,,,,,,,
5202,8/11/2026,551.0,263.0,Polished Custodians of Graniteburg,81.0,Polished Stirrers,breakrooms upplies,segA,8.0,22.0,33.0,264.0,176.0,88.0,8/12/2026,,,,,,,,
5203,8/11/2026,551.0,263.0,Polished Custodians of Graniteburg,83.0,Spotless Energy Drinks,,segA,1.0,26.0,52.78,52.78,26.0,26.78,8/12/2026,,,,,,,,
5204,8/11/2026,551.0,263.0,Polished Custodians of Graniteburg,85.0,Sparkling Microwave Popcorn,breakroom supplies,segA,2.0,12.0,18.0,216.0,144.0,72.0,8/12/2026,,,,,,,,
5205,8/11/2026,551.0,263.0,Polished Custodians of Graniteburg,89.0,Sparkling Disposable Cups,breakroom supplies,segA,2.0,21.0,40.95,81.9,42.0,39.9,8/12/2026,,,,,,,,
5206,8/11/2026,551.0,263.0,Polished Custodians of Graniteburg,102.0,Sleek Resume Paper,copy paper,segA,2.0,26.0,36.92,73.84,52.0,21.84,8/12/2026,,,,,,,,
5207,8/11/2026,551.0,263.0,Polished Custodians of Graniteburg,114.0,Glossy Recycled Paper,copy paper,segA,2.0,32.344897959183676,75.6,151.2,108.0,43.2,8/12/2026,,,,,,,,
5208,8/11/2026,551.0,263.0,Polished Custodians of Graniteburg,113.0,Polished Recycled Paper,copy paper,segA,5.0,36.0,52.92,264.6,180.0,84.6,8/12/2026,,,,,,,,
5209,8/11/2026,551.0,263.0,Polished Custodians of Graniteburg,118.0,Sparkling Cardstock,copy paper,segA,3.0,37.0,48.1,144.3,111.0,33.3,8/12/2026,,,,,,,,
5210,26/08/2026,233.0,264.0,Dazzling Stewards of Graniteburg,5.0,Polished Kitchen Towels,paper & tissue,segA,2.0,35.0,52.15,104.3,70.0,34.3,8/27/2026,,,,,,,,
5211,26/08/2026,233.0,264.0,Dazzling Stewards of Graniteburg,8.0,Bright Party Napkins,paper & tissue,segA,6.0,50.0,68.0,408.0,300.0,108.0,8/27/2026,,,,,,,,
5212,8/26/2026,233.0,264.0,Dazzling Stewards of Graniteburg,19.0,Fresh Party Napkins,paper & tissue,segA,2.0,45.0,64.8,129.6,90.0,39.6,8/27/2026,,,,,,,,
5213,8/26/2026,233.0,264.0,Dazzling Stewards of Graniteburg,35.0,Dazzling Staplers,office products,segA,4.0,27.0,36.18,144.72,108.0,36.72,8/27/2026,,,,,,,,
5214,8/26/2026,233.0,264.0,Dazzling Stewards of Graniteburg,37.0,Bright Recycled Paper,office products,segA,5.0,32.344897959183676,37.92,189.6,120.0,69.6,8/27/2026,,,,,,,,
5215,26/08/2026,233.0,264.0,Dazzling Stewards of Graniteburg,38.0,Radiant Pens,office products,seAg,1.0,17.0,23.12,23.12,17.0,6.12,8/27/2026,,,,,,,,
5216,8/26/2026,233.0,264.0,Dazzling Stewards of Graniteburg,39.0,Immaculate Sticky Notse,office products,segA,3.0,34.0,52.36,157.08,102.0,55.08,8/27/2026,,,,,,,,
5217,8/17/2026,429.0,264.0,Dazzling Stewards of Graniteburg,2.0,Glossy Party Napkins,paper & tissue,segA,4.0,29.0,42.34,169.36,116.0,53.36,8/18/2026,,,,,,,,
5218,17/08/2026,429.0,264.0,,3.0,Sparkling Party Napkins,paper & tissue,segA,3.0,21.0,28.98,86.94,63.0,23.94,8/18/2026,,,,,,,,
5219,8/17/2026,429.0,264.0,Dazzling Stewards of Graniteburg,5.0,Polished Kitchen Towels,paper & tissue,segA,4.0,35.0,52.15,208.6,140.0,68.6,8/18/2026,,,,,,,,
5220,8/17/2026,429.0,264.0,Dazzling Stewards of Graniteburg,10.0,Pristine 2-Ply Toilet Ppaer,paper & tissue,segA,4.0,26.0,38.74,154.96,104.0,50.96,8/18/2026,,,,,,,,
5221,8/17/2026,429.0,264.0,Dazzling Stewards of Graniteburg,19.0,Fresh Party Napkins,paper & tissue,,2.0,45.0,64.8,129.6,90.0,39.6,8/18/2026,,,,,,,,
5222,8/17/2026,429.0,264.0,Dazzling Stewards of Graniteburg,35.0,Dazzling Staplers,office products,segA,3.0,27.0,36.18,108.54,81.0,27.54,8/18/2026,,,,,,,,
5223,8/17/2026,429.0,264.0,Dazzling Stewards of Graniteburg,36.0,Glossy Staplers,office products,segA,3.0,50.0,66.5,199.5,150.0,49.5,8/18/2026,,,,,,,,
5224,8/17/2026,429.0,264.0,Dazzling Stewards of Graniteburg,37.0,Bright Recycled Paper,  office products ,,3.0,24.0,37.92,113.76,72.0,41.76,8/18/2026,,,,,,,,
5225,8/17/2026,429.0,264.0,Dazzling Stewards of Graniteburg,39.0,Immaculate Sticky Notes,office products,segA,6.0,34.0,52.36,314.16,204.0,110.16,8/18/2026,,,,,,,,
5226,8/17/2026,429.0,264.0,,41.0,Dazzling File Folders,office products,segA,8.0,46.0,53.82,430.56,368.0,62.56,8/18/2026,,,,,,,,
5227,8/17/2026,429.0,264.0,Dazzling Stewards of Graniteburg,43.0,Fresh File Folders,office products,segA,2.0,50.0,74.5,149.0,100.0,49.0,,,,,,,,,
5228,8/17/2026,429.0,264.0,Dazzling Stewards of Graniteburg,70.0,Sleek Air Freshener,cleaning supplies,segB,57.0,33.0,52.8,3009.6,1881.0,1128.6,8/18/2026,,,,,,,,
5229,9/3/2026,52.0,265.0,Gleaming Wholesalers of Mountcrest,58.0,  Spotless Floor Cleaner ,cleaning supplies,segB,1.0,31.0,58.9,58.9,31.0,27.9,9/4/2026,,,,,,,,
5230,9/3/2026,52.0,265.0,Gleaming Wholeslaers of Mountcrest,59.0,Spotless All-Purpose Cleaner,cleaning supplies,segB,1.0,47.0,79.9,79.9,47.0,32.9,9/4/2026,,,,,,,,
5231,9/3/2026,52.0,265.0,Gleaming Wholesalers of Mountcrest,64.0,Bright Glass Cleaner,cleaning supplies,segB,1.0,32.0,56.32,56.32,32.0,24.32,9/4/2026,,,,,,,,
5232,9/3/2026,52.0,265.0,Gleaming Wholesalers of Mountcrest,78.0,Glossy Creamers,breakroom supplies,segB,1.0,27.0,59.4,59.4,27.0,32.4,9/4/2026,,,,,,,,
5233,9/3/2026,52.0,265.0,Gleaming Wholesalers of Mountcrest,79.0,Immaculate Microwave Popcorn,breakroom supplies,,1.0,25.0,48.75,48.75,25.0,23.75,9/4/2026,,,,,,,,
5234,9/3/2026,52.0,265.0,Gleaming Wholesalers of Mountcrest,115.0,Polished Glossy Photo Paper,copy paper,segD,1.0,59.0,101.48,101.48,59.0,42.48,9/4/2026,,,,,,,,
5235,8/26/2026,234.0,266.0,Sparkling Facilities of Valleyburg,14.0,Spotless Pocket Tissues,paper & tissue,segC,1.0,20.0,30.2,30.2,63.0,10.2,8/27/2026,,,,,,,,
5236,8/26/2026,234.0,266.0,Sparkling Facilities of Valleyburg,25.0,Dazzling Binder Clips,office products,segA,2.0,45.0,63.45,126.9,90.0,36.9,8/27/2026,,,,,,,,
5237,8/26/2026,234.0,266.0,  Sparkling Facilities of Valleyburg ,26.0,Radiant Sticky Notes,office products,segA,1.0,34.0,47.94,47.94,34.0,13.94,8/27/2026,,,,,,,,
5238,8/26/2026,234.0,266.0,Sparkling Facilities of Valleyburg,28.0,Immaculate Binder Clips,office products,segA,2.0,29.0,42.05,84.1,58.0,26.1,8/27/2026,,,,,,,,
5239,8/26/2026,234.0,266.0,Sparkling Facilities of Valleyburg,30.0,Immaculate Markers,office prodcuts,segA,2.0,28.0,39.2,78.4,56.0,22.4,8/27/2026,,,,,,,,
5240,8/26/2026,234.0,266.0,Sparkling Facilities of Valleyburg,31.0,Polished Highlighters,office products,segA,5.0,17.0,24.65,123.25,85.0,38.25,8/27/2026,,,,,,,,
5241,8/26/2026,234.0,266.0,Sparkling Facilities of Valleyburg,34.0,Radiant Staplers,office products,segA,2.0,24.0,31.92,102.06,48.0,15.84,8/27/2026,,,,,,,,
5242,8/26/2026,234.0,266.0,Sparkling Facilities of Valleyburg,36.0,Glossy Staplers,office products,segA,3.0,50.0,80.0,240.0,150.0,90.0,8/27/2026,,,,,,,,
5243,8/26/2026,234.0,266.0,Sparkling Facilities of Valleyburg,37.0,Bright Recycled Paper,office products,segA,2.0,24.0,35.52,71.04,48.0,23.04,8/27/2026,,,,,,,,
5244,8/26/2026,234.0,266.0,Sparkling Facilities fo Valleyburg,39.0,Immaculate Sticky Notes,office products,segA,3.0,34.0,44.2,132.6,102.0,30.6,8/27/2026,,,,,,,,
5245,8/26/2026,234.0,266.0,Sparkling Facilities of Valleyburg,42.0,Polished Markers,office products,segA,5.0,28.0,40.6,203.0,140.0,63.0,8/27/2026,,,,,,,,
5246,8/26/2026,234.0,266.0,Sparkling Facilities of Valleyburg,46.0,  Spotless Desk Organizers ,office products,,2.0,33.0,51.81,103.62,66.0,37.62,8/27/2026,,,,,,,,
5247,8/26/2026,234.0,266.0,Sparkling Facilities of Valleyburg,61.0,Pristine Degreaser,cleaning supplies,segC,1.0,50.0,88.0,88.0,50.0,38.0,8/27/2026,,,,,,,,
5248,8/26/2026,234.0,266.0,Sparkling Facilities of Valleyburg,85.0,Sparkling Microwave Popcorn,rbeakroom supplies,segD,1.0,12.0,27.96,27.96,12.0,15.96,8/27/2026,,,,,,,,
5249,8/18/2026,400.0,266.0,Sparkling Facilities of Valleyburg,14.0,Spotless Pocket Tissues,paper & tissue,segC,1.0,20.0,30.2,30.2,20.0,10.2,8/19/2026,,,,,,,,
5250,8/18/2026,400.0,266.0,Sparkling Facilities of Valleyburg,17.0,Glossy Lunch Napkins,paper & tissue,segC,1.0,31.0,48.05,48.05,31.0,17.05,,,,,,,,,
5251,8/18/2026,400.0,266.0,Sparkling Facilities of Valleyburg,23.0,Dazzling Roll Paper Towels,paper & tissue,segC,1.0,40.0,57.2,57.2,40.0,17.2,8/19/2026,,,,,,,,
5252,8/18/2026,400.0,266.0,Sparkling Facilities of Valleyburg,25.0,Dazzling Binder Clips,office products,segA,2.0,45.0,63.45,126.9,90.0,36.9,8/19/2026,,,,,,,,
5253,8/18/2026,400.0,266.0,Sparkling Facilities of Valleyburg,26.0,Radiant Sticky Notes,office products,segA,1.0,34.0,47.94,47.94,34.0,13.94,8/19/2026,,,,,,,,
5254,8/18/2026,400.0,266.0,Sparkling Facilities of Valleyburg,28.0,Immaculate Binder Clips,office products,segA,2.0,29.0,42.05,84.1,58.0,26.1,,,,,,,,,
5255,8/18/2026,400.0,266.0,Sparkling Facilities of Valleyburg,30.0,Immaculate Markers,office products,segA,4.0,28.0,39.2,156.8,112.0,44.8,8/19/2026,,,,,,,,
5256,18/08/2026,400.0,266.0,Sparkling Facilities of Valleyburg,32.0,Bright Desk Organizers,office products,segA,3.0,44.0,57.64,172.92,63.0,40.92,8/19/2026,,,,,,,,
5257,8/18/2026,400.0,266.0,Sparkling Facilities of Valleyburg,41.0,Dazzling File Folders,office products,segA,1.0,46.0,63.02,63.02,46.0,17.02,8/19/2026,,,,,,,,
5258,8/18/2026,400.0,266.0,Sparkling Facilities of Valleyburg,113.0,Polished Recycled Paper,copy paper,segD,1.0,36.0,57.6,57.6,36.0,21.6,8/19/2026,,,,,,,,
5259,8/12/2026,527.0,266.0,Sparkling Facilities of Valleyburg,25.0,Dazzling Binder Clips,office products,segA,2.0,45.0,63.45,126.9,90.0,36.9,13/08/2026,,,,,,,,
5260,8/12/2026,527.0,266.0,,26.0,Radiant Sticky Notes,office products,seAg,1.0,34.0,47.94,47.94,34.0,13.94,8/13/2026,,,,,,,,
5261,8/12/2026,527.0,266.0,Sparkling Facilities of Valleyburg,28.0,Immaculate Binder Clips,office products,segA,2.0,29.0,42.05,84.1,58.0,26.1,8/13/2026,,,,,,,,
5262,8/12/2026,527.0,266.0,Sparkling Facilities of Valleyburg,32.0,Bright Desk Organizers,office products,segA,4.0,44.0,57.64,230.56,176.0,54.56,8/13/2026,,,,,,,,
5263,8/12/2026,527.0,266.0,Sparkling Facilities of Valleyburg,55.0,Spotless Floor Cleaner,cleaning supplies,  segC ,1.0,29.0,55.1,102.06,29.0,26.1,8/13/2026,,,,,,,,
5264,8/12/2026,527.0,266.0,Sparkling Facilities of Valleyburg,106.0,Sleek Resume Paper,copy paper,segD,1.0,48.0,78.72,78.72,48.0,30.72,8/13/2026,,,,,,,,
5265,8/10/2026,576.0,267.0,Glossy Suppliers of Cedarport,10.0,Pristine 2-Ply Toilet Paper,paper & tissue,segA,4.0,26.0,38.22,152.88,104.0,48.88,8/11/2026,,,,,,,,
5266,8/10/2026,576.0,267.0,Glossy Suppliers of Cedarport,12.0,Immaculate Roll Paper Towels,paper & tissue,segA,2.0,44.0,58.96,117.92,88.0,29.92,8/11/2026,,,,,,,,
5267,8/10/2026,576.0,267.0,Glossy Suppliers of Cedarport,19.0,Fresh Party Napkins,paper & tissue,segA,4.0,45.0,58.5,234.0,180.0,54.0,8/11/2026,,,,,,,,
5268,8/10/2026,576.0,267.0,Glossy Suppliers of Cedarport,21.0,Glossy Facial Tissues,pape r& tissue,segA,3.0,47.0,70.5,211.5,141.0,70.5,8/11/2026,,,,,,,,
5269,8/10/2026,576.0,267.0,Glossy Suppliers of Cedarport,22.0,Sparkling Pocket Tissues,paper & tissue,segA,5.0,41.0,59.04,295.2,205.0,90.2,8/11/2026,,,,,,,,
5270,8/10/2026,576.0,267.0,Glossy Suppliers of Cedarport,35.0,Dazzling Staplers,office products,segA,1.0,27.0,37.53,37.53,63.0,10.53,8/11/2026,,,,,,,,
5271,8/10/2026,576.0,267.0,Glossy Suppliers of Cedarport,36.0,Glossy Staplers,office products,segA,2.0,50.0,79.0,158.0,100.0,58.0,8/11/2026,,,,,,,,
5272,8/10/2026,576.0,267.0,Glossy Suppliers of Cedarport,37.0,  Bright Recycled Paper ,office products,,4.0,24.0,32.64,130.56,96.0,34.56,8/11/2026,,,,,,,,
5273,8/10/2026,576.0,267.0,Glossy Suppliers of Cedarport,43.0,Fresh File Folders,office products,segA,2.0,50.0,70.0,140.0,100.0,40.0,8/11/2026,,,,,,,,
5274,10/8/2026,576.0,267.0,Glossy Suppliers of Cedarport,46.0,Spotless Desk Organizers,office products,,3.0,33.0,43.56,130.68,99.0,31.68,8/11/2026,,,,,,,,
5275,8/10/2026,576.0,267.0,Glossy Suppliers of Cedarport,55.0,Spotless Floor Cleaner,cleaning supplies,segC,1.0,29.0,55.39,55.39,29.0,26.39,8/11/2026,,,,,,,,
5276,8/10/2026,576.0,267.0,Glossy Suppliers of Cedarport,72.0,Gleaming Glass Cleaner,cleaning supplies,segC,1.0,23.0,43.01,43.01,23.0,20.01,8/11/2026,,,,,,,,
5277,8/10/2026,576.0,267.0,Glossy Suppliers of Cedarport,73.0,Spotless Creamers,breakroom supplies,segA,2.0,18.0,33.48,66.96,36.0,30.96,8/11/2026,,,,,,,,
5278,8/10/2026,576.0,267.0,Glossy Suppliers of Cedarport,78.0,Glossy Creamers,breakroom supplies,segA,1.0,27.0,55.35,55.35,27.0,28.35,8/11/2026,,,,,,,,
5279,8/10/2026,576.0,267.0,Glossy Suppliers of Cedarport,80.0,Spotless Instant Soups,,sgeA,2.0,17.0,36.04,72.08,34.0,38.08,8/11/2026,,,,,,,,
5280,8/10/2026,576.0,267.0,Glossy Suppliers of Cedarport,81.0,Polished Stirrers,breakroom supplies,segA,1.0,22.0,42.02,42.02,22.0,20.02,8/11/2026,,,,,,,,
5281,8/10/2026,576.0,267.0,Glossy Suppliers of Cedarport,101.0,Radiant Colored Paper,copy paper,segD,1.0,60.0,102.6,102.6,60.0,37.8,8/11/2026,,,,,,,,
5282,9/4/2026,22.0,268.0,Sleek Stewards of Mapleburg,1.0,Sleek Party Napkins,paper & tissue,segA,3.0,29.0,38.57,115.71,87.0,37.8,9/7/2026,,,,,,,,
5283,9/4/2026,22.0,268.0,Sleek Stewards of Mapleburg,6.0,Pristine Bathroom Tissue,paper & tissue,segA,24.0,19.0,22.8,547.2,456.0,91.2,9/7/2026,,,,,,,,
5284,9/4/2026,22.0,268.0,Sleek Stewards of Mapleburg,12.0,Immaculate Roll Paper Towels,paper & tissue,segA,5.0,44.0,58.08,290.4,220.0,70.4,9/7/2026,,,,,,,,
5285,9/4/2026,22.0,268.0,Sleek Stewards of Mapleburg,18.0,Pristine Lunch Napkins,paper & tissue,segA,49.0,20.0,23.8,1166.2,980.0,186.2,9/7/2026,,,,,,,,
5286,9/4/2026,22.0,268.0,Sleek Stewards of Mapleburg,22.0,Sparkling Pocket Tissues,paper & tissue,segA,2.0,41.0,58.63,117.26,82.0,35.26,7/9/2026,,,,,,,,
5287,9/4/2026,22.0,268.0,Sleek Stewards of Mapleburg,49.0,Sparkling Disinfectant Wipes,cleaning supplies,segA,1.0,21.0,34.02,34.02,21.0,13.02,9/7/2026,,,,,,,,
5288,9/4/2026,22.0,268.0,Sleek Stewards of Mapleburg,53.0,Golssy Glass Cleaner,cleaning supplies,segA,2.0,36.0,64.8,129.6,72.0,37.8,9/7/2026,,,,,,,,
5289,9/4/2026,22.0,268.0,Sleek Stewards of Mapleburg,54.0,Dazzling Floor Cleaner,cleaning supplies,segA,1.0,45.0,78.3,102.06,45.0,33.3,9/7/2026,,,,,,,,
5290,4/9/2026,22.0,268.0,Sleek Stewards of Mapleburg,59.0,Spotless All-Purpose Cleaner,cleaning supplies,,1.0,47.0,75.2,75.2,47.0,28.2,9/7/2026,,,,,,,,
5291,4/9/2026,22.0,268.0,Sleek Stewards of Mapleburg,61.0,Pristine Degreaser,cleaning supplies,segA,1.0,50.0,94.0,94.0,50.0,44.0,9/7/2026,,,,,,,,
5292,9/4/2026,22.0,268.0,Sleek Stewards of Mapleburg,72.0,Gleaming Glass Cleaner,cleaning supplies,segA,1.0,23.0,38.18,38.18,23.0,15.18,9/7/2026,,,,,,,,
5293,9/4/2026,22.0,268.0,Sleek Stewards of Mapleburg,82.0,Pristine Granola Bars,breakroom supplies,segB,2.0,26.0,57.2,57.2,26.0,31.2,9/7/2026,,,,,,,,
5294,8/31/2026,130.0,268.0,Sleek Steawrds of Mapleburg,1.0,Sleek Party Napkins,paper & tissue,segA,5.0,29.0,38.57,192.85,145.0,47.85,9/1/2026,,,,,,,,
5295,8/31/2026,130.0,268.0,Sleek Stewards of Mapleburg,4.0,Bright Bathroom Tissue,paper & tissue,segA,1.0,32.344897959183676,36.66,36.66,26.0,10.66,9/1/2026,,,,,,,,
5296,8/31/2026,130.0,268.0,Sleek Stewards of Mapleburg,8.0,Bright Party Napkins,paper & tissue,segA,5.0,50.0,65.0,325.0,250.0,75.0,9/1/2026,,,,,,,,
5297,8/31/2026,130.0,268.0,Sleek Stewards of Mapleburg,13.0,Pristine Party Napkins,paper & tissue,segA,6.0,32.344897959183676,63.45,380.7,270.0,110.7,9/1/2026,,,,,,,,
5298,8/31/2026,130.0,268.0,Sleek Stewards of Mapleburg,15.0,Sparkling 2-Ply Toilet Paper,paper & tissue,segA,1.0,43.0,61.49,61.49,43.0,18.49,9/1/2026,,,,,,,,
5299,8/31/2026,130.0,268.0,Sleek Stewards of Mapleburg,22.0,Sparkling Pocket Tissues,paper & tissue,segA,3.0,41.0,58.63,175.89,123.0,52.89,9/1/2026,,,,,,,,
5300,8/31/2026,130.0,268.0,Sleek Stewards of Mapleburg,49.0,Sparkling Disinfectant Wipes,cleaning supplies,segA,3.0,21.0,34.02,102.06,63.0,39.06,9/1/2026,,,,,,,,
5301,8/31/2026,130.0,268.0,Sleek Stewards of Mapleburg,51.0,Bright Glass Cleaner,cleaning supplies,segA,1.0,26.0,46.28,46.28,26.0,20.28,9/1/2026,,,,,,,,
5302,8/31/2026,130.0,268.0,Sleek Stewards of Mapleburg,54.0,Dazzling Floor Cleaner,cleaning supplies,segA,1.0,45.0,78.3,78.3,63.0,33.3,9/1/2026,,,,,,,,
5303,8/31/2026,130.0,268.0,Sleek Stewards of Mapleburg,59.0,Spotless All-Purpose Cleaner,cleaning supplies,segA,1.0,47.0,75.2,102.06,47.0,28.2,9/1/2026,,,,,,,,
5304,8/31/2026,130.0,268.0,Sleek Stewards of Mapleburg,68.0,Dazzling Disinfectant Wipes,cleaning supplies,segA,1.0,54.0,100.44,100.44,54.0,46.44,9/1/2026,,,,,,,,
5305,8/31/2026,130.0,268.0,Sleek Stewards of Mapleburg,72.0,Gleaming Glass Cleaner,cleaning supplies,segA,1.0,23.0,38.18,38.18,23.0,15.18,9/1/2026,,,,,,,,
5306,8/31/2026,130.0,268.0,Sleek Stewards of Mapleburg,91.0,Glossy Microwave Popcorn,breakroom supplies,segB,1.0,29.0,58.87,58.87,63.0,29.87,9/1/2026,,,,,,,,
5307,8/31/2026,130.0,268.0,Sleek tSewards of Mapleburg,96.0,Dazzling Disposable Cups,breakroom supplies,segB,1.0,19.0,37.81,37.81,19.0,18.81,9/1/2026,,,,,,,,
5309,8/28/2026,168.0,268.0,Sleek Stewards of Mapleburg,4.0,Bright Bathroom Tissue,paper & tissue,segA,2.0,26.0,36.66,73.32,52.0,21.32,8/31/2026,,,,,,,,
5310,8/28/2026,168.0,268.0,Sleek Stewards of Mapleburg,6.0,Pristine Bathroom Tissue,paper & tissue,segA,30.0,19.0,22.8,684.0,570.0,114.0,8/31/2026,,,,,,,,
5311,8/28/2026,168.0,268.0,Sleek Stewards of Mapleburg,7.0,Gleaming Bathroom Tissue,paper & tissue,segA,5.0,16.0,23.2,116.0,80.0,36.0,8/31/2026,,,,,,,,
5312,8/28/2026,168.0,268.0,Sleek Stewards of Mapleburg,13.0,Pristine Party Napkins,paper & tissue,segA,5.0,45.0,63.45,317.25,225.0,92.25,8/31/2026,,,,,,,,
5313,8/28/2026,168.0,268.0,Sleek Stewards of Mapleburg,14.0,Spotless Pocket Tissues,paper & tissue,segA,2.0,20.0,29.6,59.2,40.0,19.2,,,,,,,,,
5314,8/28/2026,168.0,268.0,Sleek Stewards of Mapleburg,15.0,Sparkling 2-Ply Toilet Paper,paper & tissue,segA,3.0,43.0,61.49,184.47,129.0,55.47,8/31/2026,,,,,,,,
5315,8/28/2026,168.0,268.0,Sleek Stewards of Mapleburg,21.0,  Glossy Facial Tissues ,paper & tissue,segA,16.0,47.0,51.7,827.2,752.0,75.2,8/31/2026,,,,,,,,
5316,8/28/2026,168.0,268.0,Sleek Stewards of Mapleburg,54.0,Dazzling Floor Cleaner,cleaning supplies,segA,1.0,45.0,78.3,78.3,45.0,33.3,,,,,,,,,
5317,8/28/2026,168.0,268.0,Sleek Stewards of Mapleburg,59.0,Spotless All-Purpose Cleaner,cleaning supplies,segA,3.0,47.0,75.2,225.6,141.0,84.6,8/31/2026,,,,,,,,
5318,8/28/2026,168.0,268.0,Sleek Stewards of Mapleburg,68.0,Dazzling Disinfectant Wipes,cleaning supplies,segA,1.0,54.0,100.44,100.44,54.0,46.44,8/31/2026,,,,,,,,
5319,8/28/2026,168.0,268.0,Sleek Stewards of Mapleburg,72.0,Gleaming Glass Cleaner,cleaning supplies,segA,1.0,23.0,38.18,38.18,23.0,15.18,8/31/2026,,,,,,,,
5320,8/12/2026,528.0,268.0,Sleek Stewards of Mapleburg,2.0,Glossy Party Napkins,paper & tissue,segA,60.0,29.0,34.8,2088.0,1740.0,348.0,8/13/2026,,,,,,,,
5321,8/12/2026,528.0,268.0,,5.0,Polished Kitchen Towels,paper & tissue,segA,4.0,35.0,48.3,193.2,140.0,53.2,8/13/2026,,,,,,,,
5322,8/12/2026,528.0,268.0,,6.0,Pristine Bathroom Tissue,paper & tissue,segA,25.0,19.0,22.8,570.0,475.0,95.0,8/13/2026,,,,,,,,
5323,8/12/2026,528.0,268.0,Sleek Stewards of Mapleburg,12.0,Immaculate Roll Paper Towels,  paper & tissue ,segA,3.0,44.0,58.08,174.24,132.0,42.24,8/13/2026,,,,,,,,
5324,8/12/2026,528.0,268.0,Sleek Stewards of Mapleburg,54.0,Dazzling Floor Cleaner,cleaning supplies,segA,1.0,45.0,78.3,78.3,45.0,33.3,8/13/2026,,,,,,,,
5325,8/12/2026,528.0,268.0,Sleek Stewards of Mapleburg,56.0,Pristine Citrus Cleaner,cleaning supplies,segA,3.0,48.0,89.76,269.28,144.0,125.28,8/13/2026,,,,,,,,
5326,8/12/2026,528.0,268.0,,61.0,Pristine Degreaser,cleaning supplies,segA,1.0,50.0,94.0,94.0,50.0,44.0,8/13/2026,,,,,,,,
5327,8/12/2026,528.0,268.0,,67.0,Sleek Citrus Cleaner,cleaning supplies,segA,3.0,39.0,67.08,201.24,117.0,84.24,8/13/2026,,,,,,,,
5328,8/12/2026,528.0,268.0,Sleek Stewards of Mapleburg,84.0,Sparkling Creamers,breakroom supplies,segB,1.0,18.0,38.34,38.34,18.0,20.34,13/08/2026,,,,,,,,
5329,9/4/2026,,268.0,Sleek Stewards of Mapleburg,21.0,Glossy Facial Tissues,paper & tissue,segA,23.0,47.0,51.7,1189.1,1081.0,108.1,9/7/2026,,,,,,,,
5330,8/31/2026,,268.0,Sleek Stewards of Mapleburg,75.0,Fresh Microwave Popcorn,breakroom supplies,segB,12.0,18.0,28.8,345.6,216.0,129.6,9/1/2026,,,,,,,,
5331,8/31/2026,,268.0,Sleek Stewards of Mapleburg,115.0,Polished Glossy Photo Paper,copy paper,segD,1.0,32.344897959183676,92.63,92.63,59.0,33.63,9/1/2026,,,,,,,,
5332,8/12/2026,,268.0,Sleek Stewards of Mapleburg,75.0,Fresh Microwave Popcorn,breakroom supplies,segB,18.0,18.0,28.8,518.4,324.0,194.4,8/13/2026,,,,,,,,
5333,8/18/2026,401.0,269.0,Sleek Providers of Lakeville,5.0,Polishe dKitchen Towels,paper & tissue,segA,5.0,35.0,48.3,241.5,175.0,66.5,8/19/2026,,,,,,,,
5334,18/08/2026,401.0,269.0,Sleek Providers of Lakeville,13.0,Pristine Party Napkins,paper & tissue,segA,1.0,45.0,60.3,60.3,45.0,15.3,8/19/2026,,,,,,,,
5335,8/18/2026,401.0,269.0,Sleek Providers of Lakeville,21.0,Glossy Facial Tissues,paper & tissue,segA,2.0,47.0,70.5,141.0,94.0,47.0,8/19/2026,,,,,,,,
5336,8/18/2026,401.0,269.0,Sleek Providers of Lakeville,36.0,Glossy Staplers,office products,segC,30.0,32.344897959183676,64.5,1935.0,1500.0,435.0,8/19/2026,,,,,,,,
5337,8/18/2026,401.0,269.0,Sleek Providers of Lakeville,47.0,Immaculate Staplers,office products,,1.0,24.0,36.24,36.24,24.0,12.24,19/08/2026,,,,,,,,
5338,8/18/2026,401.0,269.0,Sleek Providers of Lakeville,63.0,Polished Glass Cleaner,cleaning supplies,  segB ,1.0,42.0,78.96,78.96,42.0,36.96,8/19/2026,,,,,,,,
5339,8/18/2026,401.0,269.0,Sleek Providers of Lakeville,78.0,Glossy Creamers,breakroom supplies,segA,1.0,27.0,48.87,48.87,27.0,21.87,8/19/2026,,,,,,,,
5340,8/18/2026,401.0,269.0,Sleek Providers of Lakeville,82.0,Pristine Granola Bars,breakroom supplies,sgeA,1.0,26.0,46.02,46.02,26.0,20.02,8/19/2026,,,,,,,,
5341,8/18/2026,401.0,269.0,Sleek Providers of Lakeville,93.0,Gleaming Microwave Popcorn,breakroom supplies,segA,1.0,20.0,39.6,39.6,20.0,19.6,8/19/2026,,,,,,,,
5342,8/18/2026,401.0,269.0,Sleek Providers of Lakeville,96.0,Dazzling Disposable Cups,breakroom supplies,segA,1.0,19.0,35.72,35.72,19.0,16.72,8/19/2026,,,,,,,,
5343,8/18/2026,401.0,269.0,Sleek Providers of Lakeville,103.0,Spotless Colored Paper,copy paper,  segB ,1.0,45.0,72.0,102.06,45.0,27.0,8/19/2026,,,,,,,,
5344,8/18/2026,401.0,269.0,Sleek Providers of Lakeville,106.0,Sleek Resume Paper,copy paper,segB,1.0,48.0,72.0,72.0,48.0,24.0,8/19/2026,,,,,,,,
5345,8/31/2026,131.0,270.0,  Dazzling Wholesalers of Valleyburg ,25.0,Dazzling Binder Clips,office products,  segC ,1.0,45.0,65.7,65.7,45.0,20.7,9/1/2026,,,,,,,,
5346,8/31/2026,131.0,270.0,Dazzling Wholesalers of Valleyburg,44.0,Gleaming Recycled Paper,office products,segC,1.0,34.0,55.76,102.06,34.0,21.76,9/1/2026,,,,,,,,
5347,31/08/2026,131.0,270.0,Dazzling Wholesalers of Valleyburg,57.0,Glossy All-Purpose Cleaner,cleaning supplies,segB,1.0,51.0,92.82,102.06,51.0,41.82,9/1/2026,,,,,,,,
5348,8/31/2026,131.0,270.0,Dazzling Wholesalers of Valleyburg,62.0,Glossy Air Freshener,,segB,1.0,20.0,38.8,38.8,20.0,18.8,9/1/2026,,,,,,,,
5349,8/31/2026,131.0,270.0,Dazzling Wholesalers of Valleyburg,79.0,Immaculate Microwave Popcorn,breakroom supplise,segB,1.0,25.0,47.0,47.0,25.0,22.0,9/1/2026,,,,,,,,
5350,8/31/2026,131.0,270.0,Dazzling Wholesalers of Valleyburg,83.0,Spotless Energy Drinks,breakroom supplies,segB,1.0,26.0,47.84,47.84,26.0,21.84,9/1/2026,,,,,,,,
5351,8/31/2026,131.0,270.0,Dazzling Wholesalers of Valleyburg,85.0,Sparkling Microwave Popcorn,breakroom supplies,  segB ,1.0,12.0,25.56,25.56,12.0,13.56,9/1/2026,,,,,,,,
5352,8/31/2026,131.0,270.0,Dazzling Wholesalers of Valleyburg,86.0,Dazzling Instant Soups,breakroom supplies,esgB,1.0,16.0,31.68,31.68,16.0,15.68,9/1/2026,,,,,,,,
5353,8/28/2026,169.0,270.0,Dazzling Wholesalers of Valleyburg,44.0,Gleaming Recycled Paper,office products,segC,1.0,34.0,55.76,55.76,34.0,21.76,9/14/2026,,,,,,,,
5354,8/28/2026,169.0,270.0,Dazzling Wholesalers of Valleyburg,64.0,Bright Glass Cleaner,cleaning supplies,segB,1.0,32.0,60.8,60.8,32.0,28.8,9/14/2026,,,,,,,,
5355,8/28/2026,169.0,270.0,Dazzling Wholesalers of Valleyburg,86.0,Dazzling Instant Soups,breakroom supplies,,1.0,16.0,31.68,31.68,16.0,15.68,9/14/2026,,,,,,,,
5356,8/28/2026,169.0,270.0,,87.0,Glossy Tea Selection,breakroom supplies,segB,1.0,11.0,22.44,22.44,11.0,37.8,9/14/2026,,,,,,,,
5357,8/28/2026,169.0,270.0,Dazzling Wohlesalers of Valleyburg,96.0,Dazzling Disposable Cups,breakroom supplies,segB,1.0,19.0,38.0,38.0,19.0,19.0,,,,,,,,,
5358,8/24/2026,296.0,270.0,Dazzling Wholesalers of Valleyburg,71.0,Spotless Glass Cleaner,cleaning supplies,segB,1.0,31.0,53.32,53.32,31.0,22.32,8/25/2026,,,,,,,,
5359,8/24/2026,296.0,270.0,Dazzling Wholesalers of Valleyburg,72.0,Gleaming Glass Cleaner,cleaning supplies,segB,1.0,23.0,46.0,46.0,23.0,23.0,8/25/2026,,,,,,,,
5360,8/24/2026,296.0,270.0,,76.0,Immaculate Granola Bars,breakroom supplies,segB,1.0,10.0,19.9,19.9,10.0,9.9,8/25/2026,,,,,,,,
5361,8/24/2026,296.0,270.0,Dazzling Wholesalers of Valleyburg,79.0,Immaculate Microwave Popcorn,breakroom supplies,segB,1.0,25.0,47.0,47.0,25.0,22.0,8/25/2026,,,,,,,,
5362,8/24/2026,296.0,270.0,  Dazzling Wholesalers of Valleyburg ,83.0,Spotless Energy Drinks,breakroom supplies,segB,1.0,26.0,47.84,47.84,26.0,21.84,8/25/2026,,,,,,,,
5363,8/24/2026,296.0,270.0,Dazzling Wholesalers of Valleyburg,87.0,Glossy Tea Selection,breakroom supplies,segB,1.0,11.0,22.44,22.44,11.0,11.44,8/25/2026,,,,,,,,
5364,8/13/2026,498.0,270.0,Dazzling Wholesalers of Valleyburg,62.0,Glossy Air Freshener,cleaning supplies,segB,1.0,20.0,38.8,38.8,20.0,18.8,8/14/2026,,,,,,,,
5365,8/13/2026,498.0,270.0,Dazzling Wholesalers of Valleyburg,63.0,Polished Glass Cleaner,cleaning supplies,segB,1.0,42.0,82.74,82.74,42.0,40.74,8/14/2026,,,,,,,,
5366,8/13/2026,498.0,270.0,Dazzling Wholesalers of Valleyburg,82.0,Pristine Granola Bars,breakroom supplies,segB,1.0,26.0,55.9,55.9,26.0,29.9,8/14/2026,,,,,,,,
5367,8/13/2026,498.0,270.0,Dazzling Wholesalers of Valleyburg,83.0,Spotless Energy Drinks,breakroom supplies,segB,1.0,26.0,47.84,47.84,26.0,21.84,8/14/2026,,,,,,,,
5368,8/28/2026,170.0,271.0,Glossy Servicers of Mapledale,47.0,Immaculate Staplers,  office products ,segC,1.0,24.0,34.08,34.08,24.0,10.08,8/31/2026,,,,,,,,
5369,8/28/2026,170.0,271.0,Glossy Servicers of Mapledale,51.0,Bright Glass Cleaner,cleaning supplies,segB,1.0,26.0,45.76,45.76,26.0,19.76,8/31/2026,,,,,,,,
5370,8/28/2026,170.0,271.0,Glossy Servicers of Mapledale,83.0,Spotless Energy Drinks,breakroom supplies,segC,1.0,26.0,57.46,57.46,26.0,37.8,8/31/2026,,,,,,,,
5371,8/28/2026,170.0,271.0,Glossy Servicers of Mapledale,94.0,Pristine Instant Soups,breakroom supplies,segC,1.0,7.0,14.63,14.63,7.0,7.63,8/31/2026,,,,,,,,
5372,8/28/2026,170.0,271.0,Glossy Servicers of Mapledale,103.0,Spotless Colored Paper,copy paper,segA,6.0,45.0,58.5,351.0,270.0,81.0,,,,,,,,,
5373,8/28/2026,170.0,271.0,  Glossy Servicers of Mapledale ,106.0,  Sleek Resume Paper ,copy paper,segA,1.0,48.0,70.08,70.08,48.0,22.08,8/31/2026,,,,,,,,
5374,8/28/2026,170.0,271.0,Glossy Servicers of Mapledale,108.0,Dazzling Cardstock,copy paper,,2.0,21.0,28.56,57.12,42.0,15.12,8/31/2026,,,,,,,,
5375,8/28/2026,170.0,271.0,Glossy Servicers of Mapledale,116.0,  Immaculate Legal Size Paper ,,segA,7.0,59.0,83.78,586.46,413.0,173.46,8/31/2026,,,,,,,,
5376,8/27/2026,205.0,271.0,Glossy Servicers of Mapledale,103.0,Spotless Colored Paper,copy paper,segA,3.0,45.0,58.5,175.5,135.0,40.5,8/28/2026,,,,,,,,
5377,8/27/2026,205.0,271.0,Glossy Servicers of Mapledale,106.0,Sleek Resume Paper,copy paper,segA,1.0,48.0,70.08,70.08,48.0,22.08,8/28/2026,,,,,,,,
5378,8/27/2026,205.0,271.0,  Glossy Servicers of Mapledale ,108.0,Dazzling Cardstock,copy paper,segA,3.0,21.0,28.56,85.68,63.0,22.68,,,,,,,,,
5379,8/27/2026,205.0,271.0,Glossy Servicers of Mapledale,116.0,Immaculate Legal Size Paper,copy paper,segA,7.0,59.0,83.78,586.46,413.0,173.46,8/28/2026,,,,,,,,
5380,8/27/2026,205.0,271.0,Glossy Servicers of Mapledale,120.0,Sparkling Letter Size Paper,copy paper,,2.0,45.0,58.5,117.0,90.0,27.0,8/28/2026,,,,,,,,
5381,8/26/2026,235.0,271.0,Glossy Servicers of Mapledale,65.0,Sparkling Citrus Cleaner,cleaning supplies,segB,1.0,20.0,36.8,36.8,20.0,16.8,8/27/2026,,,,,,,,
5382,8/26/2026,235.0,271.0,Glossy Servicers of Mapledale,72.0,Gleaming Glass Cleaner,cleaning supplies,segB,37.0,23.0,36.8,1361.6,851.0,510.6,8/27/2026,,,,,,,,
5383,26/08/2026,235.0,271.0,  Glossy Servicers of Mapledale ,103.0,Spotless Colored Paper,copy paper,segA,4.0,45.0,58.5,234.0,180.0,54.0,,,,,,,,,
5384,8/26/2026,235.0,271.0,Glossy Servicers of Mapledale,106.0,Sleek Resume Paper,  copy paper ,segA,3.0,48.0,70.08,210.24,144.0,66.24,8/27/2026,,,,,,,,
5385,8/26/2026,235.0,271.0,Glossy Servicers of Mapledale,107.0,Radiant Glossy Photo Paper,copy paper,segA,2.0,58.0,78.88,157.76,116.0,41.76,8/27/2026,,,,,,,,
5386,8/26/2026,235.0,271.0,Glossy Servicers of Mapledale,108.0,Dazzling Cardstock,copy paper,segA,1.0,21.0,28.56,28.56,21.0,7.56,8/27/2026,,,,,,,,
5387,8/26/2026,235.0,271.0,Glossy Servicers of Mapledale,116.0,Immaculate Legal Size Paper,copy paper,segA,5.0,59.0,83.78,418.9,295.0,123.9,8/27/2026,,,,,,,,
5388,8/26/2026,235.0,271.0,Glossy Servicers of Mapledale,120.0,Sparkling Letter Size Paper,copy paper,segA,1.0,45.0,58.5,58.5,45.0,13.5,8/27/2026,,,,,,,,
5389,8/21/2026,330.0,271.0,Glossy Servicers of Mapledale,46.0,Spotless Desk Organizers,office products,segC,1.0,33.0,50.16,50.16,33.0,17.16,,,,,,,,,
5390,8/21/2026,330.0,271.0,Glossy Servicers of Mapledale,72.0,Gleaming Glass Cleaner,cleaning supplies,segB,41.0,23.0,36.8,1508.8,943.0,565.8,8/31/2026,,,,,,,,
5391,8/21/2026,330.0,271.0,Glossy Servicers of Mapledale,94.0,Pristine Instant Soups,breakroom supplies,segC,1.0,7.0,14.63,14.63,7.0,7.63,8/31/2026,,,,,,,,
5392,8/21/2026,330.0,271.0,Glossy Servicers of Mapledale,99.0,Glossy Letter Size Paper,copy paper,segA,2.0,57.0,77.52,155.04,114.0,41.04,8/31/2026,,,,,,,,
5393,8/21/2026,330.0,271.0,Glossy Servicers of Mapledale,103.0,Spotless Colored Paper,copy paper,,4.0,45.0,51.29707511896669,234.0,180.0,54.0,8/31/2026,,,,,,,,
5394,8/21/2026,330.0,271.0,Glossy Servicers of Mapledale,106.0,Sleek Resume Paper,copy paper,segA,2.0,48.0,70.08,140.16,63.0,44.16,8/31/2026,,,,,,,,
5395,8/21/2026,330.0,271.0,Glossy Servicers of Mapledale,108.0,Dazzling Cardstock,copy paper,segA,2.0,21.0,28.56,57.12,42.0,15.12,8/31/2026,,,,,,,,
5396,8/21/2026,330.0,271.0,Glossy Servicers of Mapledale,120.0,Sparkling Letter Size Paper,copy paper,segA,1.0,45.0,58.5,58.5,45.0,13.5,8/31/2026,,,,,,,,
5398,8/21/2026,,271.0,Glossy Servicers of Mapledale,76.0,Immaculate Granola Bars,breakroom supplies,segC,1.0,10.0,22.4,22.4,10.0,12.4,8/31/2026,,,,,,,,
5399,9/4/2026,23.0,273.0,Immaculate Suppliers of Mapleburg,45.0,Immaculate Staplers,office products,segD,1.0,50.0,85.0,85.0,50.0,35.0,9/14/2026,,,,,,,,
5400,9/4/2026,23.0,273.0,Immaculate Suppliers of Mapleburg,56.0,Pristine Citrus Cleaner,cleaning supplies,,1.0,48.0,89.28,89.28,48.0,41.28,9/14/2026,,,,,,,,
5401,9/4/2026,23.0,273.0,Immaculate Suppliers of Mapleburg,73.0,Spotless Creamers,breakroom supplies,segA,5.0,18.0,36.36,181.8,90.0,91.8,9/14/2026,,,,,,,,
5402,9/4/2026,23.0,273.0,Immaculate Suppliers of Mapleburg,75.0,Fresh Microwave Popcorn,breakroom supplies,segA,5.0,18.0,33.3,166.5,90.0,76.5,9/14/2026,,,,,,,,
5403,9/4/2026,23.0,273.0,Immaculate Suppliers of Mapleburg,76.0,Immaculate Granola Bars,breakroom supplies,segA,31.0,10.0,15.0,465.0,310.0,155.0,9/14/2026,,,,,,,,
5404,9/4/2026,23.0,273.0,Immaculate Suppliers of Mapleburg,83.0,Spotless Energy Drinks,breakroom supplies,segA,5.0,26.0,53.04,265.2,130.0,135.2,9/14/2026,,,,,,,,
5405,9/4/2026,23.0,273.0,Immaculate Suppliers of Mapleburg,93.0,Gleaming Microwave Popcorn,breakroom supplies,segA,152.0,20.0,30.0,4560.0,3040.0,1520.0,9/14/2026,,,,,,,,
5406,9/4/2026,23.0,273.0,Immaculate Suppliers of Mapleburg,101.0,Radiant Colored Paper,copy paper,segA,14.0,60.0,51.29707511896669,1327.2,840.0,487.2,9/14/2026,,,,,,,,
5407,9/4/2026,23.0,273.0,Immaculate Suppliers of Mapleburg,104.0,Gleaming Glossy Photo Paper,copy paper,segA,16.0,52.0,69.16,1106.56,832.0,274.56,9/14/2026,,,,,,,,
5408,9/4/2026,23.0,273.0,Immaculate Suppliers of Mapleburg,110.0,Pristine Cardstock,copy paper,segA,14.0,42.0,61.32,858.48,588.0,270.48,9/14/2026,,,,,,,,
5409,9/4/2026,23.0,273.0,Immaculate Suppliers of Mapleburg,118.0,Sparkling Cardstock,copy paper,seAg,12.0,37.0,58.83,705.96,444.0,261.96,14/09/2026,,,,,,,,
5410,8/18/2026,402.0,273.0,Immaculate Suppliers of Mapleburg,74.0,Pristine Energy Drinks,  breakroom supplies ,segA,3.0,15.0,31.2,93.6,45.0,48.6,8/19/2026,,,,,,,,
5411,8/18/2026,402.0,273.0,Immaculate Suppliers of Mapleburg,77.0,Sleek Disposable Cups,breakroom supplies,segA,5.0,25.0,48.75,243.75,125.0,118.75,8/19/2026,,,,,,,,
5412,8/18/2026,402.0,273.0,Immaculate Suppliers of Mapleburg,80.0,Spotless Instant Soups,breakroom supplies,segA,7.0,17.0,35.02,245.14,119.0,126.14,8/19/2026,,,,,,,,
5413,8/18/2026,402.0,273.0,Immaculate Suppliers of Mapleburg,85.0,Sparkling Microwave Popcorn,breakroom supplies,segA,9.0,12.0,25.56,230.04,108.0,122.04,8/19/2026,,,,,,,,
5414,8/18/2026,402.0,273.0,Immaculate Suppliers of Mapleburg,93.0,Gleaming Microwave Popcorn,breakroom supplies,segA,197.0,20.0,30.0,5910.0,3940.0,1970.0,8/19/2026,,,,,,,,
5415,8/18/2026,402.0,273.0,Immaculate Suppliers of Mapleburg,95.0,Bright Disposable Cups,breakroom supplies,segA,2.0,13.0,23.79,71.37,39.0,32.37,8/19/2026,,,,,,,,
5416,8/18/2026,402.0,273.0,,98.0,Radiant Glossy Photo Paper,copy paper,segA,19.0,23.0,30.13,572.47,437.0,135.47,8/19/2026,,,,,,,,
5417,8/18/2026,402.0,273.0,Immaculate Suppliers of Mapleburg,104.0,Gleaming Glossy Photo Paper,copy paper,segA,13.0,52.0,69.16,899.08,676.0,223.08,,,,,,,,,
5418,8/18/2026,402.0,273.0,Immaculate Suppliers of Mapleburg,106.0,Sleek Resume Paper,copy paper,,15.0,48.0,67.68,1015.2,720.0,295.2,8/19/2026,,,,,,,,
5419,8/18/2026,402.0,273.0,Immaculate Suppliers of Mapleburg,110.0,Pristine Cardstock,copy paper,segA,16.0,42.0,61.32,981.12,672.0,309.12,8/19/2026,,,,,,,,
5420,8/18/2026,402.0,273.0,Immaculate Suppliers of Mapleburg,115.0,Polished Glossy Photo Paper,copy paper,segA,15.0,59.0,76.7,1150.5,885.0,265.5,8/19/2026,,,,,,,,
5421,8/11/2026,552.0,273.0,Immaculate Suppliers of Mapleburg,43.0,Fresh File Folders,office products,segD,4.0,50.0,79.5,318.0,200.0,118.0,8/12/2026,,,,,,,,
5422,8/11/2026,552.0,273.0,Immaculate Suppliers of Mapleburg,77.0,Sleek Disposable Cups,breakroom supplies,,6.0,25.0,48.75,292.5,150.0,142.5,8/12/2026,,,,,,,,
5423,8/11/2026,552.0,273.0,Immaculate Suppliers of Mapleburg,80.0,  Spotless Instant Soups ,breakroom supplies,sgeA,4.0,17.0,35.02,140.08,68.0,72.08,8/12/2026,,,,,,,,
5424,8/11/2026,552.0,273.0,Immaculate Suppliers of Mapleburg,81.0,Polished Stirrers,breakroom supplies,segA,9.0,22.0,46.42,417.78,198.0,219.78,8/12/2026,,,,,,,,
5425,8/11/2026,552.0,273.0,Immaculate Suppliers of Mapleburg,85.0,Sparkling Microwave Popcorn,breakroom supplies,segA,6.0,12.0,25.56,153.36,72.0,81.36,8/12/2026,,,,,,,,
5426,8/11/2026,552.0,273.0,Immaculate Suppliers of Mapleburg,95.0,Bright Disposable Cups,breakroom supplies,segA,1.0,13.0,23.79,23.79,13.0,10.79,12/8/2026,,,,,,,,
5427,8/11/2026,552.0,273.0,Immaculate Suppliers of Mapleburg,98.0,Radiant Glossy Photo Paper,copy paper,segA,20.0,23.0,30.13,602.6,460.0,142.6,8/12/2026,,,,,,,,
5428,8/11/2026,552.0,273.0,Immaculate Suppliers of Mapleburg,104.0,Gleaming Glossy Photo Paper,copy paper,segA,9.0,52.0,69.16,622.44,468.0,154.44,8/12/2026,,,,,,,,
5429,8/11/2026,552.0,273.0,Immaculate Suppliers of Mapleburg,107.0,Radiant Glossy Photo Paper,copy paper,segA,15.0,58.0,85.26,1278.9,870.0,408.9,8/12/2026,,,,,,,,
5430,8/11/2026,552.0,273.0,Immaculate Suppliers of Mapleburg,114.0,Glossy Recycled Paper,copy paper,segA,7.0,54.0,78.3,548.1,378.0,170.1,8/12/2026,,,,,,,,
5431,8/11/2026,552.0,273.0,Immaculate Suppliers of Mapleburg,115.0,Polished Glossy Photo Paper,copy paper,segA,12.0,59.0,76.7,920.4,708.0,212.4,8/12/2026,,,,,,,,
5432,8/11/2026,552.0,273.0,Immaculate Suppliers of Mapleburg,120.0,Sparkling Letter Size Paper,copy paper,segA,27.0,32.344897959183676,71.1,1919.7,1215.0,704.7,8/12/2026,,,,,,,,
5433,8/14/2026,460.0,274.0,Bright Janitors of Cedarport,1.0,Sleek Party Napkins,paper & tissue,  segA ,2.0,29.0,42.34,84.68,58.0,26.68,8/17/2026,,,,,,,,
5434,14/08/2026,460.0,274.0,Bright Janitors of Cedarport,5.0,Polished Kitchen Towels,paper & tissue,segA,4.0,35.0,46.9,187.6,140.0,47.6,8/17/2026,,,,,,,,
5435,8/14/2026,460.0,274.0,Bright Janitors of Cedarport,9.0,Fresh Kitchen Towels,paper & tissue,segA,2.0,33.0,47.19,94.38,66.0,28.38,8/17/2026,,,,,,,,
5436,8/14/2026,460.0,274.0,Bright Janitors of Cedarport,11.0,Fresh Lunch Napkins,paper & tissue,segA,3.0,21.0,31.08,93.24,63.0,30.24,8/17/2026,,,,,,,,
5437,8/14/2026,460.0,274.0,Bright Janitors of Cedarport,12.0,Immaculate Roll Paper Towels,paper & tissue,  segA ,1.0,44.0,58.96,58.96,44.0,14.96,8/17/2026,,,,,,,,
5438,8/14/2026,460.0,274.0,Bright Janitors of Cedarport,17.0,Glossy Lunch Napkins,paper & tissue,segA,6.0,31.0,46.19,277.14,186.0,91.14,8/17/2026,,,,,,,,
5439,8/14/2026,460.0,274.0,Bright Janitors of Cedarport,19.0,Fresh Party Napkins,paper & tissue,segA,2.0,45.0,59.4,118.8,63.0,28.8,8/17/2026,,,,,,,,
5440,8/14/2026,460.0,274.0,Bright Janitors of Cedarport,71.0,Spotless Glass Cleaner,cleaning supplies,segD,1.0,31.0,58.28,58.28,31.0,27.28,8/17/2026,,,,,,,,
5441,8/14/2026,460.0,274.0,Bright Janitors of Cedarport,74.0,Pristine Energy Drinks,breakroom supplies,segA,1.0,15.0,28.65,102.06,15.0,13.65,8/17/2026,,,,,,,,
5442,8/14/2026,460.0,274.0,Bright Janitors of Cedarport,75.0,Fresh Microwave Popcorn,breakroom supplies,segA,2.0,18.0,36.72,73.44,36.0,37.44,8/17/2026,,,,,,,,
5443,8/14/2026,460.0,274.0,Bright Janitors of Cedarport,88.0,Gleaming Coffee Beans,breakroom supplies,segA,1.0,18.0,35.82,35.82,18.0,17.82,8/17/2026,,,,,,,,
5444,9/4/2026,24.0,275.0,Spotless Facilities of Mountwood,8.0,Bright Party Napkins,paper & tissue,segB,2.0,50.0,80.0,160.0,100.0,60.0,9/7/2026,,,,,,,,
5445,9/4/2026,24.0,275.0,Spotless Facilities of Mountwood,58.0,  Spotless Floor Cleaner ,,segC,1.0,31.0,60.76,60.76,31.0,29.76,9/7/2026,,,,,,,,
5446,9/4/2026,24.0,275.0,Spotless Facliities of Mountwood,74.0,Pristine Energy Drinks,breakroom supplies,segA,1.0,15.0,31.8,31.8,15.0,16.8,9/7/2026,,,,,,,,
5447,9/4/2026,24.0,275.0,Spotless Facilities of Mountwood,78.0,Glossy Creamers,breakroom supplies,segA,2.0,32.344897959183676,51.84,103.68,54.0,49.68,9/7/2026,,,,,,,,
5448,9/4/2026,24.0,275.0,Spotless Facilities of Mountwood,86.0,Dazzling Instant Soups,breakroom supplies,segA,47.0,16.0,24.0,1128.0,752.0,376.0,9/7/2026,,,,,,,,
5449,9/4/2026,24.0,275.0,Spotless Facilities of Mountwood,93.0,Gleaming Microwave Popcorn,breakroom supplies,segA,2.0,20.0,34.0,34.0,20.0,14.0,7/9/2026,,,,,,,,
5450,8/10/2026,577.0,275.0,Spotless Facilities of Mountwood,5.0,Polished Kitchen Towels,paper & tissue,segB,1.0,35.0,49.7,49.7,35.0,14.7,,,,,,,,,
5451,8/10/2026,577.0,275.0,Spotless Facilities of Mountwood,11.0,Fresh Lunch Napkins,paper & tissue,segB,1.0,21.0,31.5,31.5,21.0,10.5,8/18/2026,,,,,,,,
5452,8/10/2026,577.0,275.0,Spotless Facilities of Mountwood,74.0,Pristine Energy Drinks,breakroom supplies,segA,1.0,15.0,31.8,31.8,15.0,16.8,8/18/2026,,,,,,,,
5453,8/10/2026,577.0,275.0,Spotless Facilities of Mountwood,78.0,Glossy Creamers,breakroom supplies,segA,2.0,27.0,51.84,102.06,54.0,49.68,8/18/2026,,,,,,,,
5454,8/10/2026,577.0,275.0,Spotless Facilities of Mountwood,83.0,Spotelss Energy Drinks,breakroom supplies,segA,2.0,26.0,50.18,100.36,52.0,48.36,8/18/2026,,,,,,,,
5455,8/10/2026,577.0,275.0,Spotless Facilities of Mountwood,84.0,Sparkling Creamers,breakroom supplies,segA,1.0,18.0,31.86,31.86,18.0,13.86,8/18/2026,,,,,,,,
5456,8/10/2026,577.0,275.0,Spotless Facilities of Mountwood,86.0,Dazzling Instant Soups,breakroom supplies,segA,36.0,16.0,24.0,864.0,576.0,288.0,8/18/2026,,,,,,,,
5457,8/10/2026,577.0,275.0,Spotless Facilities of Mountwood,93.0,Gleaming Microwave Popcorn,breakroom supplies,segA,1.0,20.0,34.0,34.0,20.0,14.0,8/18/2026,,,,,,,,
5458,8/10/2026,577.0,275.0,Spotless Facilities of Mountwood,99.0,Glossy Letter Size Paper,copy paper,segB,1.0,57.0,87.78,87.78,57.0,30.78,8/18/2026,,,,,,,,
5459,8/10/2026,577.0,275.0,Spotless Facilities of Mountwood,116.0,Immaculate Legal Size Paper,copy paper,segB,2.0,32.344897959183676,94.4,188.8,118.0,70.8,8/18/2026,,,,,,,,
5460,9/4/2026,,275.0,Spotless Facilities of Mountwood,120.0,Sparkling Letter Size Paper,copy paper,segB,1.0,45.0,71.55,71.55,45.0,26.55,9/7/2026,,,,,,,,
5461,9/3/2026,53.0,276.0,Dazzling Wholesalers of Gardenhaven,16.0,Dazzling Bathroom Tissue,paper & tissue,segC,1.0,42.0,65.52,65.52,42.0,23.52,9/11/2026,,,,,,,,
5462,9/3/2026,53.0,276.0,Dazzling Wholesalers of Gardenhaven,20.0,Gleaming Roll Paper Towels,paper & tissue,segC,1.0,28.0,39.48,39.48,28.0,11.48,9/11/2026,,,,,,,,
5463,9/3/2026,53.0,276.0,Dazzling Wholesalers of Gardenhaven,53.0,Glossy Glass Cleaner,cleaning supplies,segA,2.0,36.0,58.32,116.64,72.0,44.64,9/11/2026,,,,,,,,
5464,9/3/2026,53.0,276.0,Dazzling Wholesalers of Gardenhaven,57.0,Glossy All-Purpose Cleaner,cleaning supplies,segA,1.0,51.0,82.62,82.62,51.0,31.62,,,,,,,,,
5465,9/3/2026,53.0,276.0,Dazzling Wholesalers of Gardenhaven,61.0,Pristine Degreaser,cleaning supplies,segA,3.0,50.0,83.0,249.0,150.0,99.0,11/9/2026,,,,,,,,
5466,9/3/2026,53.0,276.0,Dazzling Wholesalers of Gardenhaven,69.0,Gleaming Degreaser,cleaning supplies,segA,1.0,27.0,45.36,45.36,27.0,18.36,9/11/2026,,,,,,,,
5467,9/3/2026,53.0,276.0,Dazzling Wholesalers of Gardenhaven,72.0,Gleaming Glass Cleaner,cleaning supplies,segA,2.0,23.0,42.09,84.18,46.0,38.18,9/11/2026,,,,,,,,
5468,9/3/2026,53.0,276.0,,74.0,Pristine Energy Drinks,breakroom supplies,segB,1.0,15.0,32.55,32.55,15.0,17.55,9/11/2026,,,,,,,,
5469,9/3/2026,53.0,276.0,Dazzling Wholesalers of Gardenhaven,79.0,Immaculate Microwave Popcorn,breakroom supplies,segB,25.0,25.0,40.0,1000.0,625.0,375.0,9/11/2026,,,,,,,,
5470,9/3/2026,53.0,276.0,Dazzling Wholesalers of Gardenhaven,86.0,Dazzling Instant Soups,breakroom supplies,segB,45.0,16.0,25.6,1152.0,720.0,432.0,9/11/2026,,,,,,,,
5471,9/3/2026,53.0,276.0,Dazzling Wholesalers of Gardenhaven,94.0,Pristine Instant Soups,breakroom supplies,segB,1.0,7.0,14.28,14.28,7.0,7.28,,,,,,,,,
5472,8/20/2026,360.0,276.0,Dazzling Wholesalers of Gardenhaven,25.0,Dazzling Binder Clips,office products,segC,1.0,45.0,73.35,73.35,45.0,28.35,9/4/2026,,,,,,,,
5473,8/20/2026,360.0,276.0,Dazzling Wholesalers of Gardenhaven,32.0,Bright Desk Organizers,office products,segC,1.0,44.0,61.6,61.6,44.0,17.6,9/4/2026,,,,,,,,
5474,8/20/2026,360.0,276.0,Dazzling Wholesalers of Gardenhaven,53.0,Glossy Glass Cleaner,cleaning supplies,segA,2.0,36.0,58.32,116.64,72.0,44.64,,,,,,,,,
5475,8/20/2026,360.0,276.0,Dazzling Wholesalers of Gardenhaven,60.0,Polished Degreaser,cleaning supplies,segA,1.0,26.0,46.28,102.06,26.0,20.28,9/4/2026,,,,,,,,
5476,8/20/2026,360.0,276.0,Dazzling Wholesalers of Gardenhaven,64.0,Bright Glass Cleaner,cleaning supplies,segA,2.0,32.0,57.28,114.56,64.0,50.56,9/4/2026,,,,,,,,
5477,8/20/2026,360.0,276.0,Dazzling Wholesalers of Gardenhaven,65.0,Sparkling Citrus Cleaner,cleaning supplies,segA,2.0,20.0,37.0,74.0,40.0,37.8,9/4/2026,,,,,,,,
5478,8/20/2026,360.0,276.0,Dazzling Wholesalers of Gardenhaven,72.0,Gleaming Glass Cleaner,cleaning supplies,segA,1.0,23.0,42.09,42.09,23.0,19.09,9/4/2026,,,,,,,,
5479,8/20/2026,360.0,276.0,Dazzling Wholesalers of Gardenhaven,74.0,Pristine Energy Drinks,breakroom supplies,segB,1.0,15.0,32.55,32.55,15.0,17.55,9/4/2026,,,,,,,,
5480,8/17/2026,430.0,276.0,Dazzling Wholesalers of Gardenhaven,20.0,Gleaming Roll Paper Towels,paper & tissue,segC,1.0,28.0,39.48,39.48,28.0,11.48,8/18/2026,,,,,,,,
5481,8/17/2026,430.0,276.0,Dazzling Wholesalers of Gardenhaven,25.0,Dazzling Binder Clips,office products,segC,2.0,45.0,73.35,146.7,90.0,56.7,8/18/2026,,,,,,,,
5482,8/17/2026,430.0,276.0,Dazzling Wholesalers of Gardenhaven,59.0,Spotless All-Purpose Cleaner,cleaning supplies,segA,1.0,47.0,79.43,79.43,47.0,32.43,8/18/2026,,,,,,,,
5483,8/17/2026,430.0,276.0,Dazzling Wholesalers of Gardenhaven,63.0,Polished Glass Cleaner,cleaning supplies,segA,1.0,42.0,71.4,71.4,42.0,29.4,8/18/2026,,,,,,,,
5484,8/17/2026,430.0,276.0,Dazzling Wholesalers of Gardenhaven,67.0,Sleek Citrus Cleaner,cleaning supplies,segA,1.0,39.0,62.4,62.4,39.0,23.4,8/18/2026,,,,,,,,
5485,8/17/2026,430.0,276.0,Dazzling Wholesalers of Gardenhaven,73.0,Spotless Creamers,breakroom supplies,segB,1.0,18.0,34.56,34.56,18.0,16.56,8/18/2026,,,,,,,,
5486,8/17/2026,430.0,276.0,Dazzling Wholesalers of Gardenhaven,88.0,Gleaming Coffee Beans,breakroom supplies,segB,1.0,18.0,36.72,36.72,18.0,18.72,8/18/2026,,,,,,,,
5487,8/17/2026,430.0,276.0,Dazzling Wholesalers of Gardenhaven,118.0,Sparkling Cardstock,copy paper,segB,1.0,37.0,56.24,56.24,37.0,19.24,8/18/2026,,,,,,,,
5488,8/17/2026,430.0,276.0,,120.0,Sparkling Letter Size Paper,copy paper,segB,2.0,45.0,68.85,137.7,90.0,47.7,8/18/2026,,,,,,,,
5489,8/24/2026,297.0,277.0,Sleek Suppliers of Valleywood,47.0,Immaculate Staplers,office products,segC,1.0,24.0,35.04,35.04,24.0,11.04,8/25/2026,,,,,,,,
5490,8/24/2026,297.0,277.0,Sleek Suppliers of Valleywood,48.0,Fresh Desk Organizers,office products,segC,1.0,29.0,40.6,40.6,29.0,11.6,8/25/2026,,,,,,,,
5491,8/24/2026,297.0,277.0,  Sleek Suppliers of Valleywood ,65.0,Sparkling Citrus Cleaner,cleaning supplies,sgeD,1.0,32.344897959183676,37.0,37.0,20.0,17.0,8/25/2026,,,,,,,,
5492,24/08/2026,297.0,277.0,Sleek Suppliers of Valleywood,79.0,Immaculate Microwave Popcorn,breakroom supplies,  segC ,1.0,25.0,49.75,49.75,25.0,24.75,8/25/2026,,,,,,,,
5493,8/24/2026,297.0,277.0,Sleek Suppliers of Valleywood,115.0,Polished Glossy Photo Paper,copy paper,segB,1.0,59.0,94.99,94.99,59.0,35.99,8/25/2026,,,,,,,,
5494,8/10/2026,578.0,277.0,Sleek Suppliers of Valleywood,34.0,Radiant Staplers,office products,segC,1.0,24.0,51.29707511896669,34.08,24.0,10.08,8/11/2026,,,,,,,,
5495,8/10/2026,578.0,277.0,Sleek Suppliers of Valleywood,48.0,Fresh Desk Organizers,office products,segC,1.0,29.0,40.6,40.6,29.0,11.6,8/11/2026,,,,,,,,
5496,8/10/2026,578.0,277.0,Sleek Suppliers of Valleywood,91.0,Glossy Microwave Popcorn,breakroom supplies,segC,1.0,29.0,59.16,59.16,29.0,30.16,8/11/2026,,,,,,,,
5497,8/10/2026,578.0,277.0,Sleek Suppliers of Valleywood,95.0,Bright Disposable Cups,breakroom supplies,segC,1.0,13.0,27.3,27.3,13.0,14.3,8/11/2026,,,,,,,,
5498,8/10/2026,578.0,277.0,  Sleek Suppliers of Valleywood ,98.0,Radiant Glossy Photo Paper,copy paper,segB,1.0,23.0,36.11,36.11,23.0,13.11,8/11/2026,,,,,,,,
5500,8/27/2026,206.0,278.0,Spotless Suppliers of Gardenport,59.0,Spotless All-Purpose Cleaner,cleaning supplies,segD,1.0,47.0,98.23,98.23,47.0,51.23,28/08/2026,,,,,,,,
5501,8/27/2026,206.0,278.0,Spotless Suppliers of Gardenport,73.0,Spotless Creamers,breakroom supplies,segA,1.0,18.0,33.3,33.3,18.0,15.3,8/28/2026,,,,,,,,
5502,8/27/2026,206.0,278.0,Spotless Suppliers of Gardenport,77.0,Sleek Disposable Cups,breakroom supplies,segA,1.0,25.0,47.5,47.5,25.0,22.5,28/08/2026,,,,,,,,
5503,8/27/2026,206.0,278.0,Spotless Suppliers of Gardenport,78.0,Glossy Creamers,breakroom supplies,segA,21.0,27.0,40.5,850.5,567.0,283.5,8/28/2026,,,,,,,,
5504,8/27/2026,206.0,278.0,Spotless Suppliers of Gardenport,82.0,Pristine Granola Bars,breakroom supplies,segA,1.0,26.0,51.22,51.22,26.0,25.22,8/28/2026,,,,,,,,
5505,8/27/2026,206.0,278.0,Spotless Suppliers of Gardenport,84.0,Sparkling Creamers,breakroom supplies,segA,1.0,18.0,35.28,35.28,18.0,17.28,8/28/2026,,,,,,,,
5506,8/27/2026,206.0,278.0,Spotless Suppliers of Gardenport,89.0,Sparkling Disposable Cups,breakroom supplies,segA,1.0,21.0,41.16,41.16,21.0,20.16,8/28/2026,,,,,,,,
5507,8/27/2026,206.0,278.0,Spotless Suppliers of Gardenport,91.0,Glossy Microwave Popcorn,breakroom supplies,  segA ,1.0,29.0,60.61,60.61,29.0,31.61,8/28/2026,,,,,,,,
5508,8/27/2026,206.0,278.0,Spotless Suppliers of Gardenport,108.0,Dazzling Cardstock,copyp aper,,1.0,21.0,32.76,32.76,21.0,11.76,8/28/2026,,,,,,,,
5509,27/08/2026,206.0,278.0,Spotless Suppliers of Gardenport,112.0,Sparkling Letter Size Paper,copy paper,segC,1.0,46.0,68.54,68.54,46.0,22.54,8/28/2026,,,,,,,,
5510,8/27/2026,206.0,278.0,Spotless Suppliers of Gardenport,117.0,Dazzling Graph Paper,copy paper,segC,1.0,51.0,79.05,79.05,51.0,28.05,28/08/2026,,,,,,,,
5511,8/18/2026,403.0,278.0,,73.0,Spotless Creamers,breakroom supplies,segA,1.0,18.0,33.3,33.3,18.0,15.3,8/19/2026,,,,,,,,
5512,8/18/2026,403.0,278.0,Spotless Suppliers of Gardenport,76.0,Immaculate Granola Bars,breakroom supplies,segA,1.0,10.0,18.9,18.9,10.0,8.9,8/19/2026,,,,,,,,
5513,8/18/2026,403.0,278.0,Spotless Suppliers of Gardenport,77.0,Sleek Disposable Cups,breakroom supplies,  segA ,1.0,25.0,47.5,47.5,25.0,22.5,8/19/2026,,,,,,,,
5514,8/18/2026,403.0,278.0,Spotless Suppliers of Gardenport,82.0,Pristine Granola Bars,breakroom supplies,segA,1.0,26.0,51.22,51.22,26.0,25.22,8/19/2026,,,,,,,,
5515,8/18/2026,403.0,278.0,Spotless Suppliers of Gardenport,83.0,Spotless Energy Drinks,,segA,2.0,26.0,55.12,55.12,26.0,29.12,8/19/2026,,,,,,,,
5516,8/18/2026,403.0,278.0,Spotless Suppliers of Gardenport,84.0,Sparkling Creamers,breakroom supplies,segA,1.0,18.0,35.28,35.28,18.0,17.28,8/19/2026,,,,,,,,
5517,8/18/2026,403.0,278.0,Spotless Suppliers of Gardenport,89.0,Sparkling Disposable Cups,breakroom supplies,,1.0,21.0,41.16,41.16,21.0,20.16,8/19/2026,,,,,,,,
5518,8/18/2026,403.0,278.0,Spotless Suppliers of Gardenport,91.0,Glossy Microwave Popcorn,breakroom supplies,segA,1.0,29.0,60.61,60.61,29.0,31.61,8/19/2026,,,,,,,,
5519,8/18/2026,403.0,278.0,Spotless Suppliers of Gardenport,94.0,Pristine Instant Soups,breakroom supplies,segA,1.0,7.0,14.91,14.91,7.0,7.91,8/19/2026,,,,,,,,
5520,8/18/2026,403.0,278.0,Spotless Suppliers of Gardenport,95.0,Bright Disposable Cups,breakroom supplies,segA,2.0,13.0,22.88,45.76,26.0,19.76,8/19/2026,,,,,,,,
5521,8/18/2026,403.0,278.0,Spotless Suppliers of Gardenport,104.0,Gleaming Glossy Photo Paper,copy paper,segC,1.0,52.0,78.52,78.52,52.0,26.52,8/19/2026,,,,,,,,
5522,8/18/2026,403.0,278.0,Spotless Suppliers of Gardenport,116.0,Immaculate Legal Size Paper,copy paper,segC,1.0,32.344897959183676,84.96,84.96,63.0,25.96,19/08/2026,,,,,,,,
5523,8/14/2026,461.0,278.0,Spotless Suppliers of Gardenport,37.0,  Bright Recycled Paper ,office products,segD,1.0,24.0,40.8,40.8,24.0,16.8,8/17/2026,,,,,,,,
5524,8/14/2026,461.0,278.0,Spotless Suppliers of Gardenport,76.0,Immaculate Granola Bars,breakroom supplies,segA,1.0,10.0,18.9,18.9,10.0,8.9,8/17/2026,,,,,,,,
5525,8/14/2026,461.0,278.0,Spotless Suppliers of Gardenport,77.0,Sleek Disposable Cups,breakroom supplies,segA,1.0,25.0,47.5,47.5,25.0,22.5,8/17/2026,,,,,,,,
5526,8/14/2026,461.0,278.0,Spotless Suppliers of Gardenport,78.0,Glossy Creamers,breakroom supplies,segA,27.0,27.0,40.5,1093.5,729.0,364.5,8/17/2026,,,,,,,,
5527,8/14/2026,461.0,278.0,Spotless Suppliers of Gardenport,82.0,Pristine Granola Bars,breakroom supplies,segA,1.0,26.0,51.22,51.22,26.0,25.22,8/17/2026,,,,,,,,
5528,8/14/2026,461.0,278.0,Spotless Suppliers of Gardenport,83.0,Spotless Energy Drinks,  breakroom supplies ,segA,1.0,26.0,55.12,55.12,26.0,29.12,8/17/2026,,,,,,,,
5529,8/14/2026,461.0,278.0,Spotless Suppliers of Gardenport,84.0,Sparkling Creamers,breakroom supplies,segA,1.0,18.0,35.28,35.28,18.0,17.28,8/17/2026,,,,,,,,
5530,8/14/2026,461.0,278.0,Spotless Suplpiers of Gardenport,91.0,Glossy Microwave Popcorn,breakroom supplies,segA,1.0,29.0,60.61,60.61,29.0,31.61,8/17/2026,,,,,,,,
5531,8/14/2026,461.0,278.0,Spotless Suppliers of Gardenport,94.0,Pristine Instant Soups,breakroom supplies,segA,1.0,7.0,14.91,14.91,7.0,7.91,8/17/2026,,,,,,,,
5532,8/14/2026,461.0,278.0,Spotless Suppliers of Gardenport,104.0,Gleaming Glossy Photo Paper,copy paper,segC,1.0,52.0,78.52,78.52,52.0,26.52,8/17/2026,,,,,,,,
5533,8/14/2026,461.0,278.0,Spotless Suppliers of Gardenport,108.0,Dazzling Cardstock,copy paper,segC,1.0,21.0,32.76,32.76,21.0,11.76,8/17/2026,,,,,,,,
5534,8/14/2026,461.0,278.0,Spotless Suppliers of Gardenport,114.0,Glossy Recycled Paper,  copy paper ,  segC ,1.0,54.0,81.54,81.54,54.0,27.54,8/17/2026,,,,,,,,
5535,8/27/2026,207.0,280.0,Bright Wholesalers of Mountcrest,3.0,Sparkling Party Napkins,paper & tissue,segA,1.0,21.0,30.24,102.06,21.0,9.24,8/28/2026,,,,,,,,
5536,8/27/2026,207.0,280.0,Bright Wholesalers of Mountcrest,5.0,Polished Kitchen Towels,paper & tissue,segA,2.0,35.0,51.45,51.45,35.0,16.45,8/28/2026,,,,,,,,
5537,8/27/2026,207.0,280.0,Bright Wholesalers of Mountcrest,6.0,Pristine Bathroom Tissue,paper & tissue,segA,6.0,19.0,24.89,149.34,114.0,35.34,8/28/2026,,,,,,,,
5538,8/27/2026,207.0,280.0,Bright Wholesalers of Mountcrest,13.0,Pristine Party Napkins,paper & tissue,segA,5.0,45.0,61.2,306.0,225.0,81.0,8/28/2026,,,,,,,,
5539,8/27/2026,207.0,280.0,Bright Wholesalers of Mountcrest,18.0,Pristine Lunch Napkins,paper & tissue,segA,13.0,32.344897959183676,24.0,312.0,260.0,52.0,8/28/2026,,,,,,,,
5540,8/27/2026,207.0,280.0,Bright Wholesalers of Mountcrest,31.0,Polished Highlighters,office products,segA,45.0,17.0,19.89,895.05,765.0,130.05,8/28/2026,,,,,,,,
5541,8/27/2026,207.0,280.0,Bright Wholesalers of Mountcrest,36.0,Glossy Staplers,office products,segA,1.0,50.0,75.5,75.5,50.0,25.5,8/28/2026,,,,,,,,
5542,8/27/2026,207.0,280.0,Bright Wholesalers of Mountcrest,39.0,Immaculate Sticky Notes,  office products ,segA,4.0,34.0,44.88,179.52,136.0,43.52,8/28/2026,,,,,,,,
5543,8/27/2026,207.0,280.0,Bright Wholesalers of Mountcrest,47.0,Immaculate Staplers,office products,segA,1.0,24.0,36.96,36.96,24.0,12.96,8/28/2026,,,,,,,,
5544,8/27/2026,207.0,280.0,Bright Wholesalers of Mountcrest,67.0,Sleek Citrus Claener,cleaning supplies,segD,1.0,39.0,79.17,79.17,63.0,40.17,8/28/2026,,,,,,,,
5545,8/27/2026,207.0,280.0,Bright Wholesalers of Mountcrest,85.0,Sparkling Microwave Popcorn,breakroom supplies,segD,1.0,12.0,25.68,25.68,12.0,13.68,8/28/2026,,,,,,,,
5546,8/27/2026,207.0,280.0,Bright Wholesalers of Mountcrest,86.0,Dazzling Instant Soups,breakroom supplies,segD,1.0,16.0,34.4,34.4,16.0,18.4,8/28/2026,,,,,,,,
5547,8/27/2026,207.0,280.0,Bright Wholesalers of Mountcrest,88.0,Gleaming Coffee Beans,breakroom supplies,segD,1.0,18.0,40.68,40.68,18.0,22.68,8/28/2026,,,,,,,,
5548,8/25/2026,271.0,280.0,Bright Wholesalers of Mountcrest,5.0,Polished Kitchen Towels,,segA,1.0,35.0,51.45,51.45,35.0,16.45,8/26/2026,,,,,,,,
5549,8/25/2026,271.0,280.0,Bright Wholesalers of Mountcrest,6.0,Pristine Bathroom Tissue,paper & tissue,segA,3.0,19.0,24.89,74.67,57.0,17.67,8/26/2026,,,,,,,,
5550,8/25/2026,271.0,280.0,Bright Wholesalers of Mountcrest,12.0,Immaculate Roll Paper Towels,paper & tissue,segA,1.0,44.0,65.12,65.12,44.0,21.12,8/26/2026,,,,,,,,
5551,8/25/2026,271.0,280.0,Bright Wholesalers of Mountcrest,16.0,Dazzling Bathroom Tissue,paper & tissue,segA,2.0,42.0,57.96,115.92,84.0,31.92,8/26/2026,,,,,,,,
5552,8/25/2026,271.0,280.0,Bright Wholesalers of Mountcrest,17.0,Glossy Lunch Napkins,paper & tissue,segA,2.0,31.0,40.3,80.6,62.0,18.6,8/26/2026,,,,,,,,
5553,8/25/2026,271.0,280.0,Bright Wholesalers of Mountcrest,39.0,Immaculate Sticky Notes,office products,segA,3.0,34.0,44.88,134.64,102.0,32.64,8/26/2026,,,,,,,,
5554,8/25/2026,271.0,280.0,Bright Wholesalers of Mountcrest,43.0,Fresh File Folders,office porducts,segA,2.0,50.0,76.5,153.0,100.0,53.0,8/26/2026,,,,,,,,
5555,8/25/2026,271.0,280.0,Bright Wholesalers of Mountcrest,47.0,Immaculate Staplers,office products,segA,1.0,24.0,36.96,36.96,24.0,12.96,8/26/2026,,,,,,,,
5556,8/18/2026,404.0,280.0,Bright Wholesalers of Mountcrest,3.0,Sparkling Party Napkins,paper & tissue,segA,2.0,21.0,30.24,60.48,42.0,18.48,8/26/2026,,,,,,,,
5557,8/18/2026,404.0,280.0,Bright Wholesalers of Mountcrest,12.0,Immaculate Roll Paper Towels,paper & tissue,segA,2.0,44.0,65.12,130.24,88.0,42.24,8/26/2026,,,,,,,,
5558,8/18/2026,404.0,280.0,Bright Wholesalers of Mountcrest,17.0,Glossy Lunch Napkins,paper & tissue,segA,4.0,31.0,40.3,161.2,124.0,37.2,8/26/2026,,,,,,,,
5559,8/18/2026,404.0,280.0,Bright Wholesalers of Mountcrest,41.0,Dazzling File Folders,office products,segA,2.0,46.0,64.86,129.72,92.0,37.72,8/26/2026,,,,,,,,
5560,18/08/2026,404.0,280.0,Bright Wholesalers of Mountcrest,42.0,Polished Markers,office products,segA,1.0,28.0,38.92,38.92,28.0,10.92,8/26/2026,,,,,,,,
5561,8/18/2026,404.0,280.0,Bright Wholesalers of Mountcrest,47.0,Immaculate Staplers,office products,  esgA ,1.0,24.0,36.96,36.96,24.0,12.96,8/26/2026,,,,,,,,
5562,8/18/2026,404.0,280.0,Bright Wholesalers of Mountcrest,70.0,Sleek Air Freshener,cleaning supplies,segD,1.0,33.0,65.34,65.34,33.0,32.34,8/26/2026,,,,,,,,
5564,8/18/2026,,280.0,Bright Wholesalers of Mountcrest,39.0,Immaculate Sticky Notes,office products,,6.0,34.0,44.88,269.28,204.0,65.28,8/26/2026,,,,,,,,
5565,8/24/2026,298.0,281.0,Sparkling Maintainers of Graniteville,3.0,Sparkling Party Napkins,paper & tissue,segD,1.0,21.0,36.54,36.54,21.0,15.54,8/25/2026,,,,,,,,
5566,8/24/2026,298.0,281.0,Sparkling Maintainers of Graniteville,53.0,Glossy Glass Cleaner,cleaning supplies,segC,1.0,36.0,63.0,63.0,36.0,27.0,8/25/2026,,,,,,,,
5567,8/17/2026,431.0,281.0,Sparkling Maintainers of Graniteville,4.0,Bright Bathroom Tissue,paper & tissue,segD,1.0,26.0,43.68,43.68,26.0,17.68,8/18/2026,,,,,,,,
5568,8/11/2026,553.0,281.0,,52.0,Spotless Air Freshener,cleaning supplies,segC,1.0,49.0,92.12,92.12,49.0,37.8,8/26/2026,,,,,,,,
5569,8/11/2026,,281.0,Sparkling Maintainers of Graniteville,53.0,Glossy Glass Cleaner,cleaning supplies,segC,1.0,36.0,63.0,63.0,36.0,37.8,8/26/2026,,,,,,,,
5570,8/20/2026,361.0,282.0,Sparkling Sanitizers of Harborridge,14.0,Spotless Pocket Tissues,paper & tissue,segC,1.0,20.0,29.0,29.0,20.0,9.0,8/28/2026,,,,,,,,
5571,8/20/2026,361.0,282.0,Sparkling Sanitizers of Harborridge,28.0,Immaculate Binder Clips,office products,segB,2.0,29.0,44.95,89.9,58.0,31.9,8/28/2026,,,,,,,,
5572,8/20/2026,361.0,282.0,Sparkling Sanitizers of Harborridge,102.0,Sleek Resume Paper,copy paper,segB,2.0,26.0,37.44,74.88,52.0,22.88,8/28/2026,,,,,,,,
5573,8/20/2026,,282.0,Sparkling Sanitizers of Harborridge,8.0,Bright Party Napkins,paper & tissue,segC,1.0,50.0,51.29707511896669,78.0,50.0,28.0,8/28/2026,,,,,,,,
5574,8/20/2026,,282.0,Sparkling Sanitizers of Harborridge,119.0,Immaculate Letter Size Paper,copy paper,  segB ,1.0,44.0,67.32,67.32,44.0,23.32,8/28/2026,,,,,,,,
5575,9/2/2026,74.0,284.0,Gleaming Keepers of Gardenburg,50.0,Bright Glass Cleaner,cleaning supplies,esgC,1.0,23.0,39.79,39.79,23.0,16.79,9/10/2026,,,,,,,,
5576,9/2/2026,74.0,284.0,Gleaming Keepers of Gardenburg,72.0,Gleaming Glass Cleaner,cleaning supplies,,1.0,23.0,42.32,42.32,23.0,19.32,9/10/2026,,,,,,,,
5577,9/2/2026,74.0,284.0,Gleaming Keepers of Gardenburg,76.0,Immaculate Granola Bars,breakroom supplies,seAg,1.0,10.0,21.3,21.3,10.0,11.3,9/10/2026,,,,,,,,
5578,9/2/2026,74.0,284.0,Gleaming Keepers of Gardenburg,78.0,Glossy Creamers,breakroom supplies,segA,1.0,32.344897959183676,57.51,57.51,27.0,37.8,9/10/2026,,,,,,,,
5579,9/2/2026,74.0,284.0,Gleaming Keepers of Gardenburg,81.0,Polished Stirrers,breakroom supplies,segA,1.0,22.0,44.44,44.44,22.0,22.44,10/9/2026,,,,,,,,
5580,9/2/2026,74.0,284.0,Gleaming Keepers of Gardenburg,88.0,Gleaming Coffee Beans,breakroom supplies,segA,1.0,18.0,32.94,32.94,18.0,14.94,9/10/2026,,,,,,,,
5581,9/2/2026,74.0,284.0,Gleaming Keepers of Gardenburg,94.0,Pristine Instant Soups,breakroom supplies,segA,1.0,7.0,12.46,12.46,7.0,5.46,9/10/2026,,,,,,,,
5582,9/2/2026,74.0,284.0,Gleaming Keepers of Gardenburg,105.0,Pristine Graph Paper,copy paper,segD,2.0,52.0,88.4,88.4,52.0,36.4,9/10/2026,,,,,,,,
5583,8/26/2026,236.0,284.0,Gleaming Keepers of Gardenburg,72.0,Gleaming Glass Cleaner,cleaning supplies,segC,1.0,23.0,42.32,42.32,23.0,19.32,,,,,,,,,
5584,8/26/2026,236.0,284.0,Gleaming Keepers of Gardenburg,76.0,Immaculate Granola Bars,breakroom supplies,segA,2.0,10.0,21.3,42.6,20.0,22.6,8/27/2026,,,,,,,,
5585,8/26/2026,236.0,284.0,Gleaming Keepers of Gardenburg,79.0,Immaculate Microwave Popcorn,breakroom supplies,segA,1.0,25.0,43.25,43.25,25.0,18.25,8/27/2026,,,,,,,,
5586,8/26/2026,236.0,284.0,Gleaming Keepers of Gardenburg,85.0,Sparkling Microwave Popcorn,breakroom supplies,segA,14.0,12.0,18.0,252.0,168.0,84.0,8/27/2026,,,,,,,,
5587,8/26/2026,236.0,284.0,Gleaming Keeperso f Gardenburg,94.0,Pristine Instant Soups,breakroom supplies,segA,1.0,7.0,12.46,12.46,7.0,5.46,8/27/2026,,,,,,,,
5588,8/18/2026,405.0,284.0,Gleaming Keepers of Gardenburg,37.0,Bright Recycled Paper,office products,segB,1.0,24.0,34.56,34.56,24.0,10.56,9/2/2026,,,,,,,,
5589,18/08/2026,405.0,284.0,Gleaming Keepers of Gardenburg,44.0,Gleaming Recycled Paper,office products,segB,1.0,34.0,55.76,55.76,34.0,21.76,9/2/2026,,,,,,,,
5590,8/18/2026,405.0,284.0,Gleaming Keepers of Gardenburg,46.0,Spotless Desk Organizers,office products,segB,1.0,33.0,48.84,48.84,33.0,15.84,9/2/2026,,,,,,,,
5591,8/18/2026,405.0,284.0,,76.0,Immaculate Granola Bars,breakroom supplies,segA,1.0,10.0,21.3,21.3,10.0,11.3,9/2/2026,,,,,,,,
5592,8/18/2026,405.0,284.0,Gleaming Keepers of Gardenburg,79.0,Immaculate Microwave Popcorn,,segA,2.0,25.0,43.25,86.5,50.0,36.5,9/2/2026,,,,,,,,
5593,8/18/2026,405.0,284.0,Gleaming Keepers of Gardenburg,80.0,Spotless Instant Soups,breakroom supplies,segA,1.0,17.0,32.13,32.13,17.0,15.13,9/2/2026,,,,,,,,
5594,8/18/2026,405.0,284.0,Gleaming Keepers of Gardenburg,94.0,Pristine Instant Soups,breakroom supplies,segA,1.0,7.0,12.46,12.46,7.0,5.46,9/2/2026,,,,,,,,
5595,8/18/2026,405.0,284.0,Gleaming Keepers of Gardenburg,95.0,Bright Disposable Cups,breakroom supplies,segA,1.0,13.0,23.01,23.01,13.0,10.01,9/2/2026,,,,,,,,
5596,9/2/2026,,284.0,Gleaming Keepers of Gardenburg,79.0,Immaculate Microwave Popcorn,breakroom supplies,segA,2.0,32.344897959183676,43.25,86.5,50.0,36.5,9/10/2026,,,,,,,,
5597,8/28/2026,171.0,286.0,Gleaming Keepers of Mapleport,14.0,Spotless Pocket Tissues,paper & tissue,segB,8.0,20.0,28.0,224.0,63.0,64.0,8/31/2026,,,,,,,,
5598,8/28/2026,171.0,286.0,Gleaming Keepers of Mapleport,37.0,Bright Recycled Paper,office products,segB,2.0,24.0,36.24,72.48,48.0,24.48,8/31/2026,,,,,,,,
5599,8/28/2026,171.0,286.0,Gleaming Keepers of Mapleport,97.0,Sparkling Legal Size Paper,copy paper,segA,23.0,39.0,61.23,1408.29,897.0,511.29,8/31/2026,,,,,,,,
5600,8/28/2026,171.0,286.0,Gleaming Keepers of Mapleport,101.0,Radiant Cloored Paper,copy paper,segA,20.0,60.0,90.0,102.06,1200.0,600.0,8/31/2026,,,,,,,,
5601,8/28/2026,171.0,286.0,Gleaming Keepers of Mapleport,104.0,Gleaming Glossy Photo Paper,copy paper,segA,27.0,52.0,80.6,2176.2,1404.0,772.2,8/31/2026,,,,,,,,
5602,8/28/2026,171.0,286.0,Gleaming Keepers of Mapleport,107.0,Radiant Glossy Photo Paper,copy paper,,15.0,58.0,84.1,1261.5,870.0,391.5,8/31/2026,,,,,,,,
5603,8/28/2026,171.0,286.0,Gleaming Keepers of Mapleport,109.0,Immaculate Resume Paper,copy paper,segA,13.0,31.0,48.36,628.68,403.0,225.68,8/31/2026,,,,,,,,
5604,8/28/2026,171.0,286.0,,117.0,Dazzling Graph Paper,copy paper,segA,13.0,51.0,70.38,914.94,663.0,37.8,8/31/2026,,,,,,,,
5605,18/08/2026,406.0,286.0,Gleaming Keepers of Mapleport,24.0,Sparkling Pocket Tissues,paper & tissue,,4.0,18.0,28.08,112.32,72.0,40.32,8/19/2026,,,,,,,,
5606,8/18/2026,406.0,286.0,Gleaming Keepers of Mapleport,27.0,Sparkling Sticky Notes,office products,segB,44.0,43.0,52.03,2289.32,1892.0,397.32,8/19/2026,,,,,,,,
5607,8/18/2026,406.0,286.0,Gleaming Keepers of Mapleport,45.0,Immaculate Staplers,office rpoducts,segB,2.0,50.0,81.5,163.0,100.0,63.0,8/19/2026,,,,,,,,
5608,8/18/2026,406.0,286.0,Gleaming Keepers of Mapleport,72.0,Gleaming Glass Cleaner,cleaning supplies,segD,1.0,23.0,43.01,43.01,23.0,20.01,8/19/2026,,,,,,,,
5609,8/18/2026,406.0,286.0,Gleaming Keepers of Mapleport,104.0,Gleaming Glossy Photo Paper,copy paper,segA,30.0,52.0,80.6,2418.0,63.0,858.0,8/19/2026,,,,,,,,
5610,8/18/2026,406.0,286.0,,107.0,Radiant Glossy Photo Paper,copy paper,segA,13.0,58.0,84.1,1093.3,754.0,339.3,8/19/2026,,,,,,,,
5611,8/18/2026,406.0,286.0,Gleaming Keepers of Mapleport,108.0,Dazzling Cardstock,copy paper,segA,4.0,21.0,33.18,132.72,84.0,48.72,8/19/2026,,,,,,,,
5612,8/18/2026,406.0,286.0,Gleaming Keepers of Mapleport,109.0,Immaculate Resume Paper,copy paper,segA,18.0,31.0,48.36,102.06,558.0,312.48,8/19/2026,,,,,,,,
5613,8/18/2026,406.0,286.0,Gleaming Keepers of Mapleport,114.0,Glossy Recycled Paper,copy paper,segA,20.0,32.0,45.76,915.2,640.0,275.2,8/19/2026,,,,,,,,
5614,8/18/2026,406.0,286.0,Gleaming Keepers of Mapleport,117.0,Dazzling Graph Paper,copy paper,segA,21.0,51.0,70.38,1477.98,1071.0,406.98,19/08/2026,,,,,,,,
5615,8/28/2026,172.0,287.0,Gleaming Facilities of Gardencrest,1.0,Sleek Party Napkins,paper & tissue,segC,1.0,29.0,40.89,40.89,29.0,11.89,9/14/2026,,,,,,,,
5616,8/28/2026,172.0,287.0,Gleaming Facilities of Gardencrest,3.0,Sparkling Party Napkins,paper & tissue,segC,1.0,21.0,51.29707511896669,31.5,21.0,10.5,9/14/2026,,,,,,,,
5617,8/28/2026,172.0,287.0,Gleaming Facilities of Gardencrest,32.0,Bright Desk Organizers,office products,segB,1.0,44.0,72.6,72.6,44.0,28.6,9/14/2026,,,,,,,,
5618,8/28/2026,172.0,287.0,Gleaming Facilities of Gardencrest,77.0,Sleek Disposable Cups,  breakroom supplies ,segB,1.0,25.0,45.75,45.75,25.0,20.75,,,,,,,,,
5619,8/28/2026,172.0,287.0,Gleaming Facilities of Gardencrest,93.0,Gleaming Microwave Popcorn,breakroom supplies,segB,1.0,20.0,38.4,38.4,20.0,18.4,9/14/2026,,,,,,,,
5620,8/28/2026,172.0,287.0,Gleaming Facilities of Gardencrest,95.0,  Bright Disposable Cups ,breakroom supplies,segB,1.0,13.0,23.4,23.4,13.0,10.4,9/14/2026,,,,,,,,
5621,8/28/2026,172.0,287.0,Gleaming Facilities of Gardencrest,117.0,Dazzling Graph Paper,copy paper,segB,1.0,51.0,77.01,77.01,51.0,26.01,9/14/2026,,,,,,,,
5622,8/28/2026,172.0,287.0,Gleaming Facilities of Gardencrest,118.0,Sparkling Cardstock,copy paper,segB,1.0,37.0,59.2,59.2,37.0,22.2,9/14/2026,,,,,,,,
5623,8/28/2026,172.0,287.0,Gleaming Facilities of Gardencrest,119.0,Immaculate Letter Size Paper,copy paper,segB,1.0,44.0,61.6,61.6,44.0,17.6,9/14/2026,,,,,,,,
5624,8/24/2026,299.0,287.0,Gleaming Facilities of Gardencrest,28.0,Immaculate Binder Clips,office products,segB,1.0,29.0,44.37,44.37,29.0,15.37,8/25/2026,,,,,,,,
5625,8/24/2026,299.0,287.0,,89.0,Sparkling Disposable Cups,breakroom supplies,segB,1.0,21.0,44.73,102.06,21.0,23.73,8/25/2026,,,,,,,,
5626,24/08/2026,299.0,287.0,Gleaming Facilities of Gardencrest,93.0,Gleaming Microwave Popcorn,breakroom supplies,segB,1.0,20.0,38.4,38.4,20.0,18.4,8/25/2026,,,,,,,,
5627,8/24/2026,299.0,287.0,Gleaming Facilities of Gardencrest,104.0,Gleaming Glossy Photo Paper,copy paper,segB,1.0,52.0,83.72,83.72,52.0,31.72,8/25/2026,,,,,,,,
5628,8/24/2026,299.0,287.0,Gleaming Facilities of Gardencrest,105.0,Pristine Graph Paper,copy paper,segB,1.0,52.0,84.76,84.76,52.0,32.76,8/25/2026,,,,,,,,
5629,8/24/2026,299.0,287.0,Gleaming Facilities of Gardencrest,119.0,Immaculate Letter Size Paper,copy paper,segB,1.0,44.0,61.6,61.6,44.0,17.6,8/25/2026,,,,,,,,
5630,8/10/2026,579.0,288.0,Spotless Keepers of Mapleburg,57.0,Glossy All-Purpose Cleaner,cleaning supplies,segB,1.0,51.0,96.9,96.9,51.0,45.9,8/11/2026,,,,,,,,
5631,8/10/2026,579.0,288.0,Spotless Keepers of Mapleburg,75.0,Fresh Microwave Popcorn,breakroom supplies,segC,1.0,18.0,39.6,39.6,18.0,21.6,8/11/2026,,,,,,,,
5632,8/10/2026,579.0,288.0,Spotless Keepers of Mapleburg,87.0,Glossy Tea Selection,breakroom supplies,segC,1.0,11.0,21.78,21.78,11.0,10.78,8/11/2026,,,,,,,,
5633,8/10/2026,579.0,288.0,Spotless Keepers of Mapleburg,106.0,Sleek Resume Paper,copy paper,segD,1.0,48.0,75.36,75.36,48.0,27.36,8/11/2026,,,,,,,,
5634,9/2/2026,75.0,289.0,Spotless Cusotdians of Forestfield,4.0,Bright Bathroom Tissue,,segB,3.0,26.0,36.4,109.2,78.0,31.2,9/3/2026,,,,,,,,
5635,9/2/2026,75.0,289.0,Spotless Custodians of Forestfield,10.0,Pristine 2-Ply Toilet Paper,paper & tissue,segB,10.0,26.0,41.34,413.4,260.0,153.4,9/3/2026,,,,,,,,
5636,2/9/2026,75.0,289.0,Spotless Custodians of Forestfield,16.0,Dazzling Bathroom Tissue,paper & tissue,segB,8.0,42.0,60.9,487.2,336.0,151.2,9/3/2026,,,,,,,,
5637,9/2/2026,75.0,289.0,Spotless Custodians of Forestfield,25.0,Dazzling Binder Clips,office products,segA,20.0,45.0,59.85,1197.0,900.0,297.0,9/3/2026,,,,,,,,
5638,9/2/2026,75.0,289.0,Spotless Custodians of Forestfield,27.0,Sparkling Sticky Notes,office products,segA,5.0,43.0,60.2,301.0,215.0,86.0,9/3/2026,,,,,,,,
5639,9/2/2026,75.0,289.0,Spotless Custodians of Forestfield,32.0,Bright Desk Organizers,office products,segA,147.0,44.0,55.0,8085.0,6468.0,1617.0,9/3/2026,,,,,,,,
5640,9/2/2026,75.0,289.0,Spotless Custodians of Forestfield,41.0,Dazzling File Folders,office products,segA,12.0,46.0,63.02,756.24,552.0,204.24,9/3/2026,,,,,,,,
5641,9/2/2026,75.0,289.0,Spotless Custodians of Forestfield,42.0,Polished Markers,office products,segA,14.0,28.0,39.48,552.72,392.0,160.72,9/3/2026,,,,,,,,
5642,9/2/2026,75.0,289.0,Spotless Custodians of Forestfield,43.0,Fresh File Folders,office products,segA,32.0,50.0,65.0,2080.0,1600.0,37.8,9/3/2026,,,,,,,,
5643,9/2/2026,75.0,289.0,Spotless Custodians of Forestfield,44.0,Gleaming Recycled Paper,,segA,18.0,34.0,48.28,869.04,612.0,257.04,9/3/2026,,,,,,,,
5644,9/2/2026,75.0,289.0,Spotless Custodians of Forestfield,48.0,Fresh Desk Organizers,office products,segA,12.0,29.0,40.02,480.24,348.0,132.24,9/3/2026,,,,,,,,
5645,9/2/2026,75.0,289.0,Spotless Custodians of Forestfield,67.0,Sleek Citrus Cleaner,cleaning supplies,segA,8.0,39.0,68.25,546.0,63.0,234.0,9/3/2026,,,,,,,,
5646,9/2/2026,75.0,289.0,Spotless Custodians of Forestfield,71.0,Spotless Glass Cleaner,cleaning supplies,segA,3.0,31.0,56.42,169.26,93.0,76.26,9/3/2026,,,,,,,,
5647,9/2/2026,75.0,289.0,Spotless Custodians of Forestfield,73.0,Spotless Creamers,breakroom supplies,segA,4.0,18.0,35.1,140.4,72.0,68.4,9/3/2026,,,,,,,,
5648,9/2/2026,75.0,289.0,Spotless Custodians of Forestfield,74.0,Pristine Energy Drinks,breakroom supplies,segA,7.0,15.0,30.3,212.1,105.0,107.1,9/3/2026,,,,,,,,
5649,9/2/2026,75.0,289.0,Spotless Custodians of Forestfield,79.0,Immaculate Microawve Popcorn,breakroom supplies,segA,4.0,25.0,45.0,180.0,100.0,80.0,9/3/2026,,,,,,,,
5650,9/2/2026,75.0,289.0,Spotless Custodians of Forestfield,90.0,Dazzling Instant Soups,breakroom supplies,segA,8.0,24.0,51.12,408.96,192.0,216.96,9/3/2026,,,,,,,,
5651,9/2/2026,75.0,289.0,Spotless Custodians of Forestfield,91.0,Glossy Microwave Popcorn,breakroom supplies,segA,5.0,29.0,54.23,271.15,145.0,126.15,9/3/2026,,,,,,,,
5652,9/2/2026,75.0,289.0,Spotless Custodians of Forestfield,96.0,Dazzling Disposable Cups,breakroom supplies,segA,6.0,19.0,39.9,239.4,114.0,125.4,9/3/2026,,,,,,,,
5653,9/2/2026,75.0,289.0,Spotless Custodians of Forestfield,109.0,Immaculate Resume Paper,copy paper,segC,4.0,31.0,48.67,194.68,124.0,70.68,9/3/2026,,,,,,,,
5654,9/2/2026,75.0,289.0,Spotless Custodians of Forestfield,113.0,Polished Recycled Paper,copy paper,esgC,4.0,36.0,54.72,218.88,144.0,74.88,9/3/2026,,,,,,,,
5655,9/2/2026,75.0,289.0,,116.0,Immaculate Legal Size Paper,copy paper,segC,2.0,59.0,97.94,195.88,118.0,77.88,9/3/2026,,,,,,,,
5656,8/31/2026,132.0,289.0,Spotless Custodians of Forestfield,5.0,Polished Kitchen Towels,paper & tissue,segB,3.0,35.0,50.4,151.2,105.0,46.2,9/1/2026,,,,,,,,
5657,8/31/2026,132.0,289.0,Spotless Custodians of Forestfield,10.0,Pristine 2-Ply Toilet Paper,paper & tissue,segB,8.0,26.0,41.34,330.72,208.0,122.72,9/1/2026,,,,,,,,
5658,31/08/2026,132.0,289.0,Spotless Custodians of Forestfield,27.0,Sparkling Sticky Notes,office products,segA,5.0,43.0,60.2,301.0,215.0,86.0,9/1/2026,,,,,,,,
5659,8/31/2026,132.0,289.0,Spotless Custodians of Forestfield,29.0,Dazzling Paper Clips,office products,segA,15.0,37.0,56.24,843.6,555.0,288.6,1/9/2026,,,,,,,,
5660,8/31/2026,132.0,289.0,Spotless Custodians of Forestfield,32.0,Bright Desk Organizers,office products,segA,161.0,44.0,55.0,8855.0,7084.0,1771.0,9/1/2026,,,,,,,,
5661,8/31/2026,132.0,289.0,Spotless Custodians of Forestfield,40.0,Immaculate Markers,office products,segA,15.0,32.344897959183676,54.4,816.0,510.0,306.0,9/1/2026,,,,,,,,
5662,8/31/2026,132.0,289.0,Spotless Custodians of Forestfield,43.0,Fresh File Folders,office products,segA,43.0,32.344897959183676,65.0,2795.0,2150.0,645.0,9/1/2026,,,,,,,,
5663,8/31/2026,132.0,289.0,Spotless Custodians of Forestfield,48.0,Fresh Desk Organizers,office products,segA,8.0,32.344897959183676,40.02,320.16,232.0,88.16,9/1/2026,,,,,,,,
5664,8/31/2026,132.0,289.0,Spotless Custodians of Forestfiled,52.0,Spotless Air Freshener,cleaning uspplies,segA,10.0,49.0,80.36,803.6,490.0,313.6,9/1/2026,,,,,,,,
5665,8/31/2026,132.0,289.0,Spotless Custodians of Forestfield,65.0,Sparkling Citrus Cleaner,cleaning supplies,segA,3.0,20.0,37.8,113.4,60.0,53.4,9/1/2026,,,,,,,,
5666,31/08/2026,132.0,289.0,Spotless Custodians of Forestfield,79.0,Immaculate Microwave Popcorn,breakroom supplies,segA,4.0,25.0,45.0,180.0,63.0,80.0,9/1/2026,,,,,,,,
5667,8/31/2026,132.0,289.0,Spotless Custodians of Forestfield,81.0,Polished Stirrers,breakroom supplies,segA,5.0,22.0,42.24,211.2,110.0,101.2,9/1/2026,,,,,,,,
5668,8/31/2026,132.0,289.0,Spotless Custodians of Forestfield,82.0,Pristine Granola Bars,,segA,5.0,26.0,53.82,269.1,130.0,139.1,9/1/2026,,,,,,,,
5669,8/31/2026,132.0,289.0,Spotless Custodians of Forestfield,90.0,Dazzling Instant Soups,breakroom supplies,segA,5.0,24.0,51.12,255.6,120.0,37.8,9/1/2026,,,,,,,,
5670,8/31/2026,132.0,289.0,Spotless Custodians of Forestfield,91.0,Glossy Microwave Popcorn,breakroom supplies,segA,4.0,29.0,54.23,216.92,116.0,100.92,9/1/2026,,,,,,,,
5671,8/31/2026,132.0,289.0,  Spotless Custodians of Forestfield ,92.0,Glossy Instant Soups,breakroom supplies,segA,6.0,24.0,47.04,282.24,144.0,138.24,9/1/2026,,,,,,,,
5672,8/31/2026,132.0,289.0,Spotless Custodians of Forestfield,105.0,Pristine Graph Paper,  copy paper ,segC,1.0,52.0,79.04,79.04,52.0,27.04,9/1/2026,,,,,,,,
5673,8/31/2026,132.0,289.0,Spotless Custodians of Forestfield,113.0,Polished Recycled Paper,copy paper,segC,2.0,36.0,54.72,109.44,63.0,37.44,9/1/2026,,,,,,,,
5674,8/18/2026,407.0,289.0,Spotless Custodians of Forestfield,5.0,Polished Kitchen Towels,paper & tissue,segB,4.0,35.0,50.4,201.6,63.0,61.6,8/19/2026,,,,,,,,
5675,8/18/2026,407.0,289.0,Spotless Custodians of Forestfield,31.0,Polished iHghlighters,office products,segA,18.0,17.0,24.99,449.82,306.0,143.82,8/19/2026,,,,,,,,
5676,8/18/2026,407.0,289.0,Spotless Custodians of Forestfield,34.0,Radiant Staplers,office products,segA,6.0,24.0,37.68,226.08,144.0,82.08,8/19/2026,,,,,,,,
5677,8/18/2026,407.0,289.0,Spotless Custodians of Forestfield,40.0,Immaculate Markers,office products,segA,8.0,34.0,54.4,435.2,272.0,163.2,19/08/2026,,,,,,,,
5678,8/18/2026,407.0,289.0,Spotless Custodians of Forestfield,42.0,  Polished Markers ,office products,segA,17.0,28.0,39.48,671.16,476.0,195.16,8/19/2026,,,,,,,,
5679,8/18/2026,407.0,289.0,Spotless Custodians of Forestfield,45.0,Immaculate Staplers,office products,segA,3.0,50.0,75.0,225.0,150.0,75.0,8/19/2026,,,,,,,,
5680,8/18/2026,407.0,289.0,Spotless Custodians of Forestfield,48.0,Fresh Desk Organizers,office products,segA,6.0,29.0,40.02,240.12,174.0,66.12,8/19/2026,,,,,,,,
5681,8/18/2026,407.0,289.0,Spotless Custodians of Forestfield,52.0,Spotless Air Freshener,cleaning supplies,seAg,14.0,49.0,80.36,1125.04,686.0,439.04,8/19/2026,,,,,,,,
5682,8/18/2026,407.0,289.0,Spotless Custodians of Forestfield,58.0,Spotless Floor Cleaner,cleaning supplies,segA,13.0,31.0,58.9,765.7,403.0,362.7,8/19/2026,,,,,,,,
5683,8/18/2026,407.0,289.0,Spotless Custodians of Forestfield,72.0,Gleaming Glass Cleaner,cleaning supplies,segA,3.0,23.0,39.56,118.68,69.0,49.68,8/19/2026,,,,,,,,
5684,8/18/2026,407.0,289.0,Spotless Custodians of Forestfield,79.0,Immaculate Microwave Popcorn,breakroom supplies,  seAg ,5.0,25.0,45.0,225.0,125.0,100.0,8/19/2026,,,,,,,,
5685,8/18/2026,407.0,289.0,Spotless Custodians of Forestfield,81.0,Polished Stirrers,breakroom supplies,segA,8.0,22.0,42.24,337.92,176.0,161.92,8/19/2026,,,,,,,,
5686,8/18/2026,407.0,289.0,Spotless Custodians of Forestfield,82.0,Pristine Granola Bars,breakroom supplies,segA,6.0,26.0,51.29707511896669,322.92,156.0,166.92,8/19/2026,,,,,,,,
5687,8/18/2026,407.0,289.0,Spotless Custodians of Forestfield,83.0,Spotless Energy Drinks,breakroom supplies,segA,5.0,26.0,44.98,224.9,130.0,94.9,8/19/2026,,,,,,,,
5688,8/18/2026,407.0,289.0,Spotless Custodians of Forestfield,84.0,Sparkling Creamers,breakroom supplies,segA,6.0,18.0,33.66,201.96,108.0,93.96,8/19/2026,,,,,,,,
5689,8/18/2026,407.0,289.0,Spotless Custodians of Forestfield,85.0,Sparkling Microwave Popcorn,breakroom supplies,segA,48.0,12.0,18.0,864.0,576.0,288.0,8/19/2026,,,,,,,,
5690,8/18/2026,407.0,289.0,Spotless Custodians of Forestfield,90.0,Dazzling Instant Soups,breakroom supplies,segA,6.0,24.0,51.12,306.72,144.0,162.72,8/19/2026,,,,,,,,
5691,18/08/2026,407.0,289.0,  Spotless Custodians of Forestfield ,91.0,Glossy Microwave Popcorn,breakroom supplies,segA,4.0,29.0,54.23,216.92,116.0,100.92,8/19/2026,,,,,,,,
5692,8/18/2026,407.0,289.0,Spotless Custodians of Forestfield,96.0,Dazzling Disposable Cups,breakroom supplies,segA,6.0,19.0,39.9,239.4,114.0,125.4,8/19/2026,,,,,,,,
5693,8/17/2026,432.0,289.0,Spotless Custodians of Forestfield,25.0,Dazzling Binder Clips,office products,segA,2.0,45.0,59.85,718.2,540.0,178.2,9/1/2026,,,,,,,,
5694,8/17/2026,432.0,289.0,,27.0,Sparkling Sticky Notes,office products,segA,8.0,43.0,60.2,481.6,344.0,137.6,1/9/2026,,,,,,,,
5695,8/17/2026,432.0,289.0,Spotless Custodians of Forestfield,29.0,  Dazzling Paper Clips ,office products,segA,14.0,37.0,56.24,102.06,518.0,269.36,9/1/2026,,,,,,,,
5696,8/17/2026,432.0,289.0,Spotless Custodians of Forestfield,41.0,Dazzling File Folders,office products,segA,15.0,46.0,63.02,945.3,690.0,255.3,9/1/2026,,,,,,,,
5697,8/17/2026,432.0,289.0,Spotless Custodians of Forestfield,44.0,Gleaming Recycled Paper,office products,segA,9.0,34.0,48.28,434.52,306.0,128.52,9/1/2026,,,,,,,,
5698,8/17/2026,432.0,289.0,Spotless Custodians of Forestfield,48.0,Fresh Desk Organizers,office products,segA,12.0,29.0,40.02,480.24,63.0,132.24,9/1/2026,,,,,,,,
5699,8/17/2026,432.0,289.0,Spotless Custodians of Forestfield,55.0,Spotless Floor Cleaner,cleaning supplise,segA,9.0,29.0,51.62,464.58,261.0,203.58,9/1/2026,,,,,,,,
5700,8/17/2026,432.0,289.0,Spotless Custodians of Forestfield,58.0,Spotless Floor Cleaner,cleaning supplies,segA,13.0,31.0,58.9,765.7,403.0,362.7,9/1/2026,,,,,,,,
5701,8/17/2026,432.0,289.0,Spotless Custodians of Forestfield,64.0,Bright Glass Cleaner,cleaning supplies,,2.0,32.0,59.84,119.68,64.0,55.68,9/1/2026,,,,,,,,
5702,17/08/2026,432.0,289.0,Spotless Custodians of Forestfield,67.0,Sleek Citrus Cleaner,cleaning supplies,segA,8.0,39.0,68.25,546.0,312.0,234.0,9/1/2026,,,,,,,,
5703,8/17/2026,432.0,289.0,Spotless Custodians of Forestfield,71.0,Spotless Glass Cleaner,cleaning supplies,segA,6.0,31.0,56.42,338.52,186.0,37.8,9/1/2026,,,,,,,,
5704,8/17/2026,432.0,289.0,Spotless Custodians of Forestfield,72.0,Gleaming Glass Cleaner,cleaning supplies,segA,3.0,23.0,39.56,118.68,69.0,49.68,9/1/2026,,,,,,,,
5705,8/17/2026,432.0,289.0,Spotless Custodians of Forestfield,73.0,Spotless Creamers,breakroom supplies,segA,5.0,18.0,35.1,175.5,90.0,85.5,9/1/2026,,,,,,,,
5706,8/17/2026,432.0,289.0,Spotless Custodians of Forestfield,74.0,Pristine Energy Drinks,breakroom supplies,segA,4.0,15.0,30.3,121.2,60.0,61.2,9/1/2026,,,,,,,,
5707,8/17/2026,432.0,289.0,Spotless Custodians of Forestfield,79.0,Immaculate Microwave Popcorn,breakroom supplies,segA,6.0,25.0,45.0,270.0,150.0,120.0,9/1/2026,,,,,,,,
5708,8/17/2026,432.0,289.0,Spotless Custodians of Forestfield,81.0,Polished Stirrers,breakroom supplies,segA,9.0,22.0,42.24,380.16,198.0,182.16,9/1/2026,,,,,,,,
5709,8/17/2026,432.0,289.0,Spotless Custodians of Foerstfield,82.0,Pristine Granola Bars,breakroom supplies,segA,5.0,26.0,53.82,269.1,130.0,139.1,9/1/2026,,,,,,,,
5710,8/17/2026,432.0,289.0,Spotless Custodians of Forestfield,85.0,Sparkling Microwave Popcorn,breakroom supplies,segA,34.0,12.0,18.0,612.0,408.0,204.0,9/1/2026,,,,,,,,
5711,8/17/2026,432.0,289.0,Spotless Custodians of Forestfield,91.0,Glossy Microwave Popcorn,breakroom suplpies,segA,4.0,29.0,54.23,216.92,116.0,100.92,9/1/2026,,,,,,,,
5712,8/17/2026,432.0,289.0,Soptless Custodians of Forestfield,96.0,Dazzling Disposable Cups,breakroom supplies,segA,5.0,19.0,39.9,199.5,63.0,104.5,9/1/2026,,,,,,,,
5713,9/2/2026,,289.0,Spotless Custodians of Forestfield,82.0,Pristine Granola Bars,breakroom supplies,segA,4.0,26.0,53.82,215.28,104.0,111.28,9/3/2026,,,,,,,,
5714,8/17/2026,,289.0,Spotless Custodians of Forestfield,52.0,Spotless Air Freshener,cleaning supplies,,8.0,49.0,80.36,642.88,392.0,250.88,9/1/2026,,,,,,,,
5715,8/26/2026,237.0,291.0,Spotless Suppliers of Canyonville,2.0,Glossy Party Napkins,paper & tissue,segB,1.0,29.0,42.34,42.34,29.0,13.34,8/27/2026,,,,,,,,
5716,8/26/2026,237.0,291.0,Spotless Suppliers of Canyonville,10.0,Pristine 2-Ply Toilet Paper,paper & tissue,segB,1.0,26.0,39.52,39.52,26.0,13.52,8/27/2026,,,,,,,,
5717,8/26/2026,237.0,291.0,Spotless Suppliers of Canyonville,11.0,Fresh Lunch Napkins,paper & tissue,segB,2.0,21.0,31.71,31.71,21.0,10.71,8/27/2026,,,,,,,,
5718,26/08/2026,237.0,291.0,Spotless Suppliers of Canyonville,21.0,Glossy Facial Tissues,paper & tissue,segB,1.0,47.0,74.73,74.73,47.0,27.73,8/27/2026,,,,,,,,
5719,8/26/2026,237.0,291.0,Spotless Suppliers of Canyonville,28.0,Immaculate Binder Clips,office products,segA,20.0,29.0,31.9,638.0,580.0,58.0,8/27/2026,,,,,,,,
5720,8/26/2026,237.0,291.0,Spotless Suppliers of Canyonville,32.0,Bright Desk Organizers,office products,segA,2.0,44.0,66.44,132.88,88.0,44.88,8/27/2026,,,,,,,,
5721,8/26/2026,237.0,291.0,Spotless Suppliers of Canyonville,33.0,Dazzling File Folders,office products,segA,2.0,26.0,36.14,72.28,52.0,20.28,8/27/2026,,,,,,,,
5722,8/26/2026,237.0,291.0,Spotless Suppliers of Canyonville,40.0,Immaculate Markers,office products,  segA ,2.0,34.0,53.04,106.08,68.0,38.08,8/27/2026,,,,,,,,
5723,8/26/2026,237.0,291.0,Spotless Suppliers of Canyonville,57.0,Glossy All-Purpose Cleaner,cleaning supplies,segA,1.0,51.0,51.29707511896669,88.23,51.0,37.23,8/27/2026,,,,,,,,
5724,8/26/2026,237.0,291.0,Spotless Suppliers of Canyonville,64.0,Bright Glass Cleaner,cleaning supplies,segA,1.0,32.0,59.84,59.84,32.0,27.84,8/27/2026,,,,,,,,
5725,8/26/2026,237.0,291.0,Spotless Suppliers of Canyonville,67.0,Sleek Citrus Cleaner,cleaning supplies,segA,1.0,39.0,51.29707511896669,65.52,39.0,26.52,8/27/2026,,,,,,,,
5726,8/26/2026,237.0,291.0,Spotless Suppliers of Canyonville,73.0,Spotless Creamers,breakroom supplies,segA,1.0,18.0,36.54,36.54,18.0,18.54,8/27/2026,,,,,,,,
5727,8/26/2026,237.0,291.0,Spotless Suppliers of Canyonville,76.0,Immaculate Granola Bars,breakroom supplies,segA,2.0,10.0,18.0,36.0,20.0,16.0,8/27/2026,,,,,,,,
5728,8/26/2026,237.0,291.0,Spotless Suppliers of Canyonville,78.0,Glossy Creamers,breakroom supplies,segA,2.0,32.344897959183676,46.71,93.42,54.0,39.42,8/27/2026,,,,,,,,
5729,8/26/2026,237.0,291.0,Spotless Suppliers of Canyonville,88.0,Gleaming Coffee Beans,breakroom supplise,segA,1.0,18.0,38.52,38.52,18.0,20.52,8/27/2026,,,,,,,,
5730,8/21/2026,331.0,291.0,Spotless Suppliers of Canyonville,15.0,Sparkling 2-Ply Toilet Paper,paper & tissue,segB,1.0,43.0,63.21,63.21,43.0,20.21,8/24/2026,,,,,,,,
5731,8/21/2026,331.0,291.0,Spotless Suppliers of Canyonville,21.0,Glossy Facial Tissues,paper & tissue,segB,1.0,47.0,74.73,74.73,47.0,27.73,8/24/2026,,,,,,,,
5732,8/21/2026,331.0,291.0,Spotless Suppliers of Canyonville,24.0,Sparkling Pocket Tissues,paper & tissue,segB,1.0,18.0,27.18,27.18,18.0,9.18,8/24/2026,,,,,,,,
5733,8/21/2026,331.0,291.0,Spotless Suppliers of Canyonville,37.0,Bright Recycled Paper,office products,segA,1.0,24.0,36.48,36.48,24.0,12.48,8/24/2026,,,,,,,,
5734,8/21/2026,331.0,291.0,Spotless Suppliers of Canyonville,45.0,Immaculate Staplers,office products,segA,2.0,50.0,66.5,133.0,100.0,33.0,8/24/2026,,,,,,,,
5735,8/21/2026,331.0,291.0,Spotless Suppliers of Canyonville,54.0,Dazzling Floor Cleaner,cleaning supplies,segA,1.0,45.0,80.1,80.1,45.0,35.1,8/24/2026,,,,,,,,
5736,8/21/2026,331.0,291.0,Spotless Suppliers of Canyonville,56.0,Pristine Citrus Cleaner,cleaning supplies,segA,1.0,48.0,79.68,79.68,48.0,31.68,8/24/2026,,,,,,,,
5737,8/21/2026,331.0,291.0,Spotless Suppliers of Canyonville,57.0,Glossy All-Purpose Cleaner,cleaning supplies,segA,1.0,51.0,88.23,88.23,51.0,37.23,8/24/2026,,,,,,,,
5738,8/21/2026,331.0,291.0,Spotless Suppliers of Canyonville,64.0,Bright Glass Cleaner,cleaning supplies,segA,1.0,32.0,59.84,59.84,32.0,27.84,8/24/2026,,,,,,,,
5739,8/21/2026,331.0,291.0,Spotless Suppliers of Canyonville,73.0,  Spotless Creamers ,breakroom supplies,segA,1.0,18.0,36.54,36.54,18.0,18.54,8/24/2026,,,,,,,,
5740,8/21/2026,331.0,291.0,Spotless Suppliers of Canyonville,85.0,Sparkling Microwave Popcorn,breakroom supplies,segA,1.0,12.0,23.76,23.76,12.0,11.76,8/24/2026,,,,,,,,
5741,8/21/2026,331.0,291.0,Spotless Suppliers of Canyonville,88.0,Gleaming Coffee Beans,breakroom supplies,segA,1.0,18.0,38.52,38.52,18.0,20.52,8/24/2026,,,,,,,,
5742,8/21/2026,331.0,291.0,Spotless Suppliers of Canyonville,91.0,Glossy Microwave Popcorn,breakroom supplies,segA,2.0,29.0,49.88,99.76,58.0,41.76,8/24/2026,,,,,,,,
5743,8/21/2026,331.0,291.0,Spotless Suppliers of Canyonville,96.0,Dazzling Disposable Cups,breakroom supplies,segA,1.0,19.0,37.62,37.62,19.0,18.62,8/24/2026,,,,,,,,
5744,8/21/2026,331.0,291.0,Spotless Suppliers of Canyonville,104.0,Gleaming Glossy Phtoo Paper,copy paper,segC,2.0,52.0,80.6,80.6,52.0,28.6,8/24/2026,,,,,,,,
5745,8/17/2026,433.0,291.0,  Spotless Suppliers of Canyonville ,28.0,Immaculate Binder Clips,office products,segA,16.0,29.0,31.9,510.4,464.0,46.4,8/18/2026,,,,,,,,
5746,8/17/2026,433.0,291.0,  Spotless Suppliers of Canyonville ,32.0,Bright Desk Organizers,office products,segA,1.0,44.0,66.44,66.44,44.0,22.44,8/18/2026,,,,,,,,
5747,8/17/2026,433.0,291.0,Spotless Suppliers of Canyonville,37.0,Bright Recycled Paper,office products,segA,1.0,24.0,36.48,36.48,24.0,12.48,8/18/2026,,,,,,,,
5748,17/08/2026,433.0,291.0,Spotless Suppliers of Canyonville,40.0,Immaculate Markers,office products,segA,3.0,34.0,53.04,159.12,102.0,57.12,8/18/2026,,,,,,,,
5749,8/17/2026,433.0,291.0,Spotless Suppliers of Canyonville,41.0,Dazzling File Folders,office products,segA,1.0,46.0,63.02,63.02,46.0,17.02,8/18/2026,,,,,,,,
5750,8/17/2026,433.0,291.0,Spotless Suppliers of Canyonville,45.0,Immaculate Staplers,office products,seAg,4.0,50.0,66.5,266.0,200.0,66.0,8/18/2026,,,,,,,,
5751,8/17/2026,433.0,291.0,Spotless Suppliers of Canyonville,74.0,Pristine Energy Drinks,breakroom supplies,segA,1.0,15.0,31.2,31.2,15.0,16.2,8/18/2026,,,,,,,,
5752,8/17/2026,433.0,291.0,Spotless Suppliers of Canyonville,95.0,Bright Disposable Cups,breakroom supplies,segA,1.0,13.0,25.61,25.61,13.0,12.61,8/18/2026,,,,,,,,
5753,8/17/2026,433.0,291.0,Spotless Suppliers of Canyonville,116.0,Immaculate Legal Size Paper,copy paper,,2.0,59.0,84.96,169.92,118.0,51.92,8/18/2026,,,,,,,,
5754,8/17/2026,433.0,291.0,Spotless Suppliers of Canyonville,119.0,Immaculate Letter Size Paper,copy paper,segC,1.0,44.0,65.56,65.56,44.0,21.56,8/18/2026,,,,,,,,
5755,8/17/2026,,291.0,Spotless Suppliers of Canyonville,64.0,Bright Glass Cleaner,cleaning supplies,segA,1.0,32.0,59.84,59.84,32.0,27.84,8/18/2026,,,,,,,,
5756,8/17/2026,,291.0,Spotless Suppliers of Canyonville,70.0,Sleek Air Freshener,cleaning supplies,segA,2.0,33.0,61.38,122.76,66.0,56.76,8/18/2026,,,,,,,,
5757,8/27/2026,208.0,292.0,Dazzling Janitors of Forestdale,28.0,Immaculate Binder Clips,office products,segB,1.0,29.0,44.95,102.06,29.0,15.95,8/28/2026,,,,,,,,
5758,8/27/2026,208.0,292.0,Dazzling Janitors of Forestdale,41.0,Dazzling File Folders,office products,segB,1.0,46.0,75.9,75.9,46.0,29.9,8/28/2026,,,,,,,,
5759,8/27/2026,208.0,292.0,Dazzling Janitors of Forestdale,56.0,Pristine Citrus Cleaner,cleaning supplies,segB,1.0,48.0,82.08,82.08,48.0,34.08,8/28/2026,,,,,,,,
5760,8/27/2026,208.0,292.0,Dazzling Janitors of Forestdale,62.0,Glossy Air Freshener,cleaning supplies,segB,1.0,20.0,35.2,35.2,20.0,15.2,8/28/2026,,,,,,,,
5761,8/27/2026,208.0,292.0,Dazzling Janitors of Forestdale,67.0,Sleek Citrus Cleaner,cleaning supplies,segB,1.0,39.0,67.86,67.86,39.0,28.86,8/28/2026,,,,,,,,
5762,8/27/2026,208.0,292.0,Dazzling Janitors of Forestdale,78.0,Glossy Creamers,breakroom supplies,segA,1.0,27.0,51.3,51.3,27.0,24.3,8/28/2026,,,,,,,,
5763,8/27/2026,208.0,292.0,Dazzling Janitors of Forestdale,79.0,Immaculate Microwave Popcorn,breakroom supplies,segA,1.0,25.0,45.25,45.25,25.0,20.25,8/28/2026,,,,,,,,
5764,8/27/2026,208.0,292.0,Dazzling Janitors of Forestdale,85.0,Sparkling Microwave Popcorn,breakroom supplies,segA,1.0,12.0,22.92,22.92,12.0,10.92,8/28/2026,,,,,,,,
5765,8/27/2026,208.0,292.0,Dazzling Janitors of Forestdale,86.0,Dazzling Instant Soups,breakroom supplies,segA,1.0,16.0,33.28,33.28,16.0,17.28,8/28/2026,,,,,,,,
5766,8/27/2026,208.0,292.0,Dazzling Janitors of Foerstdale,89.0,Sparkling Disposable Cups,breakroom supplies,segA,1.0,21.0,44.52,44.52,21.0,23.52,8/28/2026,,,,,,,,
5768,8/10/2026,580.0,292.0,Dazzling Janitors of Forestdale,42.0,Polished Markers,officep roducts,segB,1.0,28.0,45.64,45.64,28.0,17.64,8/11/2026,,,,,,,,
5769,8/10/2026,580.0,292.0,Dazzling Janitors of Forestdale,50.0,Bright Glass Cleaner,cleaning supplies,segB,1.0,23.0,43.24,43.24,23.0,20.24,11/8/2026,,,,,,,,
5770,8/10/2026,580.0,292.0,Dazzling Janitors of Forestdale,61.0,Pristine Degreaser,cleaning supplies,,1.0,50.0,89.5,89.5,50.0,39.5,8/11/2026,,,,,,,,
5771,8/10/2026,580.0,292.0,Dazzling Janitors of Forestdale,67.0,Sleek Citrus Cleaner,cleaning supplies,segB,1.0,39.0,67.86,67.86,63.0,28.86,8/11/2026,,,,,,,,
5772,8/10/2026,580.0,292.0,Dazzling Janitors of Forestdale,74.0,Pristine Energy Drinks,breakroom supplies,segA,2.0,15.0,30.6,61.2,30.0,31.2,8/11/2026,,,,,,,,
5773,8/10/2026,580.0,292.0,Dazzling Janitors of Forestdale,75.0,Fresh Microwave Popcorn,breakroom supplies,segA,1.0,18.0,33.3,33.3,18.0,15.3,8/11/2026,,,,,,,,
5774,8/10/2026,580.0,292.0,Dazzling Janitors of Forestdale,79.0,Immaculate Microwave Popcorn,breakroom supplies,segA,1.0,25.0,45.25,45.25,25.0,20.25,8/11/2026,,,,,,,,
5775,8/10/2026,580.0,292.0,Dazzling Janitors of Forestdale,87.0,Glossy Tea Selection,breakroom supplies,segA,2.0,11.0,20.24,40.48,22.0,18.48,8/11/2026,,,,,,,,
5776,8/10/2026,580.0,292.0,Dazzling Janitors of Forestdale,96.0,Dazzling Disposable Cups,breakroom supplies,segA,22.0,19.0,28.5,627.0,418.0,209.0,8/11/2026,,,,,,,,
5777,8/27/2026,,292.0,Dazzling Janitors of Forestdale,88.0,Gleaming Coffee Beans,breakroom supplies,segA,1.0,18.0,37.62,37.62,18.0,19.62,8/28/2026,,,,,,,,
5778,8/10/2026,,292.0,Dazzling Janitors of Forestdale,89.0,Sparkling Disposable Cups,breakroom supplies,segA,2.0,21.0,44.52,44.52,21.0,37.8,8/11/2026,,,,,,,,
5779,9/3/2026,54.0,293.0,Spotless Facilities of Cedardale,16.0,Dazzling Bathroom Tissue,paper & tissue,segD,1.0,42.0,72.24,72.24,42.0,30.24,9/11/2026,,,,,,,,
5780,9/3/2026,54.0,293.0,Spotless Facilities of Cedardale,25.0,Dazzling Binder Clips,office products,segA,3.0,45.0,71.1,213.3,135.0,78.3,9/11/2026,,,,,,,,
5781,9/3/2026,54.0,293.0,,26.0,Radiant Sticky Notes,office products,segA,3.0,34.0,44.54,133.62,102.0,31.62,9/11/2026,,,,,,,,
5782,9/3/2026,54.0,293.0,Spotless Facilities of Cedardale,33.0,Dazzling File Folders,office products,segA,2.0,26.0,37.7,75.4,52.0,23.4,9/11/2026,,,,,,,,
5783,9/3/2026,54.0,293.0,Spotless Facilities of Cedardale,41.0,Dazzling File Folders,office products,segA,1.0,46.0,61.64,61.64,46.0,15.64,9/11/2026,,,,,,,,
5784,9/3/2026,54.0,293.0,Spotless Facilities of Cedardale,42.0,Polished Markers,office products,segA,5.0,28.0,42.56,212.8,140.0,72.8,9/11/2026,,,,,,,,
5785,9/3/2026,54.0,293.0,Spotless Facilities of Cedardale,44.0,Gleaming Recycled Paper,office products,segA,2.0,34.0,54.06,162.18,102.0,60.18,9/11/2026,,,,,,,,
5786,9/3/2026,54.0,293.0,Spotless Facilities of Cedardale,47.0,Immaculate Staplers,office products,segA,4.0,24.0,37.2,148.8,96.0,52.8,9/11/2026,,,,,,,,
5787,9/3/2026,54.0,293.0,Spotless Facilities of Cedardale,78.0,Glossy Creamers,  breakroom supplies ,segD,1.0,27.0,53.19,53.19,27.0,37.8,9/11/2026,,,,,,,,
5788,8/13/2026,499.0,293.0,Spotless Facilities of Cedardale,25.0,Dazzling Binder Clips,office products,segA,2.0,45.0,71.1,142.2,90.0,52.2,8/14/2026,,,,,,,,
5789,8/13/2026,499.0,293.0,Spotless Facilities of Cedardale,26.0,Radiant Sticky Notes,office products,segA,2.0,34.0,44.54,89.08,68.0,21.08,8/14/2026,,,,,,,,
5790,8/13/2026,499.0,293.0,Spotless Facilities of Cedardale,27.0,Sparkling Sticky Notes,office products,segA,1.0,43.0,58.05,58.05,43.0,15.05,8/14/2026,,,,,,,,
5791,8/13/2026,499.0,293.0,Spotless Facilities of Cedardale,42.0,Polished Markers,office products,segA,2.0,28.0,42.56,102.06,56.0,29.12,8/14/2026,,,,,,,,
5792,8/13/2026,499.0,293.0,Spotless Facilities of Cedardale,47.0,Immaculate Staplers,office products,segA,4.0,24.0,37.2,148.8,96.0,52.8,8/14/2026,,,,,,,,
5793,8/13/2026,,293.0,Spotless Facilities of Cedardale,41.0,Dazzling File Folders,office products,segA,1.0,46.0,61.64,61.64,46.0,15.64,8/14/2026,,,,,,,,
5794,9/3/2026,55.0,294.0,Sleek Sanitizers of Mounthaven,8.0,Bright Party Napkins,paper & tissue,segD,3.0,50.0,81.5,244.5,150.0,94.5,9/4/2026,,,,,,,,
5795,9/3/2026,55.0,294.0,Sleek Sanitizers of Mounthaven,,Sparkling Dsiinfectant Wipes,cleaning supplies,segB,4.0,21.0,38.85,155.4,84.0,71.4,9/4/2026,,,,,,,,
5796,9/3/2026,55.0,294.0,Sleek Sanitizers of Mounthaven,98.0,Radiant Glossy Photo Paper,copy paper,segA,21.0,23.0,31.51,661.71,483.0,178.71,9/4/2026,,,,,,,,
5797,9/3/2026,55.0,294.0,Sleek Sanitizers of Mounthaven,101.0,Radiant Colored Paper,copy paper,segA,9.0,60.0,78.6,707.4,540.0,167.4,9/4/2026,,,,,,,,
5798,9/3/2026,55.0,294.0,Sleek Sanitizers of Mounthaven,108.0,Dazzling Cardstock,copy paper,segA,19.0,21.0,28.56,542.64,399.0,37.8,9/4/2026,,,,,,,,
5799,9/3/2026,55.0,294.0,,109.0,Immaculate Resume Paper,,segA,235.0,31.0,34.41,102.06,7285.0,801.35,9/4/2026,,,,,,,,
5800,9/3/2026,55.0,294.0,Sleek Sanitizers of Mounthaven,114.0,Glossy Recycled Paper,copy paper,segA,13.0,54.0,81.54,1060.02,702.0,358.02,9/4/2026,,,,,,,,
5801,9/3/2026,55.0,294.0,Sleek Sanitizers of Mounthaven,114.0,Glossy Recycled Paper,copy paper,segA,7.0,32.0,45.12,315.84,224.0,91.84,9/4/2026,,,,,,,,
5802,9/3/2026,55.0,294.0,  Sleek Sanitizers of Mounthaven ,116.0,Immaculate Legal Size Paper,copy paper,segA,8.0,59.0,79.65,637.2,472.0,165.2,9/4/2026,,,,,,,,
5803,9/3/2026,55.0,294.0,Sleek Sanitizers of Mounthaven,118.0,Sparkling Cardstock,copy paper,segA,6.0,37.0,50.32,301.92,222.0,79.92,9/4/2026,,,,,,,,
5804,8/17/2026,434.0,294.0,Sleek Sanitizers of Mounthaven,23.0,Dazzling Roll Paper Towels,paper & tsisue,segD,4.0,40.0,66.0,264.0,160.0,104.0,8/18/2026,,,,,,,,
5805,8/17/2026,434.0,294.0,Sleek Sanitizers of Mounthaven,101.0,Radiant Colored Paper,copy paper,segA,12.0,60.0,78.6,943.2,720.0,223.2,8/18/2026,,,,,,,,
5806,8/17/2026,434.0,294.0,Sleek Sanitizers of Mounthaven,103.0,Spotless Colored Paper,copy paper,segA,18.0,45.0,70.2,1263.6,810.0,453.6,8/18/2026,,,,,,,,
5807,8/17/2026,434.0,294.0,Sleek Sanitizers of Mounthaven,116.0,Immaculate Legal Size Paper,copy paper,,15.0,59.0,79.65,1194.75,885.0,309.75,8/18/2026,,,,,,,,
5808,8/17/2026,434.0,294.0,Sleek Sanitizers of Mounthaven,117.0,  Dazzling Graph Paper ,copy paper,segA,19.0,51.0,67.32,1279.08,969.0,310.08,8/18/2026,,,,,,,,
5809,8/14/2026,462.0,294.0,Sleek Sanitizers of Mounthaven,61.0,Pristine Degreaser,cleaning supplies,segB,5.0,32.344897959183676,87.0,102.06,250.0,185.0,8/17/2026,,,,,,,,
5810,8/14/2026,462.0,294.0,Sleek Sanitizers of Mounthaven,68.0,Dazzling Disinfectant Wipes,cleaning supplies,segB,5.0,54.0,95.04,475.2,270.0,205.2,8/17/2026,,,,,,,,
5811,14/08/2026,462.0,294.0,Sleek Sanitizers of Mounthaven,104.0,Gleaming Glossy Photo Paper,copy paper,segA,7.0,52.0,73.32,513.24,364.0,149.24,,,,,,,,,
5812,8/14/2026,462.0,294.0,Sleek Sanitizers of Mounthaven,107.0,Radiant Glossy Photo Paper,copy paper,segA,14.0,58.0,81.2,1136.8,812.0,324.8,8/17/2026,,,,,,,,
5813,8/14/2026,462.0,294.0,Sleek Sanitizers of Mounthaven,110.0,Pristine Cardstock,copy paper,segA,16.0,42.0,58.8,940.8,672.0,268.8,8/17/2026,,,,,,,,
5814,8/14/2026,462.0,294.0,Sleek Sanitizers of Mounthaven,114.0,Glossy Recycled Paper,copy paper,segA,9.0,54.0,81.54,733.86,486.0,247.86,8/17/2026,,,,,,,,
5815,8/14/2026,462.0,294.0,Sleek Sanitizers of Mounthaven,114.0,Glossy Recycled Paper,copy paper,segA,5.0,32.0,45.12,225.6,160.0,65.6,17/08/2026,,,,,,,,
5816,8/17/2026,,294.0,Sleek Sanitizers of Mounthaven,87.0,Glossy Tea Selection,breakroom supplies,segD,1.0,11.0,22.66,22.66,11.0,11.66,8/18/2026,,,,,,,,
5817,8/14/2026,,294.0,Sleek Sanitizers of Mounthaven,118.0,Sparkling Cardstock,copy paper,segA,5.0,37.0,50.32,251.6,185.0,66.6,8/17/2026,,,,,,,,
5818,31/08/2026,133.0,295.0,Immaculate Facilities of Granitefield,11.0,Fresh Lunch Napkins,paper & tissue,  segD ,1.0,21.0,35.28,35.28,21.0,14.28,9/8/2026,,,,,,,,
5819,8/31/2026,133.0,295.0,Immaculaet Facilities of Granitefield,51.0,Bright Glass Cleaner,cleaning supplies,segC,1.0,26.0,46.28,46.28,26.0,20.28,9/8/2026,,,,,,,,
5820,8/31/2026,133.0,295.0,Immaculate Facilities of Granitefield,54.0,Dazzling Floor Cleaner,cleaning supplies,segC,1.0,45.0,81.0,81.0,45.0,36.0,9/8/2026,,,,,,,,
5821,8/31/2026,133.0,295.0,Immaculate Facilities of Granitefield,76.0,Immaculate Granola Bars,breakroom supplies,segB,1.0,10.0,19.6,19.6,10.0,9.6,9/8/2026,,,,,,,,
5822,8/21/2026,332.0,295.0,Immaculate Facilities of Granitefield,31.0,Polished Highlighters,office products,  segB ,1.0,17.0,24.48,24.48,17.0,7.48,8/24/2026,,,,,,,,
5823,8/21/2026,332.0,295.0,Immaculate Facilities of Granitefield,40.0,Immaculate Markers,office products,segB,1.0,34.0,56.78,56.78,34.0,22.78,8/24/2026,,,,,,,,
5824,8/21/2026,332.0,295.0,Immaculate Facilities of Granitefield,46.0,Spotless Desk Organizers,office products,segB,1.0,33.0,52.8,52.8,33.0,19.8,8/24/2026,,,,,,,,
5825,8/21/2026,332.0,295.0,Immaculate Facilities of Granitefield,51.0,Bright Glass Cleaner,cleaning supplies,segC,1.0,26.0,46.28,46.28,26.0,20.28,8/24/2026,,,,,,,,
5826,8/21/2026,332.0,295.0,Immaculate Facilities of Granitefield,55.0,Spotless Floor Cleaner,cleaning supplies,segC,1.0,29.0,55.68,55.68,29.0,26.68,8/24/2026,,,,,,,,
5827,8/21/2026,332.0,295.0,Immaculate Facilities of Granitefield,77.0,Sleek Disposable Cups,breakroom supplies,segB,1.0,25.0,47.0,47.0,25.0,22.0,8/24/2026,,,,,,,,
5828,8/21/2026,332.0,295.0,Immaculate Facilities of Granitefield,78.0,Glossy Creamers,breakroom supplies,segB,1.0,27.0,58.32,58.32,27.0,31.32,8/24/2026,,,,,,,,
5829,8/21/2026,332.0,295.0,Immaculate Facilities of Granitefield,89.0,Sparkling Disposable Cups,breakroom supplies,segB,1.0,21.0,41.79,41.79,21.0,20.79,8/24/2026,,,,,,,,
5830,8/14/2026,463.0,296.0,Pristine Keepers of Valleyridge,9.0,Fresh Kitchen Towels,paper & tissue,,7.0,33.0,50.16,351.12,231.0,120.12,8/17/2026,,,,,,,,
5831,8/14/2026,463.0,296.0,Pristine Keepers of Valleyridge,60.0,Polished Degreaser,cleaning supplies,segB,132.0,26.0,41.6,5491.2,3432.0,2059.2,8/17/2026,,,,,,,,
5832,8/14/2026,463.0,296.0,,117.0,Dazzling Graph Paper,,segD,4.0,51.0,82.11,102.06,204.0,124.44,8/17/2026,,,,,,,,
5833,8/13/2026,500.0,296.0,Pristine Keepers of Valleyridge,5.0,Polished Kitchen Towels,paper & tissue,seBg,6.0,35.0,55.3,331.8,210.0,121.8,8/14/2026,,,,,,,,
5834,8/13/2026,500.0,296.0,Pristine Keepers of Valleyridge,23.0,Dazzling Roll Paper Towels,paper & tissue,segB,6.0,40.0,61.2,367.2,240.0,127.2,8/14/2026,,,,,,,,
5835,8/13/2026,500.0,296.0,Pristine Keepers of Valleyridge,93.0,Gleaming Microwave Popcorn,breakroom supplies,segD,1.0,20.0,46.2,46.2,20.0,26.2,8/14/2026,,,,,,,,
5836,8/13/2026,,296.0,Pristine Keepers of Valleyridge,1.0,Sleek Party Napkins,  paper & tissue ,segB,4.0,29.0,42.34,102.06,116.0,37.8,8/14/2026,,,,,,,,
5837,8/13/2026,,296.0,Pristine Keepers of Valleyridge,51.0,Bright Glass Cleaner,cleaning supplies,segB,5.0,26.0,50.7,253.5,130.0,123.5,8/14/2026,,,,,,,,
5838,9/4/2026,25.0,297.0,Fresh Providers of Harborwood,10.0,Pristine 2-Ply Toilet Paper,paper & tissue,segC,1.0,26.0,39.52,39.52,26.0,13.52,9/7/2026,,,,,,,,
5839,9/4/2026,25.0,297.0,Fresh Providers of Harborwood,18.0,Pristine Lunch Napkins,paper & tissue,segC,2.0,20.0,31.0,62.0,40.0,22.0,9/7/2026,,,,,,,,
5840,9/4/2026,25.0,297.0,Fresh Providers of Harborwood,63.0,Polished Glass Cleaner,cleaning supplies,segB,1.0,42.0,82.32,82.32,42.0,40.32,9/7/2026,,,,,,,,
5841,9/4/2026,25.0,297.0,Fresh Providers of Harborwood,97.0,Sparkling Legal Size Paper,copy paper,segA,3.0,39.0,62.4,187.2,117.0,70.2,9/7/2026,,,,,,,,
5842,9/4/2026,25.0,297.0,Fresh Providers of Harborwood,99.0,Glossy Letter Size Paper,copy paper,segA,3.0,57.0,79.23,237.69,171.0,66.69,9/7/2026,,,,,,,,
5843,9/4/2026,25.0,297.0,Fresh Providers of Harborwood,105.0,Pristine Graph Paper,copy paper,segA,12.0,52.0,67.6,811.2,624.0,187.2,9/7/2026,,,,,,,,
5844,9/4/2026,25.0,297.0,Fresh Providers of Harborwood,108.0,Dazzling Cardstock,copy paper,,5.0,21.0,30.45,102.06,105.0,47.25,9/7/2026,,,,,,,,
5845,9/4/2026,25.0,297.0,Fresh Providers of Harobrwood,120.0,Sparkling Letter Size Paper,copy paper,segA,4.0,45.0,64.35,257.4,180.0,77.4,9/7/2026,,,,,,,,
5846,8/14/2026,464.0,297.0,Fresh Providers of Harborwood,46.0,Spotless Desk Organizers,office products,segC,1.0,33.0,47.52,47.52,33.0,14.52,8/17/2026,,,,,,,,
5847,8/14/2026,464.0,297.0,Fresh Providers of Harborwood,55.0,Spotless Floor Cleaner,cleaning supplies,esgB,1.0,29.0,53.36,53.36,29.0,24.36,8/17/2026,,,,,,,,
5848,8/14/2026,464.0,297.0,Fresh Providers of Harborwood,77.0,Sleek Disposable Cups,brearkoom supplies,segB,1.0,25.0,52.0,52.0,25.0,27.0,8/17/2026,,,,,,,,
5849,8/14/2026,464.0,297.0,Fresh Providers of Harborwood,83.0,Spotless Energy Drinks,breakroom supplies,segB,1.0,26.0,49.66,49.66,63.0,23.66,8/17/2026,,,,,,,,
5850,8/14/2026,464.0,297.0,Fresh Providers of Harborwood,105.0,Pristine Graph Paper,copy paper,segA,12.0,52.0,67.6,811.2,624.0,187.2,8/17/2026,,,,,,,,
5851,8/14/2026,464.0,297.0,Fresh Providers of Harborwood,106.0,Sleek Resume Paper,copy paper,segA,2.0,48.0,69.12,138.24,96.0,42.24,17/08/2026,,,,,,,,
5852,8/14/2026,464.0,297.0,  Fresh Providers of Harborwood ,107.0,Radiant Glossy Photo Paper,copy paper,segA,4.0,58.0,78.88,315.52,232.0,37.8,8/17/2026,,,,,,,,
5853,8/14/2026,464.0,297.0,Fresh Providers of Harborwood,108.0,Dazzling Cardstock,copy paper,segA,4.0,21.0,30.45,121.8,84.0,37.8,,,,,,,,,
5854,8/14/2026,464.0,297.0,Fresh Providers of Harborwood,114.0,Glossy Recycled Paper,copy paper,segA,2.0,54.0,72.36,434.16,324.0,110.16,8/17/2026,,,,,,,,
5855,9/1/2026,101.0,298.0,Glossy Facilities of Mountridge,20.0,Gleaming Roll Paper Towels,paper & tissue,segC,1.0,28.0,43.12,43.12,28.0,15.12,9/2/2026,,,,,,,,
5856,9/1/2026,101.0,298.0,Glossy Facilities of Mountridge,50.0,Bright Glass Cleaner,cleaning supplies,segA,1.0,23.0,37.03,37.03,23.0,14.03,9/2/2026,,,,,,,,
5857,9/1/2026,101.0,298.0,Glossy Facilities of Mountridge,54.0,  Dazzling Floor Cleaner ,cleaning supplies,segA,1.0,45.0,80.1,80.1,45.0,35.1,9/2/2026,,,,,,,,
5858,9/1/2026,101.0,298.0,  Glossy Facilities of Mountridge ,62.0,Glossy Air Freshener,,segA,2.0,20.0,33.4,66.8,40.0,26.8,9/2/2026,,,,,,,,
5859,9/1/2026,101.0,298.0,Glossy Facilities of Mountridge,67.0,Sleek Citrus Cleaner,cleaning supplies,segA,3.0,39.0,73.32,219.96,117.0,102.96,2/9/2026,,,,,,,,
5860,9/1/2026,101.0,298.0,Glossy Facilities of Mountridge,70.0,Sleek Air Freshener,cleaning supplies,segA,3.0,33.0,55.77,167.31,99.0,68.31,9/2/2026,,,,,,,,
5861,9/1/2026,101.0,298.0,Glossy Facilities of Mountridge,107.0,Radiant Glossy Photo Paper,copy paper,segB,1.0,58.0,92.8,92.8,58.0,34.8,9/2/2026,,,,,,,,
5862,9/1/2026,101.0,298.0,Glossy Facilities of Mountridge,118.0,Sparkling Cardstock,copy paper,segB,1.0,37.0,56.98,56.98,37.0,19.98,9/2/2026,,,,,,,,
5863,9/1/2026,,298.0,Glossy Facilities of Mountridge,66.0,Radiant Glass Cleaner,cleaning supplies,segA,1.0,21.0,38.43,38.43,21.0,17.43,9/2/2026,,,,,,,,
5864,8/14/2026,465.0,299.0,Gleaming Wholesalers of Graniteburg,49.0,Sparkling Disinfectant Wipes,cleaning supplies,segA,34.0,21.0,37.8,1285.2,714.0,571.2,8/17/2026,,,,,,,,
5865,8/14/2026,465.0,299.0,  Gleaming Whloesalers of Graniteburg ,53.0,Glossy Glass Cleaner,cleaning supplies,segA,13.0,36.0,61.92,804.96,468.0,336.96,8/17/2026,,,,,,,,
5866,8/14/2026,465.0,299.0,GleamingW holesalers of Graniteburg,57.0,Glossy All-Purpose Cleaner,cleaning supplies,segA,43.0,51.0,91.8,3947.4,2193.0,1754.4,8/17/2026,,,,,,,,
5867,8/14/2026,465.0,299.0,Gleaming Wholesalers of Graniteburg,60.0,Polished Degreaser,cleaning supplies,segA,29.0,26.0,46.02,1334.58,754.0,580.58,8/17/2026,,,,,,,,
5868,8/14/2026,465.0,299.0,Gleaming Wholesalers of Graniteburg,63.0,Polished Glass Cleaner,cleaning supplies,segA,29.0,42.0,71.4,2070.6,1218.0,852.6,8/17/2026,,,,,,,,
5869,8/14/2026,465.0,299.0,Gleaming Wholesalers of Graniteburg,79.0,Immaculate Microwave Popcorn,breakroom supplies,segA,22.0,25.0,44.75,984.5,550.0,434.5,8/17/2026,,,,,,,,
5870,8/14/2026,465.0,299.0,Gleaming Wholesalers of Graniteburg,85.0,Sparkling Microwave Popcorn,breakroom supplies,segA,28.0,12.0,21.6,604.8,336.0,268.8,8/17/2026,,,,,,,,
5871,8/14/2026,465.0,299.0,Gleaming Wholesalers of Graniteburg,87.0,Glossy Tea Selection,breakroom supplies,segA,21.0,11.0,20.79,102.06,231.0,205.59,8/17/2026,,,,,,,,
5872,8/14/2026,465.0,299.0,Gleaming Wholesalers of Graniteburg,92.0,Glossy Instant Sousp,breakroom supplies,segA,11.0,24.0,42.72,469.92,264.0,205.92,8/17/2026,,,,,,,,
5873,8/14/2026,465.0,299.0,Gleaming Wholesalers of Graniteburg,108.0,Dazzling Cardstock,copy paper,segD,2.0,21.0,38.01,76.02,42.0,34.02,8/17/2026,,,,,,,,
5874,8/13/2026,501.0,299.0,Gleaming Wholesalers of Graniteburg,23.0,Dazzling Roll Paper Towels,paper & tissue,segD,2.0,40.0,67.2,268.8,160.0,108.8,8/21/2026,,,,,,,,
5875,8/13/2026,501.0,299.0,Gleaming Wholesalers of Graniteburg,53.0,Glossy Glass Cleaner,cleaning supplies,segA,14.0,36.0,61.92,866.88,504.0,362.88,8/21/2026,,,,,,,,
5876,8/13/2026,501.0,299.0,,58.0,Spotless Floor Cleaner,cleaning supplies,segA,638.0,31.0,46.5,29667.0,19778.0,9889.0,8/21/2026,,,,,,,,
5877,8/13/2026,501.0,299.0,Gleaming Wholesalers of Graniteburg,60.0,Polished Degreaser,cleaning supplies,segA,34.0,26.0,46.02,1564.68,884.0,680.68,8/21/2026,,,,,,,,
5878,8/13/2026,501.0,299.0,Gleaming Wholesalers of Graniteburg,85.0,Sparkling Microwave Popcorn,breakroom supplies,segA,22.0,12.0,21.6,475.2,264.0,211.2,8/21/2026,,,,,,,,
5879,8/14/2026,,299.0,Gleaming Wholesalers of Graniteburg,104.0,Gleaming Glossy Photo Paper,copy paper,segD,13.0,52.0,96.2,1250.6,676.0,574.6,8/17/2026,,,,,,,,
5880,9/4/2026,5.0,,Immaculate Stewards of Valleyport,106.0,Sleek Resume Paper,copy paper,segA,7.0,32.344897959183676,74.4,520.8,336.0,184.8,9/7/2026,,,,,,,,
5881,9/4/2026,10.0,,Sparkling Custodians of Riverburg,2.0,Glossy Party Napkins,paper & tissue,segA,1.0,29.0,40.31,40.31,29.0,11.31,9/7/2026,,,,,,,,
5882,9/4/2026,10.0,,Sparkling Custodians of Riverburg,6.0,Pristine Bathroom Tissue,paper & tissue,segA,3.0,19.0,24.89,74.67,57.0,17.67,9/7/2026,,,,,,,,
5883,9/4/2026,10.0,,Sparkling Custodians of Riverburg,105.0,Pristine Graph Paper,copy paper,segC,1.0,52.0,82.68,82.68,52.0,30.68,9/7/2026,,,,,,,,
5884,9/4/2026,23.0,,Immaculate Suppliers of Mapleburg,77.0,Sleek Disposable Cups,breakroom supplies,segA,6.0,25.0,48.75,292.5,63.0,142.5,9/14/2026,,,,,,,,
5885,9/4/2026,23.0,,Immaculate Suppliers of Mapleburg,85.0,Sparkling Microwave Popcorn,breakroom supplies,segA,6.0,12.0,25.56,153.36,72.0,81.36,9/14/2026,,,,,,,,
5886,9/3/2026,26.0,,Dazzling Cleaners of Cedarfield,101.0,Radiant Colored Paper,copy paper,segA,1.0,60.0,88.2,88.2,60.0,28.2,18/09/2026,,,,,,,,
5887,9/3/2026,28.0,,Dazzling Sanitizers of Canyonwood,43.0,Fresh File Folders,office products,segA,4.0,50.0,69.5,278.0,200.0,78.0,9/18/2026,,,,,,,,
5888,9/3/2026,33.0,,Sleek Suppliers of Gardenwood,43.0,Fresh File Folders,office products,segA,1.0,50.0,79.5,79.5,50.0,29.5,9/4/2026,,,,,,,,
5889,9/3/2026,34.0,,Sparkling Custodians of Valleyville,107.0,Radiant Glossy Photo Paper,copy paper,segA,1.0,58.0,81.2,81.2,58.0,23.2,9/4/2026,,,,,,,,
5890,9/3/2026,35.0,,Fresh Suppliers of Mapleton,98.0,Radiant Glossy Photo Paper,copy paper,segA,6.0,32.344897959183676,31.51,189.06,63.0,51.06,9/4/2026,,,,,,,,
5891,9/3/2026,45.0,,Polished Facilities of Lakeridge,6.0,Pristine Bathroom Tissue,paper & tissue,  segA ,17.0,19.0,27.36,465.12,323.0,142.12,9/18/2026,,,,,,,,
5892,9/3/2026,46.0,,Spotless Wholesalers of Graniteton,24.0,Sparkling Pocket Tissues,paper & tissue,segB,1.0,18.0,26.1,26.1,18.0,8.1,9/4/2026,,,,,,,,
5893,9/2/2026,58.0,,Fresh Facilities of Forestville,84.0,Sparkling Creamers,breakroom supplies,segB,1.0,18.0,35.1,35.1,18.0,17.1,,,,,,,,,
5894,9/2/2026,61.0,,Polished Facilities of Canyondale,26.0,Radiant Sticky Notes,office products,segA,1.0,34.0,53.72,53.72,34.0,19.72,9/3/2026,,,,,,,,
5895,9/1/2026,82.0,,Glossy Maintainers of Cedarville,84.0,Sparkling Creamers,breakroom supplies,segB,3.0,18.0,37.8,113.4,54.0,59.4,16/09/2026,,,,,,,,
5896,9/1/2026,86.0,,Bright Maintainers of Mountridge,27.0,Sparkling Sticky Notes,office products,segA,12.0,43.0,51.17,614.04,516.0,37.8,9/2/2026,,,,,,,,
5898,9/1/2026,91.0,,Radiant Facilities of Mountfield,118.0,Sparkling Cardstock,copy paper,segA,2.0,37.0,59.2,118.4,74.0,44.4,9/9/2026,,,,,,,,
5899,9/1/2026,92.0,,Spotless Servicers of Valleywood,68.0,Dazzling Disinfectant Wipes,cleaning supplies,segA,1.0,54.0,51.29707511896669,86.4,54.0,32.4,9/9/2026,,,,,,,,
5900,9/1/2026,94.0,,Glossy Clenaers of Cedardale,102.0,Sleek Resume Paper,copy paper,segB,12.0,26.0,38.74,464.88,312.0,152.88,9/2/2026,,,,,,,,
5901,9/1/2026,97.0,,Sparkling Custodians of Canyonwood,117.0,Dazzling Graph Paper,copy paper,segA,1.0,51.0,66.81,66.81,51.0,15.81,9/2/2026,,,,,,,,
5903,9/1/2026,100.0,,Polished Custodians of Graniteburg,114.0,Glossy Recycled Paper,copy paper,segA,4.0,54.0,75.6,302.4,216.0,86.4,9/2/2026,,,,,,,,
5904,9/1/2026,101.0,,Glossy Facilities of Mountridge,3.0,Sparkling Party Napkins,paper & tissue,segC,1.0,21.0,29.82,29.82,21.0,8.82,9/2/2026,,,,,,,,
5905,8/31/2026,103.0,,Immaculate Servicers of Mapleport,30.0,Immaculate Markers,office products,segA,4.0,28.0,43.68,174.72,112.0,62.72,9/1/2026,,,,,,,,
5906,8/31/2026,104.0,,Spotless Janitors of Bayville,55.0,Spotless Floor Cleaner,cleaning supplies,segA,1.0,29.0,51.91,51.91,29.0,22.91,9/1/2026,,,,,,,,
5907,8/31/2026,108.0,,Glossy Maintainers of Canyonville,11.0,Fresh Lunch Napkins,paper & tissue,  segD ,2.0,21.0,33.18,66.36,42.0,24.36,9/1/2026,,,,,,,,
5908,8/31/2026,109.0,,Pristine Keepers of Graniteville,85.0,Sparkling Microwave Popcorn,breakroom supplies,segC,1.0,12.0,21.96,21.96,12.0,9.96,9/1/2026,,,,,,,,
5909,8/31/2026,115.0,,Immaculate Servicers of Riverwood,40.0,Immaculate Markers,office products,segA,6.0,34.0,46.58,279.48,204.0,75.48,9/1/2026,,,,,,,,
5910,8/31/2026,116.0,,Pristine Keepers of Gardenwood,43.0,Fresh File Folders,office products,segA,5.0,50.0,65.5,327.5,250.0,77.5,9/1/2026,,,,,,,,
5911,8/31/2026,117.0,,Gleaming Cleaners of Mapleville,14.0,Spotless Pocket Tissues,paper & tissue,segC,2.0,20.0,29.6,59.2,40.0,19.2,9/8/2026,,,,,,,,
5912,8/31/2026,117.0,,Gleaming Cleaners of Mapleville,105.0,Pristine Graph Paper,copy paper,segA,3.0,52.0,72.8,218.4,156.0,62.4,9/8/2026,,,,,,,,
5913,8/31/2026,118.0,,Bright Keepers of Riverburg,37.0,Bright Recycled Paper,office products,segA,5.0,24.0,36.96,184.8,120.0,64.8,9/1/2026,,,,,,,,
5914,8/31/2026,127.0,,Pristine Sanitizers of Mapleport,110.0,Pristine Cardstock,copy paper,segA,12.0,42.0,64.26,771.12,504.0,267.12,9/1/2026,,,,,,,,
5915,8/31/2026,128.0,,Polished Cleaners of Riverdale,6.0,Pristine Bathroom Tissue,paper & tissue,segC,1.0,19.0,27.17,27.17,19.0,8.17,9/1/2026,,,,,,,,
5916,31/08/2026,128.0,,Polished Cleaners of Riverdale,119.0,Immaculate Letter Size Paper,copy paper,segB,1.0,44.0,63.8,63.8,44.0,19.8,9/1/2026,,,,,,,,
5917,8/31/2026,130.0,,Sleek Stewards of Mapleburg,18.0,Pristine Lunch Napkins,paper & tissue,,40.0,20.0,23.8,952.0,800.0,152.0,9/1/2026,,,,,,,,
5918,8/31/2026,131.0,,Dazzling Wholesalers of Valleyburg,96.0,Dazzling Disposable Cups,breakroom supplies,segB,1.0,19.0,38.0,38.0,19.0,19.0,9/1/2026,,,,,,,,
5919,8/31/2026,132.0,,Spotless Custodians of Forestfield,83.0,Spotless Energy Drinks,breakroom supplies,segA,6.0,26.0,44.98,269.88,156.0,113.88,9/1/2026,,,,,,,,
5920,8/28/2026,140.0,,Polished Facilities of Canyondale,47.0,Immaculate Staplers,office products,segA,4.0,24.0,35.04,140.16,96.0,44.16,8/31/2026,,,,,,,,
5921,8/28/2026,142.0,,Sleek Suppliers of Gardenwood,61.0,Pristine Degreaser,cleaning supplies,segB,1.0,32.344897959183676,91.0,91.0,50.0,41.0,8/31/2026,,,,,,,,
5922,8/28/2026,142.0,,Sleek Suppliers of Gardenwood,71.0,Spotless Glass Cleaner,cleaning supplies,segB,1.0,31.0,59.21,59.21,31.0,28.21,8/31/2026,,,,,,,,
5923,8/28/2026,145.0,,Bright Providers of Baycrest,59.0,Spotless All-Purpose Cleaner,cleaning supplies,,1.0,47.0,82.72,82.72,47.0,35.72,8/31/2026,,,,,,,,
5924,8/28/2026,145.0,,Bright Providers of Baycrest,70.0,Sleek Air Freshener,cleaning supplies,segA,1.0,33.0,58.08,58.08,33.0,25.08,8/31/2026,,,,,,,,
5925,8/28/2026,146.0,,Fresh Stewards of Gardenwood,14.0,Spotless Pocket Tissues,paper & tissue,segA,2.0,20.0,29.0,145.0,100.0,45.0,8/31/2026,,,,,,,,
5926,8/28/2026,152.0,,Radiant Facilities of Baydale,77.0,Sleek Disposable Cups,breakroom supplies,segA,162.0,25.0,37.5,6075.0,4050.0,2025.0,8/31/2026,,,,,,,,
5927,8/28/2026,152.0,,Radiant Facilities of Baydale,91.0,Glossy Microwave Popcorn,breakroom supplies,segA,6.0,29.0,55.39,332.34,174.0,37.8,,,,,,,,,
5928,8/28/2026,156.0,,Pristine Wholesalers of Canyonport,9.0,Fresh Kitchen Towels,paper & tissue,segC,1.0,33.0,46.53,46.53,33.0,13.53,8/31/2026,,,,,,,,
5929,8/28/2026,164.0,,Radiant Facilities of Bayport,66.0,Radiant Glass Cleaner,cleaning supplies,segA,1.0,21.0,37.59,37.59,21.0,16.59,8/31/2026,,,,,,,,
5930,8/28/2026,165.0,,Pristine Sanitizers of Mapleport,99.0,Glossy Letter Size Paper,copy paper,segA,14.0,57.0,79.23,1109.22,798.0,311.22,8/31/2026,,,,,,,,
5931,8/28/2026,169.0,,Dazzling Wholesalers of Valleyburg,68.0,Dazzling Disinfectant Wipes,cleaning supplies,segB,1.0,54.0,107.46,107.46,54.0,53.46,9/14/2026,,,,,,,,
5932,8/28/2026,171.0,,Gleaming Keepers of Mapleport,108.0,Dazzling Cardstock,copy paper,segA,8.0,32.344897959183676,33.18,265.44,168.0,97.44,8/31/2026,,,,,,,,
5933,8/27/2026,179.0,,Polished Facilities of Canynodale,101.0,Radiant Colored Paper,copy paper,segB,1.0,60.0,90.6,90.6,60.0,30.6,8/28/2026,,,,,,,,
5934,8/27/2026,183.0,,Sleek Custodians of Mapleburg,30.0,Immaculate Markers,office products,segA,3.0,28.0,42.0,126.0,63.0,42.0,8/28/2026,,,,,,,,
5935,8/27/2026,186.0,,Pristine Stewards of Valleyhaven,66.0,Radinat Glass Cleaner,cleaning supplies,segB,1.0,32.344897959183676,51.29707511896669,35.7,21.0,14.7,8/28/2026,,,,,,,,
5936,8/27/2026,189.0,,Sparkling Janitors of Mountridge,102.0,Sleek Resume Paper,copy paper,segB,7.0,26.0,36.4,254.8,182.0,72.8,8/28/2026,,,,,,,,
5937,8/27/2026,189.0,,Sparkling Janitors of Mountridge,114.0,Glossy Recycled Paper,  copy paper ,segB,3.0,54.0,81.0,243.0,162.0,81.0,8/28/2026,,,,,,,,
5938,8/27/2026,193.0,,Gleaming Cleaners of Mapleville,80.0,Spotless Instant Soups,breakroom supplies,segA,1.0,17.0,29.07,29.07,17.0,12.07,8/28/2026,,,,,,,,
5939,8/27/2026,194.0,,Glossy Suppliers of Valleywood,13.0,Pristine Party Napkins,paper & tissue,segD,1.0,45.0,75.6,75.6,45.0,30.6,9/4/2026,,,,,,,,
5940,8/27/2026,198.0,,Polished Keepers of Lakeport,41.0,Dazzling File Folders,office products,segA,2.0,46.0,64.4,128.8,92.0,36.8,8/28/2026,,,,,,,,
5941,27/08/2026,202.0,,Dazzling Keepers of Canyonfield,109.0,Immaculate Resume Paper,copy paper,segA,3.0,31.0,42.78,128.34,93.0,35.34,8/28/2026,,,,,,,,
5942,8/27/2026,203.0,,Dazzling Providers of Mountton,48.0,Fresh Desk Organizers,office products,segA,2.0,29.0,44.37,88.74,58.0,30.74,8/28/2026,,,,,,,,
5943,8/27/2026,205.0,,Glossy Servicers of Mapledale,47.0,Immaculate Staplers,office products,segC,1.0,24.0,34.08,34.08,24.0,10.08,8/28/2026,,,,,,,,
5944,8/26/2026,215.0,,Sparkling Custodians of Valleyville,70.0,Sleek Air Freshener,cleaning supplies,segB,1.0,33.0,61.71,61.71,33.0,28.71,8/27/2026,,,,,,,,
5945,8/26/2026,217.0,,Sleek Maintainers of Graniteville,82.0,Pristine Granola Bars,breakroom supplies,segA,1.0,26.0,46.8,46.8,26.0,20.8,9/3/2026,,,,,,,,
5946,8/26/2026,225.0,,Sparkling Servicers of Mountwood,45.0,Immaculate Staplers,office products,segA,7.0,50.0,69.0,483.0,350.0,133.0,8/27/2026,,,,,,,,
5947,8/26/2026,230.0,,Sparkling Providers of Bayton,35.0,Dazzling Staplers,office products,segA,27.0,27.0,35.1,947.7,729.0,218.7,8/27/2026,,,,,,,,
5948,8/26/2026,232.0,,Immaculate Suppliers of Riverburg,61.0,Pristine Degreaser,cleaning supplies,segA,1.0,50.0,88.0,88.0,50.0,38.0,8/27/2026,,,,,,,,
5949,8/26/2026,233.0,,Dazzling Stewards of Graniteburg,16.0,Dazzling Bathroom Tissue,paper & tissue,segA,5.0,42.0,62.16,310.8,210.0,100.8,8/27/2026,,,,,,,,
5950,8/25/2026,241.0,,Dazzling Wholesalers of Riverdale,118.0,Sparkling Cardstock,copy paper,segC,4.0,37.0,60.31,241.24,148.0,93.24,8/26/2026,,,,,,,,
5951,8/25/2026,250.0,,Fresh Custodians of Graniteton,31.0,Polished Highlighters,office products,segA,46.0,17.0,24.82,1141.72,782.0,359.72,8/26/2026,,,,,,,,
5952,8/25/2026,257.0,,Dazzling Janitors of Maplecrest,69.0,Gleaming Degreaser,cleaning supplies,segA,10.0,27.0,49.41,494.1,270.0,224.1,8/26/2026,,,,,,,,
5953,8/24/2026,273.0,,Immaculate Servicers of Mapleport,26.0,Radiant Sticky Notes,office products,segA,3.0,34.0,53.72,102.06,102.0,59.16,9/8/2026,,,,,,,,
5954,8/24/2026,276.0,,Spotless Wholesalers of Mountport,52.0,Spotless Air Freshener,cleaning supplies,segA,3.0,49.0,88.69,266.07,147.0,37.8,8/25/2026,,,,,,,,
5955,8/24/2026,279.0,,Glossy Suppliers of Maplefield,62.0,Glossy Air Freshener,cleaning supplies,segA,1.0,20.0,35.0,35.0,20.0,15.0,,,,,,,,,
5956,8/24/2026,279.0,,Glossy Suppliers of Maplefield,87.0,Glossy Tea Selection,breakroom supplies,segA,1.0,11.0,22.11,22.11,11.0,11.11,8/25/2026,,,,,,,,
5957,8/24/2026,283.0,,Polished Facilities of Lakeridge,10.0,Pristine 2-Ply Toilet Paper,paper & tissue,segA,25.0,26.0,35.1,877.5,650.0,227.5,25/08/2026,,,,,,,,
5958,8/24/2026,286.0,,Bright Suppliers of Harborfield,114.0,Glossy Recycled Paper,copy paper,segB,1.0,54.0,91.8,91.8,54.0,37.8,8/25/2026,,,,,,,,
5959,24/08/2026,291.0,,Radiant Maintainers of Harborhaven,4.0,Bright Bathroom Tissue,paper & tissue,segA,1.0,26.0,35.88,35.88,26.0,9.88,8/25/2026,,,,,,,,
5960,8/21/2026,305.0,,Bright Janitors of Foresthaven,102.0,Sleek Resume Paper,copy paper,segB,1.0,26.0,41.34,102.06,26.0,15.34,24/08/2026,,,,,,,,
5961,8/21/2026,306.0,,Sparkling Maintainer sof Cedarwood,46.0,Spotless Desk Organizers,office products,segB,1.0,33.0,49.5,49.5,33.0,16.5,8/24/2026,,,,,,,,
5962,8/21/2026,313.0,,Radiant Facilities of Baydale,76.0,ImmaculateG ranola Bars,breakroom supplies,segA,3.0,10.0,17.1,51.3,30.0,21.3,8/24/2026,,,,,,,,
5963,8/21/2026,317.0,,Fresh Sanitizers of Mountridge,26.0,Radiant Sticky Notes,office products,segB,1.0,34.0,52.7,52.7,63.0,18.7,8/24/2026,,,,,,,,
5964,8/21/2026,321.0,,Sleek Proviedrs of Graniteport,8.0,Bright Party Napkins,paper & tissue,segA,2.0,50.0,74.5,149.0,100.0,49.0,8/31/2026,,,,,,,,
5965,8/21/2026,324.0,,Sparkling Sanitizers of Forestdale,106.0,Sleek Resume Paper,copy paper,segB,15.0,48.0,69.12,1036.8,720.0,316.8,8/24/2026,,,,,,,,
5966,21/08/2026,326.0,,Dazzling Providers of Mountton,52.0,Spotless Air Freshener,cleaning supplies,segA,2.0,49.0,91.63,183.26,98.0,85.26,8/24/2026,,,,,,,,
5967,8/21/2026,329.0,,Polished Cleaners of Riverdale,74.0,Pristine Energy Drinks,,  segB ,1.0,15.0,29.25,29.25,15.0,14.25,8/24/2026,,,,,,,,
5968,8/20/2026,334.0,,Pristine Wholesalers of Gardenridge,87.0,Glossy Tea Selection,breakroom supplies,segA,7.0,11.0,22.99,160.93,77.0,37.8,9/4/2026,,,,,,,,
5969,8/20/2026,339.0,,Fresh Facilities of Forestville,30.0,Immaculate Markers,,segA,3.0,28.0,44.8,134.4,84.0,50.4,8/21/2026,,,,,,,,
5970,8/20/2026,340.0,,Dazzling Wholesalers of Riverdale,67.0,Sleek Citrus Cleaner,cleaning supplies,seCg,4.0,39.0,74.1,296.4,63.0,140.4,8/21/2026,,,,,,,,
5971,8/20/2026,343.0,,Dazzling Janitors of Forestburg,36.0,Glossy Staplers,office products,segA,3.0,50.0,51.29707511896669,240.0,150.0,90.0,8/21/2026,,,,,,,,
5972,8/20/2026,346.0,,Sleek Maintainers of Graniteville,12.0,Immaculate Roll Paper Towels,paper & tissue,segB,1.0,44.0,63.36,63.36,44.0,19.36,8/21/2026,,,,,,,,
5973,8/20/2026,350.0,,Dazzling Servicers of Forestridge,53.0,Glossy Glass Cleaner,cleaning supplies,segA,1.0,36.0,62.64,62.64,36.0,26.64,8/21/2026,,,,,,,,
5974,8/20/2026,350.0,,,93.0,Gleaming Microwave Popcorn,breakroom supplies,segA,1.0,20.0,36.6,36.6,20.0,16.6,8/21/2026,,,,,,,,
5975,8/20/2026,353.0,,Sparkling Suppliers of Gardenfield,68.0,Dazzling Disinfectant Wipes,cleaning supplies,segA,2.0,54.0,99.36,198.72,108.0,90.72,21/08/2026,,,,,,,,
5976,8/20/2026,354.0,,Sparkling Sanitizers of Forestdale,53.0,Glossy Glass Cleaner,cleaning supplies,segA,38.0,36.0,51.29707511896669,2530.8,1368.0,1162.8,8/21/2026,,,,,,,,
5977,8/20/2026,356.0,,Dazzling Suppliers of Graniteton,43.0,Fresh File Folders,office products,segC,1.0,50.0,70.0,70.0,50.0,20.0,8/21/2026,,,,,,,,
5978,8/20/2026,358.0,,Immaculate Suppliers of Riverburg,29.0,Dazzling Paper Clips,office products,segA,1.0,37.0,55.13,55.13,37.0,18.13,8/21/2026,,,,,,,,
5979,8/20/2026,358.0,,Immaculate Suppliers of Riverburg,67.0,Sleek Citrus Cleaner,cleaning supplies,segA,1.0,39.0,73.71,73.71,39.0,34.71,8/21/2026,,,,,,,,
5980,8/19/2026,363.0,,Dazzling Custodians of Lakehaven,116.0,Immaculate Legal Size Paper,copy paper,segB,4.0,59.0,95.58,382.32,236.0,146.32,8/20/2026,,,,,,,,
5981,8/19/2026,370.0,,Spotless Servicers of Forestfield,106.0,Sleek Resume Paper,copy paper,segA,2.0,48.0,68.16,954.24,672.0,282.24,8/27/2026,,,,,,,,
5982,8/18/2026,386.0,,Sparkling Janitors of Mountridge,23.0,Dazzling Roll Paper Towels,paper & tissue,segA,9.0,40.0,55.2,496.8,360.0,136.8,8/19/2026,,,,,,,,
5983,8/18/2026,389.0,,Glossy Stewards of Granitewood,107.0,Radiant Glossy Photo Paper,copy paper,segB,2.0,58.0,96.86,193.72,116.0,77.72,8/19/2026,,,,,,,,
5984,8/18/2026,393.0,,Spotless Cleaners of Forestburg,25.0,Dazzling Binder Clips,office products,seAg,3.0,45.0,63.0,189.0,135.0,54.0,9/2/2026,,,,,,,,
5985,8/18/2026,394.0,,Fresh Maintainers of Valleyville,8.0,Bright Party Napkins,paper & tissue,sgeD,1.0,50.0,80.5,80.5,50.0,30.5,8/19/2026,,,,,,,,
5986,8/18/2026,394.0,,Fresh Maintainers of Valleyville,70.0,Sleek Air Freshener,cleaning supplies,segD,1.0,33.0,61.05,61.05,33.0,28.05,8/19/2026,,,,,,,,
5987,8/18/2026,394.0,,Fresh Maintainers of Valleyville,102.0,Sleek Resume Paper,copy paper,segA,10.0,26.0,32.76,327.6,260.0,67.6,8/19/2026,,,,,,,,
5988,8/18/2026,395.0,,Sparkling Suppliers of Harborwood,2.0,Glossy Party Napkins,paper & tissue,segC,1.0,29.0,45.82,45.82,29.0,16.82,,,,,,,,,
5989,8/18/2026,395.0,,Sparkling Suppliers of Harborwood,43.0,Fresh File Folders,office products,segA,3.0,50.0,65.5,196.5,63.0,46.5,8/19/2026,,,,,,,,
5990,8/18/2026,399.0,,Immaculate Cleaners of Valleyridge,22.0,Sparkling Pocket Tissues,paper & tissue,segA,14.0,41.0,56.58,792.12,574.0,37.8,8/26/2026,,,,,,,,
5991,8/18/2026,400.0,,  Sparkling Facilities of Valleyburg ,39.0,Immaculate Sticky Notes,office products,segA,2.0,34.0,44.2,88.4,68.0,37.8,,,,,,,,,
5992,8/18/2026,401.0,,Sleek Providers of Lakeville,18.0,Pristine Lunch Napkins,paper & tissue,segA,1.0,20.0,27.6,27.6,20.0,7.6,8/19/2026,,,,,,,,
5993,8/18/2026,407.0,,Spotless Custodians of Forestfield,44.0,Gleaming Recycled Paper,office products,esgA,11.0,34.0,48.28,531.08,374.0,157.08,8/19/2026,,,,,,,,
5994,8/18/2026,407.0,,Spotless Custodians of Forestfield,67.0,Sleek Citrus Cleaner,cleaning supplies,segA,7.0,39.0,68.25,102.06,273.0,204.75,8/19/2026,,,,,,,,
5995,8/17/2026,409.0,,Spotless Cleaners of Valleyridge,44.0,Gleaming Recycled Paper,,segA,3.0,34.0,48.96,146.88,102.0,44.88,8/18/2026,,,,,,,,
5996,8/17/2026,412.0,,Bright Providers of Baycrest,44.0,Gleaming Recycled Paper,office products,segB,1.0,34.0,56.44,56.44,34.0,22.44,8/25/2026,,,,,,,,
5997,8/17/2026,426.0,,Dazzling Keepers of Canyonfield,91.0,Glossy Microwave Popcorn,breakroom supplies,segA,2.0,29.0,60.9,121.8,58.0,63.8,8/18/2026,,,,,,,,
5998,8/17/2026,428.0,,Immaculate Suppliers of Riverburg,26.0,  Radiant Sticky Notes ,office products,segA,3.0,34.0,49.3,147.9,102.0,45.9,8/18/2026,,,,,,,,
5999,8/17/2026,428.0,,Immaculate Suppliers of Riverburg,61.0,  Pristine Degreaser ,cleaning supplies,segA,2.0,50.0,88.0,176.0,100.0,76.0,8/18/2026,,,,,,,,
6000,8/17/2026,434.0,,Sleek Sanitizers of Mounthaven,62.0,Glossy Air Freshener,cleaning supplies,segB,2.0,20.0,34.8,69.6,40.0,29.6,8/18/2026,,,,,,,,
6001,8/17/2026,434.0,,Sleek Sanitizers of Mounthaven,118.0,Sparkling Cardstock,copy paper,segA,5.0,37.0,50.32,251.6,185.0,66.6,8/18/2026,,,,,,,,
6002,8/14/2026,436.0,,Sparkling Maintainers of Cedarwood,4.0,Bright Bathroom Tissue,paper & tissue,segA,2.0,26.0,38.74,77.48,52.0,25.48,8/24/2026,,,,,,,,
6004,8/14/2026,440.0,,Sparkling Wholesalers of Canyonfield,85.0,Sparkling Microwave Popcorn,breakroom supplies,segC,1.0,12.0,22.56,22.56,12.0,10.56,8/17/2026,,,,,,,,
6005,8/14/2026,449.0,,Sleek Stewards of Forestton,93.0,Gleaming Microwave Popcorn,breakroom supplies,segC,1.0,20.0,39.6,39.6,20.0,19.6,8/17/2026,,,,,,,,
6006,8/14/2026,452.0,,Immaculate Janitors of Gardenfield,60.0,Polished Degreaser,cleaning supplies,segA,1.0,26.0,46.54,46.54,26.0,20.54,8/17/2026,,,,,,,,
6007,8/14/2026,454.0,,,16.0,Dazzling Bathroom Tissue,paper & tissue,segA,6.0,42.0,57.12,342.72,252.0,90.72,8/17/2026,,,,,,,,
6008,8/14/2026,457.0,,Bright Keepers of Riverburg,97.0,Sparkling Legal Size Paper,copy paepr,segA,4.0,39.0,60.45,241.8,156.0,85.8,17/08/2026,,,,,,,,
6009,8/14/2026,465.0,,Gleaming Wholesalers of Graniteburg,86.0,Dazzling Instant Soups,breakroom supplies,segA,12.0,16.0,31.52,378.24,192.0,186.24,8/17/2026,,,,,,,,
6010,8/13/2026,478.0,,Glossy Suppliers of Maplefield,64.0,Bright Glass Cleaner,cleaning supplies,segA,3.0,32.0,51.29707511896669,102.06,96.0,72.0,14/08/2026,,,,,,,,
6011,8/13/2026,478.0,,Glossy Suppliers of Maplefield,89.0,Sparkling Disposable Cups,breakroom supplies,segA,2.0,21.0,42.63,85.26,42.0,43.26,8/14/2026,,,,,,,,
6012,8/13/2026,479.0,,Pristine Maintainers of Gardenridge,43.0,Fresh File Folders,office products,segA,3.0,50.0,67.0,201.0,150.0,51.0,8/21/2026,,,,,,,,
6013,8/13/2026,498.0,,Dazzling Wholesalers of Valleyburg,51.0,Bright Glass Cleaner,cleaning supplies,segB,1.0,26.0,45.5,45.5,26.0,19.5,8/14/2026,,,,,,,,
6014,8/13/2026,501.0,,Gleaming Wholesalers of Graniteburg,50.0,Bright Glass Cleaner,cleaning supplies,segA,8.0,23.0,39.56,316.48,184.0,132.48,8/21/2026,,,,,,,,
6015,8/12/2026,502.0,,Dazzling Custodians of Lakehaven,17.0,Glossy Lunch Napkins,paper & tissue,segA,9.0,32.344897959183676,42.16,379.44,279.0,100.44,8/13/2026,,,,,,,,
6016,8/12/2026,502.0,,Dazzling Custodians of Lakehaven,76.0,Immaculate Granola Bars,breakroom supplies,segA,106.0,10.0,15.0,1590.0,1060.0,530.0,8/13/2026,,,,,,,,
6017,12/8/2026,503.0,,Spotless Janitors of Bayville,92.0,Glossy Instant Soups,breakroom supplies,segA,2.0,24.0,50.4,100.8,48.0,52.8,8/13/2026,,,,,,,,
6018,8/12/2026,508.0,,Glossy Maintainers of Cedarville,112.0,Sparkling Letter Size Paper,copy paper,segB,7.0,46.0,66.24,463.68,322.0,141.68,13/08/2026,,,,,,,,
6019,8/12/2026,513.0,,Bright Maintainers of Mountridge,27.0,Sparkling Sticky Notes,office products,segA,25.0,43.0,51.17,1279.25,1075.0,204.25,8/13/2026,,,,,,,,
6020,8/12/2026,514.0,,Sleek Custodian sof Mapleburg,83.0,Spotless Energy Drinks,breakroom supplies,segA,1.0,26.0,52.52,52.52,26.0,26.52,8/13/2026,,,,,,,,
6021,8/12/2026,518.0,,Radiant Facilities of Baydale,82.0,Pristine Granola Bars,breakroom supplies,segA,4.0,26.0,45.76,183.04,104.0,37.8,8/13/2026,,,,,,,,
6022,8/12/2026,522.0,,Sleek Providers of Graniteport,94.0,Pristine Instant Soups,breakroom supplies,segC,1.0,7.0,13.09,13.09,7.0,6.09,8/13/2026,,,,,,,,
6024,8/12/2026,523.0,,Bright Keepers of Riverburg,28.0,Immaculate Binder Clips,office products,segA,3.0,29.0,38.57,115.71,87.0,28.71,8/13/2026,,,,,,,,
6025,12/8/2026,524.0,,Bright Maintainers of Lakeville,3.0,Sparkling Party Napkins,paper & tissue,segA,15.0,21.0,30.24,453.6,315.0,138.6,8/13/2026,,,,,,,,
6026,8/12/2026,524.0,,Bright Maintainers of Lakeville,30.0,Immaculate Markers,office products,segA,8.0,28.0,44.24,353.92,224.0,129.92,8/13/2026,,,,,,,,
6027,8/12/2026,528.0,,Sleek Stewards of Mapleburg,7.0,Gleaming Bathroom Tissue,paper & tissue,segA,6.0,16.0,23.2,139.2,96.0,43.2,8/13/2026,,,,,,,,
6028,8/11/2026,529.0,,Spotless Cleaners of Valleyridge,19.0,Fresh Party Napkins,paper & tissue,  segB ,1.0,45.0,66.15,66.15,45.0,21.15,8/12/2026,,,,,,,,
6029,8/11/2026,530.0,,Pristine Custodians of Bayton,30.0,Immaculate Markers,office products,segC,1.0,28.0,39.48,39.48,28.0,11.48,8/12/2026,,,,,,,,
6030,8/11/2026,537.0,,Immaculate Janitors of Forestport,41.0,Dazzling File Folders,office products,segA,2.0,46.0,63.48,126.96,92.0,34.96,8/12/2026,,,,,,,,
6031,8/11/2026,540.0,,Spotless Suppliers of Canyoncrest,101.0,Radiant Colored Paper,copy paper,segA,18.0,60.0,90.6,1630.8,1080.0,550.8,8/12/2026,,,,,,,,
6032,8/11/2026,543.0,,Sparkling Providers of Bayton,25.0,Dazzling Binder Clips,  office products ,segA,6.0,45.0,51.75,310.5,270.0,40.5,8/12/2026,,,,,,,,
6033,8/11/2026,545.0,,Spotless Cleaners of Lakefield,100.0,Dazzling Legal Size Paper,copy paper,segA,28.0,24.0,35.52,994.56,672.0,322.56,8/19/2026,,,,,,,,
6034,8/11/2026,545.0,,Spotless Cleaners of Lakefield,108.0,Dazzling Cardstock,copy paper,segA,15.0,21.0,29.19,437.85,315.0,122.85,8/19/2026,,,,,,,,
6035,8/11/2026,548.0,,Dazzling Providers of Mountton,32.0,Bright Desk Organizers,office products,segA,5.0,44.0,57.64,288.2,220.0,68.2,12/8/2026,,,,,,,,
6036,8/11/2026,551.0,,Polished Custodians of Graniteburg,103.0,Spotless Colored Paper,copy paper,segA,33.0,45.0,50.4,1663.2,1485.0,178.2,8/12/2026,,,,,,,,
6037,8/11/2026,552.0,,Immaculate Suppliers of Mapleburg,93.0,Gleaming Microwave Popcorn,breakroom supplies,segA,163.0,20.0,30.0,4890.0,3260.0,1630.0,8/12/2026,,,,,,,,
6038,8/10/2026,557.0,,Dazzling Stewards of Rivercrest,53.0,Glossy Glass Cleaner,cleaning supplies,segA,2.0,36.0,64.8,129.6,72.0,57.6,8/11/2026,,,,,,,,
6039,8/10/2026,557.0,,Dazzling Stewards of Rivercrest,63.0,Polished Glass Cleaner,cleaning supplies,segA,1.0,42.0,71.4,71.4,42.0,29.4,8/11/2026,,,,,,,,
6040,8/10/2026,562.0,,Glossy Suppliers of Maplefield,95.0,Bright Disposable Cups,breakroom supplies,segA,1.0,13.0,27.69,27.69,13.0,14.69,8/25/2026,,,,,,,,
6041,8/10/2026,567.0,,Polished Facilities of Lakeridge,104.0,Gleaming Glossy Photo Paper,copy paper,segB,13.0,52.0,83.72,1088.36,676.0,412.36,8/11/2026,,,,,,,,
6042,8/10/2026,568.0,,Immaculate Stewards of Baydale,82.0,Pristine Granola Bars,breakroom supplies,segA,1.0,26.0,50.7,50.7,26.0,24.7,11/8/2026,,,,,,,,
6043,8/10/2026,570.0,,Pristine Cleaners of Valleyhaven,23.0,Dazzling Roll Paper Towels,paper & tissue,segA,2.0,40.0,54.4,102.06,80.0,28.8,8/25/2026,,,,,,,,
6044,8/10/2026,573.0,,Sparkling Suppliers of Gardenfield,107.0,Radiant Glossy Photo Paper,copy paper,segD,1.0,58.0,96.86,96.86,58.0,38.86,8/11/2026,,,,,,,,
6045,8/10/2026,574.0,,Dazzling Custodians of Canyonton,69.0,Gleaming Degreaser,cleaning supplies,segC,2.0,27.0,52.65,52.65,27.0,25.65,8/11/2026,,,,,,,,
6046,8/10/2026,575.0,,Bright Cleaners of Forestridge,29.0,Dazzling Paper Clips,office products,segA,2.0,37.0,53.65,107.3,74.0,33.3,8/25/2026,,,,,,,,
6047,8/10/2026,576.0,,Glossy Suppliers of Cedarport,45.0,Immaculate Staplers,office products,segA,2.0,50.0,65.0,130.0,100.0,30.0,8/11/2026,,,,,,,,
6048,8/7/2026,582.0,,Dazzling Janitors of Forestburg,78.0,Glossy Creamers,breakroom supplies,segA,1.0,27.0,55.89,55.89,27.0,28.89,8/17/2026,,,,,,,,
6049,8/7/2026,583.0,,Sleek Cleaners of Harborcrest,44.0,Gleaming Recycled Paper,office products,segA,6.0,34.0,46.24,277.44,204.0,73.44,8/10/2026,,,,,,,,
6050,8/7/2026,583.0,,Sleek Cleaners of Harborcrest,70.0,Sleek Air Freshener,cleaning supplies,segA,3.0,33.0,61.71,185.13,99.0,86.13,8/10/2026,,,,,,,,
6051,8/7/2026,585.0,,Polished Providers of Harborburg,53.0,  Glossy Glass Cleaner ,cleaning supplies,segD,1.0,36.0,66.96,66.96,36.0,30.96,8/10/2026,,,,,,,,
6052,8/7/2026,586.0,,Bright Janitors of Canyonport,55.0,Spotless Floor Cleaner,cleaning supplies,segB,1.0,29.0,49.88,49.88,29.0,20.88,8/10/2026,,,,,,,,
6053,8/7/2026,588.0,,Pristine Maintainers of Gardenridge,26.0,Radiant Sticky Notes,office products,seAg,3.0,34.0,49.3,147.9,102.0,45.9,8/10/2026,,,,,,,,
6054,8/7/2026,590.0,,Spotless Keepers of Riverwood,7.0,Gleaming Bathroom Tissue,paper & tissue,segA,3.0,16.0,22.4,67.2,63.0,19.2,8/10/2026,,,,,,,,
6055,8/7/2026,592.0,,Spotless Servicers of Valleywood,36.0,Glossy Staplers,office products,segA,2.0,50.0,76.0,152.0,100.0,52.0,8/10/2026,,,,,,,,
6056,8/13/2026,,,Sparkling Sanitizers of Forestdale,77.0,Sleek Disposable Cups,breakroom supplies,segA,34.0,25.0,45.5,1547.0,850.0,697.0,8/14/2026,,,,,,,,
6057,8/11/2026,,,Dazzling Providers of Mountton,76.0,Immaculate Granola Bars,breakroom supplies,segA,1.0,10.0,19.6,19.6,10.0,9.6,8/12/2026,,,,,,,,
6058,8/7/2026,,,Fresh Custodians of Graniteton,32.0,Bright Desk Organizers,office products,segA,87.0,44.0,63.8,5550.6,3828.0,1722.6,8/10/2026,,,,,,,,
