order_date,invoice_no,customer_id,customer,product_id,product,category,segment,quantity,unit_cost,unit_price,revenue,cost,margin,ship_date,,,,,,,,
8/28/2026,134,1,Sleek Keepers of Canyonton,3,Sparkling Party Napkins,paper & tissue,esgB,1,21,30.45,30.45,21,9.45,8/31/2026,,,,,,,,
8/28/2026,134,1,Sleek Keepers of Canyonton,10,Pristine 2-Ply Toilet Paper,paper & tissue,segB,2,26,36.92,73.84,52,21.84,8/31/2026,,,,,,,,
8/28/2026,134,1,Sleek Keepers of Canyonton,15,Sparkling 2-Ply Toilet Paper,paper & tissue,segB,1,43,66.22,66.22,43,23.22,8/31/2026,,,,,,,,
8/28/2026,134,1,Sleek Keepers of Canyonton,27,Sparkling Sticky Notes,office products,segB,1,43,68.8,68.8,43,25.8,8/31/2026,,,,,,,,
8/28/2026,134,1,Sleek Keepers of Canyonton,34,Radiant Staplers,office products,segB,2,24,34.32,68.64,48,20.64,8/31/2026,,,,,,,,
8/28/2026,134,1,Sleek Keepers of Canyonton,97,Sparkling Legal Size Paper,copy paper,segB,1,39,66.3,66.3,39,27.3,8/31/2026,,,,,,,,
8/28/2026,134,1,Sleek Keepers of Canyonton,107,Radiant Glossy Photo Paper,copy paper,segB,1,58,94.54,94.54,58,36.54,8/31/2026,,,,,,,,
8/13/2026,466,1,Sleek Keepers of Canyonton,8,Bright Party Napkins,paper & tissue,segB,1,50,70.5,70.5,50,20.5,8/14/2026,,,,,,,,
8/13/2026,466,1,Sleek Keepers of Canyonton,10,Pristine 2-Ply Toilet Paper,paper & tissue,segB,2,26,36.92,73.84,52,21.84,14/08/2026,,,,,,,,
8/13/2026,466,1,Sleek Keepers of Canyonton,15,,paper & tissue,segB,1,43,66.22,66.22,43,23.22,8/14/2026,,,,,,,,
8/13/2026,466,1,Sleek Keepers of Canyonton,27,Sparkling Sticky Notes,office products,segB,,43,68.8,,43,25.8,8/14/2026,,,,,,,,
8/13/2026,466,1,Sleek Keepers of Canyonton,103,Spotless Colored Paper,copy paper,segB,,45,65.7,,45,20.7,8/14/2026,,,,,,,,
8/13/2026,466,1,  Sleek Keepers of Canyonton ,107,Radiant Glossy Photo Paper,copy paper,  segB ,2,58,94.54,189.08,116,73.08,8/14/2026,,,,,,,,
8/13/2026,466,1,Sleek Keepers of Canyonton,,Glossy Recycled Paper,copy paper,segB,21,54,69.12,1451.52,1134,317.52,8/14/2026,,,,,,,,
8/13/2026,,1,Sleek Keepers of Canyonton,,Polished Recycled Paper,  copy paper ,segB,1,36,55.8,55.8,36,19.8,8/14/2026,,,,,,,,
8/25/2026,238,2,Radiant Providers of Laketon,50,,cleaning supplies,segB,1,23,44.16,44.16,23,21.16,9/2/2026,,,,,,,,
8/25/2026,238,2,Radiant Providers of Laketon,52,Spotless Air Freshener,cleaning supplies,segB,1,49,93.1,93.1,49,44.1,9/2/2026,,,,,,,,
8/25/2026,238,2,Radiant Providers of Laketon,69,Gleaming Degreaser,cleaning supplies,segB,1,27,51.03,51.03,27,24.03,9/2/2026,,,,,,,,
8/25/2026,238,2,Radiant Providers of Laketon,,Spotless Glass Cleaner,cleaning supplies,segB,1,31,59.52,59.52,31,28.52,9/2/2026,,,,,,,,
8/25/2026,238,2,Radiant Providers of Laketon,,Glossy Recycled Paper,copy paper,segD,1,54,84.78,84.78,54,,9/2/2026,,,,,,,,
8/25/2026,239,3,Gleaming Providers of Foresthaven,32,Bright Desk Organizers,office products,segA,2,44,58.52,117.04,88,29.04,8/26/2026,,,,,,,,
8/25/2026,239,3,Gleaming Providers of Foresthaven,36,Glossy Staplers,office products,  segA ,1,50,77.5,77.5,50,27.5,8/26/2026,,,,,,,,
8/25/2026,239,3,Gleaming Providers of Foresthaven,39,Immaculate Sticky Notes,office products,segA,2,34,45.56,91.12,68,23.12,8/26/2026,,,,,,,,
8/25/2026,239,3,Gleaming Providers of Foresthaven,58,Spotless Floor Cleaner,cleaning supplies,segD,1,31,61.07,61.07,31,30.07,8/26/2026,,,,,,,,
8/25/2026,239,3,Gleaming Providers of Foresthaven,83,Spotless Energy Drinks,breakroom supplies,segA,1,26,55.12,55.12,26,29.12,8/26/2026,,,,,,,,
8/25/2026,239,3,Gleaming Providers of Foresthaven,93,Gleaming Microwave Popcorn,breakroom supplies,segA,1,20,34.8,,20,14.8,8/26/2026,,,,,,,,
8/25/2026,239,3,Gleaming Providers of Foresthaven,96,Dazzling Disposable Cups,,segA,1,19,36.1,36.1,19,17.1,8/26/2026,,,,,,,,
8/25/2026,239,3,  Gleaming Providers of Foresthaven ,104,Gleaming Glossy Photo Paper,copy paper,segB,1,52,81.64,81.64,52,29.64,8/26/2026,,,,,,,,
8/21/2026,300,3,Gleaming Providers of Foresthaven,33,,office products,segA,4,26,35.62,142.48,104,38.48,8/24/2026,,,,,,,,
8/21/2026,300,3,Gleaming Providers of Foresthaven,78,Glossy Creamers,breakroom supplies,segA,1,27,,56.7,27,29.7,8/24/2026,,,,,,,,
8/21/2026,300,3,Gleaming Providers of Foresthaven,83,Spotless Energy Drinks,breakroom supplies,segA,1,26,55.12,55.12,26,29.12,8/24/2026,,,,,,,,
8/21/2026,300,3,Gleaming Providers of Foresthaven,93,Gleaming Microwave Popcorn,breakroom supplies,segA,1,20,34.8,34.8,20,14.8,24/08/2026,,,,,,,,
8/21/2026,300,3,Gleaming Providers of Foresthaven,107,Radiant Glossy Photo Paper,copy paper,segB,2,58,85.84,,116,,8/24/2026,,,,,,,,
8/19/2026,362,3,Gleaming Providers of Foresthaven,26,Radiant Sticky Notes,office products,segA,1,34,47.26,47.26,34,13.26,8/27/2026,,,,,,,,
8/19/2026,362,3,Gleaming Providers of Foresthaven,32,Bright Desk Organizers,office products,segA,1,44,58.52,58.52,44,14.52,8/27/2026,,,,,,,,
8/19/2026,362,3,Gleaming Providers of Foresthaven,33,Dazzling File Folders,office products,segA,4,26,35.62,142.48,,38.48,8/27/2026,,,,,,,,
8/19/2026,362,3,Gleaming Providers of Foresthaven,34,Radiant Staplers,office products,segA,50,24,29.28,1464,1200,264,8/27/2026,,,,,,,,
8/19/2026,362,3,Gleaming Providers of Foresthaven,36,Glossy Staplers,office products,segA,2,50,77.5,155,100,55,8/27/2026,,,,,,,,
8/19/2026,362,3,Gleaming Providers of Foresthaven,40,Immaculate Markers,office products,segA,3,34,44.2,132.6,102,30.6,8/27/2026,,,,,,,,
8/19/2026,362,3,Gleaming Providers of Foresthaven,77,,breakroom supplies,esgA,1,,50.5,50.5,25,25.5,8/27/2026,,,,,,,,
8/19/2026,362,3,Gleaming Providers of Foresthaven,96,Dazzling Disposable Cups,breakroom supplies,segA,1,19,36.1,36.1,19,17.1,8/27/2026,,,,,,,,
8/19/2026,362,3,Gleaming Providers of Foresthaven,103,Spotless Colored Paper,copy paper,segB,1,45,,66.15,45,21.15,8/27/2026,,,,,,,,
8/25/2026,,3,Gleaming Providers of Foresthaven,40,Immaculate Markers,office products,segA,4,34,,176.8,136,40.8,8/26/2026,,,,,,,,
8/25/2026,,3,Gleaming Providers of Foresthaven,57,Glossy All-Purpose Cleaner,cleaning supplies,,1,51,98.94,98.94,51,47.94,8/26/2026,,,,,,,,
9/3/2026,26,4,Dazzling Cleaners of Cedarfield,52,Spotless Air Frsehener,cleaning supplies,segA,3,49,81.83,245.49,147,98.49,9/18/2026,,,,,,,,
9/3/2026,26,4,Dazzling Cleaners of Cedarfield,63,Polished Glass Cleaner,cleaning supplies,segA,1,42,78.96,78.96,42,36.96,9/18/2026,,,,,,,,
9/3/2026,26,4,Dazzling Cleaners of Cedarfield,72,Gleaming Glass Cleaner,cleaning supplies,segA,1,23,39.56,39.56,23,16.56,9/18/2026,,,,,,,,
9/3/2026,26,4,Dazzling Cleaners of Cedarfield,75,Fresh Microwave Popcorn,breakroom supplies,segC,1,18,35.28,35.28,18,17.28,9/18/2026,,,,,,,,
9/3/2026,26,4,Dazzling Cleaners of Cedarfield,106,Sleek Resume Paper,copy paper,segA,4,48,69.12,276.48,192,,9/18/2026,,,,,,,,
9/3/2026,26,4,Dazzling Cleaners of Cedarfield,108,Dazzling Cardstock,copy paper,segA,3,21,32.97,98.91,63,35.91,9/18/2026,,,,,,,,
9/3/2026,26,4,Dazzling Cleaners of Cedarfield,113,Polished Recycled Paper,copy paper,segA,5,36,55.8,279,180,99,9/18/2026,,,,,,,,
9/3/2026,26,4,Dazzling Cleaners of Cedarfield,115,Polished Glossy Photo Paper,copy paper,segA,6,59,92.04,552.24,354,198.24,9/18/2026,,,,,,,,
9/3/2026,26,4,Dazzling Cleaners of Cedarfield,119,Immaculate Letter Size Paper,copy paper,segA,4,44,60.72,242.88,176,66.88,9/18/2026,,,,,,,,
9/3/2026,,4,Dazzling Cleaners of Cedarfield,105,Pristine Graph Paper,copy paper,segA,6,52,82.16,492.96,312,180.96,9/18/2026,,,,,,,,
9/1/2026,76,5,Dazzling Cleaners of Cedarfield,1,Sleek Party Napkins,paper & tissue,,1,29,37.7,37.7,29,8.7,9/2/2026,,,,,,,,
9/1/2026,76,5,Dazzling Cleaners of Cedarfield,4,Bright Bathroom Tissue,paper & tissue,segA,3,26,35.1,105.3,78,27.3,9/2/2026,,,,,,,,
9/1/2026,76,5,Radiant Stewards of Cedarton,7,Gleaming Bathroom Tissue,paper & tissue,segA,3,16,23.68,71.04,48,23.04,,,,,,,,,
1/9/2026,76,5,Radiant Stewards of Cedarton,8,Bright Party Napkins,paper & tissue,segA,,50,67.5,67.5,50,17.5,9/2/2026,,,,,,,,
9/1/2026,76,5,Radiant Stewards of Cedarton,11,,paper & tissue,segA,2,21,28.77,57.54,42,15.54,9/2/2026,,,,,,,,
9/1/2026,76,5,Radiant Stewards of Cedarton,12,Immaculate Roll Paper Towels,paper & tissue,segA,2,44,65.12,,88,42.24,9/2/2026,,,,,,,,
9/1/2026,76,5,Radiant Stewards of Cedarton,13,Pristine Party Napkins,paper & tissue,segA,3,45,64.8,194.4,135,59.4,9/2/2026,,,,,,,,
1/9/2026,76,5,Radiant Stewards of Cedarton,22,Sparkling Pocket Tissues,paper & tissue,segA,4,41,57.4,229.6,164,65.6,9/2/2026,,,,,,,,
9/1/2026,76,5,Radiant Stewards of Cedarton,58,Spotless Floor Cleaner,cleaning supplies,segD,1,31,65.41,65.41,31,,9/2/2026,,,,,,,,
9/1/2026,76,5,Radiant Stewards of Cedarton,84,Sparkling Creamers,breakroom supplies,segD,1,18,41.94,41.94,18,23.94,9/2/2026,,,,,,,,
9/1/2026,,5,Radiant Stewards of Cedarton,10,Pristine 2-Ply Toilet Paper,paper & tissue,segA,4,26,34.32,137.28,104,33.28,9/2/2026,,,,,,,,
8/31/2026,102,6,Spotless Janitors of Mountfield,34,Radiant Staplers,office products,segA,2,,34.08,68.16,48,20.16,9/1/2026,,,,,,,,
8/31/2026,102,6,Spotless Janitors of Mountfield,41,Dazzling File Folders,office products,segA,3,46,70.84,212.52,138,74.52,9/1/2026,,,,,,,,
8/31/2026,102,6,Spotless Janitors of Mountfield,43,Fresh File Folders,office products,,2,50,66,132,100,32,9/1/2026,,,,,,,,
9/1/2026,77,8,Spotless Custodians of Cedarwood,24,Sparkling Pocket Tissues,paper & tissue,segD,1,18,28.44,28.44,18,10.44,,,,,,,,,
9/1/2026,77,8,Spotless Custodians of Cedarwood,27,Sparkling Sticky Notes,office products,segC,1,,63.21,,43,20.21,9/16/2026,,,,,,,,
1/9/2026,77,8,Spotless Custodians of Cedarwood,78,Glossy Creamers,breakroom supplies,segA,7,27,49.68,347.76,189,158.76,,,,,,,,,
8/28/2026,135,8,Spotless Custodians of Cedarwood,66,Radiant Glass Cleaner,cleaning supplies,segD,1,21,44.31,44.31,21,23.31,8/31/2026,,,,,,,,
8/28/2026,135,8,Spotless Custodians of Cedarwood,100,,copy paper,segC,1,24,36,36,24,12,8/31/2026,,,,,,,,
8/28/2026,135,8,Spotless Custodians of Cedarwood,106,Sleek Resume Paper,copy paper,segC,3,48,73.92,221.76,144,77.76,8/31/2026,,,,,,,,
8/21/2026,301,8,Spotless Custodians of Cedarwood,26,Radiant Sticky Notes,office products,segC,2,34,54.4,108.8,68,40.8,8/24/2026,,,,,,,,
8/21/2026,301,8,Spotless Custodians of Cedarwood,43,Fresh File Folders,office products,segC,5,50,78.5,392.5,250,142.5,8/24/2026,,,,,,,,
8/21/2026,301,8,Spotless Custodians of Cedarwood,50,Bright Glass Cleaner,cleaning supplies,segD,1,23,43.47,43.47,23,20.47,8/24/2026,,,,,,,,
8/21/2026,301,8,Spotless Custodians of Cedarwood,75,,breakroom supplies,seAg,5,18,33.66,168.3,90,78.3,24/08/2026,,,,,,,,
8/21/2026,301,8,Spotless Custodians of Cedarwood,80,Spotless Instant Soups,breakroom supplies,segA,1,17,36.55,36.55,17,19.55,8/24/2026,,,,,,,,
8/21/2026,301,8,Spotless Custodians of Cedarwood,99,Glossy Letter Size Paper,  copy paper ,segC,3,57,,270.18,171,99.18,8/24/2026,,,,,,,,
8/21/2026,301,8,Spotless Custodians of Cedarwood,114,Glossy Recycled Paper,copy paper,segC,2,32,45.12,,64,26.24,8/24/2026,,,,,,,,
8/20/2026,334,9,Pristin eWholesalers of Gardenridge,76,Immaculate Granola Bars,breakroom supplies,  segA ,6,10,19.7,118.2,60,58.2,9/4/2026,,,,,,,,
8/20/2026,334,9,Pristine Wholesalers of Gardenridge,78,Glossy Creamers,breakroom supplies,segA,3,27,52.92,158.76,81,77.76,9/4/2026,,,,,,,,
8/20/2026,334,9,Pristine Wholesalers of Gardenridge,79,Immaculate Microwave Popcorn,breakroom supplies,  segA ,6,25,50.5,303,150,153,9/4/2026,,,,,,,,
,334,9,Pristine Wholesalers of Gardenridge,82,Pristine Granola Bars,breakroom supplies,segA,40,26,39,1560,1040,520,9/4/2026,,,,,,,,
,334,9,Pristine Wholesalers of Gardenridge,83,Spotless Energy Drinks,breakroom supplies,  segA ,3,26,47.58,142.74,78,64.74,9/4/2026,,,,,,,,
8/20/2026,334,9,Pristine Wholesalers of Gardenridge,84,Sparkling Creamers,breakroom supplies,segA,3,18,36.72,110.16,54,56.16,9/4/2026,,,,,,,,
8/20/2026,334,9,Pristine Wholesalers of Gardenridge,90,Dazzling Instant Soups,breakroom supplies,segA,3,24,45.84,137.52,72,65.52,9/4/2026,,,,,,,,
8/20/2026,334,9,Pristine Wholesalers of Gardenridge,92,Glossy Instant Soups,breakroom supplies,segA,9,24,49.92,449.28,216,233.28,9/4/2026,,,,,,,,
8/20/2026,334,9,Pristine Wholesalers of Gardenridge,93,Gleaming Microwave Popcorn,breakroom supplies,  segA ,4,20,39,156,80,76,9/4/2026,,,,,,,,
8/20/2026,334,9,Pristine Wholesalers of Gardenridge,96,Dazzling Disposable Cups,breakroom supplies,segA,9,19,37.05,333.45,171,162.45,9/4/2026,,,,,,,,
8/20/2026,334,9,Pristine Wholesalers of Gardenridge,104,Gleaming Glossy Photo Paper,,segC,5,,,392.6,260,132.6,9/4/2026,,,,,,,,
20/08/2026,334,9,Pristine Wholesalers of Gardenridge,106,Sleek Resume Paper,copy paper,  segC ,2,48,68.64,137.28,96,41.28,9/4/2026,,,,,,,,
8/20/2026,,9,Radiant Stewards of Cedarton,46,Spotless Desk Organizers,office products,segD,1,33,55.44,55.44,33,22.44,9/4/2026,,,,,,,,
9/3/2026,27,11,Sparkling Providers of Gardenwood,5,Polished Kitchen Towels,paper & tissue,segD,76,,50.4,3830.4,2660,1170.4,9/11/2026,,,,,,,,
9/3/2026,27,11,Sparkling Providers of Gardenwood,31,Polished Highlighters,office products,segA,6,17,24.82,148.92,102,46.92,9/11/2026,,,,,,,,
3/9/2026,27,11,Sparkling Providers of Gardenwood,37,Bright Recycled Paper,office products,segA,5,24,36.24,181.2,120,61.2,9/11/2026,,,,,,,,
9/3/2026,27,11,Sparkling Providers of Gardenwood,101,Radiant Colored Paper,copy paper,  segD ,1,60,109.8,109.8,60,49.8,9/11/2026,,,,,,,,
,173,11,Sparkling Providers of Gardenwood,37,Bright Recycled Paper,office products,segA,6,24,36.24,217.44,144,73.44,8/28/2026,,,,,,,,
8/27/2026,173,11,Sparkling Providers of Gardenwood,41,Dazzling File Folders,office products,segA,,46,59.8,1375.4,1058,317.4,8/28/2026,,,,,,,,
8/27/2026,173,11,Sparkling Providers of Gardenwood,43,Fresh File Folders,office producst,segA,9,50,73.5,661.5,450,211.5,8/28/2026,,,,,,,,
8/27/2026,173,11,Sparkling Providers of Gardenwood,67,Sleek Citrus Cleaner,cleaning supplies,segC,1,39,75.27,75.27,39,36.27,8/28/2026,,,,,,,,
9/3/2026,,11,Sparkling Providers of Gardenwood,32,Bright Desk Organizers,office products,segA,5,44,66.88,334.4,220,114.4,9/11/2026,,,,,,,,
9/3/2026,,11,Sparkling Providers of Gardenwood,46,,office products,segA,5,33,50.82,254.1,165,89.1,9/11/2026,,,,,,,,
9/2/2026,56,12,Dazzling Custodians of Lakehaven,3,Sparkling Party Napkins,paper & tissue,segA,7,21,29.19,204.33,147,57.33,9/3/2026,,,,,,,,
9/2/2026,56,12,Dazzling Custodians of Lakehaven,6,Pristine Bathroom Tissue,paper & tissue,segA,24,19,28.5,684,456,,9/3/2026,,,,,,,,
9/2/2026,56,12,Dazzling Custodians of Lakehaven,17,Glossy Lunch Napkins,paper & tissue,segA,10,31,42.16,421.6,310,111.6,9/3/2026,,,,,,,,
9/2/2026,56,12,Dazzling Custodians of Lakehaven,19,Fresh Party Napkins,paper & tissue,segA,17,45,65.25,1109.25,765,344.25,9/3/2026,,,,,,,,
9/2/2026,56,12,Dazzling Custodians of Lakehaven,20,Gleaming Roll Paper Towels,paper & tissue,segA,22,28,38.92,856.24,616,240.24,9/3/2026,,,,,,,,
9/2/2026,56,12,Dazzling Custodians of Lakehaven,21,,paper & tissue,segA,12,47,68.15,817.8,564,253.8,9/3/2026,,,,,,,,
9/2/2026,56,12,Dazzling Custodians of Lakehaven,43,Fresh File Folders,office products,segC,3,50,79.5,238.5,150,,3/9/2026,,,,,,,,
9/2/2026,56,12,Dazzling Custodians of Lakehaven,53,Glossy Glass Cleaner,cleaning supplies,segB,1,36,63.36,63.36,36,27.36,9/3/2026,,,,,,,,
9/2/2026,56,12,Dazzling Custodians of Lakehaven,,Glossy All-Purpose Cleaner,cleaning supplies,segB,1,51,93.84,93.84,51,42.84,9/3/2026,,,,,,,,
9/2/2026,56,12,Dazzling Custodians of Lakehaven,60,Polished Degreaser,cleaning supplies,seBg,2,26,47.58,95.16,52,43.16,9/3/2026,,,,,,,,
9/2/2026,56,12,Dazzling Custodians of Lakehaven,73,Spotless Creamers,breakroom supplies,segA,3,18,32.58,97.74,54,43.74,9/3/2026,,,,,,,,
2/9/2026,56,12,Dazzling Custodians of Lakehaven,77,Sleek Disposable Cups,breakroom supplies,  segA ,5,25,46.75,233.75,125,108.75,9/3/2026,,,,,,,,
9/2/2026,56,12,Dazzling Custodians of Lakehaven,78,Glossy Creamers,breakroom supplies,segA,6,27,46.44,278.64,162,116.64,9/3/2026,,,,,,,,
9/2/2026,56,12,Dazzling Custodians of Lakehaven,79,Immaculate Microwave Popcorn,breakroom supplies,segA,4,25,44.5,178,100,78,9/3/2026,,,,,,,,
9/2/2026,56,12,Dazzling Custodians of Lakehaven,85,Sparkling Microwave Popcorn,breakroom supplies,segA,108,12,18,1944,1296,648,3/9/2026,,,,,,,,
,56,12,  Dazzling Custodians of Lakehaven ,89,Sparkling Disposable Cups,breakroom supplies,segA,9,21,44.73,402.57,189,213.57,9/3/2026,,,,,,,,
9/2/2026,56,12,Dazzling Custodians of Lakehaven,92,  Glossy Instant Soups ,breakroom supplies,segA,96,24,36,3456,2304,,9/3/2026,,,,,,,,
2/9/2026,56,12,Dazzling Custodians of Lakehaven,94,Pristine Instant Soups,breakroom supplies,segA,7,7,13.72,96.04,49,47.04,9/3/2026,,,,,,,,
9/2/2026,56,12,Dazzling Custodians of Lakehaven,96,Dazzling Disposable Cups,breakroom supplies,segA,5,19,,168.15,95,73.15,9/3/2026,,,,,,,,
9/2/2026,56,12,Dazzling Custodians of Lakehaven,112,,copy paper,segB,,46,75.9,759,460,299,9/3/2026,,,,,,,,
9/2/2026,56,12,Dazzling Custodians of Lakehaven,6,Pristine Bathroom Tissue,paper & tissue,segA,24,19,28.5,684,456,,9/3/2026,,,,,,,,
8/28/2026,136,12,Dazzling Custodians of Lakehaven,2,Glossy Party Napkins,paper & tissue,segA,6,29,38.57,231.42,174,57.42,8/31/2026,,,,,,,,
8/28/2026,136,12,Dazzling Custodians of Lakehaven,6,Pristine Bathroom Tissue,paper & tissue,segA,14,19,28.5,399,266,133,8/31/2026,,,,,,,,
8/28/2026,136,12,Dazzling Custodians of Lakehaven,13,Pristine Party Napkins,paper & tissue,segA,26,45,67.5,1755,1170,585,8/31/2026,,,,,,,,
8/28/2026,136,12,Dazzling Custodians of Lakehaven,17,Glossy Lunch Napkins,paper & tissue,segA,11,31,42.16,463.76,341,122.76,8/31/2026,,,,,,,,
8/28/2026,136,12,Dazzling Custodians of Lakehaven,65,Sparkling Citrus Cleaner,cleaning supplies,segB,1,20,34.6,34.6,20,14.6,8/31/2026,,,,,,,,
8/28/2026,136,12,Dazzling Custodians of Lakehaven,,Radiant Glass Cleaner,cleaning supplies,segB,1,21,39.69,39.69,21,,8/31/2026,,,,,,,,
8/28/2026,136,12,Dazzling Custodians of Lakehaven,80,Spotless Instant Soups,breakroom supplies,segA,1,17,29.75,29.75,,12.75,8/31/2026,,,,,,,,
8/28/2026,136,12,Dazzling Custodians of Lakehaven,85,Sparkling Microwave Popcorn,breakroom supplies,segA,81,12,18,1458,972,486,8/31/2026,,,,,,,,
8/28/2026,136,12,Dazzling Custodians of Lakehaven,89,Sparkling Disposable Cups,breakroom supplies,segA,9,21,44.73,402.57,189,213.57,8/31/2026,,,,,,,,5887
8/28/2026,136,12,Dazzling Custodians of Lakehaven,91,Glossy Microwave Popcorn,breakroom supplies,segA,1,29,59.74,59.74,29,30.74,8/31/2026,,,,,,,,
8/28/2026,136,12,Dazzling Custodians of Lakehaven,95,Bright Disposable Cups,breakroom supplies,segA,3,13,24.44,73.32,39,34.32,8/31/2026,,,,,,,,
8/28/2026,136,12,Dazzling Custodians of Lakehaven,96,Dazzling Disposable Cups,breakroom supplies,segA,4,19,33.63,134.52,76,58.52,8/31/2026,,,,,,,,
8/28/2026,136,12,Dazzling Custodians of Lakehaven,106,Sleek Resume Paper,  copy paper ,segB,66,48,61.44,4055.04,3168,887.04,8/31/2026,,,,,,,,
8/20/2026,335,12,Dazzling Custodians of Lakehaven,2,Glossy Party Napkins,paper & tissue,segA,9,,38.57,347.13,261,86.13,8/21/2026,,,,,,,,
8/20/2026,335,12,Dazzling Custodians of Lakehaven,3,Sparkling Party Napkins,paper & tissue,segA,9,21,29.19,262.71,189,73.71,8/21/2026,,,,,,,,
8/20/2026,335,12,Dazzling Custodians of Lakehaven,4,Bright Bathroom Tissue,paper & tissue,segA,18,26,35.62,641.16,468,173.16,8/21/2026,,,,,,,,
8/20/2026,335,12,Dazzling Custodians of Lakehaven,6,Pristine Bathroom Tissue,paper & tissue,segA,17,19,28.5,484.5,323,161.5,,,,,,,,,
8/20/2026,335,12,  Dazzling Custodians of Lakehaven ,10,Pristine 2-Ply Toilet Paper,paper & tissue,segA,11,26,38.74,426.14,286,140.14,8/21/2026,,,,,,,,
8/20/2026,335,12,Dazzling Custodians of Lakehaven,13,Pristine Party Napkins,paper & tissue,segA,18,45,67.5,1215,810,,8/21/2026,,,,,,,,
8/20/2026,335,12,Dazzling Custodians of Lakehaven,16,Dazzling Bathroom Tissue,paper & tissue,segA,11,42,60.9,669.9,462,207.9,8/21/2026,,,,,,,,
8/20/2026,335,12,Dazzling Custodians of Lakehaven,17,Glossy Lunch Napkins,paper & tissue,segA,14,31,42.16,590.24,434,156.24,8/21/2026,,,,,,,,
8/20/2026,335,12,Dazzling Custodians of Lakehaven,19,Fresh Party Napkins,paper & tissue,segA,16,45,65.25,1044,720,324,8/21/2026,,,,,,,,
8/20/2026,335,12,Dazzling Custodians of Lakehaven,65,Sparkling Citrus Cleaner,cleaning supplies,  segB ,2,20,34.6,69.2,40,29.2,8/21/2026,,,,,,,,
8/20/2026,335,12,Dazzling Custodians of Lakehaven,74,Pristine Energy Drinks,breakroom supplies,segA,4,15,30.3,121.2,60,61.2,8/21/2026,,,,,,,,
8/20/2026,335,12,Dazzling Custodians of Lakehaven,76,,breakroom supplies,segA,112,10,15,1680,1120,560,8/21/2026,,,,,,,,
8/20/2026,335,12,Dazzling Custodians of Lakehaven,,Spotless Instant Soups,breakroom supplies,segA,3,17,29.75,89.25,51,38.25,8/21/2026,,,,,,,,
8/20/2026,335,12,Dazzling Custodians of Lakehaven,85,Sparkling Microwave Popcorn,breakroom supplies,segA,82,12,18,1476,984,492,8/21/2026,,,,,,,,
8/20/2026,335,12,Dazzling Custodians of Lakehaven,89,Sparkling Disposable Cups,breakroom supplies,segA,5,21,44.73,223.65,105,118.65,8/21/2026,,,,,,,,
8/20/2026,335,12,Dazzling Custodians of Lakehaven,91,Glossy Microwave Popcorn,breakroom supplies,segA,3,29,,179.22,87,92.22,8/21/2026,,,,,,,,
8/20/2026,335,12,Dazzling Custodians of Lakehaven,92,Glossy Instant Soups,breakroom supplies,segA,145,24,36,5220,3480,1740,8/21/2026,,,,,,,,
8/20/2026,335,12,Dazzling Custodians of Lakehaven,96,Dazzling Disposable Cups,breakroom supplies,segA,6,19,33.63,201.78,114,87.78,,,,,,,,,
8/20/2026,335,12,Dazzling Custodians of Lakehaven,112,Sparkling Letter Size Paper,copy paper,segB,8,46,,607.2,368,239.2,8/21/2026,,,,,,,,
8/19/2026,363,12,Dazzling Custodians of Lakehaven,4,Bright Bathroom Tissue,paper & tissue,segA,25,26,35.62,890.5,650,240.5,8/20/2026,,,,,,,,
8/19/2026,363,12,Dazzling Custodians of Lakehaven,13,Pristine Party Napkins,paper & tissue,segA,17,45,67.5,1147.5,765,382.5,8/20/2026,,,,,,,,
8/19/2026,363,12,Dazzling Custodians of Lakehaven,16,Dazzling Bathroom Tissue,paper & tissue,segA,15,42,60.9,913.5,630,283.5,8/20/2026,,,,,,,,
8/19/2026,363,12,Dazzling Custodians of Lakehaven,27,Sparkling Sticky Notes,office products,segC,3,43,67.94,203.82,129,74.82,8/20/2026,,,,,,,,
8/19/2026,363,12,Dazzling Custodians of Lakehaven,51,Bright Glass Cleaner,cleaning supplies,segB,2,26,49.92,99.84,52,47.84,8/20/2026,,,,,,,,
8/19/2026,363,12,Dazzling Custodians of Lakehaven,65,Sparkling Citrus Cleaner,cleaning supplies,segB,1,20,34.6,34.6,20,14.6,8/20/2026,,,,,,,,
8/19/2026,363,12,Dazzling Custodians of Lakehaven,75,Fresh Microwave Popcorn,breakroom supplies,segA,2,18,34.74,69.48,36,33.48,20/08/2026,,,,,,,,
8/19/2026,363,12,Dazzling Custodians of Lakehaven,80,Spotless Instant Soups,breakroom supplies,segA,3,17,29.75,89.25,51,38.25,8/20/2026,,,,,,,,
8/19/2026,363,12,Dazzling Custodians of Lakehaven,85,Sparkling Microwave Popcorn,  breakroom supplies ,segA,82,12,18,1476,984,492,8/20/2026,,,,,,,,
8/19/2026,363,12,Dazzling Custodians of Lakehaven,91,Glossy Microwave Popcorn,breakroom supplies,segA,3,29,59.74,179.22,87,92.22,8/20/2026,,,,,,,,
19/08/2026,363,12,Dazzling Custodians of Lakehaven,94,Pristine Instant Soups,breakroom supplies,segA,7,7,13.72,96.04,49,47.04,8/20/2026,,,,,,,,
8/19/2026,363,12,Dazzling Custodians of Lakehaven,96,Dazzling Disposable Cups,breakroom supplies,segA,5,19,33.63,168.15,95,73.15,8/20/2026,,,,,,,,
8/19/2026,363,12,Dazzling Custodians of Lakehaven,106,Sleek Resume Paper,copy paper,segB,55,48,61.44,3379.2,,739.2,8/20/2026,,,,,,,,
8/19/2026,363,12,Dazzling Custodians of Lakehaven,110,Pristine Cardstock,copy paper,segB,6,42,59.22,355.32,252,103.32,8/20/2026,,,,,,,,
8/19/2026,363,12,Dazzilng Custodians of Lakehaven,114,Glossy Recycled Paper,copy paper,segB,8,32,47.68,381.44,256,125.44,8/20/2026,,,,,,,,
8/19/2026,363,12,Dazzling Custodians of Lakehaven,115,Polished Glossy Photo Paper,copy paper,segB,2,59,98.53,197.06,118,79.06,,,,,,,,,
8/17/2026,408,12,Dazzling Custodians of Lakehaven,2,Glossy Party Napkins,paper & tissue,segA,,29,38.57,424.27,319,105.27,8/18/2026,,,,,,,,
8/17/2026,408,12,Dazzling Custodians of Lakehaven,18,Pristine Lunch Napkins,paper & tissue,esgA,9,20,27.8,250.2,180,70.2,8/18/2026,,,,,,,,
17/08/2026,408,12,Dazzling Custodians of Lakehaven,19,Fersh Party Napkins,paper & tissue,segA,,45,65.25,1239.75,855,384.75,8/18/2026,,,,,,,,
8/17/2026,408,12,Dazzling Custodians of Lakehaven,21,Glossy Facial Tissues,paper & tissue,,20,47,68.15,1363,940,423,8/18/2026,,,,,,,,
8/17/2026,408,12,Dazzling Custodians of Lakehaven,49,Sparkling Disinfectant Wipes,cleaning supplies,segB,2,,38.01,76.02,42,34.02,8/18/2026,,,,,,,,
8/17/2026,408,12,Dazzling Custodians of Lakehaven,89,Sparkling Disposable Cups,breakroom supplies,segA,5,21,44.73,223.65,105,,,,,,,,,,
8/17/2026,408,12,Dazzling Custodians of Lakehaven,91,Glossy Microwave Popcorn,breakroom supplies,segA,1,29,59.74,59.74,29,30.74,8/18/2026,,,,,,,,
8/17/2026,408,12,Dazzling Custodians of Lakehaven,92,Glossy Instant Soups,breakroom suplpies,segA,127,24,36,4572,3048,1524,8/18/2026,,,,,,,,
8/17/2026,408,12,Dazzling Custodians of Lakehaven,94,Pristine Instant Soups,breakroom supplies,segA,9,7,13.72,123.48,63,60.48,8/18/2026,,,,,,,,
8/17/2026,408,12,Dazzling Custodians of Lakehaven,95,Bright Disposable Cups,breakroom supplies,segA,1,13,24.44,24.44,13,11.44,8/18/2026,,,,,,,,
8/17/2026,408,12,Dazzling Custodians of Lakehaven,96,Dazzling Disposable Cups,breakroom supplies,segA,6,19,33.63,201.78,114,87.78,8/18/2026,,,,,,,,
8/13/2026,467,12,Dazzling Custodians of Lakehaven,4,Bright Bathroom Tissue,paper & tissue,segA,20,26,,712.4,520,192.4,8/14/2026,,,,,,,,
8/13/2026,467,12,  Dazzling Custodians of Lakehaven ,6,Pristine Bathroom Tissue,paper & tissue,segA,17,19,28.5,484.5,323,161.5,8/14/2026,,,,,,,,
8/13/2026,467,12,Dazzling Custodians of Lakehaven,16,Dazzling Bathroom Tissue,paper & tissue,segA,12,42,60.9,730.8,504,226.8,8/14/2026,,,,,,,,
8/13/2026,467,12,Dazzling Custodians of Lakehaven,17,Glossy Lunch Napkins,paper & tissue,,8,31,42.16,337.28,248,89.28,8/14/2026,,,,,,,,
8/13/2026,467,12,Dazzling Custodians of Lakehaven,,Pristine Lunch Napkins,paper & tissue,segA,11,20,27.8,305.8,220,85.8,8/14/2026,,,,,,,,
8/13/2026,467,12,Dazzling Custodians of Lakehaven,21,Glossy Facial Tissues,paper & tissue,segA,15,47,68.15,1022.25,705,317.25,8/14/2026,,,,,,,,
8/13/2026,467,12,Dazzling Custodians of Lakehaven,27,Sparkling Sticky Notes,office products,segC,,43,67.94,67.94,43,24.94,8/14/2026,,,,,,,,
8/13/2026,467,12,Dazzling Custodians of Lakehaven,60,Polished Degreaser,cleaning supplies,segB,2,26,47.58,95.16,52,43.16,8/14/2026,,,,,,,,
,467,12,Dazzling Custodians of Lakehaven,74,Pristine Energy Drinks,breakroom supplies,sgeA,5,15,30.3,151.5,75,76.5,14/08/2026,,,,,,,,
8/13/2026,467,12,Dazzling Custodians of Lakehaven,76,Immaculate Granola Bars,breakroom supplies,segA,83,10,15,1245,830,415,8/14/2026,,,,,,,,
13/08/2026,467,12,Dazzling Custodians of Lakehaven,80,Spotless Instant Soups,breakroom supplies,segA,2,17,29.75,59.5,34,25.5,8/14/2026,,,,,,,,
8/13/2026,467,12,Dazzling Custodians of Lakehaven,85,Sparkling Microwave Popcorn,breakroom supplies,segA,138,12,18,2484,1656,828,8/14/2026,,,,,,,,
8/13/2026,467,12,Dazzling Custodians of Lakehaven,89,Sparkling Disposable Cups,breakroom supplies,segA,8,21,44.73,357.84,168,189.84,8/14/2026,,,,,,,,
8/13/2026,467,12,Dazzling Custodians of Lakehaven,92,Glossy Instant Soups,breakroom supplies,segA,,24,36,2808,,936,8/14/2026,,,,,,,,
8/13/2026,467,12,Dazzling Custodians of Lakehaven,96,Dazzling Disposable Cups,breakroom supplies,segA,6,,33.63,201.78,114,87.78,8/14/2026,,,,,,,,
8/13/2026,467,12,Dazzling Custodians of Lakehaven,119,Immaculate Letter Size Paper,copy paper,segB,6,44,66,396,264,132,8/14/2026,,,,,,,,
8/12/2026,502,12,Dazzling Custodians of Lakehaven,4,Bright Bathroom Tissue,paper & tissue,segA,18,26,35.62,641.16,468,173.16,8/13/2026,,,,,,,,
8/12/2026,502,12,Dazzling Custodians of Lakehaven,6,Pristine Bathroom Tissue,paper & tissue,segA,14,19,28.5,399,266,133,8/13/2026,,,,,,,,
8/12/2026,502,12,DazzlingC ustodians of Lakehaven,13,Pristine Party Napkins,paper & tissue,segA,17,45,67.5,1147.5,765,382.5,8/13/2026,,,,,,,,
8/12/2026,502,12,Dazzling Custodians of Lakehaven,16,Dazzling Bathroom Tissue,paper & tissue,segA,10,42,60.9,609,420,189,8/13/2026,,,,,,,,
8/12/2026,502,12,Dazzling Custodians of Lakehaven,19,Fresh Party Napkins,paper & tsisue,segA,29,45,65.25,1892.25,1305,587.25,8/13/2026,,,,,,,,
8/12/2026,502,12,  Dazzling Custodians of Lakehaven ,21,Glossy Facial Tissues,paper & tissue,segA,17,47,68.15,1158.55,799,359.55,8/13/2026,,,,,,,,
8/12/2026,502,12,Dazzling Custodians of Lakehaven,51,Bright Glass Cleaner,cleaning supplies,segB,2,26,49.92,99.84,52,47.84,8/13/2026,,,,,,,,
8/12/2026,502,12,Dazzling Custodians of Lakehaven,54,Dazzling Floor Cleaner,cleaning supplies,segB,1,45,88.2,88.2,45,43.2,8/13/2026,,,,,,,,
8/12/2026,502,12,Dazzling Custodians of Lakehaven,55,Spotless Floor Cleaner,cleaning supplies,esgB,2,,56.84,113.68,58,55.68,8/13/2026,,,,,,,,
8/12/2026,502,12,Dazzling Custodians of Lakehaven,56,Pristine Citrus Cleaner,cleaning supplies,segB,2,48,85.92,171.84,96,75.84,8/13/2026,,,,,,,,
8/12/2026,502,12,Dazzling Custodians of Lakehaven,74,Pristine Energy Drinks,breakroom supplies,segA,5,15,30.3,151.5,75,76.5,8/13/2026,,,,,,,,
12/8/2026,502,12,Dazzling Custodians of Lakehaven,88,Gleaming Coffee Beans,breakroom supplies,segA,4,18,31.32,125.28,72,53.28,8/13/2026,,,,,,,,
8/12/2026,502,12,Dazzling Custodians of Lakehaven,92,Glossy Instant Soups,breakroom supplies,,115,24,,,2760,1380,8/13/2026,,,,,,,,
8/12/2026,502,12,Dazzling Custodians of Lakehaven,96,Dazzling Disposable Cups,breakroom supplies,segA,4,19,33.63,134.52,76,58.52,8/13/2026,,,,,,,,
8/12/2026,502,12,Dazzling Custodians of Lakehaven,106,Sleek Resume Paper,copy paper,segB,98,48,61.44,6021.12,4704,1317.12,8/13/2026,,,,,,,,
8/12/2026,502,12,Dazzling Custodians of Lakehaven,119,Immaculate Letter Size Paper,copy paper,segB,9,44,66,594,396,198,8/13/2026,,,,,,,,
9/2/2026,,12,Dazzling Custodians of Lakehaven,80,Spotless Instant Soups,breakroom supplies,segA,2,17,29.75,59.5,34,25.5,9/3/2026,,,,,,,,
8/28/2026,137,13,Bright Providers of Maplefield,44,Gleaming Recycled Paper,office products,segD,1,34,62.9,62.9,34,28.9,8/31/2026,,,,,,,,
8/28/2026,137,13,Bright Providers of Maplefield,81,Polished Stirrers,breakroom supplies,segA,1,22,45.1,45.1,22,23.1,8/31/2026,,,,,,,,
8/28/2026,137,13,Bright Providers of Maplefield,87,Glossy Tea Selection,breakroom supplies,segA,1,11,20.13,20.13,11,9.13,8/31/2026,,,,,,,,
8/28/2026,137,13,Bright Providers of Maplefield,93,Gleaming Microwave Popcorn,breakroom supplies,segA,,20,39.6,39.6,20,19.6,8/31/2026,,,,,,,,
8/28/2026,137,13,Bright Providers of Maplefield,96,Dazzling Disposable Cups,breakroom supplies,segA,35,19,28.5,997.5,665,332.5,8/31/2026,,,,,,,,
8/28/2026,137,13,Dazzling Custodians of Lakehaven,97,Sparkling Legal Size Paper,copy paper,segB,1,39,65.52,65.52,39,26.52,8/31/2026,,,,,,,,
8/28/2026,137,13,Bright Providers of Maplefield,117,Dazzling Graph Paper,copy paper,segB,1,51,84.15,84.15,51,33.15,,,,,,,,,
8/28/2026,137,13,Dazzling Custodians of Lakehaven,97,Sparkling Legal Size Paper,copy paper,segB,1,39,65.52,65.52,39,26.52,8/31/2026,,,,,,,,
8/13/2026,468,13,Bright Providers of Maplefield,80,Spotless Instant Soups,breakroom supplies,segA,1,17,31.79,31.79,17,14.79,8/14/2026,,,,,,,,
,468,13,Bright Providers of Maplefield,81,Polished Stirrers,breakroom supplies,,1,22,45.1,45.1,22,23.1,8/14/2026,,,,,,,,
8/13/2026,468,13,Bright Providers of Maplefield,86,Dazzling Instant Soups,breakroom supplies,segA,2,16,34.24,68.48,32,36.48,8/14/2026,,,,,,,,
8/13/2026,468,13,Bright Providers of Maplefield,87,Glossy Tea Selection,breakroom supplies,  segA ,1,11,20.13,20.13,11,9.13,8/14/2026,,,,,,,,
8/13/2026,468,13,Bright Providers of Maplefield,102,Sleek Resume Paper,copy paper,segB,1,26,42.12,42.12,26,16.12,8/14/2026,,,,,,,,
8/13/2026,468,13,Bright Providers of Maplefield,116,Immaculate Legal Size Paper,copy paper,segB,1,59,86.14,86.14,59,27.14,8/14/2026,,,,,,,,
8/28/2026,,13,Bright Providers of Maplefield,102,Sleek Resume Paper,copy paper,segB,1,26,42.12,42.12,26,16.12,8/31/2026,,,,,,,,
8/25/2026,240,14,Fresh Stewards of Graniteridge,28,Immaculate Binder Clips,office products,segD,8,29,46.69,373.52,232,141.52,8/26/2026,,,,,,,,
8/25/2026,240,14,Fresh Stewards of Graniteridge,52,Spotless Air Freshener,cleaning supplies,sgeA,54,49,78.4,4233.6,2646,1587.6,8/26/2026,,,,,,,,
8/25/2026,240,14,Fresh Stewards of Graniteridge,53,Glossy Glass Cleaner,cleaning supplies,segA,7,,67.68,473.76,252,221.76,8/26/2026,,,,,,,,
8/25/2026,240,14,Fresh Stewards of Graniteridge,65,Sparkling Citrus Cleaner,cleaning supplies,segA,24,20,32.4,777.6,480,297.6,8/26/2026,,,,,,,,
8/25/2026,240,14,Fresh Stewards of Graniteridge,70,Sleek Air Freshener,cleaning supplies,segA,8,33,53.46,427.68,264,163.68,8/26/2026,,,,,,,,
8/25/2026,240,14,Fresh Stewards of Graniteridge,71,Spotless Glass Cleaner,cleaning supplies,segA,,31,54.87,1481.49,837,644.49,8/26/2026,,,,,,,,
8/25/2026,240,14,Fresh Stewards of Graniteridge,79,Immaculate Microwave Popcorn,breakroom supplies,segB,778,25,40,31120,19450,11670,8/26/2026,,,,,,,,
8/25/2026,240,14,Fresh Stewards of Graniteridge,86,Dazzling Instant Soups,breakroom supplies,segB,5,16,34.24,171.2,80,91.2,8/26/2026,,,,,,,,
8/24/2026,272,14,Fresh Stewards of Graniteridge,,Pristine Citrus Cleaner,cleaning supplies,segA,30,48,85.92,2577.6,1440,1137.6,9/1/2026,,,,,,,,
8/24/2026,272,14,Fresh Stewards of Graniteridge,64,Bright Glass Cleaner,cleaning supplies,segA,34,32,55.04,1871.36,1088,783.36,9/1/2026,,,,,,,,
8/24/2026,272,14,Fres hStewards of Graniteridge,70,Sleek Air Freshener,cleaning supplies,segA,6,33,53.46,320.76,198,122.76,9/1/2026,,,,,,,,
8/24/2026,272,14,Fresh Stewards of Graniteridge,73,Spotless Creamers,breakroom supplies,segB,3,18,38.34,115.02,54,61.02,9/1/2026,,,,,,,,
8/24/2026,272,14,Fresh Stewards of Graniteridge,77,Sleek Disposable Cups,  breakroom supplies ,segB,9,25,51.25,461.25,225,236.25,9/1/2026,,,,,,,,
,272,14,Fresh Stewards of Graniteridge,91,,  breakroom supplies ,segB,2,29,65.25,130.5,58,72.5,9/1/2026,,,,,,,,
8/24/2026,,14,Fresh Stewards of Graniteridge,52,Spotless Air Freshener,cleaning supplies,segA,47,49,78.4,3684.8,2303,1381.8,9/1/2026,,,,,,,,
8/17/2026,409,15,Spotless Cleaners of Valleyridge,25,Dazzling Binder Clips,office products,segA,1,45,58.95,58.95,45,13.95,18/08/2026,,,,,,,,
8/17/2026,409,15,Spotless Cleaners of Valleyridge,26,Radiant Sticky Notes,office products,segA,1,34,46.92,46.92,34,12.92,8/18/2026,,,,,,,,
8/17/2026,409,15,Spotless Cleaners of Valleyridge,29,Dazzling Paper Clips,office products,segA,1,37,54.76,54.76,37,17.76,8/18/2026,,,,,,,,
8/17/2026,409,15,Spotless Cleaners of Valleyridge,30,Immaculate Markers,office products,segA,5,28,38.64,193.2,140,53.2,8/18/2026,,,,,,,,
17/08/2026,409,15,Spotless Cleaners of Valleyridge,36,Glossy Staplers,office products,segA,2,50,75,150,100,50,8/18/2026,,,,,,,,
8/17/2026,409,15,Spotless Cleaners of Valleyridge,40,,office products,segA,5,34,46.58,232.9,170,62.9,8/18/2026,,,,,,,,
8/17/2026,409,15,Spotless Cleaners of Valleyridge,41,Dazzling File Folders,office products,segA,2,46,64.86,129.72,92,37.72,8/18/2026,,,,,,,,
8/17/2026,409,15,Spotless Cleaners of Valleyridge,42,Polished Markers,office products,segA,2,28,42.28,84.56,56,28.56,8/18/2026,,,,,,,,
8/17/2026,409,15,Spotless Cleaners of Valleyridge,45,Immaculate Staplers,office products,segA,2,50,80,160,100,60,8/18/2026,,,,,,,,
8/17/2026,409,15,Spotless Cleaners of Valleyridge,72,Gleaming Glass Cleaner,cleaning supplies,segD,1,23,44.85,44.85,23,21.85,8/18/2026,,,,,,,,
8/17/2026,409,15,Spotless Cleaners of Valleyridge,75,Fresh Microwave Popcorn,breakroom supplies,segA,2,18,37.44,74.88,36,38.88,8/18/2026,,,,,,,,
8/17/2026,409,15,Spotless Cleaners of Valleyridge,86,Dazzling Instant Soups,breakroom supplies,segA,2,16,28.96,57.92,32,25.92,8/18/2026,,,,,,,,
8/17/2026,409,15,Spotless Cleaners of Valleyridge,90,Dazzling Instant Soups,braekroom supplies,segA,37,24,36,1332,888,444,8/18/2026,,,,,,,,
8/17/2026,409,15,Spotless Cleaners of Valleyridge,92,Glossy Instant Soups,breakroom supplies,segA,2,24,43.2,86.4,48,38.4,8/18/2026,,,,,,,,
8/17/2026,409,15,Spotless Cleaners of Valleyridge,98,Radiant Glossy Photo Paper,copy paper,segA,45,23,28.98,1304.1,1035,269.1,8/18/2026,,,,,,,,
8/17/2026,409,15,Spotless Cleaners of Valleyridge,105,Pristine Graph Paper,copy paper,segA,4,52,80.08,320.32,208,112.32,8/18/2026,,,,,,,,
,409,15,Spotless Cleaners of Valleyridge,,Glossy Recycled Paper,copy paper,segA,4,54,84.78,339.12,216,123.12,8/18/2026,,,,,,,,
8/17/2026,409,15,Spotless Cleaners of Valleyridge,117,Dazzling Graph Paper,copy paper,segA,32,51,59.67,1909.44,1632,277.44,8/18/2026,,,,,,,,
8/11/2026,529,15,Spotless Cleaners of Valleyridge,10,Pristine 2-Ply Toilet Paper,paper & tissue,segB,1,26,41.34,41.34,26,15.34,8/12/2026,,,,,,,,
8/11/2026,529,15,Spotless Cleaners of Valleyridge,17,Glossy Lunch Napkins,paper & tissue,segB,1,31,47.43,47.43,31,16.43,8/12/2026,,,,,,,,
8/11/2026,529,15,Spotless Cleaners of Valleyridge,30,Immaculate Markers,office products,  segA ,4,28,38.64,154.56,112,42.56,8/12/2026,,,,,,,,
8/11/2026,529,15,Spotless Cleaners of Valleyridge,36,Glossy Staplers,office products,segA,3,50,75,225,150,,12/8/2026,,,,,,,,
8/11/2026,529,15,Spotless Cleaners of Valleyridge,39,Immaculate Sticky Notes,office products,segA,4,34,48.62,194.48,136,58.48,12/8/2026,,,,,,,,
8/11/2026,529,15,Spotless Cleaners of Valleyridge,40,Immaculate Markers,office products,segA,,34,46.58,232.9,170,62.9,8/12/2026,,,,,,,,
8/11/2026,529,15,Spotless Cleaners of Valleyridge,41,Dazzling File Folders,office products,segA,1,46,64.86,64.86,46,18.86,8/12/2026,,,,,,,,
8/11/2026,529,15,Spotless Cleaners of Valleyridge,68,,cleaning supplies,segD,1,54,112.86,112.86,54,58.86,8/12/2026,,,,,,,,
8/11/2026,529,15,Spotless Cleaners of Valleyridge,75,Fresh Microwave Popcorn,breakroom supplies,segA,1,18,37.44,37.44,18,19.44,8/12/2026,,,,,,,,
8/11/2026,529,15,Spotless Cleaners of Valleyridge,78,Glossy Creamers,breakroom supplies,segA,1,27,57.51,57.51,27,30.51,8/12/2026,,,,,,,,
8/11/2026,529,15,  Spotless Cleaners of Valleyridge ,80,Spotless Instant Soups,breakroom supplies,segA,1,17,31.79,31.79,17,14.79,8/12/2026,,,,,,,,
8/11/2026,529,15,Spotless Cleaners of Valleyridge,86,Dazzling Instant Soups,breakroom supplies,segA,2,16,28.96,57.92,32,25.92,8/12/2026,,,,,,,,
8/11/2026,529,15,Spotless Cleaners of Valleyridge,89,Sparkling Disposable Cups,breakroom supplies,segA,1,21,40.32,40.32,21,19.32,8/12/2026,,,,,,,,
8/11/2026,529,15,Spotless Cleaners of Valleyridge,99,Glossy Letter Size Paper,copy paper,segA,2,57,84.93,169.86,114,55.86,8/12/2026,,,,,,,,
8/11/2026,529,15,Spotless Cleaners of Valleyrigde,100,Dazzling Legal Siez Paper,copy paper,segA,4,24,33.84,135.36,96,39.36,8/12/2026,,,,,,,,
8/11/2026,529,15,Spotless Cleaners of Valleyridge,105,Pristine Graph Paper,copy paper,segA,3,52,80.08,240.24,,84.24,8/12/2026,,,,,,,,
8/11/2026,529,15,Spotless Cleaners of Valleyridge,106,Sleek Resume Paper,  copy paper ,segA,3,48,69.6,208.8,144,64.8,8/12/2026,,,,,,,,
8/11/2026,529,15,Spotless Cleaners of Valleyridge,108,Dazzling Cardstock,copy paper,segA,1,21,27.51,27.51,21,6.51,8/12/2026,,,,,,,,
8/11/2026,529,15,Spotless Cleaners of Valleyridge,117,Dazzling Graph Paper,copy paper,segA,27,51,59.67,1611.09,1377,234.09,,,,,,,,,
,555,15,Spotless Cleaners of Valleyridge,4,Brihgt Bathroom Tissue,paper & tissue,segB,1,26,41.34,41.34,26,15.34,8/11/2026,,,,,,,,
8/10/2026,555,15,Spotless Cleaners of Valleyridge,5,Polished Kitchen Towels,paper & tissue,segB,1,35,54.6,54.6,35,19.6,8/11/2026,,,,,,,,
8/10/2026,555,15,Spotless Cleaners of Valleyridge,23,Dazzling Roll Paper Towels,paper & tissue,segB,1,40,62.8,62.8,40,22.8,8/11/2026,,,,,,,,
8/10/2026,555,15,Spotless Cleaners of Valleyridge,26,Radiant Sticky Notes,office products,segA,1,34,46.92,46.92,34,12.92,8/11/2026,,,,,,,,
8/10/2026,555,15,Spotless Cleaners of Valleyridge,29,Dazzling Paper Clips,,segA,2,37,54.76,109.52,74,35.52,8/11/2026,,,,,,,,
8/10/2026,555,15,Spotless Cleaners of Valleyridge,30,Immaculate Markers,office products,segA,3,28,38.64,,84,31.92,8/11/2026,,,,,,,,
8/10/2026,555,15,Spotless Cleaners of Valleyridge,34,Radiant Staplers,office products,segA,6,24,36.24,217.44,144,,8/11/2026,,,,,,,,
8/10/2026,555,15,Spotless Cleaners of Valleyridge,36,Glossy Staplers,office products,segA,4,50,75,300,200,100,8/11/2026,,,,,,,,
8/10/2026,555,15,Spotless Cleaners of Valleyridge,40,Immaculate Markers,,segA,3,34,46.58,139.74,102,37.74,,,,,,,,,
8/10/2026,555,15,Spotless Cleaners of Valleyridge,41,Dazzling File Folders,office products,segA,2,46,64.86,129.72,92,,8/11/2026,,,,,,,,
8/10/2026,555,15,Spotless Cleaners of Valleyridge,42,  Polished Markers ,office products,esgA,3,28,42.28,126.84,84,42.84,8/11/2026,,,,,,,,
8/10/2026,555,15,Spotless Cleaners of Valleyridge,44,Gleaming Recycled Paper,office products,segA,3,34,48.96,146.88,102,44.88,8/11/2026,,,,,,,,
8/10/2026,555,15,Spotless Cleaners of Valleyridge,46,Spotless Desk Organizers,office products,segA,3,,47.52,142.56,99,43.56,8/11/2026,,,,,,,,
10/8/2026,555,15,Spotless Cleaners of Valleyridge,75,Fresh Microwave Popcorn,breakroom supplies,segA,2,18,37.44,74.88,36,38.88,8/11/2026,,,,,,,,
8/10/2026,555,15,Spotless Cleaners of Valleyridge,78,Glossy Creamers,breakroom supplies,segA,1,27,,57.51,,,8/11/2026,,,,,,,,
8/10/2026,555,15,Spotless Cleaners of Valleyridge,83,  Spotless Energy Drinks ,breakroom supplies,segA,1,26,48.1,48.1,,22.1,8/11/2026,,,,,,,,
8/10/2026,555,15,Spotless Cleaners of Valleyridge,86,Dazzling Instant Soups,breakroom supplies,,1,16,28.96,28.96,16,12.96,8/11/2026,,,,,,,,
10/8/2026,555,15,Spotless Cleaners of Valleyridge,92,Glossy Instant Soups,breakroom supplies,segA,2,24,43.2,86.4,48,38.4,,,,,,,,,
8/10/2026,555,15,Spotless Cleaners of Valleyridge,94,  Pristine Instant Soups ,breakroom supplies,segA,1,7,,14.35,7,7.35,8/11/2026,,,,,,,,
8/10/2026,555,15,Spotless Cleaners of Valleyridge,98,Radiant Glossy Photo Paper,copy paper,segA,40,23,,1159.2,920,239.2,8/11/2026,,,,,,,,
8/10/2026,555,15,Spotless Cleaners of Valleyridge,99,Glossy Letter Size Paper,copy paper,segA,3,57,84.93,254.79,171,83.79,8/11/2026,,,,,,,,
8/10/2026,555,15,Spotless Cleaners of Valleyridge,100,Dazzling Legal Size Paper,copy paper,segA,4,24,33.84,135.36,96,39.36,8/11/2026,,,,,,,,
8/10/2026,555,15,Spotless Cleaners of Valleyridge,104,Gleaming Glossy Photo Paper,copy paper,segA,2,52,,163.28,104,59.28,8/11/2026,,,,,,,,
8/10/2026,555,15,Spotless Cleaners of Valleyridge,,Glossy Recycled Paper,copy paper,segA,5,54,84.78,423.9,270,153.9,8/11/2026,,,,,,,,
8/10/2026,,15,Spotless Cleaners of Valleyridge,105,Pristine Graph Paper,copy paper,segA,2,52,80.08,160.16,104,56.16,8/11/2026,,,,,,,,
8/31/2026,103,17,Immaculate Servicers of Mapleport,1,Sleek Party Napkins,paper & tissue,segA,3,29,40.31,120.93,87,33.93,9/1/2026,,,,,,,,
8/31/2026,103,17,Immaculate Servicers of Mapleport,,Gleaming Bathroom Tissue,paper & tissue,segA,6,16,23.84,143.04,96,47.04,9/1/2026,,,,,,,,
8/31/2026,103,17,Immaculate Servicers of Mapleport,8,Bright Party Napkins,paper & tissue,segA,3,50,65,195,150,45,9/1/2026,,,,,,,,
8/31/2026,103,17,Immaculate Servicers of Mapleport,12,Immaculate Roll Paper Towels,paper & tissue,segA,3,44,58.08,174.24,132,42.24,9/1/2026,,,,,,,,
8/31/2026,103,17,Immaculate Servicers of Mapleport,16,Dazzling Bathroom Tissue,paper & tissue,segA,4,42,54.6,218.4,168,50.4,1/9/2026,,,,,,,,
8/31/2026,103,17,Immaculate Servicers of Mapleport,19,Fresh Party Napkins,paper & tissue,segA,2,45,63,126,90,36,9/1/2026,,,,,,,,
8/31/2026,103,17,Immaculate Servicers of Mapleport,22,,paper & tissue,segA,6,41,61.09,366.54,246,120.54,9/1/2026,,,,,,,,
8/31/2026,103,17,  Immaculate Servicers of Mapleport ,32,Bright Desk Organizers,office products,segA,,44,57.64,115.28,88,27.28,9/1/2026,,,,,,,,
8/31/2026,103,17,Immaculate Servicers of Mapleport,48,Fresh Desk Organizers,office products,segA,2,29,45.82,91.64,58,,1/9/2026,,,,,,,,
8/31/2026,103,17,Immaculate Servicers of Mapleport,54,Dazzling Floor Cleaner,cleaning supplies,segB,1,45,76.95,76.95,45,31.95,9/1/2026,,,,,,,,
8/24/2026,273,17,Immaculate Servicers of Mapleport,1,Sleek Party Napkins,paper & tissue,segA,1,29,40.31,40.31,29,11.31,9/8/2026,,,,,,,,
8/24/2026,273,17,Immaculate Servicers of Mapleport,7,Gleaming Bathroom Tissue,paper & tissue,segA,3,16,23.84,71.52,,23.52,9/8/2026,,,,,,,,
24/08/2026,273,17,Immaculate Servicers of Mapleport,,Immaculate Roll Paper Towels,paper & tissue,segA,2,44,58.08,116.16,88,28.16,9/8/2026,,,,,,,,
,273,17,Immacualte Servicers of Mapleport,13,Prisitne Party Napkins,paper & tissue,segA,4,45,67.05,268.2,180,88.2,9/8/2026,,,,,,,,
8/24/2026,273,17,Immaculate Servicers of Mapleport,20,Gleaming Roll Paper Towels,paper & tissue,segA,33,28,,1108.8,924,184.8,9/8/2026,,,,,,,,
8/24/2026,273,17,Immaculate Servicers of Mapleport,23,Dazzling Roll Paper Towels,paper & tissue,segA,4,40,55.6,222.4,160,62.4,9/8/2026,,,,,,,,
8/24/2026,273,17,Immaculate Servicers of Mapleport,31,Polished Highlighters,office products,segA,1,17,,24.65,17,7.65,9/8/2026,,,,,,,,
8/24/2026,273,17,Immaculate Servicers of Mapleport,34,Radiant Staplers,office products,segA,5,24,32.16,160.8,120,40.8,9/8/2026,,,,,,,,
8/24/2026,273,17,Immaculate Servicers of Mapleport,36,Glossy Staplers,office products,segA,1,50,73,73,50,23,9/8/2026,,,,,,,,
8/24/2026,273,17,Immaculate Servicers of Mapleport,62,Glossy Air Freshener,cleaning supplies,segB,,,36.2,36.2,20,16.2,9/8/2026,,,,,,,,
,273,17,Immaculate Servicers of Mapleport,72,Gleaming Glass Cleaner,cleaning supplies,  segB ,1,23,45.31,45.31,23,22.31,9/8/2026,,,,,,,,
8/24/2026,273,17,Immaculate Servicers of Mapleport,85,Sparkling Microwave Popcorn,breakroom supplies,segD,1,12,23.76,23.76,12,11.76,9/8/2026,,,,,,,,
9/2/2026,57,18,Bright Suppliers of Cedarfield,32,Bright Desk Organizers,office products,segB,18,44,73.92,1330.56,792,538.56,9/3/2026,,,,,,,,
9/2/2026,57,18,Bright Suppliers of Cedarfield,40,Immaculate Markers,office products,  segB ,14,34,52.7,737.8,476,261.8,9/3/2026,,,,,,,,
9/2/2026,57,18,Bright Suppliers of Cedarfield,95,Bright Disposable Cups,breakroom supplies,segD,1,13,26.91,26.91,13,13.91,9/3/2026,,,,,,,,
9/2/2026,57,18,Bright Suppliers of Cedarfield,98,Radiant Glossy Photo Paper,copy paper,segA,86,23,29.9,2571.4,1978,593.4,9/3/2026,,,,,,,,
9/2/2026,57,18,Bright Suppliers of Cedarfield,99,Glossy Letter Size Paper,copy paper,segA,75,57,79.8,5985,4275,1710,9/3/2026,,,,,,,,
9/2/2026,57,18,Bright Suppliers of Cedarfield,106,Sleek Resume Paper,copy paper,segA,63,48,72.48,4566.24,3024,1542.24,9/3/2026,,,,,,,,
9/2/2026,57,18,Bright Suppliers of Cedarfield,108,Dazzling Cardstock,copy paper,  segA ,82,21,32.97,2703.54,1722,981.54,9/3/2026,,,,,,,,
9/2/2026,57,18,Bright Suppliers of Cedarfield,115,Polished Glossy Photo Paper,copy paper,segA,437,59,66.08,28876.96,25783,3093.96,9/3/2026,,,,,,,,
9/2/2026,57,18,Bright Suppliers of Cedarfield,120,Sparkling Letter Size Paper,copy paper,segA,71,45,63,4473,3195,1278,9/3/2026,,,,,,,,
21/08/2026,302,18,Bright Supplier sof Cedarfield,101,Radiant Colored Paper,copy paper,segA,33,60,82.8,2732.4,1980,752.4,8/24/2026,,,,,,,,
8/21/2026,302,18,Bright Suppliers of Cedarfield,108,Dazzlign Cardstock,copy paper,segA,105,21,32.97,,2205,1256.85,8/24/2026,,,,,,,,
8/21/2026,302,18,Bright Suppliers of Cedarfield,113,Polished Recycled Paper,copy paper,segA,,36,49.32,1775.52,1296,479.52,8/24/2026,,,,,,,,
8/21/2026,302,18,Bright Suppliers of Cedarfield,118,Sparkling Cardstock,copy paper,segA,81,37,55.5,4495.5,2997,1498.5,8/24/2026,,,,,,,,
8/20/2026,336,18,Bright Suppliers of Cedarfield,101,Radiant Colored Paper,copy paper,segA,42,60,82.8,3477.6,2520,957.6,8/21/2026,,,,,,,,
8/20/2026,336,18,Bright Suppliers of Cedarfield,106,Sleek Resume Paper,copy paper,segA,67,48,72.48,4856.16,3216,1640.16,8/21/2026,,,,,,,,
8/20/2026,336,18,Bright Suppliers of Cedarfield,108,Dazzling Cardstock,copy paper,segA,66,21,32.97,2176.02,1386,790.02,8/21/2026,,,,,,,,
8/20/2026,336,18,Bright Suppliers of Cedarfield,,Polished Recycled Paper,copy paper,segA,29,36,49.32,1430.28,1044,386.28,8/21/2026,,,,,,,,
8/20/2026,336,18,Bright Suppliers of Cedarfield,115,Polished Glossy Photo Paper,copy paper,segA,258,59,66.08,17048.64,15222,1826.64,8/21/2026,,,,,,,,
8/20/2026,336,18,Bright Suppliers of Cedarfield,120,Sparkling Letter Size Paper,copy paper,segA,120,,,7560,5400,2160,21/08/2026,,,,,,,,
14/08/2026,435,18,Bright Suppliers of Cedarfield,43,Fresh File Folders,,segB,22,50,75,1650,1100,550,8/17/2026,,,,,,,,
8/14/2026,435,18,Bright Suppliers of Cedarfield,97,Sparkling Legal Size Paper,copy paper,  segA ,36,39,55.38,1993.68,1404,589.68,8/17/2026,,,,,,,,
8/14/2026,435,18,Bright Suppliers of Cedarfield,101,Radiant Colored Paper,copy paper,segA,23,60,82.8,1904.4,1380,524.4,8/17/2026,,,,,,,,
8/14/2026,435,18,Bright Suppliers of Cedarfield,106,Sleek Resume Paper,copy paper,segA,55,48,72.48,3986.4,2640,1346.4,17/08/2026,,,,,,,,
14/08/2026,435,18,Bright Suppliers of Cedarfield,113,Polished Recycled Paepr,copy paper,segA,34,36,49.32,1676.88,1224,452.88,8/17/2026,,,,,,,,
8/14/2026,435,18,Bright Suppliers of Cedarfield,118,Sparkling Cardstock,copy paper,segA,80,37,55.5,4440,2960,1480,8/17/2026,,,,,,,,
31/08/2026,104,19,Spotless Janitors of Bayville,1,Sleek Party Napkins,paper & tissue,segA,2,29,37.7,75.4,58,17.4,9/1/2026,,,,,,,,
8/31/2026,104,19,Spotless Janitors of Bayville,10,Pristine 2-Ply Toilet Paper,paper & tissue,segA,5,26,37.44,187.2,130,57.2,9/1/2026,,,,,,,,
8/31/2026,104,19,Spotless Janitors of Bayville,13,Pristine Party Napkins,paper & tissue,segA,6,45,64.35,386.1,270,116.1,9/1/2026,,,,,,,,
8/31/2026,104,19,Spotless Janitors of Bayville,17,Glossy Lunch Napkins,paper & tissue,segA,12,31,37.2,446.4,372,74.4,9/1/2026,,,,,,,,
8/31/2026,104,19,Spotless Janitors of Bayville,22,Sparkling Pocket Tissues,paper & tissue,segA,24,41,47.56,1141.44,984,157.44,9/1/2026,,,,,,,,
8/31/2026,104,19,Spotless Janitors of Bayville,23,Dazzling Roll Paper Towels,paper & tissue,segA,6,40,52.4,314.4,240,74.4,9/1/2026,,,,,,,,
8/31/2026,104,19,Spotless Janitors of Bayville,51,Bright Glass Cleaner,cleaning supplies,segA,1,26,43.16,43.16,26,17.16,9/1/2026,,,,,,,,
8/31/2026,104,19,Spotless Janitors of Bayville,52,Spotless Air Freshener,cleaning supplies,segA,1,49,79.38,79.38,49,30.38,9/1/2026,,,,,,,,
8/31/2026,104,19,Spotless Janitors of Bayville,58,Spotless Floor Cleaner,cleaning supplies,segA,1,31,52.08,52.08,31,21.08,9/1/2026,,,,,,,,
8/31/2026,104,19,Spotless Janitors of Bayville,60,Polished Degreaser,cleaning supplies,segA,1,26,43.68,43.68,26,17.68,9/1/2026,,,,,,,,
8/31/2026,104,19,Spotless Janitors of Bayville,63,Polished Glass Cleaner,cleaning supplies,segA,2,42,76.02,152.04,84,68.04,9/1/2026,,,,,,,,
8/31/2026,104,19,  Spotless Janitors of Bayville ,64,Bright Glass Cleaner,cleaning supplies,segA,1,32,52.48,52.48,32,20.48,,,,,,,,,
8/31/2026,104,19,Spotless Janitors of Bayville,68,,cleaning supplies,segA,2,54,95.58,191.16,108,83.16,9/1/2026,,,,,,,,
8/31/2026,104,19,Spotless Janitors of Bayville,82,Pristine Granola Bars,,segA,1,26,53.04,53.04,26,27.04,9/1/2026,,,,,,,,
8/31/2026,104,19,Spotless Janitors of Bayville,,Sparkling Creamers,breakroom spuplies,segA,1,18,32.58,32.58,18,14.58,9/1/2026,,,,,,,,
8/31/2026,104,19,Spotless Janitors of Bayville,88,Gleaming Coffee Beans,breakroom spuplies,segA,1,18,38.16,38.16,18,20.16,9/1/2026,,,,,,,,
8/31/2026,104,19,Spotless Janitors of Bayville,92,Glossy Instant Soups,breakroom supplies,segA,1,24,50.4,50.4,24,26.4,9/1/2026,,,,,,,,
8/31/2026,104,19,Spotless Janitors of Bayville,93,Gleaming Microwave Popcorn,breakroom supplies,segA,1,20,39,39,20,19,9/1/2026,,,,,,,,
8/31/2026,104,19,  Spotless Janitors of Bayville ,96,Dazzling Disposable Cups,breakroom supplies,segA,1,19,40.66,40.66,19,21.66,9/1/2026,,,,,,,,
8/31/2026,104,19,Spotless Janitors of Bayville,,Radiant Glossy Photo Paper,copy paper,segA,4,58,87.58,350.32,232,118.32,9/1/2026,,,,,,,,
8/31/2026,104,19,Spotless Janitors of Bayville,,Immaculate Resume Paper,copy paper,segA,6,31,49.29,,186,109.74,9/1/2026,,,,,,,,
8/31/2026,104,19,Spotless Janitors of Bayville,112,Sparkling Letter Size Paper,copy paper,segA,3,46,72.68,218.04,138,80.04,9/1/2026,,,,,,,,
8/31/2026,104,19,Spotless Janitors of Bayville,116,Immaculate Legal Size Paper,  copy paper ,segA,2,59,86.73,173.46,118,55.46,9/1/2026,,,,,,,,
8/31/2026,104,19,Spotless Janitors of Bayville,118,Sparkling Cardstock,copy paper,segA,10,37,44.03,440.3,370,70.3,9/1/2026,,,,,,,,
8/31/2026,104,19,Spotless Janitors of Bayville,93,Gleaming Microwave Popcorn,breakroom supplies,segA,1,20,39,39,20,19,9/1/2026,,,,,,,,
8/12/2026,503,19,Spotless Janitors of Bayville,1,Sleek Party Napkins,paper & tissue,segA,1,29,37.7,37.7,29,8.7,8/13/2026,,,,,,,,
8/12/2026,503,19,Spotless Janitors of Bayville,2,Glossy Party Napkins,paper & tissue,segA,4,29,41.18,164.72,116,48.72,8/13/2026,,,,,,,,
8/12/2026,503,19,Spotless Janitors of Bayville,6,Pristine Bathroom Tissue,paper & tissue,segA,4,19,25.08,100.32,76,24.32,8/13/2026,,,,,,,,
8/12/2026,503,19,Spotless Janitors of Bayville,10,Pristine 2-Ply Toilet Paper,paper & tissue,segA,3,26,37.44,112.32,78,34.32,8/13/2026,,,,,,,,
8/12/2026,503,19,Spotless Janitors of Bayville,16,Dazzling Bathroom Tissue,paper & tissue,segA,1,42,56.28,56.28,42,14.28,8/13/2026,,,,,,,,
8/12/2026,503,19,Spotless Janitors of Bayville,21,Glossy Facial Tissues,paper & tissue,segA,3,47,,,141,45.12,8/13/2026,,,,,,,,
8/12/2026,503,19,Spotless Janitors of Bayville,22,Sparkling Pocket Tissues,paper & tissue,segA,,41,47.56,713.4,615,98.4,8/13/2026,,,,,,,,
8/12/2026,503,19,Spotless Janitors of Bayville,,Pristine Degreaser,cleaning supplies,segA,1,50,94.5,94.5,50,44.5,8/13/2026,,,,,,,,
8/12/2026,503,19,Spotless Janitors of Bayville,71,Spotless Glass Cleaner,cleaning supplies,segA,2,31,57.97,115.94,62,53.94,8/13/2026,,,,,,,,
8/12/2026,503,19,Spotless Janitors of Bayville,74,Pristine Energy Drinks,breakroom supplies,segA,1,15,26.7,26.7,15,11.7,8/13/2026,,,,,,,,
8/12/2026,503,19,Spotless Janitors of Bayville,83,Spotless Energy Drinks,  breakroom supplies ,segA,1,26,46.8,46.8,26,20.8,8/13/2026,,,,,,,,
8/12/2026,503,19,Spotless Janitors of Bayville,84,Sparkling Creamers,breakroom supplies,segA,1,18,32.58,32.58,18,14.58,8/13/2026,,,,,,,,
8/12/2026,503,19,Spotless Janitors of Bayville,88,Gleaming Coffee Beans,breakroom supplies,segA,1,18,38.16,38.16,18,20.16,8/13/2026,,,,,,,,
8/12/2026,503,19,Spotless Janitors of Bayville,89,Sparkling Disposable Cups,breakroom supplies,segA,1,21,40.53,40.53,21,19.53,8/13/2026,,,,,,,,
8/12/2026,503,19,Spotless Janitors of Bayville,90,Dazzling Instant Soups,breakroom supplies,segA,13,24,36,,312,156,13/08/2026,,,,,,,,
8/12/2026,503,19,Spotless Janitors of Bayville,96,Dazzling Disposable Cups,breakroom supplies,segA,1,19,40.66,40.66,19,21.66,8/13/2026,,,,,,,,
12/8/2026,503,19,Spotless Janitors of Bayville,99,Glossy Letter Size Paper,,segA,1,57,88.92,88.92,57,31.92,8/13/2026,,,,,,,,
8/12/2026,503,19,Spotless Janitors of Bayville,103,Spotless Colored Paper,copy paper,segA,5,45,69.3,346.5,225,121.5,8/13/2026,,,,,,,,
8/12/2026,503,19,Spotless Janitors of Bayville,109,Immaculate Resume Paper,copy paper,segA,5,31,49.29,246.45,155,91.45,8/13/2026,,,,,,,,
8/12/2026,503,19,Spotless Janitors of Bayville,110,Pristine Cardstock,,segA,5,42,55.44,277.2,210,67.2,8/13/2026,,,,,,,,
8/12/2026,503,19,Spotless Janitors of Bayville,113,Polished Recycled Paper,copy paper,segA,4,36,46.8,187.2,144,43.2,13/08/2026,,,,,,,,
8/26/2026,209,20,Spotless Janitors of Bayville,16,Dazzling Bathroom Tissue,paper & tissue,segA,10,42,57.96,579.6,420,159.6,8/27/2026,,,,,,,,
8/26/2026,209,20,Radiant Janitors of Lakeburg,17,Glossy Lunch Napkins,paper & tissue,segA,9,31,44.33,398.97,279,119.97,27/08/2026,,,,,,,,
8/26/2026,209,20,Radiant Janitors of Lakeburg,26,Radiant Sticky Notes,office products,segC,2,34,56.1,112.2,68,44.2,8/27/2026,,,,,,,,
8/26/2026,209,20,Radiant Janitors of Lakeburg,40,Immaculate Markers,office products,segC,1,34,53.38,53.38,34,19.38,8/27/2026,,,,,,,,
8/26/2026,209,20,Radiant Janitors of Lakeburg,52,Spotless Air Freshener,cleaning supplies,segB,2,49,92.61,185.22,98,,8/27/2026,,,,,,,,
8/26/2026,209,20,Radiant Janitors of Lakeburg,72,Gleaming Glass Cleaner,cleaning supplies,segB,2,23,40.25,80.5,46,34.5,8/27/2026,,,,,,,,
,209,20,Radiant Janitors of Lakeburg,73,Spotless Creamers,breakroom supplies,segA,6,18,33.12,198.72,108,90.72,8/27/2026,,,,,,,,
8/26/2026,209,20,Radiant Janitors of Lakeburg,75,Fresh Microwave Popcorn,breakroom supplies,segA,4,18,35.1,140.4,72,68.4,8/27/2026,,,,,,,,
8/26/2026,209,20,Radiant Janitors of Lakeburg,79,Immaculate MicrowaveP opcorn,breakroom supplies,segA,4,25,44,176,100,76,8/27/2026,,,,,,,,
8/26/2026,209,20,Radiant Janitors of Lakeburg,88,Gleaming Coffee Beans,breakroom supplies,segA,49,18,27,1323,882,441,8/27/2026,,,,,,,,
8/26/2026,209,20,Radiant Janitors of Lakeburg,89,Sparkling Disposable Cups,breakroom supplies,segA,4,21,38.64,154.56,84,70.56,8/27/2026,,,,,,,,
8/24/2026,274,20,Radiant Janitors of Lakeburg,2,Glossy Party Napkins,paper & tissue,segA,11,29,42.05,462.55,319,143.55,8/25/2026,,,,,,,,
8/24/2026,274,20,Radiant Janitors of Lakeburg,4,Bright Bathroom Tissue,paper & tissue,segA,7,26,34.84,243.88,182,61.88,8/25/2026,,,,,,,,
8/24/2026,274,20,Radiant Janitor sof Lakeburg,7,Gleaming Bathroom Tissue,paper & tissue,segA,14,16,23.04,322.56,224,98.56,8/25/2026,,,,,,,,
8/24/2026,274,20,Radiant Janitors of Lakeburg,12,Immaculate Roll Paper Towels,paper & tissue,segA,26,44,62.04,1613.04,1144,469.04,8/25/2026,,,,,,,,
8/24/2026,274,20,Radiant Janitors of Lakeburg,16,Dazzling Bathroom Tissue,paper & tissue,segA,11,42,57.96,637.56,462,175.56,8/25/2026,,,,,,,,
8/24/2026,274,20,  Radiant Janitors of Lakeburg ,17,Glossy Lunch Napkins,paper & tissue,segA,6,31,44.33,265.98,186,79.98,8/25/2026,,,,,,,,
8/24/2026,274,20,Radiant Janitors of Lakeburg,18,Pristine Lunch Napkins,paper & tissue,segA,8,20,28.6,228.8,160,68.8,8/25/2026,,,,,,,,
8/24/2026,274,20,Radiant Janitors of Lakeburg,19,Fresh Party Napkins,paper & tissue,  segA ,14,45,,844.2,630,214.2,8/25/2026,,,,,,,,
24/08/2026,274,20,Radiant Janitors of Lakeburg,83,Spotless Energy Drinks,breakroom supplies,segA,9,26,46.8,421.2,234,187.2,8/25/2026,,,,,,,,
8/24/2026,274,20,Radiant Janitors of Lakeburg,86,Dazzling Instant Soups,breakroom supplies,segA,9,16,33.44,300.96,,156.96,8/25/2026,,,,,,,,
8/24/2026,274,20,Radiant Janitors of Lakeburg,88,Gleaming Coffee Beans,breakroom supplies,segA,38,,27,1026,684,342,8/25/2026,,,,,,,,
8/24/2026,274,20,Radiant Janitors of Lakeburg,89,Sparkling Disposable Cups,breakroom supplies,segA,5,21,38.64,193.2,105,88.2,8/25/2026,,,,,,,,
8/24/2026,274,20,Radiant Janitors of Lakeburg,92,Glossy Instant Soups,breakroom supplies,segA,2,24,44.4,88.8,48,40.8,8/25/2026,,,,,,,,
8/24/2026,274,20,Radiant Janitors of Lakeburg,95,Bright Disposable Cups,breakroom supplies,segA,5,13,25.61,128.05,65,63.05,8/25/2026,,,,,,,,
8/20/2026,337,20,Radiant Janitors of Lakeburg,4,Bright Bathroom Tissue,paper & tissue,segA,4,26,34.84,139.36,104,35.36,8/21/2026,,,,,,,,
,337,20,Radiant Janitors of Lakeburg,12,Immaculate Roll Paper Towels,paper & tissue,  segA ,23,44,62.04,1426.92,1012,414.92,8/21/2026,,,,,,,,
8/20/2026,337,20,Radiant Janitors of Lakeburg,16,Dazzling Bathroom Tissue,paper & tissue,  segA ,6,42,57.96,347.76,252,95.76,8/21/2026,,,,,,,,
8/20/2026,337,20,Radiant Janitors of Lakeburg,17,Glossy Lunch Napkins,paper & tissue,segA,7,31,44.33,310.31,217,93.31,8/21/2026,,,,,,,,
8/20/2026,337,20,Radiant Janitors of Lakeburg,19,Fresh Party Napkins,paper & tissue,segA,7,45,60.3,422.1,315,107.1,8/21/2026,,,,,,,,
8/20/2026,337,20,Radiant Janitors of Lakeburg,52,Spotless Air Freshener,cleaning supplies,segB,4,49,92.61,370.44,196,174.44,8/21/2026,,,,,,,,
8/20/2026,337,20,Radiant Janitors of Lakeburg,73,Spotless Creamers,breakroom supplies,segA,9,18,33.12,298.08,162,136.08,8/21/2026,,,,,,,,
8/20/2026,337,20,Radiant Janitors of Lakeburg,83,Spotless Energy Drinks,breakroom supplies,segA,5,26,46.8,234,130,104,21/08/2026,,,,,,,,
8/20/2026,337,20,Radiant Janitors of Lakeburg,88,Gleaming Coffee Beans,breakroom supplies,segA,42,18,27,1134,756,378,21/08/2026,,,,,,,,
8/20/2026,337,20,Radiant Janitors of Lakeburg,92,Glossy Instant Soups,breakroom supplies,segA,2,24,,88.8,48,40.8,8/21/2026,,,,,,,,
8/20/2026,337,20,Radiant Janitors of Lakeburg,96,Dazzling Disposable Cups,breakroom supplies,segA,5,,36.29,181.45,95,86.45,8/21/2026,,,,,,,,
8/26/2026,,20,Radiant Janitors of Lakeburg,59,Spotless All-Purpose Cleaner,cleaning supplies,segB,1,47,87.42,87.42,47,40.42,8/27/2026,,,,,,,,
,,20,Radiant Janitors of Lakeburg,87,Glossy Tea Selection,breakroom supplies,segA,242,11,16.5,3993,2662,1331,8/27/2026,,,,,,,,
8/27/2026,174,21,Glossy Keepers of Canyonburg,58,Spotless Floor Cleaner,cleaning supplies,segB,1,31,59.21,59.21,31,28.21,8/28/2026,,,,,,,,
8/27/2026,174,21,Glossy Keepers of Canyonburg,62,Glossy Air Freshener,cleaning supplies,segB,1,20,38.8,38.8,20,18.8,8/28/2026,,,,,,,,
8/27/2026,174,21,Glossy Keepers of Canyonburg,94,Pristine Instant Soups,breakroom supplies,segC,1,7,13.72,13.72,7,6.72,8/28/2026,,,,,,,,
8/10/2026,556,21,Glossy Keepers of Canyonburg,59,Spotless All-Purpose Cleaner,cleaning supplies,segB,1,47,86.48,86.48,47,39.48,8/11/2026,,,,,,,,
8/10/2026,556,21,  Glossy Keepers of Canyonburg ,94,Pristine Instant Soups,breakroom supplies,segC,1,7,13.72,13.72,7,6.72,8/11/2026,,,,,,,,
8/10/2026,556,21,Glossy Keepers of Canyonburg,96,Dazzling Disposable Cups,breakroom supplies,segC,1,19,40.47,40.47,19,21.47,8/11/2026,,,,,,,,
8/10/2026,557,22,Dazzling Stewards of Rivercrest,30,Immaculate Markers,office products,segC,1,28,43.96,43.96,28,15.96,8/11/2026,,,,,,,,
10/8/2026,557,22,Dazzling Stewards of Rivercrest,58,Spotless Floor Cleaner,cleaning supplies,segA,2,31,51.46,102.92,,40.92,8/11/2026,,,,,,,,
8/10/2026,557,22,Dazzling Stewards of Rivercrest,66,Radiant Glass Cleaner,cleaning supplies,segA,1,21,34.23,34.23,21,13.23,8/11/2026,,,,,,,,
8/10/2026,557,22,Dazzling Stewards of Rivercrest,67,Sleek Citrus Cleaner,,segA,1,39,68.25,,,29.25,8/11/2026,,,,,,,,
8/10/2026,557,22,Dazzling Stewards of Rivercrest,68,Dazzling Disinfectant Wipes,cleaning supplies,segA,2,54,99.36,198.72,108,90.72,8/11/2026,,,,,,,,
8/10/2026,557,22,Dazzling Stewrads of Rivercrest,69,Gleaming Degreaser,cleaning supplies,segA,1,27,47.52,47.52,27,20.52,8/11/2026,,,,,,,,
8/10/2026,557,22,Dazzling Stewards of Rivercrest,86,Dazzling Instant Soups,breakroom supplies,segB,1,16,34.08,34.08,16,18.08,8/11/2026,,,,,,,,
8/10/2026,557,22,Dazzling Stewards of Rivercrest,116,Immaculate Legal Size Paper,copy paper,segC,1,59,88.5,88.5,59,29.5,8/11/2026,,,,,,,,
9/3/2026,28,23,Dazzling Sanitizers of Canyonwood,3,Sparkling Party Napkins,paper & tissue,segB,1,21,30.24,30.24,21,9.24,9/18/2026,,,,,,,,
,28,23,Dazzling Sanitizers of Canyonwood,15,Sparkling 2-Ply Toilet Paper,  paper & tissue ,segB,1,43,65.36,65.36,43,22.36,9/18/2026,,,,,,,,
9/3/2026,28,23,Dazzling Sanitizers of Canyonwood,19,Fresh Party Napkins,paper & tissue,segB,1,45,68.85,68.85,45,23.85,9/18/2026,,,,,,,,
9/3/2026,28,23,Dazzling Sanitizers of Canyonwood,26,Radiant Sticky Notes,office products,segA,4,,45.9,183.6,136,47.6,9/18/2026,,,,,,,,
9/3/2026,28,23,Dazzling Sanitizers of Canyonwood,35,Dazzling Staplers,office products,segA,3,27,40.23,120.69,81,39.69,9/18/2026,,,,,,,,
9/3/2026,28,23,Dazzling Sanitizers of Canyonwood,38,Radiant Pens,office products,segA,3,17,27.2,81.6,51,30.6,9/18/2026,,,,,,,,
9/3/2026,28,23,Dazzling Sanitizers of Canyonwood,45,Immaculate Staplers,office products,segA,1,50,73,73,,23,9/18/2026,,,,,,,,
3/9/2026,28,23,Dazzling Sanitizers of Canyonwood,46,Spotless Desk Organizers,office products,segA,1,33,50.49,50.49,33,17.49,9/18/2026,,,,,,,,
9/3/2026,28,23,Dazzling Sanitizers of Canyonwood,49,Sparkling Disinfectant Wipes,cleaning supplies,segA,20,21,30.03,600.6,420,180.6,9/18/2026,,,,,,,,
9/3/2026,28,23,Dazzling Sanitizers of Canyonwood,53,Glossy Glass Cleaner,cleaning supplies,segA,1,36,64.08,64.08,36,28.08,9/18/2026,,,,,,,,
9/3/2026,28,23,Dazzling Sanitizers of Canyonwood,54,Dazzling Floor Cleaner,cleaning supplies,segA,2,45,72.45,144.9,90,54.9,9/18/2026,,,,,,,,
9/3/2026,28,23,Dazzling Sanitizers of Canyonwood,59,Spotless All-Purpose Cleaner,cleaning supplies,segA,2,47,86.48,172.96,94,78.96,9/18/2026,,,,,,,,
9/3/2026,28,23,Dazzling Sanitizers of Canyonwood,60,Polished Degreaser,cleaning supplies,segA,2,26,48.36,96.72,52,44.72,9/18/2026,,,,,,,,
9/3/2026,28,23,Dazzling Saintizers of Canyonwood,61,Pristine Degreaser,cleaning supplies,segA,3,50,93,279,150,129,,,,,,,,,
9/3/2026,28,23,Dazzling Sanitizers of Canyonwood,73,Spotless Creamers,breakroom supplies,segC,1,18,37.8,37.8,18,19.8,9/18/2026,,,,,,,,
9/3/2026,28,23,  Dazzling Sanitizers of Canyonwood ,113,Polished Recycled Paper,copy paper,segC,1,36,55.44,55.44,36,19.44,9/18/2026,,,,,,,,
9/3/2026,28,23,Dazzling Sanitizers of Canyonwood,45,Immaculate Staplers,office products,segA,1,50,73,73,,23,9/18/2026,,,,,,,,
31/08/2026,105,24,Dazzling Stewards of Harborport,51,Bright Glass Cleaner,cleaning supplies,segA,3,26,48.88,146.64,78,68.64,,,,,,,,,
8/31/2026,105,24,Dazzling Stewards of Harborport,52,Spotless Air Freshener,cleaning supplies,segA,11,49,85.26,937.86,539,398.86,9/1/2026,,,,,,,,
8/31/2026,105,24,  Dazzling Stewards of Harborport ,53,Glossy Glass Cleaner,cleaning supplies,segA,9,36,64.08,576.72,324,252.72,9/1/2026,,,,,,,,
8/31/2026,105,24,Dazzling Stewards of Harborport,56,Pristine Citrus Cleaner,cleaning supplies,segA,1,48,77.76,77.76,48,29.76,9/1/2026,,,,,,,,
8/31/2026,105,24,Dazzling Stewards of Harborport,61,Pristine Degreaser,cleaning suppiles,segA,3,,90.5,271.5,150,,9/1/2026,,,,,,,,
8/31/2026,105,24,Dazzling Stewards of Harborport,64,Bright Glass Cleaner,cleaning supplies,segA,6,32,51.2,307.2,192,115.2,9/1/2026,,,,,,,,
,105,24,Dazlzing Stewards of Harborport,65,Sparkling Citrus Cleaner,cleaning supplies,segA,6,20,34.6,207.6,120,87.6,9/1/2026,,,,,,,,
8/31/2026,105,24,Dazzling Stewards of Harborport,92,Glossy Instant Soups,braekroom supplies,segC,1,24,,50.64,24,26.64,9/1/2026,,,,,,,,
8/31/2026,105,24,Dazzling Stewards of Harborport,110,Pristine Cardstock,copy paper,segA,15,42,,837.9,630,207.9,9/1/2026,,,,,,,,
8/31/2026,105,24,Dazzling Stewards of Harborport,112,Sparkling Letter Size Paper,copy paper,segA,17,46,60.72,1032.24,782,250.24,9/1/2026,,,,,,,,
8/10/2026,558,24,Dazzling Stewards of Harborport,13,Pristine Party Napkins,paper & tissue,segD,2,45,74.7,149.4,90,59.4,8/11/2026,,,,,,,,
8/10/2026,558,24,Dazzling Stewards of Harborport,51,Bright Glass Cleaner,cleaning supplies,segA,3,26,48.88,146.64,78,68.64,8/11/2026,,,,,,,,
8/10/2026,558,24,Dazzling Stewards of Harborport,53,Glossy Glass Cleaner,cleaning supplies,segA,6,36,64.08,384.48,216,168.48,8/11/2026,,,,,,,,
8/10/2026,558,24,Dazzling Stewards of Harborport,64,Bright Glass Cleaner,cleaning supplies,segA,9,32,51.2,460.8,288,172.8,11/8/2026,,,,,,,,
8/10/2026,558,24,Dazzling Stewards of Harborport,65,Sparkling Citrus Cleaner,cleaning supplies,segA,9,20,34.6,311.4,180,131.4,8/11/2026,,,,,,,,
8/10/2026,558,24,Dazzling Stewards of Harborport,91,,breakroom supplies,segC,1,29,62.93,62.93,29,33.93,8/11/2026,,,,,,,,
8/10/2026,558,24,Dazzling Stewards of Harborport,102,Sleek Resume Paper,copy paper,  segA ,10,26,37.18,371.8,260,111.8,8/11/2026,,,,,,,,
8/10/2026,558,24,Dazzling Stewards of Harborport,110,Pristine Cardstock,copy paper,segA,14,42,55.86,782.04,588,194.04,8/11/2026,,,,,,,,
8/31/2026,106,25,Sparkling Sanitizers of Granitedale,53,Glossy Glass Cleaner,cleaning supplies,segA,1,36,61.92,61.92,36,25.92,9/1/2026,,,,,,,,
8/31/2026,106,25,Sparkling Sanitizers of Granitedale,55,Spotless Floor Cleaner,  cleaning supplies ,segA,1,29,48.72,48.72,29,19.72,9/1/2026,,,,,,,,
8/31/2026,106,25,Sparkling Sanitizers of Granitedale,60,Polished Degreaser,cleaning supplies,segA,1,26,,46.54,26,20.54,9/1/2026,,,,,,,,
8/31/2026,106,25,Sparkling Sanitizers of Granitedale,69,Gleaming Degreaser,cleaning supplies,segA,1,27,48.6,48.6,27,21.6,9/1/2026,,,,,,,,
8/31/2026,106,25,Sparkling Sanitizers of Granitedale,89,Sparkling Disposable Cups,breakroom supplies,segD,1,21,47.46,47.46,21,26.46,9/1/2026,,,,,,,,
8/31/2026,106,25,Sparkling Sanitizers of Granitedale,116,Immaculate Legal Size Paper,copy paper,segB,1,59,84.96,84.96,59,25.96,9/1/2026,,,,,,,,
8/20/2026,338,25,Sparkling Sanitizers of Granitedale,53,Glossy Glass Cleaner,cleaning supplies,segA,1,36,61.92,61.92,36,25.92,8/21/2026,,,,,,,,
8/20/2026,338,25,Sparkling Sanitizers of Granitedale,60,Polished Degreaser,cleaning supplies,segA,1,26,,46.54,26,20.54,8/21/2026,,,,,,,,
8/20/2026,338,25,Sparkling Sanitizers of Granitedale,69,Gleaming Degreaser,cleaning supplies,segA,1,27,48.6,48.6,27,21.6,8/21/2026,,,,,,,,
8/20/2026,338,25,Sparkling Sanitizers of Granitedale,97,Sparkling Legal Size Paper,copy paper,  segB ,1,39,62.4,62.4,39,23.4,8/21/2026,,,,,,,,
8/27/2026,175,26,Spotless Providers of Harborport,28,Immaculate Binder Clips,office proudcts,segA,1,29,40.89,40.89,29,11.89,9/11/2026,,,,,,,,
8/27/2026,175,26,Spotless Providers of Harborport,29,Dazzling Paper Clips,,segA,1,37,54.76,54.76,37,17.76,9/11/2026,,,,,,,,
8/27/2026,175,26,Spotless Providers of Harborport,31,Polished Highlighters,office products,segA,1,17,26.01,26.01,17,9.01,9/11/2026,,,,,,,,
8/27/2026,175,26,Spotless Providers of Harborport,42,Polished Markers,office products,segA,4,28,42.84,171.36,112,59.36,11/9/2026,,,,,,,,
8/27/2026,175,26,Spotless Providers of Harborport,44,Gleaming Recycled Paper,office products,segA,2,,54.4,108.8,68,40.8,9/11/2026,,,,,,,,
8/27/2026,175,26,Spotless Providers of Harborport,68,Dazzling Disinfectant Wipes,cleaning supplies,segC,1,54,105.3,105.3,54,51.3,9/11/2026,,,,,,,,
,175,26,Spotless Providers of Harborport,86,Dazzling Instant Soups,breakroom supplies,segC,1,16,30.88,30.88,16,14.88,9/11/2026,,,,,,,,
27/08/2026,175,26,Spotless Providers of Harborport,95,Bright Disposable Cups,  breakroom supplies ,segC,1,13,25.87,25.87,13,12.87,9/11/2026,,,,,,,,
8/27/2026,175,26,Spotless Providers of Harborport,112,Sparkling Letter Size Paper,copy paper,segB,1,46,69.46,69.46,46,23.46,11/9/2026,,,,,,,,
8/12/2026,504,26,Spotless Providers of Harborport,28,Immaculate Binder Clips,office products,segA,1,29,40.89,40.89,29,11.89,8/13/2026,,,,,,,,
8/12/2026,504,26,Spotless Providers of Harborport,32,Bright Desk Organizers,office products,segA,3,44,65.12,195.36,132,63.36,8/13/2026,,,,,,,,
8/12/2026,504,26,Spotless Providers of Harborport,46,Spotless Desk Organizers,office products,segA,1,33,52.8,52.8,33,19.8,8/13/2026,,,,,,,,
8/12/2026,504,26,Spotless Providers of Harborport,53,Glossy Glass Cleaner,cleaning supplies,segC,1,36,61.92,61.92,36,25.92,8/13/2026,,,,,,,,
8/12/2026,504,26,Spotless Providers of Harborport,95,Bright Disposable Cups,breakroom supplies,segC,1,13,25.87,25.87,13,12.87,8/13/2026,,,,,,,,
8/12/2026,504,26,Spotless Providers of Harborport,28,Immaculate Binder Clips,office products,segA,1,29,40.89,40.89,29,11.89,8/13/2026,,,,,,,,
8/27/2026,,26,Spotless Providers of Harborport,,Glossy Recycled Paper,copy paper,,1,54,83.16,83.16,54,29.16,9/11/2026,,,,,,,,
8/12/2026,,26,Spotless Providers of Harborport,43,Fresh File Folders,office products,segA,5,50,76.5,382.5,,132.5,,,,,,,,,
8/28/2026,138,27,Sparkling Servicers of Valleyfield,2,Glossy Party Napkins,paper & tissue,segC,1,29,41.76,41.76,29,12.76,8/31/2026,,,,,,,,
8/28/2026,138,27,Sparkling Servicers of Valleyfield,7,,paper & tissue,segC,1,16,23.68,23.68,16,7.68,31/08/2026,,,,,,,,
8/28/2026,138,27,Sparkling Servicers of Valleyfield,20,Gleaming Roll Paper Towels,paper & tissue,segC,1,28,39.48,,28,11.48,8/31/2026,,,,,,,,
28/08/2026,138,27,Sparkling Servicers of Valleyfield,77,Sleek Disposable Cups,breakroom supplies,segD,1,25,58.25,58.25,25,33.25,8/31/2026,,,,,,,,
8/28/2026,138,27,Sparkling Servicers of Valleyfield,80,Spotless Instant Soups,breakroom supplies,segD,1,17,34.68,34.68,17,17.68,8/31/2026,,,,,,,,
8/28/2026,138,27,Sparkling Servicers of Valleyfield,102,Sleek Resume Paper,copy paper,segA,,26,34.58,69.16,52,17.16,8/31/2026,,,,,,,,
8/28/2026,138,27,Sparkling Servicers of Valleyfield,,,copy paper,segA,4,52,82.16,328.64,208,120.64,8/31/2026,,,,,,,,
8/28/2026,138,27,Sparkling Servicers of Valleyfield,110,Pristine Cardstock,copy paper,segA,5,42,65.52,327.6,210,117.6,8/31/2026,,,,,,,,
9/1/2026,78,28,Pristine Keepers of Lakeridge,11,Fresh Lunch Napkins,paper & tissue,segC,6,21,31.92,191.52,126,65.52,9/2/2026,,,,,,,,
9/1/2026,78,28,Pristine Keepers of Lakeridge,12,Immaculate Roll Paper Towels,paper & tissue,segC,6,44,63.8,382.8,264,118.8,2/9/2026,,,,,,,,
9/1/2026,78,28,Pristine Keepers of Lakeridge,20,Gleaming Roll Paper Towels,paper & tissue,segC,2,28,40.88,81.76,56,25.76,9/2/2026,,,,,,,,
9/1/2026,78,28,Pristine Keepers of Lakeridge,50,Bright Glass Cleaner,,,14,23,38.87,544.18,322,222.18,9/2/2026,,,,,,,,
9/1/2026,78,28,Pristine Keepers of Lakeridge,51,Bright Glass Cleaner,claening supplies,segA,13,26,45.24,588.12,338,250.12,9/2/2026,,,,,,,,
9/1/2026,78,28,Pristine Keepers of Lakeridge,66,Radiant Glass Cleaner,cleaning supplies,segA,14,21,34.44,482.16,294,188.16,9/2/2026,,,,,,,,
9/1/2026,78,28,Pristine Keepers of Lakeridge,72,Gleaming Glass Cleaner,cleaning supplies,sgeA,14,23,42.09,589.26,322,267.26,9/2/2026,,,,,,,,
9/1/2026,78,28,Pristine Keepers of Lakeridge,87,Glossy Tea Selection,breakroom supplies,segB,2,11,21.67,43.34,22,21.34,9/2/2026,,,,,,,,
9/1/2026,78,28,Pristine Keepers of Lakeridge,72,Gleaming Glass Cleaner,cleaning supplies,sgeA,14,23,42.09,589.26,322,267.26,9/2/2026,,,,,,,,
8/28/2026,139,28,Pristine Keepers of Lakeridge,20,Gleaming Roll Paper Towels,paper & tissue,segC,2,28,40.88,81.76,56,,8/31/2026,,,,,,,,
8/28/2026,139,28,Pristine Keepers of Lakeridge,50,Bright Glass Cleaner,cleaning supplies,,11,23,38.87,427.57,253,174.57,8/31/2026,,,,,,,,
8/28/2026,139,28,Pristine Keepers of Lakeridge,56,Pristine Citrus Cleaner,cleaning supplies,segA,13,48,83.52,1085.76,624,461.76,8/31/2026,,,,,,,,
8/28/2026,139,28,Pristine Keepers of Lakeridge,,Spotless All-Purpose Cleaner,cleaning supplies,segA,14,47,85.07,1190.98,658,532.98,8/31/2026,,,,,,,,
8/28/2026,139,28,Pristine Keepers of Lakeridge,64,Bright Glass Cleaner,cleaning supplies,segA,13,32,51.2,665.6,416,249.6,8/31/2026,,,,,,,,
8/28/2026,139,28,Pristine Keepers of Lakeridge,66,Radiant Glass Cleaner,cleaning supplies,segA,,21,34.44,413.28,252,161.28,8/31/2026,,,,,,,,
8/28/2026,139,28,Pristine Keepers of Lakeridge,70,,cleaning supplies,segA,3,33,57.75,173.25,99,74.25,8/31/2026,,,,,,,,
8/28/2026,139,28,Pristine Keepers of Lakeridge,87,Glossy Tea Selection,breakroom supplies,segB,2,11,21.67,43.34,22,21.34,8/31/2026,,,,,,,,
8/28/2026,139,28,Pristine Keepers of Lakeridge,96,,breakroom supplies,segB,1,19,42.56,42.56,19,23.56,8/31/2026,,,,,,,,
8/21/2026,303,28,Pristine Keepers of Lakeridge,51,Bright Glass Cleaner,cleaning supplies,segA,9,26,45.24,407.16,234,173.16,8/24/2026,,,,,,,,
8/21/2026,303,28,Pristine Keepers of Lakeridge,59,Spotless All-Purpose Cleaner,cleaning supplies,,13,47,85.07,1105.91,611,494.91,8/24/2026,,,,,,,,
8/21/2026,303,28,Pristine Keepers of Lakeridge,64,Bright Glass Cleaner,cleaning supplies,segA,9,32,51.2,460.8,288,172.8,8/24/2026,,,,,,,,
8/21/2026,303,28,Pristine Keepers of Lakeridge,,Gleaming Glass Cleaner,cleaning supplies,,14,23,42.09,589.26,322,267.26,8/24/2026,,,,,,,,
8/21/2026,303,28,Prisitne Keepers of Lakeridge,87,Glossy Tea Selection,breakroom supplies,segB,2,11,21.67,43.34,22,21.34,24/08/2026,,,,,,,,
8/21/2026,303,28,Pristine Keepers of Lakeridge,88,Gleaming Coffee Beans,breakroom supplies,segB,2,18,34.02,68.04,36,32.04,8/24/2026,,,,,,,,
8/21/2026,303,28,Pristine Keepers of Lakeridge,120,Sparkling Letter Size Paper,copy paper,segC,1,45,74.7,74.7,45,29.7,8/24/2026,,,,,,,,
9/1/2026,,28,Pristine Keepers of Lakeridge,18,Pristine Lunch Napkins,paper & tissue,segC,5,20,29.4,147,100,47,9/2/2026,,,,,,,,
8/21/2026,304,29,Pristine Wholesalers of Mounthaven,63,Polished Glass Cleaner,cleaning supplies,  segC ,1,42,82.32,82.32,42,40.32,8/24/2026,,,,,,,,
,304,29,Pristine Wholesalers of Mounthaven,117,Dazzling Graph Paper,copy paper,,1,51,88.74,88.74,51,37.74,8/24/2026,,,,,,,,
9/2/2026,58,30,Fresh Facilities of Forestville,19,Fresh Party Napkins,paper & tissue,segB,2,45,63.45,126.9,90,36.9,9/3/2026,,,,,,,,
9/2/2026,58,30,Fresh Facilities of Forestville,30,Immaculate Markers,office products,segA,4,28,44.8,179.2,112,67.2,9/3/2026,,,,,,,,
9/2/2026,58,30,Fresh Facilities of Forestville,78,Glossy Creamers,breakroom supplies,segB,1,27,58.32,,27,31.32,9/3/2026,,,,,,,,
9/1/2026,79,30,Fresh Facilities of Forestville,11,  Fresh Lunch Napkins ,paper & tissue,segB,1,21,30.87,30.87,21,9.87,9/2/2026,,,,,,,,
9/1/2026,79,30,Fresh Facilities of Forestville,14,Spotless Pocket Tissues,paper & tissue,segB,2,20,30.4,60.8,40,20.8,9/2/2026,,,,,,,,
9/1/2026,79,30,Fresh Facilities of Forestville,29,Dazzling Paper Clips,office products,segA,4,37,55.5,222,,74,9/2/2026,,,,,,,,
9/1/2026,79,30,Fresh Facilities of Forestville,32,Bright Desk Organizers,office products,segA,1,,61.16,61.16,44,17.16,9/2/2026,,,,,,,,
9/1/2026,79,30,Fresh Facilities of Forestville,34,Radiant Staplers,office products,segA,1,,35.28,35.28,24,11.28,9/2/2026,,,,,,,,
9/1/2026,79,30,Fresh Facilities of Forestville,44,Gleaming Recycled Paper,office products,esgA,4,34,44.2,176.8,136,40.8,9/2/2026,,,,,,,,
9/1/2026,79,30,Fresh Facilities of Forestville,84,Sparkling Creamers,breakroom supplies,segB,1,18,35.1,35.1,18,17.1,9/2/2026,,,,,,,,
8/20/2026,339,30,Fresh Facilities of Forestville,9,Fresh Kitchen Towels,paper & tissue,segB,1,33,48.51,48.51,33,15.51,8/21/2026,,,,,,,,
8/20/2026,339,30,Fresh Facilities of Forestville,31,Polished Highlighters,office products,segA,3,17,24.65,73.95,51,22.95,8/21/2026,,,,,,,,
8/20/2026,339,30,Fresh Facilities of Forestville,43,Fresh File Folders,office products,segA,3,50,68.5,205.5,150,55.5,8/21/2026,,,,,,,,
8/20/2026,339,30,Fresh Facilities of Forestville,48,Fresh Desk Organizers,office products,segA,2,29,42.34,84.68,58,26.68,8/21/2026,,,,,,,,
8/20/2026,339,30,Fresh Facilities of Forestville,95,Bright Disposable Cups,breakroom supplies,segB,1,13,28.34,28.34,13,15.34,8/21/2026,,,,,,,,
8/18/2026,375,30,Fresh Fcailities of Forestville,14,Spotless Pocket Tissues,paper & tissue,segB,2,20,30.4,,,20.8,9/2/2026,,,,,,,,
8/18/2026,375,30,Fresh Facilities of Forestville,19,Fresh Party Napkins,paper & tissue,segB,2,45,63.45,126.9,90,,9/2/2026,,,,,,,,
8/18/2026,375,30,Fresh Faciltiies of Forestville,27,Sparkling Sticky Notes,office products,segA,1,43,61.06,61.06,43,18.06,9/2/2026,,,,,,,,
8/18/2026,375,30,Fresh Facilities of Forestville,29,Dazzling Paper Clips,office products,segA,4,37,55.5,222,148,74,9/2/2026,,,,,,,,
8/18/2026,375,30,Fresh Facilities of Forestville,43,Fresh File Folders,office products,segA,2,50,68.5,137,100,37,2/9/2026,,,,,,,,
8/18/2026,375,30,Fresh Facilities of Forestville,44,Gleaming Recycled Paper,  office products ,segA,4,34,44.2,176.8,136,40.8,9/2/2026,,,,,,,,
8/18/2026,375,30,Fresh Facilities of Forestville,48,Fresh Desk Organizers,office products,segA,2,29,42.34,84.68,58,26.68,9/2/2026,,,,,,,,
8/18/2026,375,30,Fresh Facilities of Forestville,63,Polished Glass Cleaner,cleaning supplies,segD,1,42,87.36,87.36,42,45.36,9/2/2026,,,,,,,,
8/18/2026,375,30,Fresh Facilities of Forestville,95,Bright Disposable Cups,breakroom supplies,segB,1,13,28.34,28.34,13,15.34,9/2/2026,,,,,,,,
8/26/2026,210,31,Polished Keepers of Graniteport,49,Sparkling Disinfectant Wipes,cleaning supplies,segA,1,21,37.17,37.17,21,16.17,8/27/2026,,,,,,,,
8/26/2026,210,31,Polished Keepers of Graniteport,57,Glossy All-Purpose Cleaner,cleaning supplies,segA,1,51,93.84,93.84,51,42.84,8/27/2026,,,,,,,,
8/26/2026,210,31,Polished Keepers of Graniteport,58,Spotless Floor Cleaner,cleaning supplies,segA,3,31,50.84,152.52,93,59.52,8/27/2026,,,,,,,,
8/26/2026,210,31,Polished Keepers of Graniteport,62,Glossy Air Freshener,cleaning supplies,segA,54,20,30,1620,1080,540,8/27/2026,,,,,,,,
8/26/2026,210,31,Polished Keepers of Graniteport,67,  Sleek Citrus Cleaner ,cleaning supplies,segA,2,39,63.57,127.14,78,49.14,8/27/2026,,,,,,,,
8/26/2026,210,31,Polished Keepers of Graniteport,70,Sleek Air Freshener,cleaning supplies,segA,1,33,57.42,57.42,33,24.42,8/27/2026,,,,,,,,
8/26/2026,210,31,Polished Keepers of Graniteport,71,Spotless Glass Cleaner,cleaning supplies,segA,1,31,54.25,54.25,31,23.25,8/27/2026,,,,,,,,
8/26/2026,210,31,Polished Keepers of Graniteport,79,Immaculate Microwave Popcorn,breakroom supplies,segD,1,25,56.5,56.5,25,31.5,8/27/2026,,,,,,,,
8/19/2026,364,31,  Polished Keepers of Graniteport ,61,Pristine Degreaser,cleaning supplies,segA,1,50,93,93,50,43,8/20/2026,,,,,,,,
8/19/2026,364,31,Polished Keepers of Graniteport,62,Glossy Air Freshener,cleaning supplies,segA,52,20,30,1560,1040,520,8/20/2026,,,,,,,,
8/19/2026,364,31,Polished Keepers of Graniteport,65,Sparkling Citrus Cleaner,,segA,1,20,32,32,20,12,8/20/2026,,,,,,,,
8/19/2026,364,31,Polished Keepers of Graniteport,120,Sparkling Letter Size Paper,copy paper,segB,1,45,69.3,69.3,45,24.3,8/20/2026,,,,,,,,
8/18/2026,376,31,Polished Keepers of Graniteport,42,Polished Markers,office products,segD,1,28,51.24,51.24,28,23.24,8/19/2026,,,,,,,,
8/18/2026,376,31,Polished Keepers of Graniteport,49,Sparkling Disinfectant Wipes,cleaning supplies,segA,1,21,37.17,37.17,21,16.17,8/19/2026,,,,,,,,
8/18/2026,376,31,Polished Keepers of Graniteport,57,Glossy All-Purpose Cleaner,cleaning supplies,segA,2,,93.84,187.68,102,85.68,8/19/2026,,,,,,,,
8/18/2026,376,31,Polished Keepers of Graniteport,65,Sparkling Citrus Cleaner,cleaning supplies,segA,1,20,32,32,20,12,8/19/2026,,,,,,,,
8/18/2026,376,31,  Polished Keepers of Graniteport ,114,Glossy Recycled Paper,,segB,44,32,39.04,1717.76,1408,309.76,8/19/2026,,,,,,,,
8/26/2026,,31,Polished Keepers of Graniteport,59,Spotless All-Purpose Cleaner,cleaning supplies,segA,2,47,86.01,172.02,94,78.02,8/27/2026,,,,,,,,
9/3/2026,29,32,Pristine Custodians of Bayton,28,Immaculate Binder Clips,office products,segC,1,29,41.47,41.47,29,12.47,9/4/2026,,,,,,,,
9/3/2026,29,32,Pristine Custodians of Bayton,51,Bright Glass Cleaner,cleaning supplies,segD,,26,54.6,54.6,26,28.6,9/4/2026,,,,,,,,
8/13/2026,469,32,Pristine Custodians of Bayton,64,Bright Glass Cleaner,  cleaning supplies ,segD,1,32,64.64,64.64,32,32.64,8/14/2026,,,,,,,,
8/11/2026,530,32,Pristine Custodians of Bayton,25,Dazzling Binder Clips,office products,segC,1,45,65.7,65.7,45,20.7,8/12/2026,,,,,,,,
8/11/2026,530,32,Pristine Custodians of Bayton,50,Bright Glass Cleaner,cleaning supplies,segD,1,23,44.39,44.39,23,21.39,8/12/2026,,,,,,,,
8/11/2026,530,32,Pristine Custodians of Bayton,97,Sparkling Legal Size Paper,copy paper,segC,1,39,,57.72,39,18.72,8/12/2026,,,,,,,,
8/27/2026,176,34,Fresh Wholesalers of Mountdale,13,Pristine Party Napkins,paper & tissue,segA,24,45,63.45,1522.8,1080,442.8,28/08/2026,,,,,,,,
,176,34,Fresh Wholesalers of Mountdale,14,Spotless Pocket Tissues,paper & tissue,segA,10,20,26,260,200,60,8/28/2026,,,,,,,,
8/27/2026,176,34,Fresh Wholesalers of Mountdale,17,Glossy Lunch Napkins,paper & tissue,segA,12,31,45.26,543.12,372,171.12,8/28/2026,,,,,,,,
8/27/2026,176,34,Fresh Wholesalers of Mountdale,24,Sparkling Pocket Tissues,paper & tissue,segA,171,18,21.6,3693.6,3078,615.6,8/28/2026,,,,,,,,
8/27/2026,176,34,Fresh Wholesalers of Mountdale,42,Polished Markers,office products,segD,1,28,47.32,47.32,28,19.32,8/28/2026,,,,,,,,
8/27/2026,176,34,Fresh Wholesalers of Mountdale,63,Polished Glass Cleaner,cleaning supplies,segC,1,42,75.18,75.18,42,33.18,8/28/2026,,,,,,,,
8/27/2026,176,34,Fresh Wholesalers of Mountdale,77,Sleek Disposable Cups,breakroom supplies,segA,6,25,46.75,280.5,150,130.5,8/28/2026,,,,,,,,
8/27/2026,176,34,Fresh Wholesalers of Mountdale,84,Sparkling Creamers,breakroom supplies,segA,3,18,32.04,96.12,54,42.12,8/28/2026,,,,,,,,
8/27/2026,176,34,Fresh Wholesalers of Mountdale,85,Sparkling Microwave Popcorn,breakroom supplies,segA,3,12,24.36,73.08,,37.08,8/28/2026,,,,,,,,
8/27/2026,176,34,Fresh Wholesalers of Mountdale,89,Sparkling Disposable Cups,breakroom supplies,segA,7,21,42.84,299.88,147,152.88,8/28/2026,,,,,,,,
8/27/2026,176,34,Fresh Wholesalers of Mountdale,91,Glossy Microwave Popcorn,breakroom supplies,,7,,52.2,365.4,203,162.4,8/28/2026,,,,,,,,
8/27/2026,176,34,Fresh Wholesalers of Mountdale,94,Pristine Instant Soups,breakroom supplies,segA,4,7,13.51,54.04,28,26.04,8/28/2026,,,,,,,,
8/27/2026,176,34,Fresh Wholesalers of Mountdale,95,Bright Disposable Cups,breakroom supplies,segA,5,13,22.49,112.45,65,47.45,8/28/2026,,,,,,,,
9/3/2026,30,35,Dazzling Wholesalers of Riverdale,8,Bright Party Napkins,paper & tissue,segA,8,50,74,592,400,192,9/4/2026,,,,,,,,
9/3/2026,30,35,Dazzling Wholesalers of Riverdale,15,Sparkling 2-Ply Toilet Paper,paper & tissue,segA,19,43,62.35,1184.65,817,367.65,9/4/2026,,,,,,,,
9/3/2026,30,35,Dazzling Wholesalers of Riverdale,20,Gleaming Roll Paper Towels,paper & tissue,segA,17,28,38.92,661.64,476,185.64,9/4/2026,,,,,,,,
9/3/2026,30,35,Dazzling Wholesalers of Riverdale,35,Dazzling Staplers,,segD,1,27,47.79,,27,20.79,9/4/2026,,,,,,,,
9/3/2026,30,35,Dazzling Wholesalers of Riverdale,65,,cleaning supplies,segC,1,20,35.6,35.6,20,15.6,9/4/2026,,,,,,,,
9/3/2026,30,35,Dazzling Wholesalers of Riverdale,67,Sleek Citrus Cleaner,cleaning supplies,segC,3,39,74.1,222.3,117,105.3,9/4/2026,,,,,,,,
9/3/2026,30,35,Dazzling Wholesalers of Riverdale,74,Pristien Energy Drinks,breakroom supplies,segD,1,15,34.95,34.95,15,19.95,9/4/2026,,,,,,,,
9/3/2026,30,35,Dazzling Wholesalers of Riverdale,98,Radiant Glossy Photo Paper,copy paper,segC,5,23,33.81,169.05,115,54.05,9/4/2026,,,,,,,,
9/3/2026,30,35,Dazzling Wholesalers of Riverdale,115,Polished Glossy Photo Paper,copy paper,segC,2,59,93.22,,118,68.44,9/4/2026,,,,,,,,
9/3/2026,30,35,Dazzling Wholesalers of Riverdale,117,Dazzling Graph Paper,copy paper,segC,4,51,78.03,312.12,204,108.12,9/4/2026,,,,,,,,
9/2/2026,59,35,Dazzling Wholesalers of Riverdale,18,Pristine Lunch Napkins,paper & tissue,segA,10,20,26,260,200,60,9/3/2026,,,,,,,,
,59,35,Dazzling Wholesalers of Riverdale,22,Sparkling Pocket Tissues,paper & tissue,segA,15,41,56.58,848.7,615,233.7,9/3/2026,,,,,,,,
,59,35,Dazzling Wholesalers of Riverdale,23,  Dazzling Roll Paper Towels ,paper & tissue,segA,11,40,52.8,580.8,440,140.8,9/3/2026,,,,,,,,
9/2/2026,59,35,Dazzling Wholesalers of Riverdale,24,Sparkling Pocket Tissues,paper & tissue,segA,21,18,25.2,529.2,378,151.2,,,,,,,,,
2/9/2026,59,35,Dazzling Wholesalers of Riverdale,59,Spotless All-Purpose Cleaner,cleaning supplies,segC,1,47,90.71,90.71,47,43.71,9/3/2026,,,,,,,,
8/25/2026,241,35,Dazzling Wholesalers of Riverdale,13,Pristine Party Napkins,paper & tissue,segA,30,45,61.2,1836,1350,486,8/26/2026,,,,,,,,
8/25/2026,241,35,  Dazzling Wholesalers of Riverdale ,15,Sparkling 2-Ply Toilet Paper,paper & tissue,segA,23,43,62.35,1434.05,989,445.05,,,,,,,,,
8/25/2026,241,35,  Dazzling Wholesalers of Riverdale ,24,Sparkling Pocket Tissues,paper & tissue,  segA ,18,18,25.2,453.6,324,129.6,,,,,,,,,
8/25/2026,241,35,Dazzling Wholesalers of Riverdale,34,Radiant Staplers,office products,segD,1,24,43.2,43.2,24,19.2,8/26/2026,,,,,,,,
8/25/2026,241,35,Dazzling Wholesalers of Riverdale,86,Dazzling Instant Soups,breakroom supplies,segD,1,16,33.6,33.6,16,17.6,,,,,,,,,
8/25/2026,241,35,Dazzling Wholesalers of Riverdale,98,Radiant Glossy Photo Paper,copy paper,segC,2,23,33.81,67.62,46,21.62,8/26/2026,,,,,,,,
8/25/2026,241,35,Dazzling Wholesalers of Riverdale,115,Polished Glossy Photo Paper,copy paper,segC,,59,93.22,279.66,177,102.66,8/26/2026,,,,,,,,
8/20/2026,340,35,Dazzling Wholesalers of Riverdale,5,Polished Kitchen Towels,paper & tissue,segA,12,35,51.45,617.4,420,197.4,8/21/2026,,,,,,,,
8/20/2026,340,35,Dazzling Wholesalers of Riverdale,15,Sparkling 2-Ply Toilet Paper,paper & tissue,segA,17,43,62.35,,731,328.95,8/21/2026,,,,,,,,
8/20/2026,340,35,Dazzling Wholesalers of Riverdale,21,Glossy Facial Tissues,paper & tissue,segA,9,47,62.04,558.36,423,135.36,8/21/2026,,,,,,,,
8/20/2026,340,35,Dazzling Wholesalers of Riverdale,66,Radiant Glass Cleaner,cleaning supplies,segC,1,21,37.38,37.38,21,16.38,8/21/2026,,,,,,,,
8/20/2026,340,35,Dazzling Wholesalers of Riverdale,115,,copy paper,segC,2,59,93.22,186.44,118,68.44,8/21/2026,,,,,,,,
8/20/2026,340,35,Dazzling Wholesalers of Riverdale,117,,copy paper,segC,6,51,78.03,468.18,306,162.18,8/21/2026,,,,,,,,
8/20/2026,340,35,Dazzling Wholesalers of Riverdale,15,Sparkling 2-Ply Toilet Paper,paper & tissue,segA,17,43,62.35,,731,328.95,8/21/2026,,,,,,,,
8/10/2026,559,35,Dazzling Wholesalers of Riverdale,2,Glossy Party Napkins,paper & tissue,segA,14,29,37.7,527.8,406,121.8,8/11/2026,,,,,,,,
8/10/2026,559,35,Dazzling Wholesalers of Riverdale,4,Bright Bathroom Tissue,paper & tissue,segA,6,26,36.14,216.84,156,60.84,8/11/2026,,,,,,,,
8/10/2026,559,35,Dazzling Wholesalers of Riverdale,18,Pristine Lunch Napkins,paper & tissue,segA,,20,26,338,260,78,8/11/2026,,,,,,,,
8/10/2026,559,35,Dazzling Wholesalers of Riverdale,21,Glossy Facial Tissues,paper & tissue,segA,11,,62.04,682.44,517,165.44,8/11/2026,,,,,,,,
8/10/2026,559,35,Dazzling Wholesalers of Riverdale,24,Sparkling Pocket Tissues,paper & tissue,  segA ,20,18,25.2,504,360,144,8/11/2026,,,,,,,,
8/10/2026,559,35,Dazzling Wholesalers of Riverdale,67,Sleek Citrus Cleaner,cleaning supplies,segC,3,39,74.1,,117,105.3,8/11/2026,,,,,,,,
10/8/2026,559,35,Dazzling Wholesalers of Riverdale,98,Radiant Glossy Photo Paper,copy paper,segC,2,23,33.81,67.62,46,21.62,8/11/2026,,,,,,,,
9/2/2026,,35,Dazzling Wholesalers of Riverdale,8,Bright Party Napkins,paper & tissue,segA,8,50,74,592,400,192,9/3/2026,,,,,,,,
8/25/2026,,35,Dazzling Wholesalers of Riverdale,46,Spotless Desk Organizers,office products,segD,3,33,59.4,178.2,99,79.2,8/26/2026,,,,,,,,
8/21/2026,305,38,Bright Janitors of Foresthaven,1,Sleek Party Napkins,paper & tissue,segC,1,29,44.08,44.08,29,15.08,8/24/2026,,,,,,,,
8/21/2026,305,38,Bright Janitors of Foresthaven,12,Immaculate Roll Paper Towels,paper & tissue,segC,1,44,70.4,70.4,44,26.4,8/24/2026,,,,,,,,
8/21/2026,305,38,Bright Janitors of Foresthaven,18,Pristine Lunch Napkins,paper & tissue,segC,1,20,30.2,30.2,,10.2,8/24/2026,,,,,,,,
8/21/2026,305,38,Bright Janitors of Foresthaven,21,Glossy Facial Tissues,paper & tissue,segC,1,47,68.15,68.15,47,21.15,8/24/2026,,,,,,,,
8/21/2026,305,38,Bright Janitors of Foresthaven,27,Sparkling Sticky Notes,office products,segA,1,43,63.64,63.64,43,20.64,8/24/2026,,,,,,,,
8/21/2026,305,38,Bright Janitors of Foresthaven,34,Radiant Staplers,office products,,2,24,34.8,69.6,48,21.6,8/24/2026,,,,,,,,
8/21/2026,305,38,Bright Janitors of Foresthaven,37,Bright Recycled Paper,office products,segA,1,24,32.64,32.64,24,8.64,8/24/2026,,,,,,,,
8/21/2026,305,38,Bright Janitors of Foresthaven,46,Spotless Desk Organizers,office products,segA,1,33,45.87,,33,12.87,8/24/2026,,,,,,,,
8/21/2026,305,38,Bright Janitors of Foresthaven,53,Glossy Glass Cleaner,cleaning supplies,sgeB,1,36,72,72,36,36,8/24/2026,,,,,,,,
8/21/2026,305,38,Bright Janitors of Foresthaven,65,Sparkling Citrus Cleaner,cleaning supplies,  segB ,1,20,39.2,39.2,20,19.2,8/24/2026,,,,,,,,
8/21/2026,305,38,Bright Janitors of Foresthaven,80,Spotless Instant Soups,breakroom supplies,segB,1,17,36.38,36.38,17,19.38,8/24/2026,,,,,,,,
9/4/2026,1,39,Sleek Cleaners of Valleyville,16,,paper & tissue,segB,4,42,66.36,265.44,168,97.44,,,,,,,,,
9/4/2026,1,39,Sleek Cleaners of Valleyville,57,Glossy All-Purpose Cleaner,cleaning supplies,segC,1,51,97.92,,51,46.92,9/7/2026,,,,,,,,
9/4/2026,1,39,Sleek Cleaners of Valleyville,75,Fresh Microwave Popcorn,breakroom supplies,segA,,18,34.56,69.12,36,33.12,9/7/2026,,,,,,,,
9/4/2026,1,39,Sleek Cleaners of Valleyville,76,Immaculate Granola Bars,breakroom supplies,segA,7,10,20.3,142.1,70,72.1,,,,,,,,,
9/4/2026,1,39,Sleek Cleaners of Valleyville,80,Spotless Instant Soups,breakroom supplies,segA,4,17,32.13,,68,60.52,9/7/2026,,,,,,,,
9/4/2026,1,39,Sleek Cleaners of Valleyville,84,Sparkling Creamers,breakroom supplies,,229,18,27,6183,4122,2061,9/7/2026,,,,,,,,
9/4/2026,1,39,Sleek Cleaners of Valleyville,91,Glossy Microwave Popcorn,  breakroom supplies ,segA,3,29,55.1,165.3,87,78.3,9/7/2026,,,,,,,,
9/4/2026,1,39,Sleek Cleaners of Valleyville,93,Gleaming Microwave Popcorn,breakroom supplies,segA,2,20,41.4,82.8,40,42.8,9/7/2026,,,,,,,,
4/9/2026,1,39,Sleek Cleanesr of Valleyville,100,Dazzling Legal Size Paper,copy paper,segA,96,24,31.2,2995.2,2304,691.2,9/7/2026,,,,,,,,
9/4/2026,1,39,Sleek Cleaners of Valleyville,102,Sleek Resume Paper,copy paper,,15,26,33.8,507,390,117,9/7/2026,,,,,,,,
9/4/2026,1,39,Sleek Cleaners of Valleyville,106,Sleek Resume Paper,copy paper,segA,18,48,73.44,1321.92,864,457.92,9/7/2026,,,,,,,,
9/4/2026,1,39,Sleek Cleaners of Valleyville,109,Immaculate Resume Paper,copy paper,segA,8,31,48.36,386.88,,138.88,9/7/2026,,,,,,,,
9/4/2026,1,39,Sleek Cleaners of Valleyville,110,Pristine Cardstock,copy paper,segA,98,42,48.3,4733.4,4116,617.4,9/7/2026,,,,,,,,
9/4/2026,1,39,Sleek Cleaners of Valleyville,115,Polished Glossy Photo Paper,copy apper,segA,23,59,88.5,2035.5,1357,678.5,9/7/2026,,,,,,,,
9/2/2026,60,39,Sleek Cleaners of Valleyville,11,Fresh Lunch Napkins,paper & tissue,segB,5,21,29.4,147,105,42,9/3/2026,,,,,,,,
9/2/2026,60,39,  Sleek Cleaners of Valleyville ,71,Spotless Glass Cleaner,cleaning supplies,segC,1,31,60.76,60.76,31,29.76,9/3/2026,,,,,,,,
9/2/2026,60,39,Sleek Cleaners of Valleyville,75,Fresh Microwave Popcorn,breakroom supplies,segA,1,18,34.56,34.56,18,16.56,9/3/2026,,,,,,,,
9/2/2026,60,39,Sleek Cleaners of Valleyville,78,Glossy Creamers,breakroom supplies,  segA ,5,27,50.22,251.1,135,116.1,9/3/2026,,,,,,,,
9/2/2026,60,39,  Sleek Cleaners of Valleyville ,88,Gleaming Coffee Beans,breakroom supplies,segA,7,18,35.1,245.7,126,119.7,9/3/2026,,,,,,,,
9/2/2026,60,39,Sleek Cleaners of Valleyville,102,Sleek Resume Paper,copy paper,segA,17,26,,574.6,442,132.6,9/3/2026,,,,,,,,
9/2/2026,60,39,Sleek Cleaners of Valleyville,,Immaculate Resume Paper,  copy paper ,segA,6,31,48.36,290.16,186,104.16,9/3/2026,,,,,,,,
9/2/2026,60,39,Sleek Cleaners of Valleyville,,Pristine Cardstock,copy paper,segA,140,42,48.3,6762,5880,882,9/3/2026,,,,,,,,
9/2/2026,60,39,Sleek Cleaners of Valleyville,117,Dazzling Graph Paper,copy paper,segA,12,51,74.97,899.64,612,287.64,9/3/2026,,,,,,,,
9/4/2026,,39,Sleek Cleaners of Valleyville,82,,breakroom supplies,segA,7,26,50.96,356.72,182,174.72,9/7/2026,,,,,,,,
8/27/2026,177,40,Sparkling Keepers of Bayfield,1,Sleek Party Napkins,paper & tissue,segA,16,29,40.6,649.6,464,185.6,9/11/2026,,,,,,,,
8/27/2026,177,40,Sparkling Keepers of Bayfield,10,Pristine 2-Ply Toilet Paper,paper & tissue,segA,14,26,36.66,513.24,364,149.24,9/11/2026,,,,,,,,
8/27/2026,177,40,Sparkling Keepers of Bayfield,15,Sparkling 2-Ply Toilet Paper,paper & tissue,segA,24,43,60.2,1444.8,1032,412.8,9/11/2026,,,,,,,,
8/27/2026,177,40,Sparkling Keepers of Bayfield,16,Dazzling Bathroom Tissue,paper & tissue,segA,5,42,60.48,302.4,210,92.4,11/9/2026,,,,,,,,
8/27/2026,177,40,Sparkling Keepers of Bayfield,21,Glossy Facial Tissues,paper & tissue,segA,16,47,67.21,1075.36,752,323.36,9/11/2026,,,,,,,,
8/27/2026,177,40,Sparkling Keepers of Bayfield,25,Dazzling Binder Clips,office products,segD,3,45,69.75,209.25,135,74.25,9/11/2026,,,,,,,,
27/08/2026,177,40,Sparkling Keepers of Bayfield,62,Glossy Air Freshener,cleaning supplies,segC,1,20,36,36,20,16,9/11/2026,,,,,,,,
8/27/2026,177,40,  Sparkling Keepers of Bayfield ,74,,breakroom supplies,segA,5,15,32.25,161.25,75,86.25,9/11/2026,,,,,,,,
8/27/2026,177,40,Sparkling Keepers of Bayfield,77,Sleek Disposable Cups,breakroom supplies,segA,5,,50.25,251.25,125,126.25,9/11/2026,,,,,,,,
8/27/2026,177,40,Sparkling Keepers of Bayfield,82,Pristine Granola Bars,breakroom supplies,seAg,6,26,55.38,332.28,156,176.28,11/9/2026,,,,,,,,
8/27/2026,177,40,Sparkling Keepers of Bayfield,86,Dazzling Instant Soups,breakroom supplies,segA,1,16,28.16,28.16,16,12.16,9/11/2026,,,,,,,,
8/27/2026,177,40,Sparkling Keepers of Bayfield,87,Glossy Tea Selection,  breakroom supplies ,segA,4,11,23.54,94.16,44,50.16,9/11/2026,,,,,,,,
8/27/2026,177,40,Sparkling Keepers of Bayfield,93,Gleaming Microwave Popcorn,,segA,8,,41.6,332.8,160,172.8,9/11/2026,,,,,,,,
8/27/2026,177,40,Sparkling Keepers of Bayfield,99,Glossy Letter Size Paper,copy paper,segA,27,57,76.38,2062.26,1539,,11/9/2026,,,,,,,,
8/27/2026,177,40,Sparkling Keepers of Bayfield,104,Gleaming Glossy Photo Paper,copy paper,segA,11,52,83.2,915.2,572,343.2,9/11/2026,,,,,,,,
8/27/2026,177,40,Sparkling Keepers of Bayfield,105,Pristine Graph Paper,copy paper,segA,7,52,75.4,527.8,364,163.8,9/11/2026,,,,,,,,
8/27/2026,177,40,Sparklnig Keepers of Bayfield,110,Pristine Cardstock,copy paper,segA,14,42,64.68,,588,317.52,9/11/2026,,,,,,,,
8/27/2026,177,40,Sparkling Keepers of Bayfield,118,Sparkling Cardstock,copy paper,,14,37,57.35,802.9,518,284.9,9/11/2026,,,,,,,,
8/27/2026,,40,Sparkling Keepers of Bayfield,,Sleek Resume Paper,copy paper,segA,16,26,35.36,565.76,416,149.76,9/11/2026,,,,,,,,
8/27/2026,,40,Sparkling Keepers of Bayfield,107,Radiant Glossy Photo Paper,copy paper,segA,11,58,80.62,886.82,638,248.82,9/11/2026,,,,,,,,
9/1/2026,80,41,Sleek Providers of Canyoncrest,40,Immaculate Markers,,segB,1,34,57.12,57.12,34,23.12,9/2/2026,,,,,,,,
9/1/2026,80,41,  Sleek Providers of Canyoncrest ,42,Polished Markers,office products,segB,1,28,40.88,40.88,28,12.88,2/9/2026,,,,,,,,
9/1/2026,80,41,Sleek Providers of Canyoncrest,44,Gleaming Recycled Paper,office products,segB,2,34,48.28,96.56,68,28.56,9/2/2026,,,,,,,,
9/1/2026,80,41,Sleek Providers of Canyoncrest,46,Spotless Desk Organizers,office products,segB,1,33,55.44,55.44,33,22.44,9/2/2026,,,,,,,,
9/1/2026,80,41,Sleek Providers of Canyoncrest,,Glossy Glass Cleaner,cleaning supplies,segA,3,36,61.92,185.76,108,77.76,2/9/2026,,,,,,,,
9/1/2026,80,41,Sleek Providers of Canyoncrest,55,Spotless Floor Cleaner,cleaning supplies,segA,2,29,52.49,104.98,58,46.98,9/2/2026,,,,,,,,
,80,41,Sleek Providers of Canyoncrest,65,Sparkling Citrus Cleaner,cleaning supplies,segA,1,20,36.6,36.6,20,16.6,9/2/2026,,,,,,,,
9/1/2026,80,41,Sleek Providers of Canyoncrest,67,Sleek Citrus Cleaner,cleaning supplies,  segA ,1,39,65.52,65.52,39,26.52,9/2/2026,,,,,,,,
9/1/2026,80,41,Sleek Providers of Canyoncrest,77,Sleek Disposable Cups,breakroom supplies,segD,1,25,59.75,59.75,25,34.75,9/2/2026,,,,,,,,
9/1/2026,80,41,Sleek Providers of Canyoncrest,102,Sleek Resume Paper,copy paper,segD,,26,46.8,46.8,26,20.8,9/2/2026,,,,,,,,
8/10/2026,560,41,Sleek Providers of Canyoncrest,51,Bright Glass Cleaner,cleaning supplies,segA,1,26,49.4,49.4,26,23.4,8/18/2026,,,,,,,,
8/10/2026,560,41,Sleek Providers of Canyoncrest,53,Glossy Glass Cleaner,,segA,1,36,61.92,61.92,36,25.92,8/18/2026,,,,,,,,
8/10/2026,560,41,Sleek Providers of Canyoncrest,,Spotless All-Purpose Cleaner,cleaning supplies,segA,2,47,77.55,155.1,94,61.1,8/18/2026,,,,,,,,
8/10/2026,560,41,Sleek Providers of Canyoncrest,61,Pristine Degreaser,cleaning supplies,segA,1,50,85.5,85.5,50,35.5,8/18/2026,,,,,,,,
8/10/2026,560,41,Sleek Providers of Canyoncrest,65,Sparkling Citrus Cleaner,cleaning supplies,segA,1,20,36.6,36.6,20,16.6,8/18/2026,,,,,,,,
,560,41,Sleek Providers of Canyoncrest,68,Dazzling Disinfectnat Wipes,cleanings upplies,segA,1,54,93.42,93.42,54,39.42,8/18/2026,,,,,,,,
8/10/2026,560,41,Sleek Providers of Canyoncerst,69,Gleaming Degreaser,cleaning supplies,segA,1,27,45.63,45.63,27,18.63,8/18/2026,,,,,,,,
8/10/2026,560,41,Sleek Providers of Canyoncrest,91,Glossy Microwave Popcorn,  breakroom supplies ,segD,1,29,63.22,63.22,29,34.22,8/18/2026,,,,,,,,
8/10/2026,560,41,Sleek Providers of Canyoncrest,120,Sparkling Letter Size Paper,copy paper,segD,1,45,75.15,75.15,45,30.15,,,,,,,,,
9/1/2026,,41,Sleek Providers of Canyoncrest,59,Spotless All-Purpose Cleaner,cleaning supplies,segA,,47,77.55,232.65,141,91.65,9/2/2026,,,,,,,,
8/27/2026,178,43,Sparkling Maintainers of Cedarwood,5,Polished Kitchen Towels,paper & tissue,segA,3,35,49,,105,42,8/28/2026,,,,,,,,
8/27/2026,178,43,Sparkling Maintainers of Cedarwood,8,Bright Party Napkins,paper & tissue,segA,2,50,67.5,135,100,35,8/28/2026,,,,,,,,
8/27/2026,178,43,Sparkling Maintainers of Cedarwood,13,Pristine Party Napkins,paper & tissue,segA,3,45,65.25,195.75,135,60.75,8/28/2026,,,,,,,,
8/27/2026,178,43,Sparkling Maintainers of Cedarwood,17,Glossy Lunch Napkins,paper & tissue,segA,9,31,37.2,334.8,279,55.8,8/28/2026,,,,,,,,
8/27/2026,178,43,Sparkling Maintainers of Cedarwood,21,  Glossy Facial Tissues ,paper & tissue,segA,2,47,69.56,,94,45.12,8/28/2026,,,,,,,,
8/27/2026,178,43,Sparkling Maintainers of Cedarwood,36,Glossy Staplers,office products,segB,1,50,71,71,50,21,8/28/2026,,,,,,,,
8/27/2026,178,43,Sparkling Maintainers of Cedarwood,38,Radiant Pens,office products,segB,1,17,28.56,28.56,17,11.56,8/28/2026,,,,,,,,
8/27/2026,178,43,Sparkling Maintainers of Cedarwood,40,Immaculate Markers,office products,segB,1,34,51.68,51.68,34,17.68,8/28/2026,,,,,,,,
8/27/2026,178,43,Sparkling Maintainers of Cedarwood,45,Immaculate Staplers,office products,segB,1,50,70,70,,20,8/28/2026,,,,,,,,
8/27/2026,178,43,Sparkling Maintainers of Cedarwood,52,Spotless Air Freshener,cleaning supplies,segA,1,49,,88.69,49,39.69,8/28/2026,,,,,,,,
8/27/2026,178,43,Sparkling Maintainers of Cedarwood,54,,cleaning supplies,segA,3,45,75.6,226.8,135,91.8,,,,,,,,,
8/27/2026,178,43,Sparkling Maintainers of Cedarwood,57,Glossy All-Purpose Cleaner,cleaning supplies,segA,1,51,90.78,90.78,51,,8/28/2026,,,,,,,,
8/27/2026,178,43,Sparkling Maintainers of Cedarwood,59,Spotless All-Purpose Cleaner,cleaning supplies,segA,1,47,86.95,86.95,47,39.95,8/28/2026,,,,,,,,
8/27/2026,178,43,Sparkling Maintainers of Cedarwood,70,Sleek Air Freshener,cleaning supplies,segA,1,33,56.1,56.1,33,23.1,8/28/2026,,,,,,,,
8/27/2026,178,43,  Sparkling Maintainers of Cedarwood ,85,Spakrling Microwave Popcorn,breakroom supplies,segB,1,12,23.88,23.88,12,11.88,8/28/2026,,,,,,,,
,275,43,Sparkling Maintainer sof Cedarwood,5,Polished Kitchen Towels,paper & tissue,segA,1,35,49,49,35,14,8/25/2026,,,,,,,,
8/24/2026,275,43,Sparkling Maintainers of Cedarwood,14,Spotless Pocket Tissues,paper & tissue,segA,6,20,30,180,120,60,8/25/2026,,,,,,,,
8/24/2026,275,43,Sparkling Maintainers of Cedarwood,17,Glossy Lunch Napkins,paper & tissue,segA,9,31,37.2,334.8,279,55.8,8/25/2026,,,,,,,,
8/24/2026,275,43,Sparkling Maintainers of Cedarwood,21,  Glossy Facial Tissues ,paper & tissue,segA,2,47,69.56,139.12,94,45.12,8/25/2026,,,,,,,,
8/24/2026,275,43,Sparkling Maintainers of Cedarwodo,36,Glossy Staplers,office products,segB,1,50,71,,50,21,8/25/2026,,,,,,,,
8/24/2026,275,43,Sparkling Maintainers of Cedarwood,43,Fresh File Folders,office products,segB,1,50,81,81,50,31,8/25/2026,,,,,,,,
8/24/2026,275,43,Sparkling Maintainers of Cedarwood,51,Bright Glass Cleaner,cleaning supplies,segA,2,26,46.8,93.6,52,41.6,8/25/2026,,,,,,,,
,275,43,Sparkling Maintainers of Cedarwood,52,Spotless Air Freshener,cleaning supplies,segA,2,49,88.69,,98,79.38,8/25/2026,,,,,,,,
8/24/2026,275,43,Sparkling Maintainers of Cedarwood,54,Dazzling Floor Cleaner,cleaning supplies,segA,3,45,75.6,226.8,135,91.8,8/25/2026,,,,,,,,
8/24/2026,275,43,Sparkling Maintainers of Cedarwood,57,Glossy All-Purpose Cleaner,cleaning supplies,segA,1,51,90.78,90.78,,39.78,8/25/2026,,,,,,,,
24/08/2026,275,43,Sparkling Maintainers of Cedarwood,68,Dazzling Disinfectant Wipes,cleaning supplies,segA,15,54,81,1215,810,405,8/25/2026,,,,,,,,
8/24/2026,275,43,Sparkling Maintainers of Cedarwood,70,Sleek Air Freshener,cleaning supplies,segA,1,33,56.1,56.1,33,23.1,8/25/2026,,,,,,,,
,275,43,Sparkling Maintainers of Cedarwood,75,Fresh Microwave Popcorn,breakroom supplies,segB,1,18,34.74,34.74,18,,8/25/2026,,,,,,,,
24/08/2026,275,43,Sparkling Maintainers of Cedarwood,79,Immaculate Microwave Popcorn,breakroom supplies,  segB ,1,25,48.5,48.5,25,23.5,8/25/2026,,,,,,,,
8/24/2026,275,43,Sparkling Maintainers of Cedarwood,85,Sparkling Microwave Popcorn,breakroom supplies,segB,1,12,23.88,23.88,12,11.88,8/25/2026,,,,,,,,
8/24/2026,275,43,Sparkilng Maintainers of Cedarwood,89,Sparkling Disposable Cups,breakroom supplies,segB,1,21,46.83,46.83,21,25.83,8/25/2026,,,,,,,,
8/24/2026,275,43,Sparkling Maintainers of Cedarwood,90,Dazzling Instant Soups,breakroom supplies,segB,1,24,44.64,44.64,24,20.64,8/25/2026,,,,,,,,
8/21/2026,306,43,Sparkling Maintainers of Cedarwood,8,Bright Party Napkins,paper & tissue,segA,3,50,67.5,202.5,150,52.5,8/24/2026,,,,,,,,
8/21/2026,306,43,Sparkling Maintainers of Cedarwood,13,Pristine Party Napkins,paper & tissue,segA,1,45,65.25,,45,20.25,8/24/2026,,,,,,,,
8/21/2026,306,43,Sparkling Maintainers of Cedarwood,21,Glossy Facial Tissues,paper & tissue,segA,2,47,69.56,139.12,94,45.12,24/08/2026,,,,,,,,
8/21/2026,306,43,Sparkling Maintainers of Cedarwood,36,Glossy Staplers,office products,segB,1,50,71,71,50,21,8/24/2026,,,,,,,,
8/21/2026,306,43,Sparkling Maintainers of Cedarwood,42,Polished Markers,office products,segB,1,28,41.44,41.44,28,13.44,8/24/2026,,,,,,,,
8/21/2026,306,43,Sparkling Maintainers of Cedarwood,43,Fersh File Folders,office products,segB,1,50,81,81,50,31,8/24/2026,,,,,,,,
8/21/2026,306,43,  Sparkling Maintainers of Cedarwood ,57,Glossy All-Purpose Cleaner,cleaning supplies,segA,1,51,90.78,90.78,51,39.78,8/24/2026,,,,,,,,
8/21/2026,306,43,Sparkling Maintainers of Cedarwood,60,Polished Degreaser,cleaning supplies,segA,1,26,49.4,49.4,26,23.4,8/24/2026,,,,,,,,
8/21/2026,306,43,Sparkling Maintainers of Cedarwood,68,Dazzling Disinfectant Wipes,cleaning supplies,segA,15,54,81,1215,810,405,8/24/2026,,,,,,,,
8/21/2026,306,43,Sparkling Maintainers of Cedarwood,70,Sleek Air Freshener,cleaning supplies,segA,1,33,56.1,56.1,33,23.1,8/24/2026,,,,,,,,
8/21/2026,306,43,Sparkling Maintainers of Cedarwood,74,Pristine Energy Drinks,breakroom supplies,,1,15,32.7,32.7,15,17.7,8/24/2026,,,,,,,,
,306,43,Sparkling Maintainers of Cedarwood,85,Sparkling Microwave Popcorn,breakroom supplies,segB,1,12,23.88,23.88,12,11.88,8/24/2026,,,,,,,,
8/21/2026,306,43,Sparkling Maintainers of Cedarwood,90,Dazzling Instant Soups,breakroom supplies,segB,1,24,44.64,44.64,24,20.64,8/24/2026,,,,,,,,
8/14/2026,436,43,Sparkling Maintainers of Cedarwood,11,Fresh Lunch Napkins,paper & tissue,segA,1,21,27.51,27.51,21,6.51,8/24/2026,,,,,,,,
8/14/2026,436,43,Sparkling Maintainers of Cedarwood,22,Sparkling Pocket Tissues,paper & tissue,segA,,41,58.22,232.88,164,68.88,8/24/2026,,,,,,,,
14/08/2026,436,43,Sparkling Maintainers of Cedarwood,40,Immaculate Markers,office products,segB,1,34,51.68,51.68,34,17.68,8/24/2026,,,,,,,,
8/14/2026,436,43,Sparkling Maintainers of Cedarwood,45,Immaculate Staplers,office products,  segB ,1,50,70,,50,20,8/24/2026,,,,,,,,
8/14/2026,436,43,Sparkling Maintainerso f Cedarwood,51,Bright Glass Cleaner,cleaning supplies,segA,,26,46.8,93.6,52,41.6,8/24/2026,,,,,,,,
8/14/2026,436,43,Sparkling Maintainers of Cedarwood,52,Spotless Air Freshener,cleaning supplies,segA,2,49,88.69,177.38,98,79.38,8/24/2026,,,,,,,,
8/14/2026,436,43,Sparkling Maintainers of Cedarwood,54,Dazzling Floor Cleaner,cleaning supplies,segA,1,45,75.6,75.6,45,30.6,,,,,,,,,
8/14/2026,436,43,Sparkling Maintainers of Cedarwood,57,Glossy All-Purpose Cleaner,cleaning supplies,segA,1,51,,90.78,51,39.78,8/24/2026,,,,,,,,
8/14/2026,436,43,Sparkling Maintainers of Cedarwood,60,Polished Degreaser,cleaning supplies,segA,1,26,49.4,49.4,26,23.4,8/24/2026,,,,,,,,
8/14/2026,436,43,Sparkling Maintainers of Cedarwood,,  Glossy Air Freshener ,cleaning supplies,segA,1,20,37,37,20,17,8/24/2026,,,,,,,,
8/14/2026,436,43,Sparkling Maintainers of Cedarwood,68,Dazzling Disinfectant Wipes,cleaning supplies,segA,22,54,81,,1188,594,24/08/2026,,,,,,,,
8/14/2026,436,43,  Sparkling Maintainers of Cedarwood ,82,,breakroom supplies,segB,1,26,49.4,49.4,26,23.4,8/24/2026,,,,,,,,
8/14/2026,436,43,Sparkling Maintainers of Cedarwood,99,Glossy Letter Size Paper,copy paper,  segB ,1,57,95.76,95.76,57,38.76,8/24/2026,,,,,,,,
8/14/2026,436,43,Sparkling Maintainers of Cedarwood,120,Sparkling Letter Size Paper,copy paper,segB,1,45,,65.7,45,20.7,8/24/2026,,,,,,,,
8/27/2026,,43,Sparkling Maintainers of Cedarwood,12,Immaculate Roll Paper Towels,paper & tissue,segA,6,44,64.68,388.08,264,124.08,8/28/2026,,,,,,,,
8/14/2026,,43,Sparkling Maintainers of Cedarwood,70,Sleek Air Freshener,cleaning supplies,segA,1,,56.1,56.1,33,23.1,8/24/2026,,,,,,,,
8/14/2026,437,44,Gleaming Stewards of Mountdale,16,Dazzling Bathroom Tissue,paper & tissue,segD,4,42,73.5,294,,126,8/17/2026,,,,,,,,
8/14/2026,437,44,Gleaming Stewards of Mountdale,37,Bright Recycled Paper,office products,segB,3,24,39.6,118.8,72,46.8,8/17/2026,,,,,,,,
8/14/2026,437,44,Gleaming Stewards of Mountdale,55,Spotless Floor Cleaner,cleaning supplies,,5,29,50.17,250.85,145,105.85,8/17/2026,,,,,,,,
8/14/2026,437,44,Gleaming Stewards of Mountdale,57,Glossy All-Purpose Cleaner,cleaning supplies,segB,3,51,94.35,283.05,153,130.05,,,,,,,,,
8/14/2026,437,44,Gleaming Stewards of Mountdale,93,Gleaming Microwave Popcorn,breakroom supplies,segD,1,20,44.8,44.8,20,24.8,8/17/2026,,,,,,,,
8/14/2026,437,44,Gleaming Stewards of Mountdale,96,Dazzling Disposable Cups,breakroom suplpies,segD,1,19,43.51,43.51,19,24.51,8/17/2026,,,,,,,,
,437,44,Gleaming Stewards of Mountdale,101,Radiant Colored Paper,copy paper,segA,18,60,95.4,1717.2,1080,637.2,8/17/2026,,,,,,,,
8/14/2026,437,44,Gleaming Stewards of Mountdale,103,Spotless Colored Paper,copy paper,segA,,45,58.95,294.75,225,69.75,8/17/2026,,,,,,,,
8/14/2026,437,44,Gleaming Stewards of Mountdale,108,Dazzling Cardstock,copy paper,segA,26,21,,720.72,546,174.72,8/17/2026,,,,,,,,
8/18/2026,377,48,Polished Suppliers of Mountburg,1,Sleek Party Napkins,paper & tissue,segB,3,29,40.89,122.67,87,35.67,8/19/2026,,,,,,,,
8/18/2026,377,48,Polished Suppliers of Mountburg,4,Bright Bathroom Tissue,paper & tissue,segB,6,26,37.44,224.64,156,68.64,8/19/2026,,,,,,,,
8/18/2026,377,48,Polished Suppliers of Mountburg,14,Spotless Pocket Tissues,paper & tissue,segB,6,20,28.6,171.6,120,51.6,8/19/2026,,,,,,,,
8/18/2026,377,48,Polished Suppliers of Mountburg,21,Glossy Facial Tissues,paper & tissue,segB,5,47,70.03,350.15,235,115.15,8/19/2026,,,,,,,,
8/18/2026,377,48,Polished Suppliers of Mountburg,22,Sparkling Pocket Tissues,,segB,121,41,50.43,6102.03,4961,,,,,,,,,,
8/18/2026,377,48,Polished Suppliers of Mountburg,28,Immaculate Binder Clips,  office products ,segA,5,29,45.24,226.2,145,81.2,8/19/2026,,,,,,,,
8/18/2026,377,48,Polished Suppliers of Mountburg,33,Dazzling File Folders,office products,segA,20,26,33.8,676,520,156,8/19/2026,,,,,,,,
8/18/2026,377,48,Polished Suppliers of Mountburg,35,Dazzling Staplers,office products,  segA ,21,27,37.8,793.8,567,226.8,8/19/2026,,,,,,,,
8/18/2026,377,48,  Polished Suppliers of Mountburg ,36,Glossy Staplers,  office products ,segA,6,50,74.5,447,300,147,8/19/2026,,,,,,,,
8/18/2026,377,48,Polished Suppliers of Mountburg,37,Bright Recycled Paper,office products,segA,5,24,34.56,172.8,,52.8,,,,,,,,,
8/18/2026,377,48,Polished Suppliers of Mountburg,,Immaculate Markers,office products,segA,7,34,45.22,316.54,238,78.54,8/19/2026,,,,,,,,
8/18/2026,377,48,Polished Suppliers of Mountburg,46,Spotless Desk Organizers,office products,segA,18,33,48.84,879.12,594,285.12,8/19/2026,,,,,,,,
8/18/2026,377,48,Sparkling Maintainers of Cedarwood,114,Glossy Recycled Paper,copy paper,segB,3,32,53.44,160.32,96,64.32,8/19/2026,,,,,,,,
8/18/2026,377,48,Polished Suppliers of Mountburg,1,Sleek Party Napkins,paper & tissue,segB,3,29,40.89,122.67,87,35.67,8/19/2026,,,,,,,,
8/12/2026,505,48,Polished Suppliers of Mountburg,1,Sleek Party Napkins,paper & tissue,,3,29,40.89,122.67,87,35.67,8/13/2026,,,,,,,,
8/12/2026,505,48,Polished Suppliers of Mountburg,4,Bright Bathroom Tissue,paper & tissue,segB,9,26,,336.96,234,102.96,8/13/2026,,,,,,,,
8/12/2026,505,48,Polished Suppliers of Mountburg,27,Sparkling Sticky Notes,office products,segA,16,43,61.92,990.72,688,302.72,8/13/2026,,,,,,,,
8/12/2026,505,48,Polished Suppliers of Mountburg,30,Immaculate Markers,  office products ,segA,4,28,,179.2,112,67.2,8/13/2026,,,,,,,,
,505,48,Sparkling Maintainers of Cedarwood,32,Bright Desk Organizers,office products,segA,14,44,60.28,843.92,616,227.92,8/13/2026,,,,,,,,
8/12/2026,505,48,Polished Suppliers of Mountburg,33,Dazzling File Folders,office products,segA,17,26,33.8,574.6,442,132.6,13/08/2026,,,,,,,,
8/12/2026,505,48,Polished Suppliers of Mountburg,35,Dazzling Staplers,office products,segA,18,,37.8,680.4,486,194.4,8/13/2026,,,,,,,,
8/12/2026,505,48,Polished Suppliers of Mountburg,38,Radiant Pens,office products,segA,16,17,26.52,424.32,272,152.32,8/13/2026,,,,,,,,
8/12/2026,505,48,Polished Suppliers of Mountburg,46,Spotless Desk Organizers,office products,segA,13,33,48.84,634.92,429,205.92,8/13/2026,,,,,,,,
8/11/2026,531,48,Polished Suppliers of Mountburg,4,Bright Bathroom Tissue,paper & tissue,segB,,26,37.44,187.2,,57.2,8/12/2026,,,,,,,,
8/11/2026,531,48,Polished Suppliers of Mountburg,14,Spotless Pocket Tissues,paper & tissue,segB,7,20,28.6,200.2,140,60.2,8/12/2026,,,,,,,,
8/11/2026,531,48,Polished Suppliers of Mountburg,21,Glossy Facial Tissues,,segB,2,47,70.03,,94,46.06,8/12/2026,,,,,,,,
8/11/2026,531,48,Polished Suppliers of Mountburg,26,Radiant Sticky Notes,office products,,141,34,44.2,6232.2,4794,1438.2,12/8/2026,,,,,,,,
8/11/2026,531,48,Polished Suppliers of Mountburg,27,Sparkling Sticky Notes,office products,segA,21,43,61.92,1300.32,903,397.32,8/12/2026,,,,,,,,
8/11/2026,531,48,Polished Suppliers of Mountburg,30,Immaculate Markers,office products,segA,8,28,44.8,358.4,224,134.4,8/12/2026,,,,,,,,
8/11/2026,531,48,Polished Suppliers of Mountburg,36,Glossy Staplers,office products,segA,6,50,74.5,447,300,147,8/12/2026,,,,,,,,
8/11/2026,531,48,Polished Suppliers of Mountburg,40,Immaculate Markers,office products,segA,6,34,45.22,271.32,204,67.32,8/12/2026,,,,,,,,
8/11/2026,531,48,Polished Suppliers of Mountburg,47,Immaculate Staplers,office products,segA,17,24,35.28,599.76,408,191.76,8/12/2026,,,,,,,,
8/11/2026,531,48,Polished Suppliers of Mountburg,56,Pristine Citrus Cleaner,cleaning supplies,segD,1,48,102.24,102.24,48,54.24,8/12/2026,,,,,,,,
8/11/2026,531,48,Polished Suppliers of Mountburg,82,Pristine Granola Bars,breakroom supplies,segD,1,26,61.36,61.36,26,35.36,8/12/2026,,,,,,,,
8/11/2026,531,48,Polished Suppliers of Mountburg,99,Glossy Letter Size Paper,  copy paper ,segB,1,57,92.34,92.34,57,35.34,8/12/2026,,,,,,,,
8/11/2026,531,48,Polished Suppliers of Mountburg,102,Sleek Resume Paper,copy paper,segB,4,26,43.94,175.76,104,71.76,8/12/2026,,,,,,,,
9/2/2026,61,49,Polished Facilities of Canyondale,27,Sparkling Sticky Notes,office products,segA,1,43,56.76,56.76,43,13.76,9/3/2026,,,,,,,,
9/2/2026,61,49,Polished Facilities of Canyondale,28,Immaculate Binder Clips,office products,segA,2,29,41.18,82.36,58,24.36,9/3/2026,,,,,,,,
9/2/2026,61,49,Polished Facilities of Canyondale,32,Bright Desk Organizers,office products,segA,1,44,66.88,66.88,44,22.88,9/3/2026,,,,,,,,
9/2/2026,61,49,Polished Facilities of Canyondale,33,,office products,sgeA,2,26,37.44,74.88,52,22.88,9/3/2026,,,,,,,,
9/2/2026,61,49,Polished Facilities of Canyondale,37,Bright Recycled Paper,office products,segA,3,24,31.2,93.6,72,21.6,9/3/2026,,,,,,,,
9/2/2026,61,49,Polished Facilities of Canyondale,46,Spotless Desk Organizers,office products,segA,2,33,51.15,102.3,66,36.3,9/3/2026,,,,,,,,
9/2/2026,61,49,Polished Facilities of Canyondale,76,Immaculate Granola Bars,breakroom supplies,segA,1,10,18.8,18.8,10,8.8,3/9/2026,,,,,,,,
9/2/2026,61,49,Polished Facilities of Canyondale,,Immaculate Microwave Popcorn,  breakroom supplies ,segA,1,25,44.75,44.75,25,19.75,9/3/2026,,,,,,,,
9/2/2026,61,49,Polished Facilities of Canyondale,80,Spotless Instant Soups,breakroom supplies,segA,1,17,31.45,31.45,17,14.45,9/3/2026,,,,,,,,
9/2/2026,61,49,Polished Facilities of Canyondale,84,Sparkling Creamers,breakroom supplies,segA,,18,27,864,576,288,9/3/2026,,,,,,,,
9/2/2026,61,49,  Polished Facilities of Canyondale ,87,GlossyT ea Selection,breakroom supplies,segA,1,11,22,22,11,11,9/3/2026,,,,,,,,
9/2/2026,61,49,Polished Facilities of Canyondale,88,Gleaming Coffee Beans,breakroom supplies,segA,1,18,35.1,35.1,18,17.1,9/3/2026,,,,,,,,
8/28/2026,140,49,Polished Facilities of Canyondale,25,Dazzling Binder Clips,office products,segA,1,45,63,63,45,18,8/31/2026,,,,,,,,
8/28/2026,140,49,Polished Facilities of Canyondale,28,Immaculate Binder Clips,office products,segA,1,29,41.18,41.18,29,12.18,8/31/2026,,,,,,,,
28/08/2026,140,49,Polished Facilities of Canyondale,32,Bright Desk Organizers,office products,segA,1,44,66.88,66.88,44,22.88,31/08/2026,,,,,,,,
8/28/2026,140,49,Polished Facilities of Canyondale,43,Fresh File Folders,office products,segA,1,50,72,72,50,22,31/08/2026,,,,,,,,
8/28/2026,140,49,Polished Facilities of Canyondale,79,Immaculate Microwave Popcorn,breakroom supplies,segA,1,25,,44.75,25,19.75,8/31/2026,,,,,,,,
8/28/2026,140,49,Polished Facilities of Canyondale,83,Spotless Energy Drinks,berakroom supplies,segA,1,26,47.58,47.58,26,21.58,8/31/2026,,,,,,,,
8/28/2026,140,49,Polished Facilities of Canyondale,85,Sparkling Microwave Popcorn,breakroom supplies,segA,1,12,22.08,22.08,12,10.08,8/31/2026,,,,,,,,
8/28/2026,140,49,Polished Facilities of Canyondale,88,Gleaming Coffee Beans,breakroom supplies,segA,1,18,35.1,35.1,18,17.1,8/31/2026,,,,,,,,
8/28/2026,140,49,Polished Facilities of Canyondale,92,Glossy Instant Soups,breakroom supplies,segA,1,24,48.96,48.96,24,24.96,8/31/2026,,,,,,,,
8/28/2026,140,49,Polished Facilities of Canyondale,,Gleaming Microwave Popcorn,breakroom supplies,segA,1,20,41.6,41.6,20,21.6,8/31/2026,,,,,,,,
8/28/2026,140,49,Polished Facilities of Canyondale,101,Radiant Colored Paper,copy paper,segB,1,60,90.6,90.6,60,30.6,8/31/2026,,,,,,,,
8/28/2026,140,49,Polished Facilities of Canyondale,103,Spotless Colored Paper,copy paper,segB,1,45,70.2,70.2,45,25.2,8/31/2026,,,,,,,,
8/28/2026,140,49,Polished Facilities of Canyondale,118,Sparkling Cardstock,copy paper,segB,1,37,57.35,57.35,37,20.35,8/31/2026,,,,,,,,
8/27/2026,179,49,Polished Facilities of Canyondale,35,Dazzling Staplers,office products,segA,1,27,41.58,41.58,27,14.58,8/28/2026,,,,,,,,
8/27/2026,179,49,Polished Facilities of Canyondale,37,Bright Recycled Paper,office products,segA,5,24,31.2,156,120,36,8/28/2026,,,,,,,,
8/27/2026,179,49,Polished Facilities of Canyondale,43,Fresh File Folders,,  segA ,2,50,72,144,100,44,8/28/2026,,,,,,,,
8/27/2026,179,49,  Polished Facilities of Canyondale ,,Immaculate Staplers,office products,segA,4,24,35.04,140.16,96,44.16,8/28/2026,,,,,,,,
27/08/2026,179,49,Polished Facilities of Canyondale,73,Spotless Creamers,breakroom supplies,segA,1,18,36.18,36.18,18,18.18,8/28/2026,,,,,,,,
8/27/2026,179,49,Polished Facilities of Canyondale,75,Fresh Microwave Popcorn,breakroom supplies,segA,1,18,30.96,30.96,18,12.96,8/28/2026,,,,,,,,
8/27/2026,179,49,Polished Facilities of Canyondale,79,Immaculate Microwave Popcorn,breakroom supplies,  segA ,1,,44.75,44.75,25,19.75,8/28/2026,,,,,,,,
8/27/2026,179,49,Polished Facilities of Canyondale,84,Sparklin gCreamers,breakroom supplies,segA,34,18,27,918,612,306,8/28/2026,,,,,,,,
8/27/2026,179,49,Polished Facilities of Canyondale,94,Pristine Instant Soups,breakroom supplies,segA,1,7,,12.04,7,5.04,8/28/2026,,,,,,,,
,179,49,Polished Facilities of Canyondale,99,Glossy Letter Size Paper,copy paper,segB,1,57,86.07,86.07,57,29.07,8/28/2026,,,,,,,,
8/25/2026,242,49,Polished Facilities of Canyondale,6,,paper & tissue,segB,1,19,29.45,29.45,19,10.45,9/2/2026,,,,,,,,
8/25/2026,242,49,Polished Facilities of Canyondale,26,Radiant Sticky Notes,,segA,1,34,53.72,53.72,34,19.72,9/2/2026,,,,,,,,
8/25/2026,242,49,Polished Facilities of Canyondale,27,Sparkling Sticky Notes,office products,segA,,43,56.76,56.76,43,13.76,9/2/2026,,,,,,,,
8/25/2026,242,49,Polished Facilities of Canyondale,28,Immaculate Binder Clips,office products,segA,,29,41.18,82.36,58,24.36,9/2/2026,,,,,,,,
,242,49,Polished Facilities of Canyondale,34,Radiant Staplers,office products,segA,3,24,32.16,96.48,72,24.48,9/2/2026,,,,,,,,
8/25/2026,242,49,Polished Facilities of Canyondale,37,Bright Recycled Paper,office products,segA,2,24,31.2,62.4,48,,9/2/2026,,,,,,,,
8/25/2026,242,49,Polished Facilities of Canyondale,43,Fresh File Folders,office products,segA,1,50,72,72,50,22,9/2/2026,,,,,,,,
8/25/2026,242,49,Polished Facilities of Canyondale,79,Immaculate Microwave Popcorn,breakroom supplies,segA,1,25,44.75,44.75,25,19.75,9/2/2026,,,,,,,,
8/25/2026,242,49,Polished Facilities of Canyondale,84,Sparkling Creamers,breakroom supplies,segA,34,18,27,918,612,306,9/2/2026,,,,,,,,
8/25/2026,242,49,Polished Facilities of Canyondale,,Glossy Tea Selection,breakroom supplies,segA,1,11,22,22,11,11,9/2/2026,,,,,,,,
8/25/2026,242,49,Polished Facilities of Canyondale,88,Gleaming Coffee Beans,,segA,1,18,35.1,35.1,18,17.1,9/2/2026,,,,,,,,
8/25/2026,242,49,Polished Facilities of Canyondale,92,Glossy Intsant Soups,breakroom supplies,segA,1,24,48.96,,24,24.96,9/2/2026,,,,,,,,
8/25/2026,242,49,Polished Facilities of Canyondale,93,Gleaming Microwave Popcorn,breakroom supplies,segA,1,20,,41.6,20,21.6,9/2/2026,,,,,,,,
8/25/2026,242,49,Polished Facilities of Canyondale,94,Pristine Instant Soups,breakroom supplies,segA,1,7,12.04,12.04,7,5.04,9/2/2026,,,,,,,,
8/25/2026,242,49,Polished Facilities of Canyondale,101,Radiant Colored Paper,copy paper,segB,1,60,90.6,90.6,60,30.6,9/2/2026,,,,,,,,
8/28/2026,,49,Polished Facilities of Canyondale,87,Glossy Tea Selection,breakroom supplies,segA,1,11,22,22,11,11,8/31/2026,,,,,,,,
8/25/2026,,49,Polished Facilities of Canyondale,83,Spotless Energy Drinks,breakroom supplies,segA,1,26,47.58,47.58,26,21.58,9/2/2026,,,,,,,,
8/26/2026,211,50,Polished Maintainers of Mounthaven,63,Polished Glass Cleaner,cleaning supplies,segC,1,42,76.86,76.86,42,34.86,9/3/2026,,,,,,,,
26/08/2026,211,50,Polished Maintainers of Mounthaven,67,Sleek Citrus Cleaner,cleaning supplies,segC,1,39,73.71,73.71,39,34.71,9/3/2026,,,,,,,,
8/26/2026,211,50,Polished Maintainers of Mounthaven,73,Spotless Creamers,breakroom supplies,segA,,18,30.78,,18,12.78,9/3/2026,,,,,,,,
8/26/2026,211,50,Polished Maintainers of Mounthaven,77,Sleek Disposable Cups,breakroom supplies,segA,1,25,49.75,49.75,25,24.75,9/3/2026,,,,,,,,
8/26/2026,211,50,Polished Maintainers of Mounthaven,78,Glossy Creamers,breakroom supplies,segA,1,27,52.11,52.11,27,,9/3/2026,,,,,,,,
8/26/2026,211,50,Polished Maintainers of Mounthaven,85,Sparkling Microwave Popcorn,breakroom supplies,segA,1,12,20.64,,12,8.64,9/3/2026,,,,,,,,
8/26/2026,211,50,Polished Maintainers of Mounthaven,90,Dazzling Instant Soups,breakroom supplies,segA,1,24,44.16,44.16,24,20.16,9/3/2026,,,,,,,,
8/26/2026,211,50,Polished Maintainers of Mounthaven,96,Dazzling Disposable Cups,breakroom supplies,segA,1,19,35.34,35.34,19,16.34,9/3/2026,,,,,,,,
8/12/2026,506,50,Polished Maintainers of Mounthaven,13,Pristine Party Napkins,paper & tissue,segD,1,45,75.15,75.15,45,30.15,8/27/2026,,,,,,,,
8/12/2026,506,50,Polished Maintainers of Mounthaven,58,Spotless Floor Cleaner,cleaning supplies,segC,1,31,57.04,57.04,31,26.04,8/27/2026,,,,,,,,
8/12/2026,506,50,Polished Maintainers of Mounthaven,73,Spotless Creamers,breakroom supplies,segA,1,18,30.78,30.78,18,12.78,8/27/2026,,,,,,,,
8/12/2026,506,50,Polished Maintainers of Mounthaven,,Pristine Granola Bars,breakroom supplies,segA,1,26,54.08,54.08,26,28.08,8/27/2026,,,,,,,,
8/12/2026,506,50,Polished Maintainers of Mounthaven,85,Sparkling Microwave Popcorn,breakroom supplies,segA,1,12,20.64,20.64,12,8.64,8/27/2026,,,,,,,,
8/12/2026,506,50,  Polished Maintainers of Mounthaven ,90,Dazzling Instant Soups,breakroom supplies,segA,1,24,44.16,44.16,24,20.16,8/27/2026,,,,,,,,
8/12/2026,506,50,Polished Maintainers of Mounthaven,,Glossy Instant Soups,breakroom supplies,esgA,1,24,45.84,45.84,24,21.84,8/27/2026,,,,,,,,
8/12/2026,506,50,Polished Maintainers of Mounthaven,96,Dazzling Disposable Cups,breakroom supplies,segA,1,19,35.34,35.34,19,16.34,8/27/2026,,,,,,,,
8/11/2026,532,50,Polished Maintainers of Mounthaven,13,Pristine Party Napkins,paper & tissue,segD,1,45,75.15,75.15,45,30.15,8/12/2026,,,,,,,,
8/11/2026,532,50,Polished Maintainers of Mounthaven,64,Bright Glass Cleaner,cleaning supplies,segC,1,32,60.16,60.16,32,28.16,8/12/2026,,,,,,,,
8/11/2026,532,50,Polished Maintainers of Mounthaven,77,Sleek Disposable Cups,breakroom supplies,segA,,25,49.75,49.75,25,24.75,8/12/2026,,,,,,,,
8/11/2026,532,50,Polished Maintainers of Mounthaven,78,Glossy Creamers,breakroom supplies,segA,1,27,52.11,52.11,27,25.11,8/12/2026,,,,,,,,
11/8/2026,532,50,Polished Maintainers of Mounthaven,82,Pristine Granola Bars,breakroom supplies,,2,26,54.08,108.16,52,56.16,8/12/2026,,,,,,,,
,532,50,Polished Maintainers of Mounthaven,86,Dazzling Instant Soups,breakroom supplies,segA,2,16,33.92,67.84,32,35.84,8/12/2026,,,,,,,,
8/11/2026,532,50,Polished Maintainers of Mounthaven,90,Dazzling Instant Soups,breakroom supplies,segA,1,24,44.16,,24,20.16,8/12/2026,,,,,,,,
8/11/2026,532,50,Polished Maintainers of Mounthaven,,Pristine Instant Soups,breakroom supplies,  segA ,1,7,13.44,13.44,7,6.44,8/12/2026,,,,,,,,
8/11/2026,532,50,Polished Maintainers of Mounthaven,96,Dazzling Disposable Cups,breakroom supplies,segA,1,19,35.34,35.34,19,16.34,8/12/2026,,,,,,,,
8/31/2026,107,51,Spotless Suppliers of Cedarburg,10,Pristine 2-Ply Toilet Paper,paper & tissue,segB,27,26,33.8,912.6,702,210.6,9/1/2026,,,,,,,,
8/31/2026,107,51,Spotless Suppliers of Cedarburg,16,,paper & tissue,segB,1,42,61.74,61.74,42,19.74,1/9/2026,,,,,,,,
8/31/2026,107,51,Spotless Spupliers of Cedarburg,,Sparkling Pocket Tissues,paper & tissue,  seBg ,1,18,27.54,27.54,18,9.54,9/1/2026,,,,,,,,
8/31/2026,107,51,Spotless Suppilers of Cedarburg,25,Dazzling Binder Clips,office products,segB,1,45,72.9,72.9,45,27.9,9/1/2026,,,,,,,,
8/31/2026,107,51,Spotless Suppliers of Cedarburg,65,Sparkling Citrus Cleaner,cleaning supplies,segD,1,20,42.8,42.8,20,22.8,9/1/2026,,,,,,,,
8/31/2026,107,51,Spotless Suppliers of Cedarburg,,Glossy Recycled Paper,copy paper,segA,3,54,72.9,218.7,,56.7,9/1/2026,,,,,,,,
8/31/2026,107,51,SpotlessS uppliers of Cedarburg,114,Glossy Recycled Paper,copy paper,segA,3,32,49.92,149.76,96,53.76,9/1/2026,,,,,,,,
9/4/2026,2,52,Radiant Maintainers of Forestdale,41,Dazzling File Folders,office products,segC,1,46,74.52,74.52,46,28.52,9/7/2026,,,,,,,,
9/4/2026,2,52,Radiant Maintainers of Forestdale,45,Immaculate Staplers,office products,segC,22,50,70,1540,1100,440,9/7/2026,,,,,,,,
,2,52,Radiant Maintainers of Forestdale,52,Spotless Air Freshener,cleaning supplies,segA,1,49,81.34,81.34,49,32.34,9/7/2026,,,,,,,,
9/4/2026,2,52,Radiant Maintainers of Forestdale,58,Spotless Floor Cleaner,cleaning supplies,segA,1,31,54.25,54.25,31,23.25,9/7/2026,,,,,,,,
9/4/2026,2,52,Radiant Maintainers of Forestdale,71,Spotless Glass Cleaner,cleaning supplies,segA,1,31,57.35,57.35,31,26.35,9/7/2026,,,,,,,,
9/3/2026,31,52,Radiant Maintainers of Forestdale,41,Dazzling File Folders,office products,segC,1,46,74.52,74.52,46,28.52,9/4/2026,,,,,,,,
9/3/2026,31,52,Radiant Maintainers of Forestdale,49,Sparkling Disinfectant Wipes,cleaning supplies,,1,21,37.17,37.17,21,16.17,9/4/2026,,,,,,,,
9/3/2026,31,52,Radiant Maintainers of Forestdale,52,Spotless Air Freshener,cleaning supplies,segA,1,49,81.34,81.34,,32.34,9/4/2026,,,,,,,,
9/3/2026,31,52,Radiant Maintainers of Forestdale,53,Glossy Glass Cleaner,cleaning supplies,segA,1,36,59.04,59.04,36,23.04,9/4/2026,,,,,,,,
9/3/2026,31,52,Radiant Maintainers of Forestdale,55,Spotless Floor Cleaner,cleaning supplies,segA,1,29,53.94,53.94,29,24.94,9/4/2026,,,,,,,,
9/3/2026,31,52,Radiant Maintainers of Forestdale,58,Spotless Floor Cleaner,cleaning supplies,segA,1,31,54.25,54.25,31,23.25,9/4/2026,,,,,,,,
9/3/2026,31,52,Radiant Maintainers of Forestdale,60,Polished Degreaser,cleaning supplies,,3,26,41.86,125.58,78,47.58,9/4/2026,,,,,,,,
9/3/2026,31,52,  Radiant Maintainers of Forestdale ,119,Immaculate Letter Size Paper,copy paper,segB,1,44,64.68,64.68,44,20.68,9/4/2026,,,,,,,,
8/13/2026,470,52,Radiant Maintainers of Forestdale,31,Polished Highlighters,office products,segC,1,17,25.67,,17,8.67,8/14/2026,,,,,,,,
8/13/2026,470,52,Radiant Maintainers of Forestdale,50,Bright Glass Cleaner,cleaning supplies,segA,1,23,39.33,39.33,23,16.33,,,,,,,,,
8/13/2026,470,52,Radiant Maintainers of Forestdale,56,Pristine Citrus Cleaner,cleaning supplies,segA,2,48,90.72,181.44,96,85.44,8/14/2026,,,,,,,,
8/13/2026,470,52,Radiant Maintainers of Forestdale,58,Spotless Floor Cleaner,cleaning supplies,segA,,31,54.25,54.25,31,23.25,8/14/2026,,,,,,,,
8/13/2026,470,52,Radiant Maintainers of Forestdale,60,Polished Degreaser,cleaning supplies,segA,3,26,41.86,125.58,78,47.58,8/14/2026,,,,,,,,
8/13/2026,470,52,Radiant Maintainers of Forestdale,62,Glossy Air Freshener,cleaning supplies,segA,1,20,32.2,32.2,20,12.2,8/14/2026,,,,,,,,
8/13/2026,470,52,Radiant Maintainers of Forestdale,71,Spotless Glass Cleaner,cleaning supplies,segA,1,31,57.35,57.35,31,26.35,8/14/2026,,,,,,,,
9/1/2026,81,53,Glossy Maintainers of Canyonville,87,Glossy Tea Selection,breakroom supplies,  segC ,1,11,20.79,20.79,11,9.79,9/2/2026,,,,,,,,
9/1/2026,81,53,Glossy Maintainers of Canyonville,106,Sleek Resume Paper,copy paper,segC,5,48,74.4,372,240,,9/2/2026,,,,,,,,
9/1/2026,81,53,Glossy Maintainers of Canyonville,114,Glossy Recycled Paper,copy paper,segC,2,32,46.72,93.44,64,29.44,9/2/2026,,,,,,,,
8/31/2026,108,53,Glossy Maintainers of Canyonville,87,Glossy Tea Selection,  breakroom supplies ,segC,1,11,20.79,20.79,11,9.79,9/1/2026,,,,,,,,
9/4/2026,3,54,Spotless Wholesalers of Mountport,18,Pristine Lunch Napkins,paper & tissue,segB,2,20,31,62,40,22,9/7/2026,,,,,,,,
9/4/2026,3,54,Spotless Wholesalers of Mountport,25,Dazzling Binder Clips,office products,segC,1,45,65.7,65.7,45,20.7,9/7/2026,,,,,,,,
9/4/2026,3,54,Spotless Wholesalers of Mountport,53,Glossy Glass Cleaner,cleaning supplies,segA,28,36,54,1512,1008,504,9/7/2026,,,,,,,,
9/4/2026,3,54,Spotless Wholesalers of Mountprot,61,Pristine Degreaser,cleaning supplies,segA,1,50,91,91,50,41,9/7/2026,,,,,,,,
9/4/2026,3,54,Spotless Wholesalers of Mountport,65,Sparkling Citrus Cleaner,cleaning supplies,segA,1,20,34.2,34.2,20,14.2,,,,,,,,,
9/4/2026,3,54,Spotless Wholesalers of Mountport,86,  Dazzling Instant Soups ,breakroom supplies,segB,1,16,31.36,31.36,16,15.36,9/7/2026,,,,,,,,
9/4/2026,3,54,Spotless Wholesalers of Mountport,113,Polished Recycled Paper,copy paper,segC,,36,51.84,51.84,36,15.84,9/7/2026,,,,,,,,
9/4/2026,3,54,Spotless Wholesalers of Mountport,114,Glossy Recycled Paper,copy paper,segC,1,32,47.04,47.04,32,15.04,9/7/2026,,,,,,,,
8/24/2026,276,54,Spotless Wholesalers of Mountport,10,Pristine 2-Ply Toilet Paper,paper & tissue,segB,1,,40.56,40.56,26,14.56,8/25/2026,,,,,,,,
8/24/2026,276,54,Spotless Wholesalers of Mountport,13,Pristine Party Napkins,paper & tissue,segB,1,45,70.65,70.65,45,25.65,8/25/2026,,,,,,,,
8/24/2026,276,54,Spotless Wholesalers of Mountport,20,Gleaming Roll Paper Towels,paper & tissue,segB,1,28,41.44,41.44,28,13.44,25/08/2026,,,,,,,,
,276,54,Spotless Wholesalers of Mountport,53,Glossy Glass Cleaner,,segA,40,36,54,2160,1440,,8/25/2026,,,,,,,,
8/24/2026,276,54,Spotless Wholesalers of Mountport,55,Spotless Floor Cleaner,cleaning supplies,segA,1,29,,54.23,29,25.23,8/25/2026,,,,,,,,
8/24/2026,276,54,Spotless Wholesalers of Mountport,58,Spotless Floor Cleaner,cleaning supplies,segA,3,31,49.91,149.73,93,56.73,8/25/2026,,,,,,,,
8/24/2026,276,54,Spotless Wholesalers of Mountport,61,Pristine Degreaser,cleaning supplies,segA,1,50,91,91,50,41,8/25/2026,,,,,,,,
8/24/2026,276,54,Spotless Wholesalers of Mountport,68,Dazzling Disinfectant Wipes,cleaning supplies,segA,1,54,97.2,97.2,54,43.2,8/25/2026,,,,,,,,
8/24/2026,276,54,Spotless Wholesalers of Mountport,70,Sleek Air Freshener,cleaning supplies,  segA ,1,33,60.72,60.72,33,27.72,8/25/2026,,,,,,,,
8/24/2026,276,54,Spotless Wholesalers of Mountport,92,Glossy Instant Soups,breakroom supplies,segB,1,24,50.16,50.16,24,26.16,8/25/2026,,,,,,,,
8/24/2026,276,54,Spotless Wholesalers of Mountport,93,Gleaming Microwave Popcorn,breakroom supplies,segB,1,20,38,38,20,18,8/25/2026,,,,,,,,
8/24/2026,276,54,Spotless Wholesalers of Mountport,112,Sparkling Letter Size Paper,copy paper,segC,2,46,66.24,132.48,92,40.48,8/25/2026,,,,,,,,
8/24/2026,276,54,Spotless Wholesalers of Mountport,114,Glossy Recycled Paper,copy paper,,1,32,47.04,47.04,32,15.04,8/25/2026,,,,,,,,
8/21/2026,307,54,Spotless Wholesalers of Mountport,47,Immaculate Staplers,office products,segC,1,24,34.8,34.8,24,10.8,8/24/2026,,,,,,,,
8/21/2026,307,54,Spotless Wholesalers of Mountport,52,Spotless Air Freshener,cleaning supplies,segA,1,49,88.69,88.69,49,39.69,8/24/2026,,,,,,,,
21/08/2026,307,54,Spotless Wholesalers of Mountport,53,Glossy Glass Cleaner,cleaning supplies,segA,47,36,54,2538,1692,846,8/24/2026,,,,,,,,
8/21/2026,307,54,Spotless Wholesalers of Mountport,55,Spotless Floor Cleaner,cleaning supplies,,1,29,54.23,54.23,29,25.23,8/24/2026,,,,,,,,
8/21/2026,307,54,Spotless Wholesalers of Mountport,61,Pristine Degreaser,cleaning supplies,segA,1,50,91,91,50,41,8/24/2026,,,,,,,,
8/21/2026,307,54,Spotless Wholesalers of Mountport,68,Dazzling Disinfectant Wipes,cleaning supplies,segA,3,54,97.2,291.6,162,129.6,8/24/2026,,,,,,,,
8/21/2026,307,54,Spotelss Wholesalers of Mountport,70,Sleek Air Freshener,cleaning supplies,seAg,1,33,60.72,60.72,33,27.72,24/08/2026,,,,,,,,
8/21/2026,307,54,Spotless Wholesalers of Mountport,83,Spotless Energy Drinks,breakroom supplies,segB,1,26,49.14,49.14,26,23.14,8/24/2026,,,,,,,,
8/21/2026,307,54,Sparkling Maintainers of Cedarwood,112,Sparkling Letter Size Paper,copy paper,segC,2,46,66.24,132.48,92,40.48,8/24/2026,,,,,,,,
,341,54,Spotless Wholesalers of Mountport,18,Pristine Lunch Napkins,paper & tissue,segB,2,20,31,,40,22,9/4/2026,,,,,,,,
8/20/2026,341,54,Spotless Wholesalers of Mountport,52,Spotless Air Freshener,cleaning supplies,segA,1,49,88.69,88.69,49,39.69,9/4/2026,,,,,,,,
8/20/2026,341,54,Spotless Wholesalers of Mountport,53,Glossy Glass Cleaner,cleaning supplies,segA,25,36,54,1350,900,450,9/4/2026,,,,,,,,
8/20/2026,341,54,Sparkling Maintainers of Cedarwood,55,Spotless Floor Cleaner,cleaning supplies,segA,1,29,54.23,54.23,29,25.23,9/4/2026,,,,,,,,
8/20/2026,341,54,Spotless Wholesalers of Mountport,61,Pristine Degreaser,cleaning supplies,segA,1,50,91,91,50,41,9/4/2026,,,,,,,,
8/20/2026,341,54,Spotless Wholesalers of Mountport,67,Sleek Citrus Cleaner,cleaning supplies,segA,2,39,70.59,141.18,78,63.18,9/4/2026,,,,,,,,
8/20/2026,341,54,Spotless Wholesalers of Mountport,70,Sleek Air Freshener,cleaning supplies,segA,,33,60.72,60.72,33,27.72,9/4/2026,,,,,,,,
8/20/2026,341,54,Spotless Wholesalers of Mountport,88,Gleaming Coffee Beans,breakroom supplies,segB,1,18,32.94,32.94,18,14.94,9/4/2026,,,,,,,,
8/20/2026,341,54,Spotless Wholesalers of Mountport,112,Sparkling Letter Size Paper,copy paper,segC,1,46,66.24,66.24,46,20.24,9/4/2026,,,,,,,,
8/13/2026,471,55,Glossy Cleaners of Harborridge,,Radiant Sticky Notes,office products,segA,2,34,46.92,93.84,68,25.84,8/14/2026,,,,,,,,
8/13/2026,471,55,Glossy Cleaners of Harborridge,41,Dazzling File Folders,office products,segA,4,46,68.54,274.16,184,90.16,8/14/2026,,,,,,,,
8/13/2026,471,55,Glossy Cleaners of Harborridge,42,Polished Markers,office products,segA,3,28,44.24,132.72,84,48.72,8/14/2026,,,,,,,,
8/13/2026,471,55,Glossy Cleaners of Harborridge,44,Gleaming Recycled Paper,office products,  segA ,2,34,54.06,108.12,68,40.12,,,,,,,,,
8/13/2026,471,55,Glossy Cleaners of Harborridge,49,Sparkling Disinfectant Wipes,cleaning supplies,,1,21,39.48,39.48,21,18.48,8/14/2026,,,,,,,,
8/13/2026,471,55,Glossy Cleaners of Harborridge,50,Bright Glass Cleaner,cleaning supplies,segA,1,23,43.24,43.24,23,20.24,8/14/2026,,,,,,,,
8/13/2026,471,55,Glossy Cleaners of Harborridge,53,Glossy Glass Cleaner,cleaning supplies,segA,,,64.8,64.8,36,28.8,8/14/2026,,,,,,,,
8/13/2026,471,55,Glossy Cleaners of Harborridge,57,Glossy All-Purpose Cleaner,cleaning supplies,segA,3,51,82.11,246.33,153,93.33,8/14/2026,,,,,,,,
8/13/2026,471,55,Glossy Cleaners of Harborridge,66,Radiant Glass Cleaner,cleaning supplies,segA,1,21,38.64,38.64,21,17.64,8/14/2026,,,,,,,,
8/13/2026,471,55,Glossy Cleaners of Harborridge,72,Gleaming Glass Cleaner,cleaning supplies,segA,1,23,42.32,42.32,23,19.32,8/14/2026,,,,,,,,
8/13/2026,471,55,Glossy Cleaners of Harborridge,104,Gleaming Glossy Photo Paper,copy paper,segC,1,52,72.8,72.8,52,20.8,8/14/2026,,,,,,,,
8/26/2026,212,56,Glossy Janitors of Granitehaven,3,Sparkling Party Napkins,paper & tissue,segA,19,21,31.5,598.5,399,199.5,8/27/2026,,,,,,,,
8/26/2026,212,56,Glossy Janitors of Granitehaven,7,Gleaming Bathroom Tissue,paper & tissue,segA,11,16,23.52,258.72,176,82.72,8/27/2026,,,,,,,,
8/26/2026,212,56,Glossy Janitors of Granitehaven,13,Pristine Party Napkins,paper & tissue,segA,23,45,59.85,1376.55,1035,341.55,8/27/2026,,,,,,,,
8/26/2026,212,56,Glossy Janitors of Granitehaven,15,Sparkling 2-Ply Toilet Paper,paper & tissue,segA,20,43,61.92,1238.4,860,378.4,8/27/2026,,,,,,,,
8/26/2026,212,56,Glossy Janitors of Granitehaven,23,Dazzling Roll Paper Towels,paper & tissue,segA,196,40,44.4,8702.4,7840,862.4,8/27/2026,,,,,,,,
8/26/2026,212,56,Glossy Janitors of Granitehaven,52,Spotless Air Freshener,cleaning supplies,segB,5,49,94.08,470.4,245,225.4,8/27/2026,,,,,,,,
,212,56,Glossy Janitors o fGranitehaven,55,Spotless Floor Cleaner,cleaning supplies,segB,1,29,,52.78,29,23.78,8/27/2026,,,,,,,,
8/26/2026,212,56,Glossy Janitors of Granitehaven,62,Glossy Air Freshener,cleaning supplies,segB,2,20,38.2,76.4,40,36.4,8/27/2026,,,,,,,,
,212,56,Glossy Janitors o fGranitehaven,55,Spotless Floor Cleaner,cleaning supplies,segB,1,29,,52.78,29,23.78,8/27/2026,,,,,,,,
8/25/2026,243,56,Glossy Janitors of Granitehaven,1,Sleek Party Napkins,paper & tissue,segA,7,29,39.44,276.08,203,73.08,8/26/2026,,,,,,,,
8/25/2026,243,56,Glossy Janitors of Granitehaven,5,Polished Kitchen Towels,paper & tissue,  segA ,7,35,50.4,352.8,245,107.8,8/26/2026,,,,,,,,
8/25/2026,243,56,Glossy Janitors of Granitehaven,15,Sparkling 2-Ply Toilet Paper,paper & tissue,segA,19,43,61.92,1176.48,817,359.48,8/26/2026,,,,,,,,
8/25/2026,243,56,Glossy Janitors of Granitehaven,22,Sparkling Pocket Tissues,paper & tissue,,8,41,61.09,488.72,328,160.72,8/26/2026,,,,,,,,
8/25/2026,243,56,Glossy Janitors of Granitehaven,23,Dazzling Roll Paper Towels,paper & tissue,segA,199,40,44.4,8835.6,7960,875.6,8/26/2026,,,,,,,,
8/25/2026,243,56,Glossy Janitors of Granitehaven,26,Radiant Sticky Notes,office products,segD,1,34,61.54,61.54,34,27.54,8/26/2026,,,,,,,,
8/14/2026,438,57,Spotless Janitors of Granitewood,52,Spotless Air Freshener,cleaning supplies,segA,1,49,85.26,85.26,49,36.26,8/17/2026,,,,,,,,
,438,57,Spotless Janitors of Granitewood,54,Dazzling Floor Cleaner,cleaning supplies,segA,1,45,85.5,85.5,45,40.5,8/17/2026,,,,,,,,
8/14/2026,438,57,Spotless Janitors of Granitewood,56,Pristine Citrus Cleaner,cleaning supplies,segA,1,,82.08,82.08,48,34.08,8/17/2026,,,,,,,,
8/14/2026,438,57,Spotless Janitors of Granitewood,63,Polished Glass Cleaner,cleaning supplies,segA,1,42,77.28,77.28,42,35.28,8/17/2026,,,,,,,,
8/14/2026,438,57,Spotless Janitors of Granitewood,68,Dazzling Disinfectant Wipes,cleaning supplies,  segA ,1,54,97.2,97.2,54,43.2,8/17/2026,,,,,,,,
8/14/2026,438,57,Spotless Janitors of Granitewood,70,Sleek Air Freshener,cleaning supplies,segA,2,33,59.4,118.8,66,52.8,8/17/2026,,,,,,,,
8/14/2026,438,57,Spotless Janitors of Graintewood,72,Gleaming Glass Cleaner,cleaning supplies,segA,1,23,41.86,41.86,23,18.86,8/17/2026,,,,,,,,
8/14/2026,438,57,Spotless Janitors of Granitewood,120,Sparkling Letter Size Paper,copy paper,segC,1,45,63.45,63.45,45,18.45,8/17/2026,,,,,,,,
8/12/2026,507,57,Spotless Janitors of Granitewood,27,Sparkling Sticky Notes,office products,segD,1,,,68.8,43,25.8,8/13/2026,,,,,,,,
12/8/2026,507,57,Spotless Janitors of Granitewood,38,Radiant Pens,office products,segD,1,17,30.94,30.94,17,13.94,8/13/2026,,,,,,,,
8/12/2026,507,57,Spotless Janitors of Granitewood,54,Dazzling Floor Cleaner,cleaning supplies,segA,2,45,85.5,171,90,81,8/13/2026,,,,,,,,
8/12/2026,507,57,Spotless Janitors of Granitewood,56,Pristine Citrus Cleaner,  cleaning supplies ,segA,1,48,82.08,82.08,48,34.08,8/13/2026,,,,,,,,
8/12/2026,507,57,Spotless Janitors of Granitewood,72,Gleaming Glass Cleaner,cleaning supplies,segA,2,23,41.86,83.72,46,37.72,8/13/2026,,,,,,,,
,507,57,Spotless Janitors of Granitewood,120,Sparkling Letter Size Paper,,segC,1,45,63.45,63.45,45,18.45,8/13/2026,,,,,,,,
8/11/2026,533,57,Spotless Janitors of Granitewood,52,,cleaning supplies,segA,3,49,85.26,255.78,147,108.78,8/12/2026,,,,,,,,
8/11/2026,533,57,Spotless Janitors of Granitewood,54,Dazzling Floor Cleaner,cleaning supplies,segA,1,45,85.5,85.5,45,40.5,8/12/2026,,,,,,,,
8/11/2026,533,57,Spotless Janitors of Granitewood,63,Polished Glass Cleaner,cleaning supplies,segA,2,42,77.28,154.56,84,70.56,8/12/2026,,,,,,,,
,533,57,Spotless Janitors of Granitewood,66,Radiant Glass Cleaner,,segA,1,21,33.6,33.6,21,12.6,8/12/2026,,,,,,,,
8/11/2026,533,57,  Spotless Janitors of Granitewood ,70,Sleek Air Freshener,cleaning supplies,segA,,33,59.4,59.4,33,26.4,8/12/2026,,,,,,,,
8/11/2026,533,57,Spotless Janitors of Granitewood,78,Glossy Creamers,  breakroom supplies ,segD,1,27,62.91,62.91,27,35.91,8/12/2026,,,,,,,,
8/11/2026,533,57,Spotless Janitors of Granitewood,98,Radiant Glossy Photo Paper,copy paper,segC,1,23,38.87,38.87,,15.87,8/12/2026,,,,,,,,
8/12/2026,,57,Spotless Janitors of Granitewood,65,Sparkling Citrus Cleaner,cleaning supplies,segA,2,20,34,68,40,28,8/13/2026,,,,,,,,
8/14/2026,439,58,Spotless Facilities of Lakeport,66,Radiant Glass Cleaner,cleaning supplies,segD,,21,40.11,40.11,21,19.11,8/24/2026,,,,,,,,
8/14/2026,439,58,Spotless Facilities of Lakeport,78,Glossy Creamers,breakroom supplies,segC,1,27,59.4,59.4,27,32.4,8/24/2026,,,,,,,,
9/3/2026,32,59,Spotless Janitors of Maplefield,3,Sparkling Party Napkins,paper & tissue,segA,11,21,29.82,328.02,231,97.02,9/4/2026,,,,,,,,
9/3/2026,32,59,Spotless Janitors of Maplefield,9,Fresh Kitchen Towels,paper & tissue,segA,16,33,44.88,718.08,,190.08,9/4/2026,,,,,,,,
9/3/2026,32,59,Spotless Janitors of Maplefield,14,Spotless Pocket Tissues,paper & tissue,segA,13,20,28.8,374.4,260,114.4,9/4/2026,,,,,,,,
9/3/2026,32,59,Spotless Janitors of Maplefield,19,Fresh Party Napkins,paper & tissue,segA,13,45,61.65,801.45,585,216.45,9/4/2026,,,,,,,,
9/3/2026,32,59,Spotless Janitors of Maplefield,26,Radiant Sticky Notes,office products,segA,,34,46.92,563.04,408,155.04,9/4/2026,,,,,,,,
9/3/2026,32,59,Spotless Janitors of Maplefield,32,Bright Desk Organizers,office products,segA,19,44,69.08,1312.52,836,476.52,9/4/2026,,,,,,,,
9/3/2026,32,59,Spotless Janitors of Maplefield,38,Radiant Pens,office products,segA,9,17,23.29,209.61,153,56.61,9/4/2026,,,,,,,,
9/3/2026,32,59,Spotless Janitors ofM aplefield,43,Fresh File Folders,office products,,9,50,68.5,,450,166.5,9/4/2026,,,,,,,,
9/3/2026,32,59,Spotless Janitors of Maplefield,97,Sparkling Legal Size Paper,copy paper,segA,12,39,59.67,716.04,,248.04,4/9/2026,,,,,,,,
9/3/2026,32,59,Spotless Janitors of Maplefield,98,Radiant Glossy Photo Paper,copy paper,segA,14,23,31.97,447.58,322,125.58,9/4/2026,,,,,,,,
9/3/2026,32,59,Spotless Janitors of Maplefield,99,Glossy Letter Size Paper,copy paper,segA,17,57,83.22,1414.74,969,445.74,9/4/2026,,,,,,,,
9/3/2026,32,59,Spotless Janitors of Maplefield,103,Spotless Colored Paper,copy paper,segA,9,45,58.95,530.55,405,125.55,9/4/2026,,,,,,,,
9/3/2026,32,59,Spotless Janitors of Maplefield,107,Radiant Glossy Photo Paper,copy paper,segA,15,58,85.84,1287.6,870,417.6,4/9/2026,,,,,,,,
9/3/2026,32,59,Spotless Janitors of Maplefield,115,Polished Glossy Photo Paper,,segA,15,59,91.45,1371.75,885,486.75,9/4/2026,,,,,,,,
9/3/2026,32,59,Spotless Janitors of Maplefield,117,Dazzling Graph Paper,copy paper,segA,29,51,71.4,2070.6,1479,591.6,9/4/2026,,,,,,,,
9/3/2026,32,59,  Spotless Janitors of Maplefield ,118,Sparkling Cardstock,copy paper,segA,21,37,56.61,1188.81,777,411.81,9/4/2026,,,,,,,,
9/3/2026,32,59,Spotless Janitors of Maplefield,119,Immaculate Letter Size Paper,copy paper,segA,9,44,58.52,526.68,396,130.68,9/4/2026,,,,,,,,
8/28/2026,141,60,  Sparkling Sanitizers of Graniteville ,7,Gleaming Bathroom Tissue,paper & tissue,segA,3,16,21.6,64.8,48,,8/31/2026,,,,,,,,
8/28/2026,141,60,Sparkling Sanitizers of Graniteville,15,Sparkling 2-Pl yToilet Paper,paper & tissue,segA,1,43,56.76,56.76,43,13.76,8/31/2026,,,,,,,,
8/28/2026,141,60,Sparkling Sanitizers of Graniteville,20,Gleaming Roll Paper Towels,paper & tissue,segA,3,28,40.6,121.8,84,37.8,8/31/2026,,,,,,,,
8/28/2026,141,60,Sparkling Sanitizers of Graniteville,22,,paper & tissue,segA,2,41,55.76,111.52,82,29.52,,,,,,,,,
8/28/2026,141,60,Sparkling Sanitizers of Graniteville,24,Sparkling Pocket Tissues,paper & tissue,segA,7,18,,172.62,126,46.62,8/31/2026,,,,,,,,
8/28/2026,141,60,Sparkling Sanitizers of Graniteville,69,Gleaming Degreaser,cleaning supplies,segB,1,27,49.41,49.41,27,22.41,8/31/2026,,,,,,,,
8/28/2026,141,60,Sparkling Sanitizers of Graniteville,,Glossy Creamers,breakroom supplies,segB,1,27,59.13,59.13,27,32.13,8/31/2026,,,,,,,,
8/28/2026,141,60,Sparkling Sanitizers of Graniteville,95,Bright Disposable Cups,breakroom supplies,segB,1,13,23.92,,13,10.92,8/31/2026,,,,,,,,
8/28/2026,141,60,Sparkling Sanitizers of Graniteville,,Glossy Recycled Paper,copy paper,segD,1,54,84.24,84.24,54,30.24,8/31/2026,,,,,,,,
,534,60,Sparkling Sanitizers of Graniteville,3,Sparkling Party Napkins,paper & tissue,segA,5,21,31.08,155.4,105,50.4,8/26/2026,,,,,,,,
8/11/2026,534,60,Sparkling Sanitizers of Graniteville,16,Dazzling Bathroom Tissue,paper & tissue,segA,29,42,49.56,1437.24,1218,219.24,8/26/2026,,,,,,,,
8/11/2026,534,60,Sparkling Sanitizers of Graniteville,24,Sparkling Pocket Tissues,paper & tissue,segA,6,18,24.66,147.96,108,39.96,8/26/2026,,,,,,,,
8/11/2026,534,60,Sparkling Sanitizers of Graniteville,93,Gleaming Microwave Popcorn,breakroom supplies,segB,1,20,42.6,42.6,20,22.6,8/26/2026,,,,,,,,
8/11/2026,534,60,Sparkling Sanitizers of Graniteville,96,Dazzling Disposable Cups,breakroom supplies,segB,1,19,37.62,37.62,19,18.62,8/26/2026,,,,,,,,
9/1/2026,82,61,Glossy Maintainers of Cedarville,26,Radiant Sticky Notes,office products,segA,24,34,49.98,1199.52,816,383.52,,,,,,,,,
9/1/2026,82,61,Glossy Maintainers of Cedarville,27,Sparkling Sticky Notes,office products,  segA ,18,43,67.08,1207.44,774,433.44,9/16/2026,,,,,,,,
9/1/2026,82,61,Glossy Maintainers of Cedarville,28,Immaculate Binder Clips,office products,segA,18,29,40.02,720.36,522,,9/16/2026,,,,,,,,
9/1/2026,82,61,Glossy Maintainers of Cedarville,36,Glossy Staplers,office products,segA,18,50,71.5,1287,900,387,9/16/2026,,,,,,,,
9/1/2026,82,61,Glossy Maintainers of Cedarville,42,,office products,segA,41,28,40.6,1664.6,1148,516.6,9/16/2026,,,,,,,,
9/1/2026,82,61,Glossy Maintainers of Cedarville,48,Fresh Desk Organizers,office products,segA,46,29,44.95,2067.7,1334,733.7,9/16/2026,,,,,,,,
9/1/2026,82,61,Glossy Maintainers of Cedarville,81,Polished Stirrers,,segB,3,,44.88,134.64,66,68.64,9/16/2026,,,,,,,,
9/1/2026,82,61,Glossy Maintainers of Cedarville,113,,copy paper,segB,14,36,52.2,730.8,504,226.8,9/16/2026,,,,,,,,
9/1/2026,82,61,Glossy Maintainers of Cedarville,115,Polished Glossy Photo Paper,copy paper,segB,17,59,96.17,1634.89,1003,631.89,9/16/2026,,,,,,,,
9/1/2026,82,61,Glossy Maintainers of Cedarville,42,,office products,segA,41,28,40.6,1664.6,1148,516.6,9/16/2026,,,,,,,,
8/18/2026,378,61,Glossy Maintainers of Cedarville,27,Sparkling Sticky Notes,office products,segA,9,43,67.08,603.72,387,216.72,8/19/2026,,,,,,,,
8/18/2026,378,61,Glossy Maintainers of Cedarville,29,Dazzling Paper Clips,office products,segA,34,37,48.47,1647.98,1258,389.98,8/19/2026,,,,,,,,
8/18/2026,378,61,Glossy Maintainers of Cedarville,32,Bright Desk Organizers,office products,segA,41,44,,2669.92,1804,865.92,,,,,,,,,
8/18/2026,378,61,Glossy Maintainers of Cedarville,36,Glossy Staplers,office products,segA,,50,71.5,1287,900,387,8/19/2026,,,,,,,,
8/18/2026,378,61,Glossy Maintainers of Cedarville,37,Bright Recycled Paper,office products,segA,18,24,35.52,639.36,432,207.36,8/19/2026,,,,,,,,
8/18/2026,378,61,Glossy Maintainers of Cedarville,42,Polished Markers,office products,segA,45,28,40.6,1827,1260,567,8/19/2026,,,,,,,,
8/18/2026,378,61,Glossy Maintainers of Cedarville,43,Fresh File Folders,offcie products,segA,33,50,75,2475,1650,825,8/19/2026,,,,,,,,
8/18/2026,378,61,Glossy Maintainers of Cedarville,48,Fresh Desk Organizers,office products,segA,53,29,44.95,2382.35,1537,845.35,8/19/2026,,,,,,,,
8/18/2026,378,61,Glossy Maintainers of Cedarville,64,Bright Glass Cleaner,cleaning supplies,segD,1,32,67.2,67.2,32,35.2,8/19/2026,,,,,,,,
8/18/2026,378,61,Glossy Maintainers of Cedarville,79,Immaculate Microwave Popcorn,breakroom supplies,segB,3,25,56,168,75,93,8/19/2026,,,,,,,,
8/18/2026,378,61,Glossy Maintainers of Cedarville,,,breakroom supplies,segB,3,21,39.48,118.44,63,55.44,8/19/2026,,,,,,,,
8/13/2026,472,61,Glossy Maintainers of Cedarville,27,Sparkling Sticky Notes,office products,segA,18,43,67.08,1207.44,,433.44,8/14/2026,,,,,,,,
8/13/2026,472,61,Glossy Maintainers of Cedarville,28,Immaculate Binder Clips,office products,segA,13,29,40.02,520.26,377,143.26,8/14/2026,,,,,,,,
8/13/2026,472,61,Glossy Maintainers of Cedarville,29,Dazzling Paper Clips,,segA,24,37,48.47,1163.28,888,275.28,8/14/2026,,,,,,,,
8/13/2026,472,61,Glossy Maintainers of Cedarville,34,Radiant Staplers,office products,segA,31,24,33.6,1041.6,744,297.6,8/14/2026,,,,,,,,
8/13/2026,472,61,Glossy Maintainers of Cedarville,36,Glossy Staplers,office products,segA,11,50,71.5,786.5,550,236.5,8/14/2026,,,,,,,,
,472,61,Glossy Maintainers of Cedarville,37,Bright Recycled Paper,office products,segA,15,24,35.52,532.8,360,172.8,,,,,,,,,
8/13/2026,472,61,Glossy Maintainers of Cedarville,48,Fresh Desk Organizers,office products,segA,49,29,44.95,2202.55,1421,781.55,8/14/2026,,,,,,,,
8/13/2026,472,61,Glossy Maintainers of Cedarville,92,Glossy Instant Soups,  breakroom supplies ,segB,4,24,48.48,193.92,96,97.92,8/14/2026,,,,,,,,
8/13/2026,472,61,Glossy Maintainers of Cedarville,98,Radiant Glossy Photo Paper,copy paper,segB,14,23,38.41,537.74,322,215.74,8/14/2026,,,,,,,,
,508,61,Glossy Maintainers of Cedarville,1,Sleek Party Napkins,paper & tissue,segC,24,29,40.6,974.4,696,278.4,8/13/2026,,,,,,,,
12/8/2026,508,61,Glossy Maintainers of Cedarville,19,Fresh Party Napkins,paper & tissue,segC,8,45,64.35,514.8,360,,8/13/2026,,,,,,,,
8/12/2026,508,61,Glossy Maintainers of Cedarville,28,Immaculate Binder Clips,office products,segA,,29,40.02,960.48,696,264.48,8/13/2026,,,,,,,,
8/12/2026,508,61,Glossy Maintainers of Cedarville,33,,office products,segA,10,26,39.78,397.8,260,137.8,8/13/2026,,,,,,,,
8/12/2026,508,61,Glossy Maintainers of Cedarville,35,Dazzling Staplers,office products,segA,563,27,34.83,19609.29,15201,4408.29,8/13/2026,,,,,,,,
8/12/2026,508,61,Glossy Maintainers of Cedarville,37,Bright Recycled Paper,office products,esgA,16,24,35.52,568.32,384,184.32,8/13/2026,,,,,,,,
8/12/2026,508,61,Glossy Maintainers of Cedarville,42,Polished Markers,office products,segA,,28,40.6,1218,840,378,8/13/2026,,,,,,,,
8/12/2026,508,61,Glossy Maintainers of Cedarville,43,Fresh File Folders,office products,segA,35,50,75,2625,1750,875,8/13/2026,,,,,,,,
8/12/2026,508,61,Glossy Maintainers of Cedarville,47,Immaculate Staplers,office products,segA,14,24,34.56,483.84,336,147.84,8/13/2026,,,,,,,,
8/12/2026,508,61,Glossy Maintainers of Cedarville,95,Bright Disposable Cups,breakroom supplies,segB,3,13,25.48,76.44,39,37.44,8/13/2026,,,,,,,,
,508,61,Glossy Maintainers of Cedarville,,Glossy Recycled Paper,copy paper,,23,,88.56,2036.88,1242,794.88,8/13/2026,,,,,,,,
8/26/2026,213,62,Sleek Custodians of Gardenhaven,18,Pristine Lunch Napkins,paper & tissue,segD,1,20,31.6,31.6,20,11.6,8/27/2026,,,,,,,,
8/26/2026,213,62,Sleek Custodians of Gardenhaven,56,Pristine Citrus Cleaner,cleaning supplies,segA,2,48,83.04,,96,70.08,8/27/2026,,,,,,,,
8/26/2026,213,62,Sleek Custodians of Gardenhaven,67,Sleek Citrus Cleaner,cleaning supplies,segA,1,39,66.69,66.69,39,27.69,8/27/2026,,,,,,,,
8/26/2026,213,62,Sleek Custodians of Gardenhaven,70,Sleek Air Freshener,cleaning supplies,segA,2,33,58.41,116.82,66,50.82,8/27/2026,,,,,,,,
8/26/2026,213,62,Sleek Custodians of Gardenhaven,71,Spotless Glass Cleaner,cleaning supplies,segA,1,31,54.56,54.56,31,23.56,8/27/2026,,,,,,,,
8/26/2026,213,62,Sleek Custodians of Gardenhaven,72,Gleaming Glass Cleaner,cleaning supplies,segA,1,23,38.41,38.41,23,15.41,8/27/2026,,,,,,,,
8/26/2026,213,62,Sleek Custodians of Gardenhaven,73,Sptoless Creamers,breakroom supplies,segA,1,18,37.62,37.62,18,19.62,8/27/2026,,,,,,,,
8/26/2026,213,62,Sleek Custodians of Gardenhaven,77,Sleek Disposable Cups,breakroom supplies,segA,1,25,45.25,45.25,25,20.25,8/27/2026,,,,,,,,
8/26/2026,213,62,Sleek Custodians of Gardenhaven,91,Glossy Microwave Popcorn,breakroom supplies,segA,2,29,56.84,113.68,58,55.68,8/27/2026,,,,,,,,
8/27/2026,180,63,Fresh Wholesalers of Gardenridge,2,Glossy Party Napkins,paper & tissue,segA,6,29,43.21,259.26,174,85.26,8/28/2026,,,,,,,,
8/27/2026,180,63,Fresh Wholesalers of Gardenridge,7,Gleaming Bathroom Tissue,paper & tissue,segA,3,16,21.76,65.28,48,17.28,8/28/2026,,,,,,,,
8/27/2026,180,63,Fresh Wholesalers of Gardenridge,9,Fresh Kitchen Towels,paper & tissue,segA,3,33,48.18,144.54,99,45.54,8/28/2026,,,,,,,,
8/27/2026,180,63,Fresh Wholesalers of Gardenridge,10,Pristine 2-Ply Toilet Paper,paper & tissue,segA,1,26,34.06,34.06,26,8.06,,,,,,,,,
8/27/2026,180,63,Fresh Wholesalers of Gardenridge,11,Fresh Lunch Napkins,paper & tissue,segA,3,21,,83.16,63,20.16,8/28/2026,,,,,,,,
27/08/2026,180,63,  Fresh Wholesalers of Gardenridge ,17,Glossy Lunch Napkins,paper & tissue,segA,6,31,43.71,262.26,186,76.26,8/28/2026,,,,,,,,
8/27/2026,180,63,Fresh Wholesalers of Gardenridge,20,Gleaming Roll Paper Towels,paper & tissue,segA,7,28,40.04,280.28,196,84.28,8/28/2026,,,,,,,,
8/27/2026,180,63,Fresh Wholesalers of Gardenridge,,Sparkling Pocket Tissues,paper & tissue,segA,1,41,60.27,60.27,41,19.27,8/28/2026,,,,,,,,
8/27/2026,180,63,Fresh Wholesalers of Gardenridge,24,Sparkling Pocket Tissues,paper & tissue,segA,3,18,24.48,,54,19.44,8/28/2026,,,,,,,,
8/27/2026,180,63,Fresh Wholesalers of Gardenridge,63,Polished Glass Cleaner,cleaning supplies,sgeD,1,42,82.32,82.32,42,40.32,8/28/2026,,,,,,,,
8/27/2026,180,63,Fresh Wholesalers of Gardenridge,73,Spotless Creamers,  breakroom supplies ,segB,1,18,33.84,33.84,18,15.84,28/08/2026,,,,,,,,
8/27/2026,180,63,Fresh Wholesalers of Gardenridge,93,Gleaming Microwave Popcorn,breakroom supplies,segB,1,20,43.6,43.6,20,23.6,8/28/2026,,,,,,,,
8/27/2026,180,63,Fresh Wholesalers of Gardenridge,116,Immaculate Legal Size Paper,copy paper,segD,1,,102.07,102.07,59,43.07,8/28/2026,,,,,,,,
8/18/2026,379,63,Fresh Wholesalers of Gardenridge,2,,paper & tissue,segA,7,29,43.21,,203,99.47,8/19/2026,,,,,,,,
,379,63,Fresh Wholesalers of Gardenridge,3,Sparkling Party Napkins,paper & tissue,segA,4,21,28.56,114.24,84,30.24,8/19/2026,,,,,,,,
8/18/2026,379,63,Fresh Wholesalers of Gardenridge,8,Bright Party Napkins,paper & tissue,segA,4,50,72.5,290,200,90,8/19/2026,,,,,,,,
8/18/2026,379,63,Fresh Wholesalers of Gardenridge,10,Pristine 2-Ply Toilet Paper,paper & tissue,segA,1,26,34.06,34.06,26,8.06,8/19/2026,,,,,,,,
8/18/2026,379,63,Fresh Wholesalers of Gardenridge,14,Spotless Pockte Tissues,  paper & tissue ,segA,2,20,27.8,55.6,40,15.6,8/19/2026,,,,,,,,
8/18/2026,379,63,Fresh Wholesalers of Gardenridge,19,Fresh Party Napkins,paper & tissue,segA,3,45,66.15,198.45,135,63.45,8/19/2026,,,,,,,,
8/18/2026,379,63,Fresh Wholesalers of Gardenridge,67,Sleek Citrus Cleaner,cleaning supplies,segD,1,39,83.07,83.07,39,44.07,8/19/2026,,,,,,,,
8/18/2026,379,63,Fresh Wholesalers of Gardenridge,,Sleek Disposable Cups,breakroom supplies,segB,1,25,54,54,25,29,19/08/2026,,,,,,,,
8/18/2026,379,63,Fresh Wholesalers of Gardenridge,78,Glossy rCeamers,breakroom supplies,segB,1,27,51.3,51.3,27,24.3,8/19/2026,,,,,,,,
8/20/2026,342,64,Gleaming Maintainers of Harborhaven,73,Spotless Creamers,breakroom supplies,segA,2,18,35.46,70.92,36,34.92,,,,,,,,,
8/20/2026,342,64,Gleaming Maintainers of Harborhaven,79,Immaculate Microwave Popcorn,breakroom supplies,segA,1,25,43.5,43.5,25,18.5,8/21/2026,,,,,,,,
8/20/2026,342,64,Gleaming Maintainers of Harborhaven,81,Polished Stirrers,breakroom supplies,segA,1,22,39.82,39.82,22,17.82,8/21/2026,,,,,,,,
8/20/2026,342,64,Gleaming Maintainers of Harborhaven,82,Pristine Granola Bars,,segA,1,26,49.14,49.14,26,23.14,8/21/2026,,,,,,,,
8/20/2026,342,64,Gleaming Maintainers of Harborhaven,83,,breakroom supplies,segA,1,26,52.52,,26,26.52,8/21/2026,,,,,,,,
8/20/2026,342,64,Gleaming Maintainers of Harborhaven,92,Glossy Instant Soups,breakroom supplies,segA,1,24,47.04,47.04,24,23.04,8/21/2026,,,,,,,,
8/20/2026,342,64,Gleaming Maintainers of Harborhaven,110,Pristine Cardstock,copy paper,segB,1,42,60.06,60.06,42,18.06,8/21/2026,,,,,,,,
8/20/2026,342,64,Gleaming Maintainers of Harborhaven,82,Pristine Granola Bars,,segA,1,26,49.14,49.14,26,23.14,8/21/2026,,,,,,,,
9/3/2026,33,67,Sleek Suppliers of Gardenwood,7,Gleaming Bathroom Tissue,paper & tissue,segB,1,16,22.56,22.56,16,6.56,9/4/2026,,,,,,,,
9/3/2026,33,67,Sleek Suppliers of Gardenwood,24,Sparkling Pocket Tissues,paper & tissue,segB,1,18,28.26,28.26,18,10.26,9/4/2026,,,,,,,,
9/3/2026,33,67,Sleek Suppliers of Gardenwood,26,Radiant Sticky Notes,office products,  segA ,4,34,50.66,202.64,136,66.64,9/4/2026,,,,,,,,
9/3/2026,33,67,Sleek Suppliers of Gardenwood,29,Dazzling Paper Clips,office products,segA,6,37,59.2,355.2,222,133.2,9/4/2026,,,,,,,,
9/3/2026,33,67,Sleek Suppliers of Gardenwood,30,Immaculate Markers,office products,segA,1,,41.72,41.72,28,13.72,9/4/2026,,,,,,,,
9/3/2026,33,67,Sleek Suppliers of Gardenwood,31,Polished Highlighters,office products,segA,4,17,24.14,96.56,68,28.56,9/4/2026,,,,,,,,
9/3/2026,33,67,Sleek Suppliers of Gardenwood,33,Dazzling File Folders,office products,segA,1,26,39.26,39.26,26,13.26,9/4/2026,,,,,,,,
9/3/2026,33,67,Sleek Spupliers of Gardenwood,67,Sleek Citrus Cleaner,cleaning supplies,segB,1,39,69.03,,39,30.03,9/4/2026,,,,,,,,
9/3/2026,33,67,Sleek Suppliers of Gardenwood,31,Polished Highlighters,office products,segA,4,17,24.14,96.56,68,28.56,9/4/2026,,,,,,,,
9/1/2026,83,67,Sleek Suppliers of Gardenwood,6,Pristine Bathroom Tissue,paper & tissue,segB,1,19,28.69,28.69,19,9.69,9/2/2026,,,,,,,,
9/1/2026,83,67,Sleek Suppliers of Gardenwood,26,Radiant Sticky Notes,office products,segA,2,,50.66,101.32,68,33.32,9/2/2026,,,,,,,,
9/1/2026,83,67,Sleek Suppliers of Gardenwood,30,Immaculate Markers,office products,segA,1,28,41.72,41.72,28,13.72,9/2/2026,,,,,,,,
9/1/2026,83,67,Sleek Suppliers of Gardenwood,33,Dazzling File Folders,office products,esgA,1,26,39.26,39.26,26,13.26,9/2/2026,,,,,,,,
9/1/2026,83,67,Sleek Suppliers of Gardenwood,43,Fresh File Folders,office products,segA,3,50,79.5,238.5,150,88.5,9/2/2026,,,,,,,,
9/1/2026,83,67,Sleek Suppliers of Gardenwood,119,Immaculate Letter Size Paper,copy paper,segC,1,44,72.16,72.16,44,28.16,9/2/2026,,,,,,,,
8/28/2026,142,67,Sleek Suppliers of Gardenwood,8,Bright Party Napkins,paper & tissue,segB,2,50,76.5,153,100,53,8/31/2026,,,,,,,,
8/28/2026,142,67,Sleek Suppliers of Gardenwood,25,Dazzling Binder Clips,office products,segA,1,45,61.2,61.2,45,16.2,8/31/2026,,,,,,,,
8/28/2026,142,67,Sleek Suppliers of Gardenwood,30,Immaculate Markers,office products,segA,1,28,41.72,41.72,28,13.72,8/31/2026,,,,,,,,
8/28/2026,142,67,Sleek Suppliers of Gardenwood,33,Dazzling File Folders,office products,segA,1,26,39.26,39.26,26,13.26,8/31/2026,,,,,,,,
8/28/2026,142,67,Sleek Suppliers of Gardenwood,44,Gleaming Recycled Paper,office products,segA,3,34,47.94,143.82,102,41.82,31/08/2026,,,,,,,,
8/28/2026,142,67,Sleek Suppliers of Gardenwood,45,Immaculate Staplers,office products,segA,3,50,73.5,220.5,150,70.5,8/31/2026,,,,,,,,
8/28/2026,142,67,Sleek Suppliers of Gardenwood,72,Gleaming Glass Cleaner,cleaning supplies,segB,1,23,41.17,41.17,23,18.17,8/31/2026,,,,,,,,
28/08/2026,142,67,Sleek Suppliers of Gardenwood,119,Immaculate Letter Size Paper,copy paper,segC,1,44,72.16,72.16,44,28.16,8/31/2026,,,,,,,,
8/13/2026,473,67,Sleek Suppliers of Gardenwood,9,Frseh Kitchen Towels,paper & tissue,segB,1,33,49.83,49.83,33,16.83,8/14/2026,,,,,,,,
,473,67,Sleek Suppliers of Gardenwood,26,Radiant Sticky Notes,office products,segA,4,34,50.66,202.64,136,66.64,8/14/2026,,,,,,,,
13/08/2026,473,67,Sleek Suppliers of Gardenwood,30,Immaculate Markers,office products,segA,1,28,41.72,41.72,28,13.72,8/14/2026,,,,,,,,
8/13/2026,473,67,Sleek Suppliers of Gardenwood,33,Dazzling File Folders,office products,segA,1,26,39.26,39.26,26,13.26,8/14/2026,,,,,,,,
8/13/2026,473,67,Sleek Suppliers of Gardenwood,44,Gleaming Recycled Paper,office products,segA,4,34,47.94,191.76,136,55.76,8/14/2026,,,,,,,,
8/13/2026,473,67,Sleek Suppliers of Gardenwood,48,Fresh Desk Organizers,  office products ,segA,4,29,39.15,156.6,116,40.6,8/14/2026,,,,,,,,
8/13/2026,473,67,Sleek Suppliers of Gardenwood,54,Dazzling Floor Cleaner,cleaning supplies,segB,1,45,76.5,76.5,45,31.5,8/14/2026,,,,,,,,
8/13/2026,473,67,Sleek Suppliers of Gardenwood,58,Spotless Floor Cleaner,cleaning supplise,segB,1,31,58.28,58.28,31,27.28,8/14/2026,,,,,,,,
8/13/2026,473,67,Sleek Suppliers of Gardenwood,72,Gleaming Glass Cleaner,cleaning supplies,segB,1,23,41.17,41.17,23,18.17,8/14/2026,,,,,,,,
8/13/2026,473,67,Sleek Suppliers of Gardenwood,75,Fresh Microwave Popcorn,breakroom supplies,segC,1,18,35.46,35.46,18,17.46,8/14/2026,,,,,,,,
8/13/2026,473,67,Sleek Suppliers of Gardenwood,119,Immaculate Letter Size Paper,copy paper,segC,1,44,72.16,72.16,44,28.16,8/14/2026,,,,,,,,
8/7/2026,581,67,Sleek Suppliers of Gardenwood,9,Fresh Kitchen Towels,paper & tissue,segB,1,33,49.83,49.83,33,,8/10/2026,,,,,,,,
8/7/2026,581,67,Sleek Suppliers of Gardenwood,21,Glossy Facial Tissues,paper & tissue,sgeB,1,47,68.62,68.62,47,21.62,8/10/2026,,,,,,,,
8/7/2026,581,67,Sleek Suppliers of Gardenwood,26,Radiant Sticky Notes,office products,segA,2,34,50.66,101.32,68,33.32,8/10/2026,,,,,,,,
8/7/2026,581,67,Sleke Suppliers of Gardenwood,30,Immaculate Markers,,segA,1,28,41.72,41.72,28,13.72,8/10/2026,,,,,,,,
8/7/2026,581,67,Sleek Suppliers of Gardenwood,33,Dazzling File Folders,,segA,1,26,39.26,39.26,26,13.26,8/10/2026,,,,,,,,
8/7/2026,581,67,Sleek Suppliers of Gardenwood,43,Fresh File Folders,  office products ,  segA ,1,50,79.5,79.5,50,29.5,8/10/2026,,,,,,,,
8/7/2026,581,67,Sleek Suppliers of Gardenwood,44,Gleaming Recycled Paper,office products,segA,4,34,47.94,191.76,136,55.76,8/10/2026,,,,,,,,
8/7/2026,581,67,Sleek Suppliers of Gardenwood,48,Fresh Desk Organizers,office products,segA,2,29,39.15,78.3,58,20.3,8/10/2026,,,,,,,,
8/7/2026,581,67,Sleek Suppliers of Gardenwood,54,Dazzling Floor Cleaner,cleaning supplies,,1,45,76.5,76.5,45,31.5,8/10/2026,,,,,,,,
8/7/2026,581,67,Sleek Suppliers of Gardenwood,119,Immaculate Letter Size Paper,copy paper,segC,1,44,72.16,72.16,44,28.16,8/10/2026,,,,,,,,
9/2/2026,62,68,Pristine Keepers of Graniteville,45,Immaculate Staplers,office products,segB,5,50,75,375,250,125,9/3/2026,,,,,,,,
9/2/2026,62,68,  Pristine Keepers of Garniteville ,52,Spotless Air Freshener,cleaning supplies,segD,1,49,105.35,105.35,49,56.35,9/3/2026,,,,,,,,
8/31/2026,109,68,Pristine Keepers of Graniteville,8,Bright Party Napkins,,segD,1,50,82.5,,50,32.5,9/1/2026,,,,,,,,
8/31/2026,109,68,Pristine Keepesr of Graniteville,31,,office products,,3,17,24.82,74.46,51,23.46,9/1/2026,,,,,,,,
8/31/2026,109,68,Pristine Keepers of Graniteville,73,Spotless Creamers,breakroom supplies,segC,1,18,34.38,34.38,18,16.38,9/1/2026,,,,,,,,
8/27/2026,181,68,Pristine Keepers of Graniteville,27,Sparkling Sticky Notes,office products,segB,5,43,71.81,359.05,215,144.05,8/28/2026,,,,,,,,
8/27/2026,181,68,Pristine Keepers of Graniteville,31,Polished Highlighters,office products,segB,5,17,24.82,124.1,85,39.1,8/28/2026,,,,,,,,
9/4/2026,4,69,Dazzling Suppliers of Lakewood,1,Sleek Party Napkins,paper & tissue,segA,2,29,40.89,81.78,58,23.78,9/7/2026,,,,,,,,
4/9/2026,4,69,Dazzling Suppliers of Lakewood,2,Glossy Party Napkins,paper & tissue,segA,1,29,41.76,41.76,29,12.76,9/7/2026,,,,,,,,
9/4/2026,4,69,Dazzling Suppliers of Lakewood,4,Bright Bathroom Tissue,paper & tissue,segA,2,26,34.06,68.12,52,16.12,9/7/2026,,,,,,,,
9/4/2026,4,69,Dazzling Suppliers of Lakewood,6,Pristine Bathroom Tissue,paper & tissue,segA,6,19,26.98,161.88,114,47.88,9/7/2026,,,,,,,,
9/4/2026,4,69,Dazzling Suppliers of Lakewood,14,Spotless Pocket Tissues,paper & tissue,segA,36,20,,864,,144,9/7/2026,,,,,,,,
9/4/2026,4,69,Dazzling Suppliers of Lakewood,19,Fresh Party Napkins,paper & tissue,esgA,5,45,65.25,326.25,225,101.25,9/7/2026,,,,,,,,
9/4/2026,4,69,Dazzling Suppliers of Lakewood,20,Gleaming Roll Paper Towels,paper & tissue,segA,2,28,37.8,75.6,56,19.6,9/7/2026,,,,,,,,
9/4/2026,4,69,Dazzling Suppliers of Lakewood,21,Glossy Facial Tissues,paper & tissue,segA,3,47,64.39,193.17,141,52.17,9/7/2026,,,,,,,,
4/9/2026,4,69,Dazzling Suppliers of Lakewood,33,Dazzling File Folders,office products,segD,1,26,42.38,42.38,26,16.38,9/7/2026,,,,,,,,
4/9/2026,4,69,Dazzling Suppliers of Lakewood,76,Immaculate Granola Bars,breakroom supplies,segA,2,10,21.4,42.8,20,22.8,7/9/2026,,,,,,,,
9/4/2026,4,69,Dazzling Suppliers of Lakewood,89,Sparkling Disposable Cups,breakroom supplies,segA,1,21,44.94,44.94,21,23.94,9/7/2026,,,,,,,,
9/4/2026,4,69,Dazzling Suppliers of Lakewood,95,Bright Disposable Cups,breakroom supplies,segA,32,13,19.5,624,416,208,9/7/2026,,,,,,,,
9/1/2026,84,69,Dazzling Suppliers of Lakewood,2,Glossy Party Napkins,paper & tissue,segA,2,29,,83.52,58,25.52,9/16/2026,,,,,,,,
9/1/2026,84,69,Dazzling Suppliers of Lakewood,24,Sparkling Pocket Tissues,paper & tissue,segA,3,18,23.4,70.2,54,16.2,9/16/2026,,,,,,,,
9/1/2026,84,69,Dazzling Suppliers of Lakewood,78,  Glossy Creamers ,breakroom supplies,segA,1,27,46.71,46.71,27,,9/16/2026,,,,,,,,
9/1/2026,84,69,Dazzling Suppliers of Lakewood,88,  Gleaming Coffee Beans ,breakroom supplies,segA,21,18,27,567,378,189,9/16/2026,,,,,,,,
9/1/2026,84,69,Dazzling Suppliers of Lakewood,95,Bright Disposable Cups,breakroom supplies,segA,51,13,19.5,994.5,663,331.5,9/16/2026,,,,,,,,
8/12/2026,509,69,Dazzling Suppliers of Lakewood,2,Glossy Party Napkins,paper & tissue,segA,1,29,41.76,41.76,29,12.76,8/13/2026,,,,,,,,
8/12/2026,509,69,Dazzling Suppliers of Lakewood,4,Bright Bathroom Tissue,paper & tissue,segA,3,26,34.06,102.18,78,24.18,8/13/2026,,,,,,,,
8/12/2026,509,69,Dazzling Suppliers of Lakewood,6,Pristine Bathroom Tissue,paper & tissue,segA,6,,26.98,161.88,114,47.88,8/13/2026,,,,,,,,
,509,69,Dazzling Suppliers of Lakewood,12,  Immaculate Roll Paper Towels ,paper & tissue,segA,5,44,65.12,325.6,220,105.6,8/13/2026,,,,,,,,
8/12/2026,509,69,Dazzling Suppliers of Lakewood,14,Spotless Pocket Tissues,paper & tissue,segA,30,20,24,720,600,120,8/13/2026,,,,,,,,
8/12/2026,509,69,Dazzling Suppliers of Lakewood,22,Sparkling Pocket Tissues,paper & tissue,segA,4,41,56.58,226.32,164,62.32,8/13/2026,,,,,,,,
8/12/2026,509,69,Dazzling Suppliers of Lakewood,24,Sparkling Pocket Tissues,paper & tissue,segA,3,18,23.4,70.2,54,16.2,8/13/2026,,,,,,,,
8/12/2026,509,69,Dazzling Suppliers of Lakewood,94,Pristine Instant Soups,breakroom supplies,segA,1,7,13.79,13.79,7,6.79,8/13/2026,,,,,,,,
9/2/2026,63,70,Sparkling Wholesalers of Canyonfield,13,Pristine Party Napkins,paper & tissue,segC,2,45,69.3,138.6,90,48.6,9/3/2026,,,,,,,,
9/2/2026,63,70,Sparkling Wholesalers of Canyonfield,,Polished Highlighters,office products,segB,1,17,28.39,28.39,17,11.39,9/3/2026,,,,,,,,
9/2/2026,63,70,Sparkling Wholesalers of Canyonfield,83,Spotless Energy Drinks,breakroom supplies,segC,1,26,46.8,46.8,,,9/3/2026,,,,,,,,
9/2/2026,63,70,Sparkling Wholesalers of Canyonfield,85,Sparkling Microwave Popcorn,breakroom supplies,segC,1,12,22.56,22.56,12,10.56,9/3/2026,,,,,,,,
9/2/2026,63,70,  Sparkling Wholesalers of Canyonfield ,104,  Gleaming Glossy Photo Paper ,copy paper,segA,4,52,74.88,299.52,208,91.52,9/3/2026,,,,,,,,
9/2/2026,63,70,Sparkling Wholesalers of Canyonfield,105,Pristine Graph Paper,copy paper,segA,2,52,75.92,151.84,104,47.84,9/3/2026,,,,,,,,
9/2/2026,63,70,Sparkling Wholesalers of Canyonfield,108,Dazzling Cardstock,copy paper,segA,2,21,30.03,60.06,42,18.06,9/3/2026,,,,,,,,
9/2/2026,63,70,Sparkling Wholesalers of Canyonfield,,Glossy Recycled Paper,copy paper,segA,,54,72.36,217.08,162,55.08,9/3/2026,,,,,,,,
9/2/2026,63,70,Sparkling Wholesalers of Canyonfield,114,Glossy Recycled Paper,copy paper,segA,1,32,49.92,49.92,32,,9/3/2026,,,,,,,,
9/2/2026,63,70,Sparkling Wholesalers of Canyonfield,117,Dazzling Graph Paper,copy paper,segA,45,51,66.3,2983.5,2295,688.5,9/3/2026,,,,,,,,
9/2/2026,63,70,Sparkling Wholesalers of Canyonfield,120,Sparkling Letter Size Paper,copy paper,,,45,59.85,119.7,,29.7,9/3/2026,,,,,,,,
9/2/2026,63,70,Sparkling Wholesalers of Canyonfield,83,Spotless Energy Drinks,breakroom supplies,segC,1,26,46.8,46.8,,,9/3/2026,,,,,,,,
8/18/2026,380,70,Sparkling Wholesalers of Canyonfield,26,Radiant Sticky Notes,office products,segB,1,34,54.4,54.4,34,20.4,8/19/2026,,,,,,,,
8/18/2026,380,70,Sparkling Wholesalers of Canyonfield,36,Glossy Staplers,office products,segB,1,50,76,76,50,26,8/19/2026,,,,,,,,
8/18/2026,380,70,Sparkling Wholesalers of Canyonfield,45,Immaculate Staplers,office products,segB,1,50,72.5,72.5,50,22.5,8/19/2026,,,,,,,,
8/18/2026,380,70,Sparkling Wholesalers of Canyonfield,77,Sleek Disposable Cups,breakroom supplies,segC,1,25,53,53,25,28,8/19/2026,,,,,,,,
8/18/2026,380,70,Sparkling Wholesalers of Canyonfield,85,Sparkling Microwave Popcorn,breakroom supplies,segC,1,12,22.56,22.56,12,10.56,8/19/2026,,,,,,,,
8/18/2026,380,70,Sparkling Wholesalers of Canyonfield,107,Radiant Glossy Photo Paper,copy paper,segA,5,58,87,435,290,145,8/19/2026,,,,,,,,
8/18/2026,380,70,Sparkling Wholesalers of Canyonfield,113,Polished Recycled Paper,copy paper,segA,5,36,49.68,248.4,180,68.4,8/19/2026,,,,,,,,
8/18/2026,380,70,Sparkling Wholesalers of Canyonfield,114,Glossy Recycled Paper,copy paper,segA,3,32,49.92,149.76,96,53.76,8/19/2026,,,,,,,,
8/18/2026,380,70,Sparkling Wholesalers of Canyonfield,117,Dazzling Graph Paper,,segA,61,51,66.3,,3111,933.3,8/19/2026,,,,,,,,
8/18/2026,380,70,Sparkling Wholesalers of Canyonfield,120,,copy paper,segA,1,45,59.85,59.85,45,14.85,8/19/2026,,,,,,,,
8/14/2026,440,70,Sparkling Wholesalers of Canyonfield,29,Dazzling Paper Clips,office products,segB,1,37,53.65,53.65,37,16.65,8/17/2026,,,,,,,,
8/14/2026,440,70,Sparkling Wholesalers of Canyonfield,58,Spotless Floor Cleaner,cleaning supplies,segD,1,31,59.83,59.83,31,28.83,8/17/2026,,,,,,,,
8/14/2026,440,70,Sparkling Wholesalers of Canyonfield,77,Sleek Disposable Cups,breakroom supplies,segC,1,25,53,53,25,28,8/17/2026,,,,,,,,
8/14/2026,440,70,Sparkling Wholesalers of Canyonfield,83,Spotless Energy Drinks,breakroom supplies,segC,1,26,46.8,46.8,26,20.8,8/17/2026,,,,,,,,
8/14/2026,440,70,Sparkling Wholesalers of Canyonfield,,Glossy Recycled Paper,copy paper,segA,4,54,72.36,289.44,216,73.44,8/17/2026,,,,,,,,
8/14/2026,440,70,Sparkling Wholesalers of Canyonfield,58,Spotless Floor Cleaner,cleaning supplies,segD,1,31,59.83,59.83,31,28.83,8/17/2026,,,,,,,,
8/11/2026,535,70,Sparkling Wholesalers of Canyonfield,16,Dazzling Bathroom Tissue,paper & tissue,segC,1,42,65.94,65.94,42,,8/12/2026,,,,,,,,
8/11/2026,535,70,Sparkling Wholesalers of Canyonfield,17,  Glossy Lunch Napknis ,paper & tissue,segC,1,31,45.57,45.57,31,14.57,8/12/2026,,,,,,,,
8/11/2026,535,70,Sparkling Wholesalers of Canyonfield,26,  Radiant Sticky Notes ,office rpoducts,segB,1,34,54.4,54.4,34,20.4,8/12/2026,,,,,,,,
8/11/2026,535,70,Sparkling Wholesalers of Canyonfield,37,Bright Recycled Paper,office products,segB,1,24,37.92,37.92,24,13.92,8/12/2026,,,,,,,,
8/11/2026,535,70,Sparkling Wholesalers of Canyonfield,107,Radiant Glossy Photo Paper,copy paper,segA,4,58,87,348,232,116,8/12/2026,,,,,,,,
8/11/2026,535,70,Sparkling Wholesalers of Canyonfield,,Glossy Recycled Paper,copy paper,segA,7,54,72.36,506.52,378,128.52,8/12/2026,,,,,,,,
8/11/2026,535,70,Sparkling Wholesalers of Canyonfield,112,Sparkling Letter Size Paper,copy paper,segA,11,46,56.58,622.38,506,116.38,8/12/2026,,,,,,,,
8/11/2026,535,70,Sparkling Wholesalers of Canyonfield,113,Polished Recycled Paper,copy paper,segA,5,36,49.68,248.4,180,68.4,8/12/2026,,,,,,,,
8/11/2026,535,70,Sparkling Wholesalers of Canyonfield,114,,copy paper,segA,2,32,49.92,99.84,64,35.84,8/12/2026,,,,,,,,
8/11/2026,535,70,Sparkling Wholesalers of Canyonfield,117,Dazzling Graph Paper,copy paper,segA,47,51,66.3,3116.1,2397,719.1,8/12/2026,,,,,,,,
8/11/2026,535,70,Sparkling Wholesalers of Canyonfield,120,Sparkling Letter Size Paper,copy paper,segA,1,45,59.85,59.85,45,14.85,8/12/2026,,,,,,,,
8/18/2026,,70,Sparkling Wholesalers of Canyonfield,15,Sparkling 2-Ply Toilet Paper,paper & tissue,segC,1,43,68.8,68.8,43,25.8,8/19/2026,,,,,,,,
8/18/2026,,70,Sparkling Wholesalers of Canyonfield,15,Sparkling 2-Ply Toilet Paper,paper & tissue,segC,1,43,68.8,68.8,43,25.8,8/19/2026,,,,,,,,
8/26/2026,214,71,Sleek Providers of Gardencrest,28,Immaculate Binder Clips,office products,segA,15,29,43.79,656.85,435,221.85,9/3/2026,,,,,,,,
8/26/2026,214,71,Sleek Providers of Gardencrest,39,Immaculate Sticky Notes,office products,segA,13,,49.64,645.32,442,203.32,9/3/2026,,,,,,,,
8/26/2026,214,71,Sleek Providers of Gardencrest,44,Gleaming Recycled Paper,office products,segA,,34,49.64,744.6,510,234.6,9/3/2026,,,,,,,,
26/08/2026,214,71,Sleek Providers of Gardencrest,48,Fresh Desk Organizers,office products,segA,8,29,40.6,324.8,232,92.8,9/3/2026,,,,,,,,
8/26/2026,214,71,Sleek Providers of Gardencrest,75,  Fresh Microwave Popcorn ,breakroom supplies,segA,7,18,30.78,215.46,126,89.46,9/3/2026,,,,,,,,
8/26/2026,214,71,Sleek Providers of Gardencrest,81,Polished Stirrers,breakroom supplies,segA,6,22,41.58,249.48,132,117.48,9/3/2026,,,,,,,,
8/26/2026,214,71,Sleek Providers of Gardencrest,82,Pristine Granola Bars,breakroom supplies,segA,6,26,46.28,277.68,156,121.68,9/3/2026,,,,,,,,
8/26/2026,214,71,Sleek Providers of Gardencrest,85,Sparkling Microwave Popcorn,breakroom supplies,segA,4,12,22.8,91.2,48,43.2,9/3/2026,,,,,,,,
8/26/2026,214,71,Sleek Providers of Gardencrest,90,Dazzling Instant Soups,breakroom supplies,segA,1,24,45.12,45.12,24,21.12,9/3/2026,,,,,,,,
8/26/2026,214,71,Sleek Providers of Gardencrest,101,Radiant Colored Paper,copy paper,segB,3,60,94.8,,180,104.4,9/3/2026,,,,,,,,
8/26/2026,214,71,Sleek Providers of Gardencrest,110,Pristine Cardstock,copy paper,segB,5,42,58.8,294,210,84,9/3/2026,,,,,,,,
9/4/2026,5,72,Immaculate Stewards of Valleyport,,Spotless Air Freshener,cleaning supplies,segA,36,49,69.58,2504.88,1764,740.88,9/7/2026,,,,,,,,
9/4/2026,5,72,Immaculate Stewards of Valleyport,54,Dazzling Floor Cleaner,cleaning supplies,segA,2,45,80.1,160.2,90,70.2,9/7/2026,,,,,,,,
9/4/2026,5,72,Immaculate Stewards of Valleyport,61,Pristine Degreaser,cleaning supplies,segA,18,50,75,1350,900,450,9/7/2026,,,,,,,,
4/9/2026,5,72,Immaculate Stewards of Valleyport,64,Bright Glass Cleaner,  cleaning supplies ,segA,1,,51.2,51.2,32,19.2,9/7/2026,,,,,,,,
9/4/2026,5,72,Immaculate Stewards of Valleyport,70,Sleek Air Freshener,cleaning supplies,segA,8,33,49.5,396,264,132,9/7/2026,,,,,,,,
9/4/2026,5,72,Immaculate Stewards of Valleyport,100,Dazzling Legal Size Paper,  copy paper ,segA,3,24,37.92,113.76,,41.76,9/7/2026,,,,,,,,
9/4/2026,5,72,Immaculate Stewards of Valleyport,103,Spotless Colored Paper,copy paper,  seAg ,1,45,60.3,60.3,45,15.3,9/7/2026,,,,,,,,
9/4/2026,5,72,Immaculate Stewards of Valleyport,109,Immaculate Resume Paper,,segA,3,31,40.3,120.9,93,27.9,9/7/2026,,,,,,,,
9/4/2026,5,72,Immaculate Stewards of Valleyport,,Pristine Cardstock,copy paper,segA,32,42,,1572.48,1344,228.48,9/7/2026,,,,,,,,
9/4/2026,5,72,Immaculate Stewards of Valleyport,113,Polished Recycled Paper,copy paper,segA,1,36,57.24,57.24,36,21.24,9/7/2026,,,,,,,,
9/4/2026,5,72,Immaculate Stewards of Valleyport,114,Glossy Recycled Paper,copy paper,segA,5,32,50.88,254.4,160,94.4,9/7/2026,,,,,,,,
9/4/2026,5,72,  Immaculate Stewards of Valleyport ,116,Immaculate Legal Size Paper,copy paper,segA,2,59,79.65,159.3,118,41.3,9/7/2026,,,,,,,,
9/2/2026,64,72,Immaculate Stewards of Valleyport,48,Frseh Desk Organizers,office products,segD,1,29,51.91,51.91,29,22.91,9/3/2026,,,,,,,,
9/2/2026,64,72,Immaculate Stewards of Valleyport,61,Pristine Degreaser,cleaning supplies,segA,12,50,75,900,600,300,9/3/2026,,,,,,,,
,64,72,Immaculate Stewards of Valleyport,62,,cleaning supplies,segA,1,20,32.6,32.6,20,12.6,9/3/2026,,,,,,,,
9/2/2026,64,72,Immaculate Stewards of Valleyport,64,Bright Glass Cleaner,cleaning supplies,segA,1,32,51.2,51.2,32,19.2,9/3/2026,,,,,,,,
9/2/2026,64,72,Immaculate Stewards of Valleyport,67,Sleek Citrus Cleaner,cleaning supplies,segA,1,39,72.15,72.15,39,33.15,9/3/2026,,,,,,,,
9/2/2026,64,72,Immaculate Stewards of Valleyport,96,Dazzling Disposable Cups,breakroom supplies,segD,1,19,45.03,45.03,19,26.03,9/3/2026,,,,,,,,
9/2/2026,64,72,Immaculate Stewards of Valleyport,100,Dazzling Legal Size Paper,copy paper,segA,1,24,37.92,37.92,24,13.92,9/3/2026,,,,,,,,
,64,72,Immaculate Stewards of Valleyport,106,Sleek Resume Paper,copy paper,segA,5,48,74.4,372,240,132,9/3/2026,,,,,,,,
9/2/2026,64,72,Immaculate Stewards of Valleyport,107,Radiant Glossy Photo Paper,  copy paper ,segA,6,58,89.32,535.92,348,187.92,9/3/2026,,,,,,,,
9/2/2026,64,72,Immaculate Stewards of Valleyport,109,Immaculate Resume Paper,coyp paper,segA,4,31,40.3,,124,37.2,,,,,,,,,
2/9/2026,64,72,Immaculate Stewards of Valleyport,110,Pristine Cardstock,copy paper,segA,36,42,49.14,1769.04,1512,257.04,9/3/2026,,,,,,,,
9/2/2026,64,72,Immaculate Stewards of Valleyport,,Glossy Recycled Paper,copy paper,  segA ,3,54,82.62,247.86,162,85.86,9/3/2026,,,,,,,,
9/2/2026,64,72,Immaculate Stewards of Valleyport,114,Glossy Recycled Paper,copy paper,segA,6,32,50.88,305.28,192,113.28,9/3/2026,,,,,,,,
8/25/2026,244,72,Immaculate Stewards of Valleyport,49,Sparkling Disinfectant Wipes,cleaning supplies,segA,1,21,39.06,39.06,21,18.06,9/2/2026,,,,,,,,
8/25/2026,244,72,Immaculate Stewards of Valleyport,55,Spotless Floor Cleaner,cleaning supplies,segA,24,29,42.63,1023.12,696,327.12,9/2/2026,,,,,,,,
8/25/2026,244,72,Immaculate Stewards of Valleyport,66,Radiant Glass Cleaner,cleaning supplies,segA,2,21,35.49,70.98,,28.98,9/2/2026,,,,,,,,
8/25/2026,244,72,Immaculate Stewards of Valleyport,70,Sleek Air Freshener,cleaning supplies,segA,12,33,49.5,594,396,198,9/2/2026,,,,,,,,
8/25/2026,244,72,Immaculate Stewards of Valleyport,88,Gleaming Coffee Beans,breakroom supplies,segD,1,18,43.2,43.2,18,25.2,2/9/2026,,,,,,,,
8/25/2026,244,72,Immaculate Stewards of Valleyport,112,Sparkling Letter Size Paper,ocpy paper,segA,5,46,63.94,319.7,230,89.7,9/2/2026,,,,,,,,
8/25/2026,244,72,Immaculate Stewards of Valleyport,114,Glossy Recycled Paper,copy paper,segA,4,32,50.88,203.52,128,75.52,,,,,,,,,
8/25/2026,244,72,Immaculate Stewards of Valleyport,118,Sparkling Cardstock,copy paper,segA,6,37,54.39,326.34,222,104.34,9/2/2026,,,,,,,,
8/21/2026,308,72,Immaculate Stewards of Valleyport,29,Dazzling Paper Clips,office products,segD,,37,64.01,64.01,37,27.01,8/24/2026,,,,,,,,
8/21/2026,308,72,Immaculate Stewards of Valleyport,34,Radiant Staplers,office products,segD,1,24,42.48,42.48,24,18.48,8/24/2026,,,,,,,,
8/21/2026,308,72,Immaculate Stewards of Valleyport,55,Spotless Floor Cleaner,cleaning supplies,,20,29,42.63,852.6,580,272.6,8/24/2026,,,,,,,,
8/21/2026,308,72,Immaculate Stewards of Valleyport,66,Radiant Glass Cleaner,cleaning supplies,segA,3,21,35.49,106.47,63,43.47,8/24/2026,,,,,,,,
8/21/2026,308,72,Immaculate Stewards of Valleyport,,Sleek Air Freshener,cleaning supplies,segA,8,33,49.5,396,264,132,8/24/2026,,,,,,,,
,308,72,Immaculate Stewards of Valleyport,102,Sleek Resume Paper,cop ypaper,segA,2,26,38.22,76.44,52,24.44,8/24/2026,,,,,,,,
8/21/2026,308,72,Immaculate Stewards of Valleyport,105,Pristine Graph Paper,copy paper,segA,6,52,83.2,499.2,312,187.2,8/24/2026,,,,,,,,
8/21/2026,308,72,Immaculate Stewards of Valleyport,107,Radiant Glossy Photo Paper,,segA,6,58,89.32,535.92,348,187.92,8/24/2026,,,,,,,,
8/21/2026,308,72,Immaculate Stewards of Valleyport,110,Pristine Cardstock,copy paper,segA,45,42,49.14,2211.3,1890,321.3,8/24/2026,,,,,,,,
8/21/2026,308,72,Immaculate Stewards of Valleyport,112,Sparkling Letter Size Paper,ocpy paper,segA,5,46,63.94,319.7,230,89.7,8/24/2026,,,,,,,,
8/21/2026,308,72,Immaculate Stewards of Valleyport,114,Glossy Recycled aPper,copy paper,segA,3,32,50.88,152.64,96,56.64,8/24/2026,,,,,,,,
8/25/2026,,72,Immaculate Stewards of Valleyport,54,Dazzling Floor Cleaner,cleaning supplies,segA,1,45,80.1,80.1,45,35.1,9/2/2026,,,,,,,,
8/25/2026,,72,Immaculate Stewards of Valleyport,64,Bright Glass Cleaner,cleaning supplies,segA,1,32,51.2,51.2,32,19.2,9/2/2026,,,,,,,,
8/13/2026,474,73,Pristine Stewards of Gardenfield,41,Dazzling File Folders,office products,segD,1,46,74.52,74.52,46,28.52,8/21/2026,,,,,,,,
,474,73,Pristine Stewards of Gardenfield,68,Dazzling Disinfectant Wipes,cleaning supplies,segD,1,54,115.56,115.56,54,61.56,8/21/2026,,,,,,,,
13/08/2026,474,73,Pristine Stewards of Gardenfield,80,Spotless Instant Soups,breakroom supplies,segA,1,17,28.9,28.9,17,11.9,8/21/2026,,,,,,,,
8/13/2026,474,73,Pristine Stewards of Gardenfield,87,Glossy Tea Selection,breakroom supplies,segA,1,11,18.81,18.81,11,7.81,8/21/2026,,,,,,,,
8/13/2026,474,73,Pristine Stewards of Gardenfield,92,Glossy Instant Soups,breakroom supplies,esgA,2,24,48.96,97.92,48,49.92,8/21/2026,,,,,,,,
9/3/2026,34,74,Sparkling Custodians of Valleyville,26,Radiant Sticky Notes,office products,segC,1,34,55.42,55.42,34,21.42,9/4/2026,,,,,,,,
9/3/2026,34,74,Sparkling Custodians of Valleyville,,Pristine Degreaser,cleaning supplies,,1,50,98.5,98.5,50,48.5,,,,,,,,,
9/3/2026,34,74,Sparkling Custodians of Valleyville,64,Bright Glass Cleaner,cleaning supplies,segB,1,32,63.68,63.68,32,31.68,9/4/2026,,,,,,,,
9/3/2026,34,74,Sparkling Custodians of Valleyville,108,Dazzling Cardstock,copy paper,segA,,21,29.19,145.95,105,40.95,9/4/2026,,,,,,,,
9/3/2026,34,74,Sparkling Custodians of Valleyville,114,Glossy Recycled Paper,copy paper,segA,3,32,50.24,150.72,96,54.72,9/4/2026,,,,,,,,
9/3/2026,34,74,Sparkling Custodians of Valleyville,116,Immaculate Legal Size Paper,copy paper,segA,18,59,72.57,1306.26,1062,244.26,9/4/2026,,,,,,,,
9/3/2026,34,74,Sparkling Custodians of Valleyville,119,Immaculate Letter Size Paper,copy paper,segA,2,44,68.64,137.28,88,49.28,9/4/2026,,,,,,,,
8/26/2026,215,74,Sparkling Custodians of Valleyville,69,Gleaming Degreaser,cleaning supplies,segB,1,27,50.22,50.22,27,,8/27/2026,,,,,,,,
8/26/2026,215,74,Sparkling Custodians of Valleyville,108,Dazzling Cardstock,copy paper,segA,3,21,29.19,87.57,63,24.57,8/27/2026,,,,,,,,
8/26/2026,215,74,Sparkling Custodians of Valleyville,114,Glossy Recycled Paper,copy paper,segA,3,32,50.24,150.72,96,54.72,8/27/2026,,,,,,,,
8/26/2026,215,74,Sparkling Custodians of Valleyville,117,Dazzling Graph Paper,copy paper,segA,3,51,75.99,227.97,153,74.97,8/27/2026,,,,,,,,
8/26/2026,215,74,Sparkling Custodians of Valleyville,119,Immaculate Letter Size Paper,copy paper,segA,2,44,68.64,137.28,88,49.28,8/27/2026,,,,,,,,
8/31/2026,110,76,Sparkling Servicers of Granitefield,39,Immaculate Sticky Notes,office products,,3,34,57.8,,102,71.4,9/1/2026,,,,,,,,
31/08/2026,110,76,Sparkling Servicers of Granitefield,47,Immaculate Staplers,office products,segB,5,24,36.24,181.2,120,61.2,9/1/2026,,,,,,,,
8/31/2026,110,76,Sparkling Servicers of Granitefield,51,Bright Glass Cleaner,cleaning supplies,segA,2,26,44.46,88.92,52,36.92,9/1/2026,,,,,,,,
8/31/2026,110,76,Sparkling Servicers of Granitefield,52,Spotless Air Freshener,cleaning supplies,segA,3,49,81.83,,147,98.49,9/1/2026,,,,,,,,
8/31/2026,110,76,Sparkling Servicers of Granitefield,53,Glossy Glass Cleaner,cleaning supplies,,5,36,59.76,298.8,180,118.8,9/1/2026,,,,,,,,
8/31/2026,110,76,Sparkling Servicers of Granitefield,57,Glossy All-Purpose Cleaner,cleaning supplies,segA,10,51,96.39,963.9,510,453.9,9/1/2026,,,,,,,,
31/08/2026,110,76,Sparkling Servicers of Granitefield,66,Radiant Glass Cleaner,cleaning supplies,segA,6,21,34.23,205.38,126,79.38,9/1/2026,,,,,,,,
8/31/2026,110,76,Sparkling Servicers of Granitefield,67,Sleek Citrus Cleaner,cleaning supplies,segA,10,39,63.96,639.6,390,249.6,9/1/2026,,,,,,,,
8/31/2026,110,76,Sparkling Servicers of Granitefield,69,Gleaming Degreaser,cleaning supplies,segA,7,27,51.3,359.1,189,170.1,9/1/2026,,,,,,,,
8/31/2026,110,76,Sparkling Servicers of Granitefield,108,Dazzling Cardstock,copy paper,segD,1,21,38.01,38.01,21,17.01,9/1/2026,,,,,,,,
8/31/2026,110,76,Sparkling Servicers of Granitefield,51,Bright Glass Cleaner,cleaning supplies,segA,2,26,44.46,88.92,52,36.92,9/1/2026,,,,,,,,
8/25/2026,245,76,Sparkling Servicers of Granitefield,29,Dazzling Paper Clips,office products,segB,2,37,57.35,114.7,,40.7,8/26/2026,,,,,,,,
8/25/2026,245,76,Sparkling Servicers of Granitefield,39,Immaculate Sticky Notes,office products,segB,6,34,57.8,346.8,204,142.8,8/26/2026,,,,,,,,
8/25/2026,245,76,Sparkling Servicers of Granitefield,,Glossy All-Purpose Cleaner,cleaning supplies,segA,10,51,96.39,963.9,510,453.9,,,,,,,,,
8/25/2026,245,76,Sparkling Servicers of Granitefield,64,Bright Glass Cleaner,cleaning supplies,,1,32,58.88,58.88,,26.88,8/26/2026,,,,,,,,
8/25/2026,245,76,Sparkling Servicers of Granitefield,66,Radiant Glass Cleaner,cleaning supplies,segA,6,21,34.23,205.38,126,79.38,8/26/2026,,,,,,,,
8/25/2026,245,76,Sparkling Serviecrs of Granitefield,70,Sleek Air Freshener,cleaning supplies,segA,13,33,56.43,733.59,429,304.59,8/26/2026,,,,,,,,
8/25/2026,245,76,Sparkling Servicers of Granitefield,29,Dazzling Paper Clips,office products,segB,2,37,57.35,114.7,,40.7,8/26/2026,,,,,,,,
9/4/2026,6,79,Fresh Suppliers of Mapleton,24,Sparkling Pocket Tissues,paper & tissue,segB,1,18,26.46,26.46,,8.46,9/7/2026,,,,,,,,
9/4/2026,6,79,Fresh Suppliers of Mapleton,101,Radiant Colored Paper,copy paper,segA,3,60,85.8,257.4,180,77.4,9/7/2026,,,,,,,,
9/4/2026,6,79,Fresh Suppliers of Mapleton,102,Sleek Resume Paper,,segA,5,26,35.62,178.1,130,48.1,9/7/2026,,,,,,,,
9/4/2026,6,79,Fresh Suppliers of Mapleton,106,Sleek Resume Paper,copy paper,segA,5,48,75.36,376.8,,,9/7/2026,,,,,,,,
9/4/2026,6,79,Fresh Suppliers of Mapleton,109,Immaculate Resume Paper,copy paper,segA,1,31,49.6,49.6,31,18.6,9/7/2026,,,,,,,,
9/4/2026,6,79,Fresh Suppliers of Mapleton,114,Glossy Recycled Paper,copy paper,segA,1,32,50.88,50.88,32,18.88,9/7/2026,,,,,,,,
9/4/2026,6,79,Fresh Suppliers of Mapleton,102,Sleek Resume Paper,,segA,5,26,35.62,178.1,130,48.1,9/7/2026,,,,,,,,
3/9/2026,35,79,Fresh Suppliers of Mapleton,19,Fresh Party Napkins,paper & tissue,segB,,45,68.4,68.4,45,23.4,9/4/2026,,,,,,,,
9/3/2026,35,79,Fresh Suppliers of Mapleton,31,Polished Highlighters,office products,segD,1,17,28.9,28.9,17,11.9,9/4/2026,,,,,,,,
9/3/2026,35,79,Fresh Suppliers of Mapleton,41,Dazzling File Folders,office products,segD,1,46,82.34,82.34,46,36.34,9/4/2026,,,,,,,,
9/3/2026,35,79,Fresh Suppliers of Mapleton,62,Glossy Air Freshener,cleaning supplies,segD,1,20,38.4,38.4,20,18.4,,,,,,,,,
9/3/2026,35,79,Fresh Suppliers of Mapleton,87,Glossy Tea Selection,breakroom supplies,segB,1,11,24.31,24.31,11,13.31,9/4/2026,,,,,,,,
9/3/2026,35,79,Fresh Suppliers of Mapleton,95,Bright Disposable Cups,breakroom supplies,segB,1,13,25.74,25.74,13,12.74,9/4/2026,,,,,,,,
9/3/2026,35,79,Fresh Suppliers of Mapleton,103,Spotless Colored Paper,copy paper,segA,5,45,61.65,308.25,225,83.25,9/4/2026,,,,,,,,
9/3/2026,35,79,Fresh Suppliers of Mapleton,104,Gleaming Glossy Photo Paper,copy paper,segA,4,52,81.12,324.48,208,116.48,9/4/2026,,,,,,,,
9/3/2026,35,79,Fresh Suppliers of Mapleton,106,Sleek Resume Paper,copy paper,segA,5,48,75.36,376.8,240,,9/4/2026,,,,,,,,
9/3/2026,35,79,Fresh Suppliers of Mapleton,114,Glossy Recycled Paper,copy paper,segA,1,32,50.88,50.88,32,18.88,9/4/2026,,,,,,,,
9/3/2026,35,79,Fresh Suppliers of Mapleton,117,Dazzling Graph Paper,copy paper,segA,4,51,70.38,281.52,204,77.52,9/4/2026,,,,,,,,
3/9/2026,35,79,Fresh Suppliers of Mapleton,118,Sparkling Cardstock,  copy paper ,,3,37,56.98,170.94,111,59.94,9/4/2026,,,,,,,,
8/12/2026,510,79,Fresh Suppliers of Mapleton,19,Fresh Party Napkins,paper & tissue,segB,1,,68.4,68.4,45,23.4,8/13/2026,,,,,,,,
12/8/2026,510,79,Fresh Suppliers of Mapleton,102,Sleek Resume Paper,copy paepr,segA,6,26,35.62,213.72,156,57.72,8/13/2026,,,,,,,,
8/12/2026,510,79,Fresh Suppliers of Mapleton,103,Spotless Colored Paper,copy paper,segA,5,45,61.65,308.25,225,83.25,8/13/2026,,,,,,,,
8/12/2026,510,79,Fresh Suppliers of Mapleton,105,Pristine Graph Paper,cpoy paper,segA,3,52,78,234,156,78,8/13/2026,,,,,,,,
8/12/2026,510,79,Fres hSuppliers of Mapleton,108,Dazzling Cardstock,copy paper,segA,4,21,30.66,122.64,84,38.64,8/13/2026,,,,,,,,
8/12/2026,510,79,Fresh Suppliers of Mapleton,109,Immaculate Resume Paper,copy paper,segA,2,,49.6,99.2,62,37.2,8/13/2026,,,,,,,,
8/12/2026,510,79,Fresh Suppliers of Mapleton,112,Sparkling Letter Size Paper,copy paper,segA,2,46,62.1,124.2,92,32.2,8/13/2026,,,,,,,,
8/12/2026,510,79,Fresh Suppliers of Mapleton,114,Glossy Recycled Paper,copy paper,segA,1,32,,50.88,32,18.88,8/13/2026,,,,,,,,
8/12/2026,510,79,Fresh Suppliers of Mapleton,117,Dazzling Graph Paper,copy paper,segA,3,51,70.38,211.14,153,58.14,8/13/2026,,,,,,,,
8/12/2026,510,79,Fresh Suppliers of Mapleton,118,Sparkling Cardstock,copy paper,segA,4,37,56.98,227.92,148,79.92,8/13/2026,,,,,,,,
8/12/2026,,79,Fresh Suppliers of Mapleton,98,Radiant Glossy Photo Paper,copy paper,segA,6,23,31.51,189.06,138,51.06,8/13/2026,,,,,,,,
8/21/2026,309,80,Dazzling Janitors of Forestburg,1,Sleek Party Napkins,paper & tissue,segA,9,29,34.8,313.2,261,52.2,8/24/2026,,,,,,,,
8/21/2026,309,80,Dazzling Janitors of Forestburg,3,Sparkling Party Napkins,paper & tissue,segA,4,21,31.08,124.32,84,40.32,8/24/2026,,,,,,,,
8/21/2026,309,80,Dazzling Janitors of Forestburg,15,Sparkling 2-Ply Toilet Paper,paper & tissue,segA,11,43,51.6,567.6,473,94.6,8/24/2026,,,,,,,,
8/21/2026,309,80,Dazzling Janitors of Forestburg,19,Fresh Party Napkins,paper & tissue,segA,5,45,67.05,335.25,225,110.25,8/24/2026,,,,,,,,
8/21/2026,309,80,Dazzling Janitors of Forestburg,23,Dazzling Roll Paper Towels,paper & tissue,segA,2,40,52.8,105.6,80,,8/24/2026,,,,,,,,
8/21/2026,309,80,Dazzling Janitors of Forestburg,24,Sparkling Pocket Tissues,paper & tissue,segA,25,18,20.52,513,450,63,8/24/2026,,,,,,,,
8/21/2026,309,80,Dazzling Janitors of Forestburg,26,Radiant Sticky Notes,office products,segA,1,34,46.92,46.92,34,12.92,8/24/2026,,,,,,,,
8/21/2026,309,80,Dazzling Janitors of Forestburg,46,Spotless Desk Organizers,office products,segA,1,33,51.81,51.81,33,18.81,8/24/2026,,,,,,,,
8/21/2026,309,80,Dazzling Janitors of Forestburg,47,Immaculate Staplers,office products,segA,2,24,33.84,67.68,48,19.68,8/24/2026,,,,,,,,
8/21/2026,309,80,Dazzling Janitors of Forestburg,59,Spotless All-Purpose Cleaner,cleaning supplies,esgB,1,47,89.3,89.3,47,42.3,8/24/2026,,,,,,,,
,309,80,Dazzling Janitors of Forestburg,60,Polished Degreaser,cleaning supplies,segB,1,26,48.62,48.62,26,22.62,8/24/2026,,,,,,,,
8/21/2026,309,80,Dazzling Janitors of Forestburg,75,Fresh Microwave Popcorn,breakroom supplies,segA,,18,32.4,32.4,18,14.4,8/24/2026,,,,,,,,
8/21/2026,309,80,Dazzling Janitors of Forestburg,76,  Immaculate Granola Bars ,breakroom supplies,segA,1,10,,17.2,10,7.2,8/24/2026,,,,,,,,
8/21/2026,309,80,Dazzling Janitors of Forestburg,,Spotless Instant Soups,breakroom supplies,segA,1,17,32.13,32.13,17,15.13,8/24/2026,,,,,,,,
8/21/2026,309,80,Dazzling Janitors of Forestburg,81,Polished Stirrers,,segA,39,22,33,1287,858,429,8/24/2026,,,,,,,,
8/21/2026,309,80,Dazzling Janitors of Forestburg,82,Pristine Granola Bars,breakroom supplies,segA,1,26,44.2,44.2,26,18.2,8/24/2026,,,,,,,,
8/21/2026,309,80,Dazzling Janitors of Forestburg,83,Spotless Energy Drinks,breakroom supplies,segA,1,26,53.3,,26,27.3,8/24/2026,,,,,,,,
8/21/2026,309,80,Dazzling Janitors of Forestburg,88,Gleaming Coffee Beans,breakroom supplies,segA,1,18,,37.8,18,19.8,8/24/2026,,,,,,,,
8/21/2026,309,80,Dazzling Janitors of Forestburg,91,Glossy Microwave Popcorn,breakroom supplies,segA,1,29,54.52,54.52,29,25.52,8/24/2026,,,,,,,,
8/21/2026,309,80,Dazzling Janitors of Forestburg,92,Glossy Instant Soups,breakroom supplies,segA,1,24,45.36,45.36,24,21.36,,,,,,,,,
8/21/2026,309,80,Dazzling Janitors of Forestburg,100,Dazzling Legal Size Paper,copy paper,segC,34,24,33.6,1142.4,816,326.4,8/24/2026,,,,,,,,
8/20/2026,343,80,  Dazzling Janitors of Forestburg ,3,Sparkling Party Napkins,paepr & tissue,segA,5,21,31.08,155.4,105,50.4,8/21/2026,,,,,,,,
8/20/2026,343,80,Dazzling Janitors of Forestburg,11,Fresh Lunch Napkins,paper & tissue,segA,3,21,30.24,90.72,63,27.72,8/21/2026,,,,,,,,
8/20/2026,343,80,Dazzling Janitors of Forestburg,15,Sparkling 2-Ply Toilet Paper,paper & tissue,segA,7,43,51.6,361.2,301,60.2,8/21/2026,,,,,,,,
8/20/2026,343,80,Dazzling Janitors of Forestburg,17,Glossy Lunch Napkins,paper & tissue,segA,2,31,44.64,89.28,62,27.28,8/21/2026,,,,,,,,
8/20/2026,343,80,Dazzling Janitors of Forestburg,18,Pristine Lunch Napkins,paper & tissue,segA,1,20,29.4,29.4,20,9.4,8/21/2026,,,,,,,,
8/20/2026,343,80,Dazzling Janitors of Forestburg,20,Gleaming Roll Paper Towels,paper & tissue,segA,4,,36.68,146.72,112,34.72,8/21/2026,,,,,,,,
8/20/2026,343,80,Dazzling Janitors of Forestburg,23,Dazzling Roll Paper Towels,paper & tissue,segA,3,,52.8,158.4,120,38.4,8/21/2026,,,,,,,,
8/20/2026,343,80,Dazzling Janitors of Forestburg,24,Sparkling Pocket Tissues,paper & tissue,segA,50,18,20.52,1026,900,126,21/08/2026,,,,,,,,
8/20/2026,343,80,Dazzling Janitors of Forestburg,25,Dazzling Binder Clips,office products,segA,2,45,67.05,134.1,90,44.1,8/21/2026,,,,,,,,
8/20/2026,343,80,Dazzling Janitors of Forestburg,27,  Sparkling Sticky Notes ,office products,segA,3,43,58.48,175.44,129,46.44,21/08/2026,,,,,,,,
8/20/2026,343,80,Dazzling Janitors of Forestburg,31,Polished Highlighters,office products,segA,2,17,26.52,53.04,34,19.04,8/21/2026,,,,,,,,
8/20/2026,343,80,Dazzling Janitors of Forestburg,47,Immaculate Staplers,office products,segA,2,24,33.84,67.68,48,19.68,8/21/2026,,,,,,,,
8/20/2026,343,80,Dazzling Janitors of Forestburg,,Fresh Microwave Popcorn,breakroom supplies,segA,1,18,32.4,32.4,18,14.4,8/21/2026,,,,,,,,
8/20/2026,343,80,Dazzling Janitors of Forestburg,76,Immaculate Granola Bars,breakroom supplies,,1,10,17.2,17.2,10,7.2,8/21/2026,,,,,,,,
8/20/2026,343,80,Dazzling Janitors of Forestburg,77,Sleek Disposable Cups,breakroom supplies,segA,1,25,50,50,25,25,8/21/2026,,,,,,,,
8/20/2026,343,80,Dazzling Janitors of Forestburg,82,Pristine Granola Bars,breakroom supplies,segA,1,26,44.2,44.2,26,18.2,8/21/2026,,,,,,,,
8/20/2026,343,80,Dazzling Janitors of Forestburg,86,Dazzling Instant Soups,,esgA,1,16,29.12,29.12,16,,8/21/2026,,,,,,,,
8/20/2026,343,80,Dazzling Janitors of Forestburg,,Glossy Microwave Popcorn,breakroom supplies,segA,1,29,54.52,54.52,29,25.52,8/21/2026,,,,,,,,
8/20/2026,343,80,Dazzling Janitors of Forestburg,95,Bright Disposable Cups,breakroom supplies,segA,1,13,24.83,24.83,13,11.83,8/21/2026,,,,,,,,
8/20/2026,343,80,Dazzling Janitors of Forestburg,96,Dazzling Disposable Cups,breakroom supplies,segA,1,19,33.82,33.82,19,14.82,8/21/2026,,,,,,,,
8/20/2026,343,80,Dazzling Janitors of Forestburg,,Glossy Recycled Paper,copy paper,segC,1,54,79.38,79.38,54,25.38,8/21/2026,,,,,,,,
8/18/2026,381,80,Dazzling Janitors of Forestburg,1,Sleek Party Napkins,paper & tissue,segA,7,29,34.8,243.6,203,40.6,8/19/2026,,,,,,,,
8/18/2026,381,80,Dazzling Janitors of Forestburg,5,Polished Kitchen Towels,paper & tissue,segA,2,35,52.15,104.3,70,34.3,8/19/2026,,,,,,,,
8/18/2026,381,80,Dazzling Janitors of Forestburg,7,Gleaming Bathroom Tissue,paper & tissue,segA,10,,17.76,177.6,160,17.6,19/08/2026,,,,,,,,
8/18/2026,381,80,Dazzling Janitors of Forestburg,10,Pristine 2-Ply Toilet Paper,paper & tissue,segA,1,26,37.44,37.44,26,11.44,19/08/2026,,,,,,,,
8/18/2026,381,80,Dazzling Janitors of Forestburg,15,Sparkling 2-Ply Toilet Paper,paper & tissue,segA,8,43,51.6,412.8,344,68.8,8/19/2026,,,,,,,,
8/18/2026,381,80,Dazzling Janitors of Forestburg,16,Dazzling Bathroom Tissue,paper & tissue,segA,2,42,55.02,110.04,84,26.04,8/19/2026,,,,,,,,
8/18/2026,381,80,Dazzling Janitors of Forestburg,18,Pristine Lunch Napkins,paper & tissue,segA,2,20,29.4,58.8,40,18.8,19/08/2026,,,,,,,,
8/18/2026,381,80,Dazzling Janitors of Forestburg,25,Dazzling Binder Clips,office products,segA,2,45,67.05,134.1,90,44.1,8/19/2026,,,,,,,,
8/18/2026,381,80,Dazzling Janitors of Forestburg,26,Radiant Sticky Notes,office products,segA,1,34,,46.92,34,,8/19/2026,,,,,,,,
8/18/2026,381,80,Dazzling Janitors of Forestburg,38,Radiant Pens,office products,segA,3,17,,78.03,51,27.03,8/19/2026,,,,,,,,
8/18/2026,381,80,Dazzling Janitors of Forestburg,62,Glossy Air Freshener,cleaning supplies,,,20,,34.6,20,14.6,8/19/2026,,,,,,,,
8/18/2026,381,80,Dazzling Janitors of Forestburg,68,Dazzling Disinfectant Wipes,cleaning supplies,segB,1,54,108,108,54,54,8/19/2026,,,,,,,,
8/18/2026,381,80,Dazzling Janitors of Forestburg,,Pristine Granola Bars,breakroom supplies,segA,1,26,44.2,44.2,26,18.2,8/19/2026,,,,,,,,
8/18/2026,381,80,Dazzling Janitors of Forestburg,83,Spotless Energy Drinks,breakroom supplies,segA,2,26,53.3,106.6,52,54.6,8/19/2026,,,,,,,,
8/18/2026,381,80,Dazzling Janitors of Forestburg,88,Gleaming Coffee Beans,breakroom supplies,segA,1,18,37.8,37.8,18,19.8,8/19/2026,,,,,,,,
8/18/2026,381,80,Dazzling Janitors of Forestburg,91,  Glossy Microwave Popcorn ,breakroom supplies,segA,1,29,54.52,54.52,29,25.52,8/19/2026,,,,,,,,
8/18/2026,381,80,Dazzling Janitors of Forestburg,94,Pristine Instant Soups,breakroom supplies,segA,1,7,13.72,13.72,7,6.72,8/19/2026,,,,,,,,
8/7/2026,582,80,Dazzling Janitors of Forestburg,1,Sleek Party Napkins,paper & tissue,segA,7,29,34.8,243.6,203,40.6,8/17/2026,,,,,,,,
8/7/2026,582,80,Dazzling Janitors of Forestburg,6,Pristine Bathroom Tissue,paper & tissue,segA,2,19,26.22,52.44,38,14.44,8/17/2026,,,,,,,,
8/7/2026,582,80,Dazzling Janitors of Forestburg,10,Pristien 2-Ply Toilet Paper,paper & tissue,segA,1,26,37.44,37.44,26,11.44,8/17/2026,,,,,,,,
8/7/2026,582,80,Dazzling Janitors of Forestburg,16,Dazzling Bathroom Tissue,paper & tissue,segA,3,42,55.02,165.06,126,39.06,8/17/2026,,,,,,,,
7/8/2026,582,80,Dazzling Janitors of Forestburg,17,Glossy Lunch Napkins,paper & tissue,segA,3,31,44.64,133.92,93,40.92,8/17/2026,,,,,,,,
,582,80,Dazzling Janitors of Forestburg,18,Pristine Lunch Napkins,paper & tissue,segA,1,20,29.4,29.4,20,9.4,8/17/2026,,,,,,,,
8/7/2026,582,80,Dazzling Janitors of Forestburg,19,Fresh Party Napkins,paper & tissue,segA,5,45,67.05,335.25,225,110.25,8/17/2026,,,,,,,,
8/7/2026,582,80,Dazzling Janitors of Forestburg,24,Sparkling Pocket Tissues,paper & tissue,segA,37,18,20.52,,666,93.24,8/17/2026,,,,,,,,
8/7/2026,582,80,Dazzling Janitors of Forestburg,27,Sparkling Sticky Notes,office products,segA,3,43,58.48,175.44,129,46.44,8/17/2026,,,,,,,,
8/7/2026,582,80,Dazzling Janitors of Forestburg,30,Immaculate Markers,office products,segA,6,28,36.68,220.08,168,52.08,8/17/2026,,,,,,,,
7/8/2026,582,80,Dazzling Janitors of Forestburg,36,Glossy Staplers,office products,segA,3,50,80,240,150,90,8/17/2026,,,,,,,,
8/7/2026,582,80,Dazzling Janitors of Forestburg,38,Radiant Pens,office products,segA,1,17,26.01,26.01,17,9.01,8/17/2026,,,,,,,,
8/7/2026,582,80,Dazzling Janitors of Forestburg,,Gleaming Recycled Paper,office products,segA,5,34,44.2,221,170,51,8/17/2026,,,,,,,,
8/7/2026,582,80,Dazzling Janitors of Forestburg,46,Spotless Desk Organizers,office products,segA,1,33,51.81,51.81,33,18.81,8/17/2026,,,,,,,,
8/7/2026,582,80,Dazzling Janitors of Forestburg,47,Immaculate Staplers,office products,segA,4,24,33.84,135.36,96,39.36,8/17/2026,,,,,,,,
8/7/2026,582,80,Dazzling Janitors of Forestburg,75,Fresh Microwave Popcorn,breakroom supplies,segA,1,18,32.4,32.4,18,14.4,8/17/2026,,,,,,,,
8/7/2026,582,80,Dazzling Janitors of Forestburg,76,Immaculate Granola Bars,breakroom supplies,segA,1,10,17.2,17.2,10,7.2,8/17/2026,,,,,,,,
8/7/2026,582,80,Dazzling Janitors of Forestburg,77,Sleek Disposable Cups,breakroom supplies,segA,1,25,50,50,25,25,8/17/2026,,,,,,,,
8/7/2026,582,80,Dazzling Janitors of Forestburg,81,Polished Stirrers,breakroom supplies,segA,43,22,33,1419,946,473,8/17/2026,,,,,,,,
8/7/2026,582,80,Dazzling Janitors of Forestburg,83,Spotless Energy Drinks,breakroom supplies,segA,1,26,53.3,53.3,26,27.3,8/17/2026,,,,,,,,
8/7/2026,582,80,Dazzling Janitors of Forestburg,91,Glossy Microwave Popcorn,breakroom supplies,segA,1,29,54.52,54.52,29,25.52,8/17/2026,,,,,,,,
8/7/2026,582,80,Dazzling Janitors of Forestburg,96,Dazzling Disposable Cups,breakroom supplies,segA,1,19,33.82,33.82,19,14.82,8/17/2026,,,,,,,,
8/7/2026,,80,Dazzling Janitors of Forestburg,80,Spotless Instant Soups,  breakroom supplies ,segA,1,17,32.13,32.13,17,15.13,8/17/2026,,,,,,,,
8/25/2026,246,81,Immaculate Wholesalers of Baywood,50,Bright Glass Cleaner,cleaning suppiles,segA,1,23,41.63,,23,18.63,8/26/2026,,,,,,,,
8/25/2026,246,81,Immaculate Wholesalers of Baywood,,  Spotless All-Purpose Cleaner ,cleaning supplies,segA,1,47,75.67,75.67,47,28.67,8/26/2026,,,,,,,,
8/25/2026,246,81,Immaculate Wholesalers of Baywood,60,Polished Degreaser,cleaning supplies,segA,3,26,49.14,147.42,78,69.42,8/26/2026,,,,,,,,
,246,81,Immaculate Wholesalers of Baywood,63,Polished Glass Cleaner,cleaning supplies,segA,2,42,69.72,,84,55.44,8/26/2026,,,,,,,,
8/25/2026,246,81,Immaculate Wholesalers of Baywood,67,Sleek Citrus Cleaner,cleaning supplies,segA,1,39,72.54,72.54,39,33.54,8/26/2026,,,,,,,,
8/25/2026,246,81,Immaculate Wholesalers of Baywood,68,Dazzling Disinfectant Wipes,cleaning supplies,segA,1,54,101.52,,54,47.52,8/26/2026,,,,,,,,
8/25/2026,246,81,Immaculate Wholesalers of Baywood,69,Gleaming Degreaser,cleaning supplies,segA,2,27,49.95,99.9,,45.9,8/26/2026,,,,,,,,
8/25/2026,246,81,Immaculate Wholesalers of Baywood,74,Pristine Energy Drinks,breakroom supplies,segB,1,15,28.95,28.95,15,13.95,8/26/2026,,,,,,,,
8/25/2026,246,81,Immaculate Wholesalers of Baywood,81,Polished Stirrers,breakroom supplies,segB,1,22,,39.82,22,17.82,8/26/2026,,,,,,,,
8/25/2026,246,81,Immaculate Wholesalers of Baywood,89,Sparkling Disposable Cups,breakroom supplies,segB,1,21,40.95,40.95,21,19.95,8/26/2026,,,,,,,,
8/25/2026,246,81,Immaculate Wholesalers of Baywood,95,Bright Disposable Cups,breakroom supplies,segB,1,13,27.04,27.04,13,14.04,8/26/2026,,,,,,,,
8/25/2026,246,81,Immaculate Wholesalers of Baywood,99,Glossy Letter Size Paper,copy paper,segA,1,57,78.09,78.09,57,21.09,8/26/2026,,,,,,,,
8/25/2026,246,81,Immaculate Wholesalers of Baywood,102,Sleek Resume Paper,copy paper,segA,3,26,34.84,,78,26.52,8/26/2026,,,,,,,,
8/25/2026,246,81,Immaculate Wholesalers of Baywood,105,Pristine Graph Paper,copy paper,segA,2,52,80.6,161.2,104,57.2,8/26/2026,,,,,,,,
8/25/2026,246,81,Immaculate Wholesalers of Baywood,107,Radiant Glossy Photo Paper,copy paper,segA,1,58,83.52,83.52,58,25.52,8/26/2026,,,,,,,,
8/25/2026,246,81,Immaculate Wholesalers of Baywood,110,Pristine Cardstock,,segA,6,42,54.6,327.6,252,75.6,8/26/2026,,,,,,,,
8/25/2026,246,81,Immaculate Whloesalers of Baywood,112,Sparkling Letter Size Paper,copy paper,segA,33,46,59.8,1973.4,1518,455.4,8/26/2026,,,,,,,,
8/28/2026,143,82,Sparkling Providers of Valleyfield,49,Sparkling Disinfectant Wipes,cleaning supplies,segA,1,21,35.91,35.91,21,14.91,8/31/2026,,,,,,,,
8/28/2026,143,82,  Sparkling Providers of Valleyfield ,55,Spotless Floor Cleaner,cleaning supplies,segA,50,29,43.5,2175,1450,725,8/31/2026,,,,,,,,
8/28/2026,143,82,Sparkling Providers of Valleyfield,82,Pristine Granola Bars,breakroom supplies,segA,2,26,54.6,,52,57.2,8/31/2026,,,,,,,,
8/28/2026,143,82,Sparkling Providers of Valleyfield,86,Dazzling Instant Soups,breakroom supplies,segA,1,16,27.36,27.36,16,11.36,8/31/2026,,,,,,,,
8/28/2026,143,82,Sparkling Providers of Valleyfield,87,Glossy Tea Selection,breakroom supplies,segA,1,11,18.7,18.7,11,7.7,,,,,,,,,
8/28/2026,143,82,Sparkling Providers of Valleyfield,92,Glossy Instant Soups,breakroom supplies,segA,1,24,49.92,49.92,24,25.92,8/31/2026,,,,,,,,
,143,82,Sparkling Providers of Valleyfield,95,Bright Disposable Cups,breakroom supplies,segA,1,13,24.05,24.05,13,,8/31/2026,,,,,,,,
8/28/2026,143,82,Sparkling Providers of Valleyfield,96,Dazzling Disposable Cups,breakroom supplies,segA,1,19,36.48,36.48,19,17.48,8/31/2026,,,,,,,,
8/12/2026,511,82,Sparkling Providers of Valleyfield,12,Immaculate Roll Paper Towels,paper & tissue,segD,1,44,73.48,73.48,44,29.48,8/13/2026,,,,,,,,
8/12/2026,511,82,Sparkling Providers of Valleyfield,50,Bright Glass Cleaner,cleaning supplies,segA,2,23,42.55,85.1,46,39.1,8/13/2026,,,,,,,,
8/12/2026,511,82,Sparkling Providers of Valleyfield,55,Spotless Floor Cleaner,cleaning supplies,segA,47,29,43.5,2044.5,1363,681.5,8/13/2026,,,,,,,,
8/12/2026,511,82,Sparkling Providers of Valleyfield,60,Polished Degreaser,cleaning supplies,segA,3,,44.98,134.94,78,56.94,8/13/2026,,,,,,,,
8/12/2026,511,82,Sparkling Providers of Valleyfield,65,Sparkling Citrus Cleaner,cleaning supplies,segA,2,20,36.8,73.6,40,,13/08/2026,,,,,,,,
8/12/2026,511,82,Sparkling Providers of Valleyfield,72,Gleaming Glass Cleaner,cleaning supplies,segA,1,23,37.03,37.03,23,14.03,8/13/2026,,,,,,,,
8/12/2026,511,82,Sparkling Providers of Valleyfield,78,Glossy Creamers,breakroom supplies,  segA ,1,27,55.35,55.35,27,28.35,8/13/2026,,,,,,,,
8/12/2026,511,82,Sparkling Providers of Valleyfield,82,Pristine Granola Bars,breakroom supplies,,2,26,54.6,,52,57.2,,,,,,,,,
8/12/2026,511,82,Sparkling Providers of Valleyfield,85,Sparkling Microwave Popcorn,breakroom supplies,segA,1,12,23.04,23.04,12,11.04,8/13/2026,,,,,,,,
8/12/2026,511,82,Sparkling Providers of Valleyfield,87,Glossy Tea Selection,breakroom supplies,segA,1,11,18.7,,11,7.7,8/13/2026,,,,,,,,
8/12/2026,511,82,Sparkling Providers of Valleyfield,120,Sparkling Letter Size Paper,copy paper,,1,45,79.2,79.2,45,34.2,8/13/2026,,,,,,,,
8/12/2026,,82,Sparkling Providers of Valleyfield,92,Glossy Instant Soups,breakroom supplies,segA,1,24,49.92,49.92,24,25.92,8/13/2026,,,,,,,,
8/26/2026,216,83,Pristine Cleaners of Cedarhaven,,Pristine Bathroom Tissue,paper & tissue,segA,,19,24.7,3235.7,2489,746.7,8/27/2026,,,,,,,,
8/26/2026,216,83,Pristine Cleaners of Cedarhaven,7,,paper & tissue,segA,61,16,23.52,1434.72,976,458.72,8/27/2026,,,,,,,,
8/26/2026,216,83,Pristine Cleaners of Cedarhaven,8,Bright Party Nakpins,paper & tissue,segA,68,50,72,4896,3400,1496,8/27/2026,,,,,,,,
8/26/2026,216,83,Pristine Cleaners of Cedarhaven,10,Pristine 2-Ply Toilet Paper,paper & tissue,segA,108,26,35.88,3875.04,2808,1067.04,8/27/2026,,,,,,,,
8/26/2026,216,83,Pristine Cleaners of Cedarhaven,17,Glossy Lunch Napkins,paper & tissue,  segA ,75,31,44.64,,2325,1023,8/27/2026,,,,,,,,
8/26/2026,216,83,Pristine Cleaners of Cedarhaven,18,Pristine Lunch Napkins,paper & tissue,segA,39,20,28.8,1123.2,780,343.2,8/27/2026,,,,,,,,
8/26/2026,216,83,Pristine Cleaners of Cedarhaven,19,Fresh Party Napkins,paper & tissue,segA,94,45,64.35,6048.9,4230,1818.9,8/27/2026,,,,,,,,
8/26/2026,216,83,Pristine Cleaners of Cedarhaven,22,Sparkling Pocket Tissues,paper & tissue,segA,104,41,57.81,6012.24,4264,1748.24,8/27/2026,,,,,,,,
8/26/2026,216,83,Pristine Cleaners of Cedarhaven,23,Dazzling Roll Paper Towels,paper & tissue,segA,250,40,44.4,11100,10000,1100,,,,,,,,,
8/26/2026,216,83,Pristine Cleaners of Cedarhaven,87,Glossy Tea Selection,breakroom supplies,segD,1,11,21.78,21.78,11,10.78,8/27/2026,,,,,,,,
8/25/2026,247,83,Pristine Cleaners of Cedarhaven,5,Polished Kitchen Towels,paper & tissue,segA,86,35,47.6,4093.6,3010,,8/26/2026,,,,,,,,
8/25/2026,247,83,Pristine Cleaners of Cedarhaven,7,Gleaming Bathroom Tissue,paper & tissue,segA,68,16,23.52,1599.36,1088,511.36,8/26/2026,,,,,,,,
8/25/2026,247,83,Pristine Cleaners of Cedarhaven,8,Bright Party Napkins,paper & tissue,segA,85,50,72,6120,4250,1870,8/26/2026,,,,,,,,
8/25/2026,247,83,Pristine Cleaners of Cedarhaven,23,Dazzling Roll Paper Towels,paper & tissue,segA,374,40,44.4,16605.6,14960,1645.6,8/26/2026,,,,,,,,
8/25/2026,247,83,Pristine Cleaners of Cedarhaven,42,Polished Markers,office products,segC,26,28,44.8,1164.8,728,436.8,8/26/2026,,,,,,,,
8/25/2026,247,83,Pristine Cleaners of Cedarhaven,48,Fresh Desk Organizers,office products,segC,4,29,48.72,194.88,116,78.88,8/26/2026,,,,,,,,
8/25/2026,247,83,Pristine Cleaners of Cedarhaven,53,Glossy Glass Cleaner,cleaning supplies,segC,13,36,63.36,823.68,468,355.68,8/26/2026,,,,,,,,
8/25/2026,247,83,Pristine Cleaners of Cedarhaven,67,Sleek Citrus Cleaner,cleaning supplies,segC,2,39,69.03,138.06,78,60.06,8/26/2026,,,,,,,,
8/31/2026,111,84,Gleaming Maintainers of Baywood,2,Glossy Party Napkins,paper & tissue,segA,4,29,41.47,165.88,116,49.88,9/8/2026,,,,,,,,
8/31/2026,111,84,Gleaming Maintainers of Baywood,13,Pristine Party Napkins,paper & tissue,segA,2,45,61.65,123.3,90,33.3,9/8/2026,,,,,,,,
8/31/2026,111,84,Gleaming Maintainers of Baywood,22,Sparkling Pocket Tissues,,segA,1,41,54.12,54.12,41,13.12,9/8/2026,,,,,,,,
8/31/2026,111,84,Gleaming Maintainers of Baywood,81,Polished Stirrers,breakroom supplies,  segC ,,22,43.56,43.56,22,21.56,9/8/2026,,,,,,,,
8/24/2026,277,84,Gleaming Maintainers of Baywood,3,Sparkling Party Napkins,,segA,2,21,29.4,58.8,42,16.8,9/8/2026,,,,,,,,
8/24/2026,277,84,Gleaming Maintainers of Baywood,9,Fresh Kitchen Towels,paper & tissue,segA,5,33,43.23,216.15,165,51.15,9/8/2026,,,,,,,,
8/24/2026,277,84,Gleaming Maintainers of Baywood,13,Pristine Party Napkins,paper & tissue,esgA,1,45,61.65,61.65,45,16.65,9/8/2026,,,,,,,,
8/24/2026,277,84,Gleaming Maintainers of Baywood,20,Gleaming Roll Paper Towels,paper & tissue,segA,3,28,40.04,120.12,84,36.12,8/9/2026,,,,,,,,
8/24/2026,277,84,Gleaming Maintainers of Baywood,22,Sparkling Pocket Tissues,paper & tissue,segA,2,41,54.12,108.24,82,26.24,9/8/2026,,,,,,,,
8/24/2026,277,84,Gleaming Maintainers of Baywood,87,Glossy Tea Selection,breakroom supplies,segC,1,11,20.35,20.35,11,9.35,9/8/2026,,,,,,,,
8/20/2026,344,84,Gleaming Maintainers of Baywood,3,Sparkling Party Napkins,paper & tissue,segA,2,21,29.4,58.8,42,16.8,8/21/2026,,,,,,,,
8/20/2026,344,84,Gleaming Maintainers of Baywood,4,,paper & tissue,segA,6,26,37.96,227.76,156,71.76,8/21/2026,,,,,,,,
8/20/2026,344,84,Gleaming Maintainers of Baywood,12,,paper & tissue,segA,1,44,64.24,64.24,44,20.24,,,,,,,,,
8/20/2026,344,84,Gleaming Maintianers of Baywood,13,  Pristine Party Napkins ,paper & tissue,,1,45,61.65,61.65,45,16.65,21/08/2026,,,,,,,,
8/20/2026,344,84,Gleaming Maintainers of Baywood,14,  Spotless Pocket Tissues ,paper & tissue,segA,23,20,24,552,460,92,,,,,,,,,
8/20/2026,344,84,Gleaming Maintainers of Baywood,20,Gleaming Roll Paper Towels,paper & tissue,segA,3,28,40.04,,84,36.12,8/21/2026,,,,,,,,
8/20/2026,344,84,Gleaming Maintainers of Baywood,58,Spotless Floor Cleaner,cleaning supplies,segC,1,31,62,62,31,31,8/21/2026,,,,,,,,
8/20/2026,344,84,Gleaming Maintainers of Baywood,78,Glossy Creamers,breakroom supplies,segC,1,27,52.38,52.38,27,25.38,8/21/2026,,,,,,,,
31/08/2026,,84,Gleaming Maintainers of Baywood,3,Sparkling Party Napkins,paper & tissue,segA,3,21,29.4,88.2,63,,9/8/2026,,,,,,,,
8/31/2026,,84,Gleaming Maintainers of Baywood,20,Gleaming Roll Paper Towels,paper & tissue,segA,,28,40.04,240.24,168,72.24,9/8/2026,,,,,,,,
9/4/2026,7,86,Bright Janitors of Graniteburg,9,Fresh Kitchen Towels,paper & tissue,segB,1,33,50.49,50.49,33,17.49,9/7/2026,,,,,,,,
9/4/2026,7,86,Bright Janitors of Graniteburg,21,Glossy Facial Tissues,paper & tissue,segB,1,47,72.85,72.85,47,25.85,9/7/2026,,,,,,,,
9/4/2026,7,86,Bright Janitors of Grantieburg,51,Bright Glass Cleaner,cleaning supplies,segD,,26,52.52,52.52,26,26.52,9/7/2026,,,,,,,,
8/28/2026,144,86,Bright Janitors of Graniteburg,2,Glossy Party Napkins,paper & tissue,segB,1,29,44.95,44.95,29,15.95,8/31/2026,,,,,,,,
8/28/2026,144,86,Bright Janitors of Graniteburg,20,Gleaming Roll Paper Towels,paper & tissue,segB,1,28,42.84,42.84,28,14.84,,,,,,,,,
8/28/2026,144,86,Bright Janitors of Graniteburg,55,Spotless Floor Cleaner,cleaning supplies,segD,1,29,53.65,53.65,29,24.65,8/31/2026,,,,,,,,
8/28/2026,144,86,Bright Janitors of Graniteburg,76,Immaculate Granola Bars,breakroom supplies,seBg,1,10,21.1,21.1,10,11.1,8/31/2026,,,,,,,,
8/28/2026,144,86,Bright Janitors of Graniteburg,85,Sparkling Microwave Popcorn,breakroom supplies,segB,1,12,23.4,23.4,12,11.4,8/31/2026,,,,,,,,
8/28/2026,144,86,Bright Janitors of Graniteburg,118,Sparkling Cardstock,copy paper,segD,,37,61.79,61.79,37,24.79,8/31/2026,,,,,,,,
8/25/2026,248,86,Bright Janitors of Graniteburg,5,Polished Kitchen Towels,paper & tissue,segB,1,35,54.95,54.95,35,19.95,8/26/2026,,,,,,,,
8/25/2026,248,86,Bright Janitors of Graniteburg,21,Glossy Facial Tissues,paper & tissue,,1,47,72.85,,47,25.85,8/26/2026,,,,,,,,
8/25/2026,248,86,Bright Janitors of Graniteburg,78,Glossy Creamers,breakroom supplies,segB,,27,54.81,54.81,27,27.81,8/26/2026,,,,,,,,
8/25/2026,248,86,Bright Janitors of Graniteburg,89,Sparkling Disposable Cups,breakroom supplies,segB,1,21,45.78,45.78,21,24.78,8/26/2026,,,,,,,,
8/14/2026,441,86,Bright Janitors of Graniteburg,8,Bright Party Napkins,,segB,1,50,75,75,50,25,8/17/2026,,,,,,,,
8/14/2026,441,86,Bright Janitors of Graniteburg,13,Pristine Party Napkins,paper & tissue,segB,2,45,70.65,141.3,90,51.3,8/17/2026,,,,,,,,
14/08/2026,441,86,Bright Janitors of Graniteburg,23,Dazzling Roll Paper Towels,paper & tissue,segB,2,40,58.4,116.8,80,36.8,8/17/2026,,,,,,,,
8/14/2026,441,86,Bright Janitors of Graniteburg,27,Sparkling Sticky Notes,office products,segD,1,43,66.65,66.65,43,23.65,8/17/2026,,,,,,,,
8/14/2026,441,86,Bright Janitors of rGaniteburg,74,Pristine Energy Drinks,breakroom supplies,segB,22,15,24,528,330,198,8/17/2026,,,,,,,,
9/1/2026,85,87,Sleek Cleaners of Harborcrest,27,Sparkling Sticky Notes,office products,segA,14,43,66.65,933.1,602,331.1,9/16/2026,,,,,,,,
9/1/2026,85,87,Sleek Cleaners of Harborcrest,28,Immaculate Binder Clips,office products,segA,9,29,44.95,404.55,261,143.55,9/16/2026,,,,,,,,
9/1/2026,85,87,Sleek Cleaners of Harborcrest,31,Polished Highlighters,office products,segA,7,17,26.18,183.26,119,64.26,9/16/2026,,,,,,,,
9/1/2026,85,87,Sleek Cleaners of Harborcrest,34,Radiant Staplers,office products,segA,10,24,34.56,345.6,240,105.6,9/16/2026,,,,,,,,
9/1/2026,85,87,Sleek Cleaners of Harborcrest,41,Dazzling File Folders,office products,segA,24,46,72.22,1733.28,1104,629.28,9/16/2026,,,,,,,,
9/1/2026,85,87,Sleek Cleaners of Harborcrest,42,Polished Markers,office products,segA,11,28,42.84,471.24,308,163.24,9/16/2026,,,,,,,,
9/1/2026,85,87,Sleek Cleaners of Harborcrest,44,Gleaming Recycle dPaper,,segA,,34,46.24,277.44,204,73.44,9/16/2026,,,,,,,,
9/1/2026,85,87,Sleek Cleaners of Harborcrest,47,Immaculate Staplers,office products,segA,8,24,34.08,272.64,192,80.64,9/16/2026,,,,,,,,
9/1/2026,85,87,  Sleek Cleaners of Harborcrest ,55,Spotless Floor Cleaner,cleaning supplies,segA,9,29,54.52,490.68,261,229.68,9/16/2026,,,,,,,,
8/27/2026,182,87,Sleek Cleaners of Harborcrest,6,Pristine Bathroom Tissue,paper & tissue,segC,,19,29.26,58.52,38,20.52,8/28/2026,,,,,,,,
8/27/2026,182,87,Sleek Cleaners of Harborcrest,25,Dazzling Binder Clips,office products,segA,8,45,60.75,486,360,126,8/28/2026,,,,,,,,
8/27/2026,182,87,Sleek Cleaners of Harborcrest,27,Sparkling Sticky Notes,office products,segA,19,,66.65,1266.35,817,449.35,8/28/2026,,,,,,,,
8/27/2026,182,87,  Sleek Cleaners of Harborcrest ,29,Dazzling Paper Clips,office products,segA,13,37,,649.35,481,168.35,8/28/2026,,,,,,,,
8/27/2026,182,87,Sleek Cleaners of Harborcrest,31,Polished Highlighters,office products,segA,9,17,26.18,235.62,153,82.62,8/28/2026,,,,,,,,
8/27/2026,182,87,Sleek Cleaners of Harborcrest,44,Gleaming Recycled Paper,,segA,3,34,46.24,138.72,102,36.72,8/28/2026,,,,,,,,
8/27/2026,182,87,Sleek Cleaners of Harborcrest,47,Immaculate Staplers,office products,segA,12,24,34.08,408.96,288,120.96,8/28/2026,,,,,,,,
8/27/2026,182,87,Sleek Cleaners of Harborcrest,52,Spotless Air Freshener,cleaning supplies,segA,1,49,92.61,92.61,49,,8/28/2026,,,,,,,,
8/27/2026,182,87,Sleek Cleaners of Harborcrest,55,Spotless Floor Cleaner,cleaning supplies,segA,8,29,54.52,436.16,232,204.16,28/08/2026,,,,,,,,
8/27/2026,182,87,Sleek Cleaners of Harborcrest,60,Polished Degreaser,cleaning supplies,segA,8,26,43.94,351.52,208,143.52,28/08/2026,,,,,,,,
8/27/2026,182,87,Sleek Cleaners of Harborcrest,66,Radiant Glass Cleaner,cleaning supplies,segA,3,21,38.43,115.29,63,52.29,8/28/2026,,,,,,,,
8/27/2026,182,87,Sleek Cleaners of Harborcrest,101,Radiant Colored Paper,copy paper,segC,2,60,88.8,177.6,120,57.6,8/28/2026,,,,,,,,
8/27/2026,182,87,Sleek Cleaners of Harborcrest,104,Gleaming Glossy Photo Paper,copy paper,segC,4,52,86.32,345.28,208,137.28,8/28/2026,,,,,,,,
8/27/2026,182,87,Sleek Cleaners of Harborcrest,108,Dazzling Cardstock,copy paper,segC,1,21,30.45,30.45,21,9.45,8/28/2026,,,,,,,,
8/25/2026,249,87,Sleek Cleaners of Harborcrest,6,,paper & tissue,segC,,19,29.26,29.26,19,10.26,8/26/2026,,,,,,,,
8/25/2026,249,87,Sleek Cleaners of Harborcrest,26,Radiant Sticky Notes,office products,segA,20,34,50.32,1006.4,680,326.4,8/26/2026,,,,,,,,
,249,87,Sleek Cleaners of Harborcrest,27,Sparkling Sticky Notes,office products,segA,12,43,66.65,799.8,516,283.8,8/26/2026,,,,,,,,
8/25/2026,249,87,Sleek Cleaners of Harborcrest,28,Immaculate Binder Clips,office products,segA,15,29,44.95,674.25,,239.25,8/26/2026,,,,,,,,
8/25/2026,249,87,Sleek Cleaners of Harborcrest,29,Dazzling Paper Clips,office products,segA,21,37,49.95,1048.95,777,271.95,8/26/2026,,,,,,,,
8/25/2026,249,87,Sleek Cleaners of Harborcrest,31,Polished Highlighters,office products,segA,13,17,26.18,340.34,221,119.34,8/26/2026,,,,,,,,
8/25/2026,249,87,Sleek Cleaners of Harborcrest,46,Spotless Desk Organizers,office products,segA,13,33,46.53,604.89,429,175.89,8/26/2026,,,,,,,,
8/25/2026,249,87,Sleek Cleaners of Harborcrest,47,Immaculate Staplers,office products,segA,8,24,34.08,272.64,192,80.64,8/26/2026,,,,,,,,
8/25/2026,249,87,Sleek Cleaners of Harborcrest,62,Glossy Air Freshener,cleaning supplies,segA,10,20,32.6,326,200,126,8/26/2026,,,,,,,,
8/25/2026,249,87,Sleek Cleaners of Harborcrest,99,Glossy Letter Size Paper,copy paper,segC,1,57,82.08,82.08,57,25.08,8/26/2026,,,,,,,,
,249,87,Sleek Cleaners of Harborcrest,,Radiant Glossy Photo Paper,copy paper,segC,7,58,98.6,690.2,406,284.2,8/26/2026,,,,,,,,
8/25/2026,249,87,Sleek Cleaners of Harborcrest,113,Polished Recycled Paper,copy paper,segC,7,36,51.48,360.36,252,108.36,8/26/2026,,,,,,,,
8/25/2026,249,87,Sleek Cleaners of Harborcrest,31,Polished Highlighters,office products,segA,13,17,26.18,340.34,221,119.34,8/26/2026,,,,,,,,
8/7/2026,583,87,Sleek Cleaners of Harborcrest,18,Pristine Lunch Napkins,paper & tissue,segC,2,20,29.4,58.8,40,18.8,8/10/2026,,,,,,,,
8/7/2026,583,87,Sleek Cleaners of Harborcrest,25,Dazzling Binder Clips,office products,segA,4,45,60.75,243,180,63,8/10/2026,,,,,,,,
8/7/2026,583,87,Sleek Cleaners of Harborcrest,26,Radiant Sticky Notes,office products,segA,21,,,1056.72,714,342.72,8/10/2026,,,,,,,,
8/7/2026,583,87,Sleek Cleaners of Harborcrset,28,Immaculate Binder Clips,office products,  segA ,10,,44.95,449.5,290,159.5,8/10/2026,,,,,,,,
8/7/2026,583,87,Sleek Cleaners of Harborcrest,30,mImaculate Markers,office products,segA,4,28,43.96,175.84,112,63.84,8/10/2026,,,,,,,,
8/7/2026,583,87,Sleek Cleaners of Harborcrest,46,Spotless Desk Organizers,office products,segA,17,33,46.53,,561,230.01,8/10/2026,,,,,,,,
8/7/2026,583,87,Sleek Cleaners of Harborcrest,47,Immaculate Staplers,,segA,10,24,34.08,340.8,,100.8,8/10/2026,,,,,,,,
,583,87,Sleek Cleaners of Harborcrest,60,Polished Degreaser,cleaning supplies,  segA ,9,26,43.94,395.46,234,161.46,8/10/2026,,,,,,,,
8/7/2026,583,87,Sleek Cleaners of Harborcrest,66,Radiant Glass Cleaner,cleaning supplies,segA,,21,38.43,38.43,21,17.43,8/10/2026,,,,,,,,
7/8/2026,583,87,Sleek Cleaners of Harborcrest,107,Radiant Glossy Photo Paper,copy paper,segC,7,58,98.6,690.2,406,284.2,8/10/2026,,,,,,,,
8/7/2026,583,87,Sleek Cleaners of Harborcrest,108,Dazzling Cardstock,copy paper,segC,2,21,30.45,60.9,42,18.9,8/10/2026,,,,,,,,
8/7/2026,583,87,Sleek Cleaners of Harborcrest,120,,,segC,2,45,63.9,127.8,90,37.8,8/10/2026,,,,,,,,
8/27/2026,,87,Sleek Cleaners of Harborcrest,26,Radiant Sticky Notes,office products,segA,16,34,50.32,805.12,544,261.12,8/28/2026,,,,,,,,
9/4/2026,8,88,Fresh Providers of Mountcrest,1,Sleek Party Napkins,paper & tissue,segA,13,29,43.21,561.73,377,184.73,9/21/2026,,,,,,,,
9/4/2026,8,88,Fresh Providers of Mountcrest,3,Sparkling Party Napkins,paper & tissue,segA,17,21,30.87,524.79,357,167.79,9/21/2026,,,,,,,,
9/4/2026,8,88,Fresh Providers of Mountcrest,6,Pristine Bathroom Tissue,paper & tissue,segA,15,19,28.12,421.8,285,136.8,9/21/2026,,,,,,,,
9/4/2026,8,88,Fresh Providers of Mountcrest,7,Gleaming Bathroom Tissue,paper & tissue,segA,16,16,23.68,378.88,256,122.88,9/21/2026,,,,,,,,
4/9/2026,8,88,Fresh Providers of Mountcrest,8,Bright Party Napkins,paper & tissue,segA,18,50,72,1296,900,396,9/21/2026,,,,,,,,
9/4/2026,8,88,Fresh Providers of Mountcrest,22,Sparkling Pocket Tissues,paper & tissue,segA,23,41,53.3,1225.9,943,282.9,9/21/2026,,,,,,,,
9/4/2026,8,88,Fresh Providers of Mountcrest,32,Bright Desk Organizers,office products,segC,5,44,74.36,371.8,220,151.8,9/21/2026,,,,,,,,
9/4/2026,8,88,Fresh Providers ofM ountcrest,74,Pristine Energy Drinks,breakroom supplies,segA,6,15,27.15,162.9,90,72.9,9/21/2026,,,,,,,,
9/4/2026,8,88,Fresh Providers of Mountcrest,90,Dazzling Instant Soups,breakroom supplies,segA,8,24,48.96,391.68,192,199.68,9/21/2026,,,,,,,,
9/4/2026,8,88,Fresh Providers of Mountcrest,95,Bright Disposable Cups,breakroom supplies,segA,7,13,24.83,173.81,91,82.81,9/21/2026,,,,,,,,
9/4/2026,8,88,Fresh Providers of Mountcrest,96,Dazzling Disposable Cups,breakroom supplies,segA,6,19,37.24,223.44,114,109.44,9/21/2026,,,,,,,,
9/4/2026,8,88,Fresh Providers of Mountcrest,112,,copy paper,,1,46,75.44,75.44,46,29.44,9/21/2026,,,,,,,,
8/12/2026,512,88,Fresh Providers of Mountcrest,1,Sleek Party Napkins,paper & tissue,segA,11,29,43.21,475.31,319,156.31,8/13/2026,,,,,,,,
8/12/2026,512,88,Fresh Providers of Mountcrest,3,Sparkling Party Napkins,paper & tissue,seAg,21,21,30.87,648.27,441,207.27,8/13/2026,,,,,,,,
,512,88,Fresh Providers of Mountcrest,6,Pristine Bathroom Tissue,paper & tissue,  segA ,15,19,28.12,421.8,285,136.8,8/13/2026,,,,,,,,
8/12/2026,512,88,Fresh Providers of Mountcrest,14,Spotless Pocket Tissues,paper & tissue,segA,19,20,26.6,505.4,380,125.4,8/13/2026,,,,,,,,
8/12/2026,512,88,Fresh Providers of Mountcrest,16,Dazzling Bathroom Tissue,,segA,9,42,62.16,559.44,378,181.44,8/13/2026,,,,,,,,
12/8/2026,512,88,Fresh Providers of Mountcrest,52,Spotless Air Freshener,  cleaning supplies ,segD,2,49,91.14,182.28,98,84.28,8/13/2026,,,,,,,,
12/8/2026,512,88,Fresh Providers of Mountcrest,85,Sparkling Microwave Popcorn,breakroom supplies,segA,2,12,22.2,44.4,24,20.4,8/13/2026,,,,,,,,
8/12/2026,512,88,Fresh Providers of Mountcrest,94,Pristine Instant Soups,breakroom supplies,segA,9,7,14.49,130.41,63,67.41,13/08/2026,,,,,,,,
8/12/2026,512,88,Fresh Providers of Mountcrest,96,Dazzling Disposable Cups,breakroom supplies,segA,3,19,37.24,111.72,57,54.72,8/13/2026,,,,,,,,
8/25/2026,250,89,Fresh Custodians of Graniteton,24,Sparkling Pocket Tissues,paper & tissue,segD,4,18,28.62,114.48,72,42.48,,,,,,,,,
8/25/2026,250,89,Fresh Custodians of Graniteton,30,Immaculate Markers,officep roducts,segA,62,28,43.12,,1736,937.44,8/26/2026,,,,,,,,
8/25/2026,250,89,Fresh Custodians of Graniteton,39,Immaculate Sticky Notes,office products,segA,577,34,43.86,25307.22,19618,5689.22,8/26/2026,,,,,,,,
8/25/2026,250,89,Fresh Custodians of Graniteton,40,Immaculate Markers,office products,segA,28,34,46.24,1294.72,952,342.72,8/26/2026,,,,,,,,
8/25/2026,250,89,  Fresh Custodians of Graniteton ,43,Fresh File Folders,office products,segA,96,50,78,7488,4800,2688,8/26/2026,,,,,,,,
8/25/2026,250,89,Fresh Custodians of Graniteton,71,Spotless Glass Cleaner,cleaning supplies,segD,6,31,60.76,364.56,186,178.56,8/26/2026,,,,,,,,
8/7/2026,584,89,Fresh Custodians of Graniteton,26,Radiant Sticky Notes,office products,segA,58,34,53.72,3115.76,1972,1143.76,8/10/2026,,,,,,,,
8/7/2026,584,89,Fresh Custodians of Graniteton,28,Immaculate Binder Clips,office products,segA,75,29,37.99,2849.25,2175,674.25,8/10/2026,,,,,,,,
8/7/2026,584,89,Fresh Custodians of Graniteton,31,Polished Highlighters,office products,  segA ,52,17,24.82,1290.64,884,406.64,8/10/2026,,,,,,,,
8/7/2026,584,89,Fresh Custodians of Graniteton,34,Radiant Staplers,,segA,22,24,33.84,744.48,528,216.48,8/10/2026,,,,,,,,
8/7/2026,584,89,Fresh Custodians of Graniteton,39,Immaculate Sticky Notes,office products,segA,720,34,43.86,31579.2,,7099.2,8/10/2026,,,,,,,,
8/7/2026,584,89,Fresh Custodians of Graniteton,43,Fresh File Folders,office products,segA,84,50,78,6552,4200,2352,8/10/2026,,,,,,,,
8/7/2026,584,89,Fresh Custodians of Graniteton,47,Immaculate Staplers,,segA,57,24,32.88,1874.16,1368,506.16,8/10/2026,,,,,,,,
8/25/2026,251,90,Bright Suppliers of Rivercrest,14,Spotless Pocket Tissues,paper & tissue,segC,,20,,30.8,20,10.8,8/26/2026,,,,,,,,
8/25/2026,251,90,Bright Suppliers of Rivercrest,22,Sparkling Pocket Tissues,paper & tissue,segC,1,41,62.32,62.32,41,21.32,8/26/2026,,,,,,,,
8/25/2026,251,90,Bright Suppliers of Rivercrest,30,Immaculate Markers,office products,segD,1,28,46.76,46.76,28,18.76,8/26/2026,,,,,,,,
8/25/2026,251,90,Bright Suppliers of Rivercrest,89,,breakroom supplies,segC,1,21,45.15,45.15,21,24.15,8/26/2026,,,,,,,,
8/25/2026,251,90,Bright Suppliers of Rivercrest,90,Dazzling Instant Soups,breakroom supplies,segC,1,24,52.56,52.56,24,28.56,8/26/2026,,,,,,,,
8/25/2026,251,90,Bright Suppliers of Rivercrest,94,Pristine Instant Soups,breakroom supplies,segC,1,7,12.88,12.88,7,5.88,8/26/2026,,,,,,,,
8/20/2026,345,90,Bright Suppliers of Rivercrest,5,Polished Kitchen Towels,paper & tissue,segC,1,35,50.75,50.75,35,15.75,8/21/2026,,,,,,,,
8/20/2026,345,90,Bright Suppliers of Rivercrest,6,Pristine Bathroom Tissue,paper & tissue,segC,1,19,30.02,30.02,,11.02,8/21/2026,,,,,,,,
8/20/2026,345,90,Bright Suppliers of Rivercrest,14,Spotless Pocket Tissues,paper & tissue,segC,1,20,30.8,30.8,20,10.8,8/21/2026,,,,,,,,
8/20/2026,345,90,Bright Suppliers of Rivercrest,86,Dazzling Instant Soups,breakroom supplies,segC,1,16,35.04,35.04,16,19.04,8/21/2026,,,,,,,,
8/20/2026,345,90,Bright Suppliers of Rivercrest,89,Sparkling Disposable Cups,breakroom supplies,segC,1,21,45.15,45.15,21,24.15,8/21/2026,,,,,,,,
8/20/2026,345,90,Bright Suppliers of Rivercrest,102,Sleek Resume Paper,copy paper,segC,1,26,36.66,36.66,26,10.66,21/08/2026,,,,,,,,
8/26/2026,217,92,Sleek Maintainers of Graniteville,19,Fresh Party Napkins,paper & tissue,segB,40,45,58.5,2340,1800,540,9/3/2026,,,,,,,,
8/26/2026,217,92,Sleek Maintainers of Graniteville,79,Immaculate Microwave Popcorn,breakroom supplies,segA,1,25,43.75,43.75,25,,9/3/2026,,,,,,,,
26/08/2026,217,92,Sleek Maintainers of Graniteville,81,Polished Stirrers,breakroom supplies,segA,,22,,44.88,22,22.88,9/3/2026,,,,,,,,
8/26/2026,217,92,Sleek Maintainers of Graniteville,87,Glossy Tea Selection,breakroom supplies,segA,1,11,21.34,21.34,,10.34,9/3/2026,,,,,,,,
8/26/2026,217,92,Sleek Maintainers of Graniteville,,Immaculate Legal Size Paper,copy paper,segB,2,59,93.22,186.44,118,68.44,9/3/2026,,,,,,,,
8/25/2026,252,92,Sleek Maintainers of Graniteville,81,Polished Stirrers,breakroom supplies,segA,1,22,44.88,44.88,22,22.88,8/26/2026,,,,,,,,
8/25/2026,252,92,Sleek Maintainers of Graniteville,85,Sparkling Microwave Popcorn,breakroom supplies,segA,,12,22.32,44.64,24,20.64,8/26/2026,,,,,,,,
8/25/2026,252,92,Sleek Maintainers ofG raniteville,87,Glossy Tea Selection,breakroom supplies,segA,1,11,21.34,21.34,11,10.34,8/26/2026,,,,,,,,
8/25/2026,252,92,Sleek Maintainers of Graniteville,88,Gleaming Coffee Beans,breakroom supplies,segA,56,18,27,1512,1008,504,8/26/2026,,,,,,,,
8/25/2026,252,92,Sleek Maintainers of Graniteville,96,Dazzling Disposable Cups,breakroom supplies,segA,1,19,34.2,34.2,19,15.2,8/26/2026,,,,,,,,
8/25/2026,252,92,Sleek Maintainers of Graniteville,99,Glossy Letter Size Paper,copy paper,segB,39,57,79.8,3112.2,,889.2,26/08/2026,,,,,,,,
8/20/2026,346,92,Sleek Maintainers of Graniteville,5,Polished Kitchen Towels,paper & tissue,segB,1,35,55.3,55.3,35,20.3,21/08/2026,,,,,,,,
8/20/2026,346,92,Sleek Maintainers of Graniteville,8,Bright Party Napkins,paper & tissue,segB,1,50,74,74,50,24,8/21/2026,,,,,,,,
8/20/2026,346,92,Sleek Maintainers of Graniteville,19,,paper & tissue,segB,54,45,58.5,3159,2430,729,8/21/2026,,,,,,,,
,346,92,Sleek Maintainers of Graniteville,20,Gleaming Roll Paper Towels,,segB,2,28,43.68,87.36,56,31.36,8/21/2026,,,,,,,,
8/20/2026,346,92,Sleek Maintainers of Graniteville,22,Sparkling Pocket Tissues,,segB,1,41,63.14,63.14,41,22.14,8/21/2026,,,,,,,,
8/20/2026,346,92,Sleek Maintainers of Graniteville,79,Immaculate Microwave Popcorn,breakroom supplies,segA,1,25,43.75,43.75,25,18.75,8/21/2026,,,,,,,,
8/20/2026,346,92,Sleek Maintainers of Graniteville,81,Polished Stirrers,breakroom supplies,segA,1,22,44.88,44.88,22,22.88,8/21/2026,,,,,,,,
8/20/2026,346,92,Sleek Maintainers of Graniteville,82,Pristine Granola Bars,breakroom supplies,segA,1,26,46.8,46.8,26,20.8,8/21/2026,,,,,,,,
8/20/2026,346,92,Sleek Maintainers of Graniteville,85,Sparkling Microwave Popcorn,breakroom supplies,segA,2,12,22.32,44.64,24,20.64,8/21/2026,,,,,,,,
8/20/2026,346,92,Sleek Maintainers of Graniteville,,Glossy Tea Selection,breakroom supplies,segA,,11,21.34,21.34,11,10.34,,,,,,,,,
8/20/2026,346,92,Sleek Maintainers of Graniteville,95,Bright Disposable Cups,breakroom supplies,segA,1,13,25.74,25.74,13,12.74,8/21/2026,,,,,,,,
8/20/2026,346,92,Sleek Maintainers of Graniteville,99,Glossy Letter Size Paper,copy paper,,50,57,79.8,3990,2850,1140,8/21/2026,,,,,,,,
8/20/2026,346,92,Sleek Maintainers of Graniteville,116,Immaculate Legal Size Paper,copy paper,segB,2,59,,186.44,118,68.44,8/21/2026,,,,,,,,
8/20/2026,346,92,Sleek Maintainers of Graniteville,19,,paper & tissue,segB,54,45,58.5,3159,2430,729,8/21/2026,,,,,,,,
9/3/2026,36,93,Immaculate Suppliers of Bayhaven,2,Glossy Party Napkins,paper & tissue,segA,1,29,38.57,38.57,29,9.57,9/18/2026,,,,,,,,
9/3/2026,36,93,Immaculate Suppliers of Bayhaven,9,Fresh Kitchen Towels,paper & tissue,segA,5,33,46.86,234.3,165,69.3,9/18/2026,,,,,,,,
9/3/2026,36,93,Immaculate Suppliers of Bayhaven,13,Pristine Party Napkins,paper & tissue,segA,3,45,58.95,176.85,135,41.85,9/18/2026,,,,,,,,
3/9/2026,36,93,  Immaculate Suppliers of Bayhaven ,15,Sparkling 2-Ply Toilet Paper,paper & tissue,segA,6,43,62.35,374.1,258,116.1,9/18/2026,,,,,,,,
9/3/2026,36,93,Immaculate Suppliers of Bayhaven,24,Sparkling Pocket Tissues,paper & tissue,segA,3,18,27,81,54,27,9/18/2026,,,,,,,,
9/3/2026,36,93,Immaculate Suppliers of Bayhaven,40,Immaculate Markers,office products,segC,1,34,51.68,51.68,34,17.68,9/18/2026,,,,,,,,
9/3/2026,36,93,Immaculate Suppliers of Bayhaven,73,Spotless Creamers,breakroom supplies,segA,1,18,33.3,,18,15.3,9/18/2026,,,,,,,,
9/3/2026,36,93,Immaculate Suppliers of Bayhaven,81,Polished Stirrers,breakroom supplies,segA,1,22,37.84,37.84,22,15.84,9/18/2026,,,,,,,,
9/3/2026,36,93,Immaculate Suppliers of Bayhaven,84,Sparkling Creamers,breakroom supplies,segA,1,18,35.1,35.1,18,17.1,9/18/2026,,,,,,,,
9/3/2026,36,93,Immaculate Suppliers of Bayhaven,87,Glossy Tea Selection,breakroom supplies,seAg,1,11,18.92,18.92,,7.92,9/18/2026,,,,,,,,
9/3/2026,36,93,Immaculate Suppliers of Bayhaven,89,Sparkling Disposable Cups,breakroom supplies,segA,1,21,38.01,38.01,21,17.01,9/18/2026,,,,,,,,
9/3/2026,36,93,Immaculate Suppliers of Bayhaven,96,Dazzling Disposable Cups,breakroom supplies,segA,1,19,38.38,38.38,19,19.38,9/18/2026,,,,,,,,
8/14/2026,442,93,Immaculate Suppliers of Bayhaven,4,Bright Bathroom Tissue,paper & tissue,segA,6,26,38.74,232.44,156,76.44,8/17/2026,,,,,,,,
8/14/2026,442,93,Immaculate Suppliers of Bayhaven,9,Fresh Kitchen Towels,paper & tissue,,3,33,46.86,140.58,,41.58,8/17/2026,,,,,,,,
8/14/2026,442,93,  Immaculate Suppliers of Bayhaven ,15,Sparkling 2-Ply Toilet Paper,paper & tissue,segA,4,43,62.35,,172,77.4,8/17/2026,,,,,,,,
8/14/2026,442,93,Immaculate Suppliers of Bayhaven,26,Radiant Sticky Notes,office products,segC,1,34,57.8,57.8,34,23.8,8/17/2026,,,,,,,,
8/14/2026,442,93,Immaculate Suppliers of Bayhaven,44,Gleaming Recycled Paper,office products,segC,1,34,54.4,54.4,34,20.4,8/17/2026,,,,,,,,
,442,93,Immaculate Suppliers of Bayhaven,59,Spotless All-Purpose Cleaner,cleaning supplies,segB,1,47,84.6,84.6,47,37.6,8/17/2026,,,,,,,,
8/14/2026,442,93,Immaculate Suppliers of Bayhaven,77,Sleek Disposable Cups,breakroom supplies,segA,1,25,49,49,25,24,8/17/2026,,,,,,,,
8/14/2026,442,93,Immaculate Suppliers of Bayhaven,81,Polished Stirrers,breakroom supplies,segA,1,22,37.84,,22,15.84,8/17/2026,,,,,,,,
8/14/2026,442,93,Immaculate Suppliers of Bayhaven,82,Pristine Granola Bars,breakroom supplies,segA,2,26,53.3,106.6,,54.6,8/17/2026,,,,,,,,
8/14/2026,442,93,Immaculate Suppliers of Bayhaven,96,Dazzling Disposable Cups,  breakroom supplies ,segA,1,19,38.38,38.38,19,19.38,,,,,,,,,
8/13/2026,475,93,Immaculate Suppliers of Bayhaven,2,Glossy Party Napkins,paper & tissue,esgA,3,29,38.57,115.71,87,28.71,8/14/2026,,,,,,,,
8/13/2026,475,93,Immaculate Suppliers of Bayhaven,9,Fresh Kitchen Towels,paper & tissue,segA,6,33,46.86,281.16,198,83.16,8/14/2026,,,,,,,,
8/13/2026,475,93,Immaculate Suppliers of Bayhaven,13,Pristine Party Napkins,paper & tissue,segA,5,45,58.95,294.75,225,69.75,8/14/2026,,,,,,,,
8/13/2026,475,93,Immaculate Suppliers of Bayhaven,20,Gleaming Roll Paper Towels,paper & tissue,segA,4,28,38.36,,112,41.44,8/14/2026,,,,,,,,
8/13/2026,475,93,Immaculate Suppliers of Bayhaven,21,Glossy Facial Tissues,paper & tissue,segA,6,,,406.08,282,124.08,8/14/2026,,,,,,,,
8/13/2026,475,93,Immaculate Suppliers of Bayhaven,24,Sparkling Pocket Tissues,paper & tissue,segA,2,18,27,,36,18,8/14/2026,,,,,,,,
8/13/2026,475,93,Immaculate Suppliers of Bayhaven,26,Radiant Sticky Notes,office products,segC,1,34,57.8,57.8,34,23.8,8/14/2026,,,,,,,,
8/13/2026,475,93,Immaculate Suppliers of Bayhaven,51,Bright Glass Cleaner,cleaning supplies,segB,1,26,49.4,49.4,26,23.4,,,,,,,,,
8/13/2026,475,93,Immaculate Suppliers of Bayhaven,54,Dazzling Floor Cleaner,cleaning supplies,segB,,45,83.25,83.25,45,38.25,8/14/2026,,,,,,,,
8/13/2026,475,93,Immaculate Suppliers of Bayhaven,63,Polished Glass Cleaner,cleaning supplies,segB,1,42,84,84,42,,8/14/2026,,,,,,,,
,475,93,Immaculate Suppliers of Bayhaven,73,Spotless Creamers,berakroom supplies,segA,1,18,33.3,33.3,18,15.3,8/14/2026,,,,,,,,
8/13/2026,475,93,Immaculate Suppliers of Bayhaven,77,Sleek Disposable Cups,breakroom supplies,segA,1,25,,49,25,24,8/14/2026,,,,,,,,
8/13/2026,475,93,Immaculate Suppliers of Bayhaven,84,Sparkling Creamers,breakroom supplies,segA,1,18,35.1,35.1,18,17.1,8/14/2026,,,,,,,,
8/13/2026,475,93,Immaculate Suppliers of Bayhaven,89,,breakroom supplies,segA,1,21,38.01,38.01,21,17.01,8/14/2026,,,,,,,,
8/13/2026,475,93,Immaculate Suppliers of Bayhaven,94,Pristine Instant Soups,breakroom supplies,segA,1,7,14.21,14.21,7,7.21,8/14/2026,,,,,,,,
8/13/2026,475,93,Immaculate Suppliers of Bayhaven,96,Dazzling Disposable Cups,breakroom supplies,sgeA,1,19,38.38,38.38,19,19.38,8/14/2026,,,,,,,,
9/3/2026,,93,Immaculate Suppliers of Bayhaven,65,Sparkling Citrus Cleaner,cleaning supplies,segB,1,20,39,39,20,19,9/18/2026,,,,,,,,
9/4/2026,9,94,Bright Maintainers of Mountridge,19,Fresh Party Napkins,paper & tissue,segD,1,45,73.35,73.35,45,28.35,9/14/2026,,,,,,,,
9/4/2026,9,94,Bright Maintainers of Mountridge,32,Bright Desk Organizers,office products,segA,1,44,58.52,58.52,44,14.52,9/14/2026,,,,,,,,
9/4/2026,9,94,Bright Maintainers of Mountridge,44,Gleaming Recycled Paper,office products,segA,3,34,54.4,163.2,102,61.2,9/14/2026,,,,,,,,
9/4/2026,9,94,Bright Maintainers of Mountridge,45,Immaculate Staplers,office products,segA,1,50,69,69,50,19,9/14/2026,,,,,,,,
9/4/2026,9,94,Bright Maintainers of Mountridge,57,Glossy All-Purpose Cleaner,cleaning supplies,segA,1,51,90.78,90.78,51,39.78,9/14/2026,,,,,,,,
9/4/2026,9,94,Bright Maintainers of Mountridge,59,Spotless All-Purpose Cleaner,cleaning supplies,segA,3,47,85.54,256.62,,115.62,9/14/2026,,,,,,,,
9/4/2026,9,94,Bright Maintainers of Mountridge,60,Polished Degreaser,cleaning supplies,segA,1,26,49.4,49.4,26,23.4,9/14/2026,,,,,,,,
9/4/2026,9,94,Bright Maintainers of Mountridge,63,,cleaning supplies,segA,2,42,73.5,147,84,63,9/14/2026,,,,,,,,
9/4/2026,9,94,Bright Maintainers of Mountridge,66,Radiant Glass Cleaner,cleaning supplies,segA,3,21,39.69,119.07,63,56.07,9/14/2026,,,,,,,,
,9,94,Bright Maintainers of Mountridge,69,Gleaming Degreaser,cleaning supplies,segA,2,27,48.87,97.74,54,43.74,9/14/2026,,,,,,,,
9/4/2026,9,94,Bright Maintainers of Mountridge,70,Sleek Air Freshener,cleaning supplies,segA,3,33,59.73,179.19,99,80.19,9/14/2026,,,,,,,,
9/4/2026,9,94,Bright Maintainers of Mountridge,71,Spotless Glass Cleaner,cleaning supplies,segA,2,31,53.63,107.26,62,45.26,9/14/2026,,,,,,,,
9/1/2026,86,94,Bright Maintainers of Mountridge,31,Polished Highlighters,office products,segA,3,17,26.35,79.05,51,28.05,9/2/2026,,,,,,,,
9/1/2026,86,94,Bright Maintainers of Mountridge,37,Bright Recycled Paper,office products,segA,6,24,32.4,194.4,144,50.4,9/2/2026,,,,,,,,
1/9/2026,86,94,Bright Maintainers of Mountridge,60,Polished Degreaser,cleaning supplies,segA,3,26,49.4,148.2,78,70.2,9/2/2026,,,,,,,,
9/1/2026,86,94,Bright Maintainers of Mountridge,76,Immaculate Granola Bars,breakroom supplies,segC,1,10,20.2,20.2,10,10.2,9/2/2026,,,,,,,,
9/1/2026,86,94,Bright Maintainers of Mountridge,84,Sparkling Creamers,breakroom supplies,segC,1,18,38.88,38.88,18,20.88,9/2/2026,,,,,,,,
8/13/2026,476,94,Bright Maintainers of Mountridge,31,Polished Highlighters,office products,,5,17,26.35,131.75,85,46.75,8/21/2026,,,,,,,,
8/13/2026,476,94,Bright Maintainers of Mountridge,45,Immaculate Staplers,office products,,3,50,69,207,150,57,8/21/2026,,,,,,,,
8/13/2026,476,94,Bright Maintainers of Mountridge,52,Spotless Air Freshener,cleaning supplies,segA,1,49,92.61,92.61,49,43.61,8/21/2026,,,,,,,,
8/13/2026,476,94,Bright Maintainers of Mountridge,57,Glossy All-Purpose Cleaner,cleaning supplies,segA,1,51,90.78,90.78,51,39.78,8/21/2026,,,,,,,,
8/13/2026,476,94,Bright Maintainers of Mountridge,60,Polished Degreaser,cleaning supplies,segA,1,26,49.4,49.4,26,23.4,8/21/2026,,,,,,,,
8/13/2026,476,94,Bright Maintainers of Mountridge,64,Bright Glass Cleaner,cleaning supplies,segA,3,32,52.8,,96,62.4,8/21/2026,,,,,,,,
,476,94,Bright Maintainers of Mountridge,66,Radiant Glass Cleaner,cleaning supplies,segA,1,21,39.69,39.69,21,18.69,8/21/2026,,,,,,,,
8/13/2026,476,94,Bright Maintainers of Mountridge,70,Sleek Air Freshener,cleaning supplies,  segA ,2,33,59.73,,66,53.46,8/21/2026,,,,,,,,
8/13/2026,476,94,Bright Maintainers of Mountridge,71,Spotless Glass Cleaner,cleaning supplies,segA,1,31,53.63,53.63,31,22.63,8/21/2026,,,,,,,,
8/13/2026,476,94,Bright Maintainers of Mountridge,76,Immaculate Granola Bars,breakroom supplies,segC,1,10,20.2,20.2,10,10.2,8/21/2026,,,,,,,,
8/12/2026,513,94,Bright Maintainers of Mountridge,34,Radiant Staplers,office products,segA,2,24,38.16,76.32,48,28.32,8/13/2026,,,,,,,,
8/12/2026,513,94,Bright Maintainers of Mountridge,37,Bright Recycled Paper,office products,segA,3,24,32.4,97.2,72,25.2,8/13/2026,,,,,,,,
8/12/2026,513,94,Bright Maintainers of Mountridge,44,Gleaming Recycled Paper,office products,segA,2,34,54.4,108.8,68,40.8,8/13/2026,,,,,,,,
8/12/2026,513,94,Bright Maintainers of Mountridge,45,Immaculate Staplers,office products,segA,3,50,69,207,,57,13/08/2026,,,,,,,,
8/12/2026,513,94,Bright Maintainers of Mountridge,46,Spotless Desk Organizers,office products,segA,3,33,49.17,147.51,99,48.51,8/13/2026,,,,,,,,
8/12/2026,513,94,Bright Maintainers of Mountridge,54,Dazzling Floor Cleaner,cleaning supplies,segA,1,45,78.75,78.75,45,33.75,8/13/2026,,,,,,,,
8/12/2026,513,94,Bright Maintainers of Mountridge,61,Pristine Degreaser,cleaning supplies,segA,3,50,91.5,274.5,150,124.5,8/13/2026,,,,,,,,
,513,94,Bright Maintainers of Mountridge,64,Bright Glass Cleaner,cleaning supplies,segA,3,32,52.8,158.4,96,62.4,8/13/2026,,,,,,,,
8/12/2026,513,94,Bright Maintainers of Mountridge,76,Immaculate Granola Bars,breakroom supplies,esgC,1,10,20.2,20.2,10,10.2,8/13/2026,,,,,,,,
8/12/2026,513,94,  Bright Maintainers of Mountridge ,84,Sparkling Creamers,breakroom supplies,segC,1,18,38.88,38.88,18,20.88,8/13/2026,,,,,,,,
,536,94,Bright Maintainers of oMuntridge,30,Immaculate Markers,office products,segA,1,28,36.4,36.4,28,8.4,8/26/2026,,,,,,,,
8/11/2026,536,94,Bright Maintainers of Mountridge,32,Bright Desk Organizers,office products,segA,2,44,58.52,117.04,88,29.04,8/26/2026,,,,,,,,
8/11/2026,536,94,Bright Maintainers of Mountridge,35,Dazzling Staplers,office products,segA,5,27,40.77,203.85,135,68.85,8/26/2026,,,,,,,,
8/11/2026,536,94,Bright Maintainers of Mountridge,45,Immaculate Staplers,office products,segA,1,50,,69,50,19,8/26/2026,,,,,,,,
8/11/2026,536,94,Bright Maintainers of Mountridge,54,Dazzling Floor Cleaner,cleaning supplies,segA,1,45,78.75,78.75,45,33.75,8/26/2026,,,,,,,,
8/11/2026,536,94,Bright Maintainers of Mountridge,57,Glossy All-Purpose Cleaner,cleaning supplies,segA,1,51,90.78,90.78,51,39.78,8/26/2026,,,,,,,,
8/11/2026,536,94,Bright Maintainers of Mountridge,60,Polished Degreaser,cleaning supplies,segA,1,,49.4,49.4,26,23.4,8/26/2026,,,,,,,,
8/11/2026,536,94,Bright Maintainers of Mountridge,61,Pristine Degreaser,cleaning supplies,segA,3,50,91.5,274.5,150,,8/26/2026,,,,,,,,
8/11/2026,536,94,Bright Maintainers of Mountridge,63,Polished Glass Cleaner,cleaning supplies,segA,2,42,73.5,147,84,63,8/26/2026,,,,,,,,
8/11/2026,536,94,Bright Maintainers of Mountridge,69,Gleaming Degreaser,cleaning supplies,segA,2,27,48.87,97.74,54,43.74,8/26/2026,,,,,,,,
8/11/2026,536,94,Bright Maintainers of Mountridge,70,Sleek Air Freshener,cleaning supplies,segA,1,33,59.73,59.73,33,26.73,8/26/2026,,,,,,,,
8/11/2026,536,94,Bright Maintainers of Mountridge,79,Immaculate Microwave Popcorn,breakroom supplies,segC,1,25,53.75,53.75,25,28.75,8/26/2026,,,,,,,,
8/11/2026,,94,Bright Maintainers of Mountridge,31,Polished Highlighters,office products,segA,3,17,26.35,79.05,51,,8/26/2026,,,,,,,,
9/3/2026,37,95,Fresh Providers of Valleywood,18,Pristine Lunch Napkins,paper & tissue,segC,4,20,28.2,112.8,80,32.8,9/4/2026,,,,,,,,
3/9/2026,37,95,Fresh Providers of Valleywood,73,Spotless Creamers,breakroom supplies,segA,4,18,30.6,122.4,,50.4,9/4/2026,,,,,,,,
9/3/2026,37,95,Fresh Providers of Valleywood,78,Glossy Creamers,breakroom supplies,segA,6,27,49.14,294.84,162,132.84,9/4/2026,,,,,,,,
9/3/2026,37,95,Fresh Providers of Valleywood,82,Pristine Granola Bars,brekaroom supplies,segA,9,26,51.48,463.32,234,229.32,9/4/2026,,,,,,,,
9/3/2026,37,95,Fresh Providers of Valleywood,89,Sparkling Disposable Cups,breakroom supplies,segA,5,21,38.43,192.15,105,87.15,9/4/2026,,,,,,,,
9/3/2026,37,95,Fresh Providers of Valleywood,96,Dazzling Disposable Cups,breakroom supplies,seAg,8,19,40.66,325.28,152,173.28,9/4/2026,,,,,,,,
9/3/2026,37,95,Fresh Providers of Valleywood,103,Spotless Colored Paper,copy paper,segC,4,45,76.5,306,180,126,9/4/2026,,,,,,,,
9/3/2026,37,95,Fresh Providers of Valleywood,105,Pristine Graph Paper,copy paper,segC,9,52,75.92,683.28,468,215.28,9/4/2026,,,,,,,,
,87,95,Fresh Providers of Valleywood,51,Bright Glass Cleaner,cleaning supplies,segD,1,26,49.14,49.14,26,23.14,9/2/2026,,,,,,,,
9/1/2026,87,95,Fresh Providers of Valleywood,52,Spotless Air Freshener,cleaning supplies,segD,1,49,93.1,93.1,49,44.1,9/2/2026,,,,,,,,
9/1/2026,87,95,Fresh Providers of Valleywood,76,Immaculate Granola Bars,breakroom supplies,segA,6,10,17.1,102.6,60,42.6,9/2/2026,,,,,,,,
9/1/2026,87,95,Fresh Providers of Valleywood,89,Sparkling Disposable Cups,,segA,3,21,38.43,115.29,63,52.29,9/2/2026,,,,,,,,
9/1/2026,87,95,Fresh Providers of Valleywood,103,Spotless Colored Paper,copy paper,segC,2,,76.5,153,90,63,9/2/2026,,,,,,,,
8/26/2026,218,95,Fresh Providers of Valleywood,78,Glossy Creamers,breakroom supplies,segA,3,27,49.14,147.42,81,66.42,8/27/2026,,,,,,,,
8/26/2026,218,95,Fresh Providers of Valleywood,89,Sparkling Disposable Cups,breakroom supplies,segA,,21,38.43,153.72,84,69.72,8/27/2026,,,,,,,,
8/26/2026,218,95,Fresh Providers of Valleywood,96,Dazzling Disposable Cups,breakroom supplies,segA,9,19,40.66,365.94,171,194.94,8/27/2026,,,,,,,,
8/26/2026,218,95,Fresh Providers of Valleywood,105,Pristine Graph Paper,copy paper,segC,7,52,75.92,531.44,364,167.44,8/27/2026,,,,,,,,
9/1/2026,,95,Fresh Providers of Valleywood,69,Gleaming Degreaser,cleaning supplies,segD,1,27,54.54,54.54,27,27.54,9/2/2026,,,,,,,,
8/27/2026,183,96,Sleek Custodians of Mapleburg,13,,paper & tissue,segB,2,45,65.7,131.4,90,41.4,8/28/2026,,,,,,,,
27/08/2026,183,96,Sleek Custodians of Mapleburg,18,Pristine Lunch Napkins,paper & tissue,segB,1,20,30,30,20,10,8/28/2026,,,,,,,,
8/27/2026,183,96,Sleek Custodians of Mapleburg,34,Radiant Staplers,office products,segA,3,24,36.48,109.44,72,37.44,8/28/2026,,,,,,,,
,183,96,Sleek Custodians of Mapleburg,39,Immaculate Sticky Notes,office products,esgA,4,34,48.62,194.48,136,58.48,8/28/2026,,,,,,,,
8/27/2026,183,96,Sleek Custodians of Mapelburg,41,Dazzling File Folders,office products,segA,1,46,71.76,71.76,46,25.76,8/28/2026,,,,,,,,
8/27/2026,183,96,Sleek Custodians of Mapleburg,47,Immaculate Staplers,office products,segA,3,24,35.76,107.28,72,35.28,8/28/2026,,,,,,,,
27/08/2026,183,96,Sleek Custodians of Mapleburg,75,Fresh Microwave Popcorn,,segA,1,18,37.26,37.26,18,19.26,8/28/2026,,,,,,,,
8/27/2026,183,96,Sleek Custodians of Mapleburg,83,Spotless Energy Drinks,breakroom supplies,segA,1,,52.52,,26,26.52,8/28/2026,,,,,,,,
8/27/2026,183,96,Sleek Custodians of Mapleburg,84,Sparkling Creamers,breakroom supplies,segA,1,18,37.08,37.08,18,19.08,8/28/2026,,,,,,,,
8/27/2026,183,96,Sleek Custodians of Mapleburg,92,Glossy Instant Soups,breakroom supplies,segA,2,24,50.4,100.8,48,52.8,8/28/2026,,,,,,,,
8/27/2026,183,96,Sleek Custodians of Mapleburg,96,Dazzling Disposable Cups,breakroom supplies,segA,1,19,40.28,40.28,19,21.28,8/28/2026,,,,,,,,
8/27/2026,183,96,Sleek Custodians of Mapleburg,47,Immaculate Staplers,office products,segA,3,24,35.76,107.28,72,35.28,8/28/2026,,,,,,,,
8/20/2026,347,96,Sleek Custodians of Mapleburg,3,Sparkling Party Napkins,paper & tissue,segB,2,21,30.87,61.74,42,19.74,8/21/2026,,,,,,,,
8/20/2026,347,96,Sleek Custodians of Mapleburg,30,Immaculate Markers,office products,segA,2,28,42,84,56,28,8/21/2026,,,,,,,,
8/20/2026,347,96,Sleek Custodians of Mapleburg,37,Bright Recycled Paper,office products,segA,1,24,33.12,33.12,24,9.12,8/21/2026,,,,,,,,
8/20/2026,347,96,Sleek Custodians of Mapleburg,45,Immaculate Staplers,office products,segA,1,50,78,78,50,28,8/21/2026,,,,,,,,
8/20/2026,347,96,Sleek Custodians of Mapleburg,47,Immaculate Staplers,office products,segA,2,24,35.76,71.52,48,23.52,8/21/2026,,,,,,,,
8/20/2026,347,96,Sleek Custodians of Mapleburg,63,Polished Glass Cleaner,cleaning supplies,,22,42,73.5,1617,924,693,8/21/2026,,,,,,,,
8/20/2026,347,96,Sleek Custodians of Mapleburg,80,,breakroom supplies,segA,1,17,34.85,34.85,17,17.85,8/21/2026,,,,,,,,
8/20/2026,347,96,Sleek Custodians of Mapleburg,83,  Spotless Energy Drinks ,breakroom supplies,segA,1,26,52.52,52.52,26,26.52,8/21/2026,,,,,,,,
8/20/2026,347,96,  Sleek Custodians of Mapleburg ,84,Sparkling Creamers,breakroom supplies,segA,1,18,,37.08,18,19.08,8/21/2026,,,,,,,,
8/20/2026,347,96,Sleek Custodians of Mapleburg,87,Glossy Tea Selection,breakroom supplies,segA,1,11,22,22,11,11,8/21/2026,,,,,,,,
8/20/2026,347,96,Sleek Custodians of Mapleburg,92,Glossy Instant Soups,breakroom supplies,segA,2,24,50.4,100.8,48,52.8,8/21/2026,,,,,,,,
8/20/2026,347,96,Sleek Custodians of Mapleburg,93,Gleaming Microwave Popcorn,breakroom supplies,segA,1,20,38,38,20,18,8/21/2026,,,,,,,,
8/20/2026,347,96,Sleek Custodians of Mapleburg,96,Dazzling Disposable Cups,breakroom supplies,segA,1,19,,40.28,19,21.28,8/21/2026,,,,,,,,
8/14/2026,443,96,Sleek Custodians of Mapleburg,14,Spotless Pocket Tissues,paper & tissue,segB,1,20,28.2,28.2,20,8.2,8/31/2026,,,,,,,,
8/14/2026,443,96,Sleek Custodians of Mapleburg,30,Immaculate Markers,,segA,3,28,42,126,84,42,8/31/2026,,,,,,,,
8/14/2026,443,96,Sleek Custodians of Mapleburg,35,Dazzling Staplers,office products,segA,12,27,33.75,405,324,,8/31/2026,,,,,,,,
8/14/2026,443,96,Sleek Custodians of Mapleburg,37,Bright Recycled Paper,office products,segA,,24,33.12,33.12,24,9.12,8/31/2026,,,,,,,,
8/14/2026,443,96,Sleek Custodians of Mapleburg,39,Immaculate Sticky Notes,office products,segA,4,34,48.62,194.48,136,58.48,8/31/2026,,,,,,,,
8/14/2026,443,96,Sleek Custodians of Mapleburg,45,Immaculate Staplers,office porducts,segA,1,50,78,78,50,28,8/31/2026,,,,,,,,
8/14/2026,443,96,Sleek Custodians of Mapleburg,48,Fresh Desk Organizers,office products,segA,2,29,42.63,85.26,58,27.26,8/31/2026,,,,,,,,
8/14/2026,443,96,Sleek Custodians of Mapleburg,75,Fresh Microwave Popcorn,breakroom supplies,segA,1,18,37.26,37.26,18,19.26,8/31/2026,,,,,,,,
8/14/2026,443,96,Sleek Custodians of Mapleburg,76,Immaculate Granola Bars,breakroom supplies,segA,1,10,21.3,21.3,10,11.3,8/31/2026,,,,,,,,
8/14/2026,443,96,Sleek Custodians of Mapleburg,80,Spotless Instant Soups,breakroom supplies,segA,1,17,34.85,34.85,17,17.85,8/31/2026,,,,,,,,
8/14/2026,443,96,Sleek Custodians of Mapleburg,,Sparkling Creamers,,segA,1,18,37.08,37.08,18,19.08,8/31/2026,,,,,,,,
8/14/2026,443,96,Sleek Custodians of Mapleburg,90,Dazzling Instant Soups,breakroom supplies,segA,1,24,48.96,48.96,24,24.96,8/31/2026,,,,,,,,
8/14/2026,443,96,Sleek Custodians of Mapleburg,94,Pristine Instant Soups,breakroom supplies,segA,1,7,13.02,13.02,,6.02,8/31/2026,,,,,,,,
14/08/2026,443,96,Sleek Custodians of Mapleburg,96,Dazzling Disposable Cups,breakroom supplies,segA,1,19,40.28,40.28,19,21.28,8/31/2026,,,,,,,,
8/12/2026,514,96,Sleek Custodians of Mapleburg,6,Pristine Bathroom Tissue,paper & tissue,segB,1,19,29.07,29.07,19,10.07,8/13/2026,,,,,,,,
8/12/2026,514,96,Sleek Custodians of Mapleburg,13,Pristine Party Napkins,paper & tissue,segB,2,45,65.7,,90,41.4,8/13/2026,,,,,,,,
8/12/2026,514,96,Sleek Custodians of Mapleburg,30,Immaculate Markers,office products,segA,3,28,42,126,84,42,8/13/2026,,,,,,,,
8/12/2026,514,96,Sleek Custodians of Mapleburg,31,Polished Highlighters,office products,segA,2,17,25.84,51.68,34,17.68,,,,,,,,,
8/12/2026,514,96,Sleek Custodians of Mapleburg,35,Dazzling Staplers,,segA,8,27,33.75,270,216,54,8/13/2026,,,,,,,,
8/12/2026,514,96,Sleek Custodians of Mapleburg,37,Bright Recycled Paper,office products,segA,1,24,33.12,33.12,24,9.12,13/08/2026,,,,,,,,
8/12/2026,514,96,Sleek Custodians of Mapleburg,39,Immaculate Sticky Notes,office products,segA,5,34,48.62,243.1,170,,8/13/2026,,,,,,,,
8/12/2026,514,96,Sleek Custodians of Mapleburg,45,Immaculate Staplers,office products,segA,1,50,78,78,50,28,8/13/2026,,,,,,,,
,514,96,Sleek Custodians of Mapleburg,47,Immaculate Staplers,office products,segA,3,24,35.76,107.28,72,35.28,8/13/2026,,,,,,,,
8/12/2026,514,96,Sleek Custodians of Mapleburg,80,Spotless Instant Soups,breakroom supplies,segA,1,,34.85,34.85,17,17.85,8/13/2026,,,,,,,,
8/12/2026,514,96,Sleek Custodians of Mapleburg,84,Sparkling Creamers,breakroom supplies,segA,1,18,37.08,37.08,18,19.08,8/13/2026,,,,,,,,
8/12/2026,514,96,Sleek Custodians of Mapleburg,87,Glossy Tea Selection,breakroom supplies,segA,1,11,22,22,11,11,8/13/2026,,,,,,,,
8/12/2026,514,96,Sleek Custodians of Mapleburg,90,Dazzling Instant Soups,breakroom supplies,segA,1,24,,48.96,24,24.96,8/13/2026,,,,,,,,
8/12/2026,514,96,Sleek Custodians of Mapleburg,92,Glossy Instant Soups,breakroom supplies,segA,1,24,50.4,50.4,24,26.4,8/13/2026,,,,,,,,
8/12/2026,514,96,Sleek Custodians of Mapleburg,94,Pristine Instant Soups,breakroom suppiles,segA,1,7,13.02,13.02,7,6.02,8/13/2026,,,,,,,,
8/12/2026,514,96,Sleek Custodians of Mapleburg,96,Dazzling Disposable Cups,breakroom supplies,segA,1,19,40.28,40.28,19,21.28,8/13/2026,,,,,,,,
8/14/2026,,96,Sleek Custodians of Mapleburg,46,Spotless Desk Organizers,office products,segA,3,33,47.19,141.57,99,42.57,8/31/2026,,,,,,,,
8/10/2026,561,97,Polished Providers of Harborburg,74,Pristine Energy Drinks,breakroom supplies,segB,1,15,30.15,30.15,15,15.15,8/11/2026,,,,,,,,
10/8/2026,561,97,Polished Providers of Harborburg,88,Gleaming Coffee Beans,breakroom supplies,segB,1,,36.72,36.72,18,18.72,8/11/2026,,,,,,,,
8/7/2026,585,97,Polished Providers of Harborburg,64,Bright Glass Cleaner,,segD,1,32,67.52,67.52,32,35.52,8/10/2026,,,,,,,,
7/8/2026,585,97,Polished Providers of Harborburg,84,  Sparkling Creamers ,breakroom supplies,segB,1,18,32.94,32.94,18,14.94,8/10/2026,,,,,,,,
8/7/2026,585,97,Polished Providers of Harborburg,86,Dazzling Instant Soups,breakroom supplies,segB,1,16,32.48,32.48,16,16.48,8/10/2026,,,,,,,,
8/7/2026,585,97,Polished Providers of Harborburg,91,Glossy Microwave Popcorn,breakroom supplies,segB,,29,55.1,55.1,,26.1,8/10/2026,,,,,,,,
8/24/2026,278,98,Pristine Providers of Gardenville,11,Fresh Lunch Napkins,paper & tissue,segA,26,21,29.82,775.32,546,229.32,9/8/2026,,,,,,,,
8/24/2026,278,98,Pristine Providers of Gardenville,14,Spotless Pocket Tissues,paper & tissue,segA,18,20,26.4,475.2,360,115.2,9/8/2026,,,,,,,,
8/24/2026,278,98,Pristine Providers of Gardenville,15,Sparkling 2-Ply Toilet Paper,paper & tissue,segA,19,43,58.05,1102.95,817,285.95,9/8/2026,,,,,,,,
8/24/2026,278,98,Pristine Providers of Gardenville,18,  Pristine Lunch Napkins ,paper & tissue,segA,9,20,26.2,235.8,180,55.8,9/8/2026,,,,,,,,
8/24/2026,278,98,Pristine Providers of Gardenville,22,Sparkling Pocket Tissues,paper & tissue,segA,7,41,61.5,430.5,287,143.5,8/9/2026,,,,,,,,
8/24/2026,278,98,Pristine Providers of Gardenville,24,SparklingP ocket Tissues,paper & tissue,  segA ,16,18,26.28,420.48,288,132.48,9/8/2026,,,,,,,,
8/14/2026,444,98,Pristine Providers of Gardenville,2,Glossy Party Napkins,paper & tissue,segA,14,29,38.28,535.92,406,129.92,8/17/2026,,,,,,,,
8/14/2026,444,98,Pristine Providers of Gardenville,4,Bright Bathroom Tissue,paper & tissue,segA,,26,37.18,706.42,494,212.42,8/17/2026,,,,,,,,
8/14/2026,444,98,Pristine Providers of Gardenville,10,Pristine 2-Ply Toilet Paper,paper & tissue,segA,9,26,38.48,346.32,234,112.32,8/17/2026,,,,,,,,
8/14/2026,444,98,Pristine Providers of Gardenville,11,Fresh Lunch Napkins,paper & tissue,segA,24,21,29.82,715.68,504,211.68,8/17/2026,,,,,,,,
8/14/2026,444,98,Pristine Providers of Gardenville,15,Sparkling 2-Ply Toilet Paper,paper & tissue,segA,21,43,58.05,1219.05,903,316.05,8/17/2026,,,,,,,,
8/14/2026,444,98,Pristine Providers of Gardenville,22,Sparkling Pocket Tissues,paper & tissue,segA,9,41,61.5,553.5,369,,8/17/2026,,,,,,,,
8/14/2026,444,98,Pristine Providers of Gardenville,23,Dazzling Roll Paper Towels,paper & tissue,segA,15,40,56.8,852,600,252,8/17/2026,,,,,,,,
8/14/2026,444,98,Pristine Providers of Gardenville,24,Sparkling Pocket Tissues,paper & tissue,segA,10,18,26.28,262.8,180,82.8,8/17/2026,,,,,,,,
8/14/2026,444,98,Pristine Providers of Gardenville,24,Sparkling Pocket Tissues,paper & tissue,segA,10,18,26.28,262.8,180,82.8,8/17/2026,,,,,,,,
8/20/2026,348,99,Spotless Providres of Mapledale,29,Dazzling Paper Clips,office products,segA,3,,57.72,173.16,111,62.16,8/21/2026,,,,,,,,
8/20/2026,348,99,Spotless Providers of Mapledale,31,  Polished Highlighters ,office products,segA,4,17,26.52,106.08,68,38.08,8/21/2026,,,,,,,,
8/20/2026,348,99,Spotless Providers of Mapledale,34,Radiant Staplers,office products,segA,5,24,32.64,163.2,120,43.2,8/21/2026,,,,,,,,
8/20/2026,348,99,Spotless Providers of Mapledale,35,Dazzling Staplers,office products,seAg,3,27,35.1,105.3,81,24.3,8/21/2026,,,,,,,,
,348,99,Spotless Providers of Mapledale,38,Radiant Pens,office products,segA,1,17,23.63,23.63,17,6.63,8/21/2026,,,,,,,,
8/20/2026,348,99,Spotless Providers of Mapledale,41,Dazzling File Folders,office products,segA,4,46,61.64,246.56,184,62.56,8/21/2026,,,,,,,,
8/20/2026,348,99,Spotless Providers of Mapledale,78,Glossy Creamers,breakroom supplies,segA,1,27,52.92,52.92,27,25.92,,,,,,,,,
8/20/2026,348,99,Spotless Providers of Mapledale,95,Bright Disposable Cups,breakroom supplies,segA,1,13,24.44,24.44,13,11.44,8/21/2026,,,,,,,,
8/25/2026,253,100,Sparkling Stewards of Maplewood,40,Immaculate Markers,office products,segB,1,34,54.74,54.74,34,20.74,8/26/2026,,,,,,,,
8/13/2026,477,100,Sparkling Stewards of Maplewood,45,Immaculate Staplers,office products,segB,5,50,76,380,250,130,8/14/2026,,,,,,,,
8/13/2026,477,100,Sparkling Stewards of Maplewood,53,Glossy Glass Cleaner,cleaning supplies,segD,1,36,75.24,75.24,36,39.24,8/14/2026,,,,,,,,
8/13/2026,477,100,Sparkling Stewards of Maplewood,61,Pristine Degreaser,cleaning supplies,segD,1,50,,103,50,53,8/14/2026,,,,,,,,
8/13/2026,477,100,Sparkling Stewards of Maplewood,106,Sleek Resume Paper,copy paper,segD,3,48,81.6,244.8,144,100.8,8/14/2026,,,,,,,,
8/7/2026,586,101,Bright Janitors of Canyonport,28,Immaculate Binder Clips,office products,segA,2,29,41.76,83.52,58,25.52,8/10/2026,,,,,,,,
8/7/2026,586,101,Bright Janitors of Canyonport,30,Immaculate Markers,office products,segA,2,28,40.32,80.64,56,24.64,8/10/2026,,,,,,,,
8/7/2026,586,101,Bright Janitors of Canyonport,35,Dazzling Staplers,office products,segA,4,27,37.26,149.04,108,41.04,8/10/2026,,,,,,,,
8/7/2026,586,101,Bright Janitors of Canyonport,43,Fresh File Folders,office products,segA,2,50,,143,100,43,8/10/2026,,,,,,,,
8/7/2026,586,101,Bright Janitors of Canyonport,,Immaculate Staplers,office products,segA,2,24,33.84,67.68,48,19.68,8/10/2026,,,,,,,,
,586,101,Bright Janitors of Canyonport,56,Pristine Citrus Cleaner,cleaning supplies,segB,1,48,87.84,87.84,48,39.84,8/10/2026,,,,,,,,
8/7/2026,586,101,Bright Janitors of Canyonport,66,Radiant Glass Cleaner,,segB,1,21,40.32,40.32,21,19.32,8/10/2026,,,,,,,,
8/25/2026,254,102,Radiant Cleaners of Mapleburg,25,Dazzling Binder Clips,office products,segA,79,45,53.55,4230.45,3555,675.45,8/26/2026,,,,,,,,
8/25/2026,254,102,Radiant Cleaners of Mapleburg,36,Glossy Staplers,office products,segA,8,50,67,536,400,136,8/26/2026,,,,,,,,
,254,102,Radiant Cleaners of Mapleburg,38,Radiant Pens,office products,segA,6,17,22.61,135.66,102,33.66,8/26/2026,,,,,,,,
8/25/2026,254,102,Radiant Cleaners of Mapleburg,,Immaculate Markers,office products,segA,12,34,51.34,616.08,408,208.08,8/26/2026,,,,,,,,
8/25/2026,254,102,Radiant Cleaners of Mapleburg,,Gleaming Recycled Paper,office products,segA,12,34,51.68,620.16,408,212.16,8/26/2026,,,,,,,,
8/25/2026,254,102,Radiant Cleaners of Mapleburg,76,Immaculate Granola Bars,breakroom supplies,segC,1,10,19.4,19.4,10,9.4,8/26/2026,,,,,,,,
8/7/2026,587,102,Radiant Cleaners of Mapleburg,34,Radiant Staplers,office products,segA,8,24,37.92,303.36,192,111.36,8/10/2026,,,,,,,,
8/7/2026,587,102,Radiant Cleaners of Mapleburg,36,Glossy Staplers,,segA,5,,67,335,250,85,8/10/2026,,,,,,,,
8/7/2026,587,102,Radiant Cleaners of Mapleburg,38,RadiantP ens,office products,segA,6,17,22.61,135.66,102,33.66,8/10/2026,,,,,,,,
,587,102,Radiant Cleaners of Mapleburg,39,Immaculate Sticky Notes,office products,segA,147,34,41.14,6047.58,4998,1049.58,8/10/2026,,,,,,,,
8/7/2026,587,102,Radiant Cleaners of Mapleburg,41,Dazzling File Folders,office products,segA,11,46,59.8,657.8,506,151.8,8/10/2026,,,,,,,,
7/8/2026,587,102,Radiant Cleaners of Mapleburg,73,Spotless Creamers,breakroom supplies,,1,18,35.28,35.28,18,17.28,8/10/2026,,,,,,,,
8/14/2026,445,103,Radiant Cleaners of Mapleburg,8,Bright Party Napkins,paper & tissue,segA,3,50,66,198,150,48,8/17/2026,,,,,,,,
8/14/2026,445,103,Dazzling Janitors of Gardenton,9,Fresh Kitchen Towels,paper & tissue,,3,33,46.53,139.59,99,40.59,8/17/2026,,,,,,,,
8/14/2026,445,103,Dazzling Janitors of Gardenton,14,Spotless Pocket Tissues,paper & tissue,segA,56,20,22.4,1254.4,1120,134.4,8/17/2026,,,,,,,,
8/14/2026,445,103,Dazzling Janitors of Gardenton,31,Polished Highlighters,office products,segD,1,17,26.35,26.35,17,9.35,8/17/2026,,,,,,,,
8/14/2026,445,103,Dazzling Janitors of Gardenton,97,Sparkling Legal Size Paper,copy paper,segB,1,39,,62.4,39,23.4,8/17/2026,,,,,,,,
8/14/2026,445,103,Dazzling Janitors of Gardenton,105,Pristine Graph Paper,copy paper,segB,1,52,73.32,73.32,52,21.32,8/17/2026,,,,,,,,
8/14/2026,446,104,Glossy Custodians of Cedardale,4,Bright Bathroom Tissue,  paper & tissue ,segB,1,26,38.22,38.22,26,12.22,8/17/2026,,,,,,,,
8/14/2026,446,104,  Glossy Custodians of Cedardale ,8,Bright Party Napkins,paper & tissue,segB,1,50,77.5,77.5,50,27.5,8/17/2026,,,,,,,,
8/14/2026,446,104,Glossy Custodians of Cedardale,24,Sparkling Pocket Tissues,  paper & tsisue ,segB,2,18,25.56,51.12,36,15.12,8/17/2026,,,,,,,,
8/14/2026,446,104,Glossy Custodians of Cedardale,73,Spotless Creamers,breakroom supplies,segC,1,18,33.84,33.84,18,15.84,8/17/2026,,,,,,,,
8/14/2026,446,104,Glossy Custodians of Cedardale,75,Fresh Microwave Popcorn,breakroom supplies,segC,1,18,36.18,36.18,18,18.18,8/17/2026,,,,,,,,
8/14/2026,446,104,Glossy Custodians of Cedardale,105,Pristine Graph Paper,copy paper,segD,1,52,95.16,95.16,52,43.16,8/17/2026,,,,,,,,
8/14/2026,,104,Glossy Custodians of Cedardale,98,Radiant Glossy Photo Paper,copy paper,segD,1,23,37.26,37.26,23,14.26,8/17/2026,,,,,,,,
9/3/2026,38,105,  Sleek Suppliers of Lakecrest ,23,Dazzling Roll Paper Towels,paper & tissue,  segC ,4,40,64,,160,96,9/4/2026,,,,,,,,
9/3/2026,38,105,Sleek Suppliers of Lakecrest,52,Spotless Air Freshener,cleaning supplies,segA,33,49,69.58,2296.14,1617,679.14,,,,,,,,,
3/9/2026,38,105,Sleek Suppliers of Lakecrest,54,Dazzling Floor Cleaner,cleaning supplies,sgeA,12,45,76.05,912.6,540,372.6,9/4/2026,,,,,,,,
9/3/2026,38,105,lSeek Suppliers of Lakecrest,57,Glossy All-Purpose Cleaner,cleaning supplies,segA,2,51,86.7,173.4,102,71.4,9/4/2026,,,,,,,,
9/3/2026,38,105,Sleek Suppliers of Lakecrest,62,Glossy Air Freshener,cleaning supplies,segA,1,,35.4,35.4,20,15.4,9/4/2026,,,,,,,,
9/3/2026,38,105,Sleek Suppliers of Lakecrest,64,Bright Glass Cleaner,cleaning supplies,segA,2,32,54.72,109.44,64,45.44,9/4/2026,,,,,,,,
3/9/2026,38,105,Sleek Suppliers of Lakecrest,,Spotless Glass Cleaner,cleaning supplies,segA,6,31,53.94,323.64,186,137.64,9/4/2026,,,,,,,,
9/3/2026,38,105,Sleek Suppliers of Lakecrest,83,Spotless Energy Drinks,breakroom supplies,segB,1,26,54.86,54.86,26,28.86,9/4/2026,,,,,,,,
9/3/2026,38,105,Sleek Suppliers of Lakecrest,96,Dazzling Disposable Cups,breakroom supplies,segB,1,19,42.75,42.75,19,23.75,9/4/2026,,,,,,,,
9/3/2026,38,105,Sleek Suppliers of Lakecrest,99,Glossy Letter Size Paper,copy paper,segA,17,57,88.92,1511.64,969,542.64,9/4/2026,,,,,,,,
9/3/2026,38,105,Sleek Suppliers of Lakecrest,104,Gleaming Glossy Photo Paper,copy paper,segA,19,52,73.84,1402.96,988,414.96,9/4/2026,,,,,,,,
3/9/2026,38,105,Sleek Suppliers of Lakecrest,105,  Pristine Graph Paper ,copy paper,segA,4,52,79.56,318.24,208,110.24,9/4/2026,,,,,,,,
9/3/2026,38,105,Sleek Suppliers of Lakecrest,113,Polished Recycled Paper,copy paper,segA,98,36,40.68,3986.64,3528,458.64,9/4/2026,,,,,,,,
9/3/2026,38,105,Sleek Suppliers of Lakecrest,115,Polished Glossy Photo Paper,copy paper,segA,14,59,78.47,1098.58,826,272.58,9/4/2026,,,,,,,,
9/3/2026,38,105,Sleek Suppliers of Lakecrest,,Sparkling Cardstock,copy paper,segA,21,37,58.83,1235.43,777,458.43,9/4/2026,,,,,,,,
9/3/2026,38,105,Sleek Suppliers of Lakecrest,120,Sparkling Letter Size Paper,copy paper,segA,10,45,66.6,666,450,216,9/4/2026,,,,,,,,
9/3/2026,38,105,Sleek Suppliers of Lakecrest,104,Gleaming Glossy Photo Paper,copy paper,segA,19,52,73.84,1402.96,988,414.96,9/4/2026,,,,,,,,
9/2/2026,65,105,Sleek Suppliers of Lakecrest,29,Dazzling Paper Clips,office products,segC,1,37,55.5,55.5,37,18.5,9/10/2026,,,,,,,,
9/2/2026,65,105,Sleek Suppliers of Lakecrest,38,Radiant Pens,office products,segC,7,17,27.71,193.97,119,74.97,9/10/2026,,,,,,,,
9/2/2026,65,105,Sleek Suppliers of Lakecrest,52,Spotless Air Freshener,cleaning supplies,segA,,49,69.58,1948.24,1372,576.24,9/10/2026,,,,,,,,
9/2/2026,65,105,Sleek Suppilers of Lakecrest,56,Pristine Citrus Cleaner,cleaning supplies,segA,11,48,78.24,860.64,528,332.64,9/10/2026,,,,,,,,
9/2/2026,65,105,Sleek Suppliers of Lakecrest,57,Glossy All-Purpose Cleaner,cleaning supplies,segA,2,51,86.7,173.4,102,71.4,9/10/2026,,,,,,,,
9/2/2026,65,105,Sleek Suppliers of Lakecrest,66,Radiant Glass Cleaner,cleaning supplies,segA,5,21,38.85,,105,89.25,9/10/2026,,,,,,,,
9/2/2026,65,105,Sleek Suppliers of Lakecrest,104,Gleaming Glossy Photo Paper,copy paper,segA,18,52,73.84,1329.12,936,393.12,9/10/2026,,,,,,,,
9/2/2026,65,105,Sleek Suppliers of Lakecrest,107,Radiant Glossy Photo Paper,copy paper,segA,27,58,84.1,2270.7,1566,704.7,9/10/2026,,,,,,,,
9/2/2026,65,105,Sleek Suppliers of Lakecrest,108,Dazzling Cardstock,copy paper,  segA ,13,21,32.55,423.15,273,150.15,9/10/2026,,,,,,,,
9/2/2026,65,105,Sleek Suppliers of Lakecrest,118,Sparkling Cardstock,copy paper,segA,,37,58.83,1529.58,962,567.58,9/10/2026,,,,,,,,
9/2/2026,65,105,Sleek Suppliers of Lakecrest,120,Sparkling Letter Size Paper,copy paper,segA,9,45,,599.4,405,194.4,9/10/2026,,,,,,,,
8/19/2026,365,105,Sleek Suppliers of Lakecrest,23,Dazzling Roll Paper Towels,paper & tissue,segC,2,40,64,128,80,48,8/20/2026,,,,,,,,
8/19/2026,365,105,Sleek Suppliers of Lakecrest,30,Immaculate Markers,office products,segC,3,28,42.28,126.84,84,42.84,8/20/2026,,,,,,,,
8/19/2026,365,105,Sleek Suppliers of Lakecrest,40,Immaculate Markers,office products,,2,34,52.36,104.72,68,36.72,8/20/2026,,,,,,,,
8/19/2026,365,105,Sleek Suppliers of Lakecrest,56,,cleaning supplies,segA,13,48,78.24,1017.12,624,393.12,8/20/2026,,,,,,,,
8/19/2026,365,105,Sleek Suppliers of Lakecrest,57,Glossy All-Purpose Cleaner,cleaning supplies,segA,1,51,86.7,86.7,51,35.7,8/20/2026,,,,,,,,
8/19/2026,365,105,Sleek Suppliers of Lakecrest,58,Spotless Floor Cleaner,cleaning supplies,segA,5,31,57.35,286.75,155,131.75,8/20/2026,,,,,,,,
8/19/2026,365,105,Sleek Suppliers of Lakecrest,61,Pristine Degreaser,cleaning supplies,segA,126,50,73,9198,6300,2898,8/20/2026,,,,,,,,
19/08/2026,365,105,Sleek Suppliers of Lakecrest,84,Sparkling Creamers,breakroom supplies,segB,3,18,32.4,97.2,54,43.2,8/20/2026,,,,,,,,
19/08/2026,365,105,Sleek Suppliers of Lakecrest,88,Gleaming Coffee Beans,breakroom supplies,segB,1,18,34.92,34.92,,16.92,8/20/2026,,,,,,,,
8/19/2026,365,105,Sleek Suppliers of Lakecrest,99,Glossy Letter Size Paper,copy paper,segA,18,57,88.92,1600.56,1026,574.56,8/20/2026,,,,,,,,
8/19/2026,365,105,Sleek Suppliers of Lakecrest,104,Gleaming Glossy Photo Paper,copy paper,segA,26,52,73.84,1919.84,1352,567.84,8/20/2026,,,,,,,,
,365,105,Sleek Suppliers of Lakecrest,105,Pristine Graph Paper,copy paper,,6,52,79.56,477.36,312,165.36,8/20/2026,,,,,,,,
8/19/2026,365,105,Sleek Suppliers of Lakecrest,107,Radiant Glossy Photo Paper,copy paper,segA,26,58,84.1,2186.6,1508,678.6,8/20/2026,,,,,,,,
8/19/2026,365,105,Sleek Suppliers of Lakecrest,108,Dazzling Cardstock,copy paper,segA,11,21,32.55,358.05,231,127.05,8/20/2026,,,,,,,,
8/19/2026,365,105,Sleek Suppliers of Lakecrest,112,Sparkling Letter Size Paper,copy paper,segA,195,,59.8,11661,8970,2691,8/20/2026,,,,,,,,
19/08/2026,365,105,Sleek Suppliers of Lakecrest,115,Polished Glossy Photo Paper,copy paper,segA,18,59,78.47,1412.46,1062,350.46,8/20/2026,,,,,,,,
8/19/2026,365,105,Sleek Suppliers of Lakecrest,118,Sparkling Cardstock,copy paper,segA,22,37,58.83,1294.26,814,480.26,8/20/2026,,,,,,,,
8/17/2026,410,105,Sleek Suppliers of Lakecrest,55,Spotless Floor Cleaner,cleaning supplies,  segA ,15,29,47.56,713.4,,278.4,8/18/2026,,,,,,,,
8/17/2026,410,105,Sleek Suppliers of Lakecrest,57,Glossy All-Purpose Cleaner,cleaning supplies,segA,2,51,86.7,,102,71.4,8/18/2026,,,,,,,,
8/17/2026,410,105,Sleek Suppliers of Lakecrest,,Spotless Floor Cleaner,cleaning supplies,segA,6,31,57.35,,186,158.1,8/18/2026,,,,,,,,
8/17/2026,410,105,Sleek Suppliers of Lakecrest,61,Pristine Degreaser,cleaning supplies,segA,120,50,73,8760,6000,2760,8/18/2026,,,,,,,,
8/17/2026,410,105,Sleek Suppliers of Lakecrest,64,  Bright Glass Cleaner ,cleaning supplies,  segA ,3,32,54.72,164.16,96,68.16,8/18/2026,,,,,,,,
8/17/2026,410,105,  Sleek Suppliers of Lakecrest ,68,Dazzling Disinfectant Wipes,cleaning supplies,segA,9,54,91.26,821.34,486,335.34,18/08/2026,,,,,,,,
8/17/2026,410,105,Sleek Suppliers of Lakecrest,84,Sparkling Creamers,breakroom supplies,segB,1,18,32.4,32.4,18,14.4,,,,,,,,,
8/17/2026,410,105,Sleek Suppliers of Lakecrest,88,Gleaming Coffee Beans,breakroom supplies,segB,1,18,34.92,34.92,18,16.92,8/18/2026,,,,,,,,
17/08/2026,410,105,Sleek Suppliers of Lakecrest,97,Sparkling Legal Size Paper,copy paper,segA,17,,51.87,881.79,663,218.79,8/18/2026,,,,,,,,
8/17/2026,410,105,Sleek Suppliers of Lakecrest,99,Glossy Letter Size Paper,copy paper,segA,19,57,88.92,1689.48,1083,606.48,8/18/2026,,,,,,,,
8/17/2026,410,105,Sleek Suppliers of Lakecrest,105,Pristine Graph Paper,copy paper,segA,4,52,79.56,318.24,208,110.24,8/18/2026,,,,,,,,
17/08/2026,410,105,Sleek Suppliers of Lakecrest,106,Sleek Resume Paper,copy paper,segA,19,48,63.84,1212.96,912,300.96,8/18/2026,,,,,,,,
8/17/2026,410,105,Sleek Suppliers of Lakecrest,108,Dazzling Cardstock,copy paper,segA,14,21,32.55,455.7,294,161.7,8/18/2026,,,,,,,,
8/17/2026,410,105,Sleek Suppliers of Lakecrest,115,Polished Glossy Photo Paper,copy paper,segA,16,59,78.47,1255.52,944,311.52,8/18/2026,,,,,,,,
8/17/2026,410,105,Sleek Suppliers of Lakecrest,117,Dazzling Graph Paper,copy paper,segA,20,,73.95,1479,1020,459,8/18/2026,,,,,,,,
8/17/2026,410,105,Sleek Suppliers of Lakecrest,118,Sparkling Cardstock,copy paper,segA,16,,58.83,941.28,592,349.28,8/18/2026,,,,,,,,
8/17/2026,410,105,Sleek Suppliers of Lakecrest,120,Sparkling Letter Size Paper,copy paper,segA,11,45,66.6,732.6,495,237.6,8/18/2026,,,,,,,,
8/17/2026,410,105,Sleek Suppliers of Lakecrest,115,Polished Glossy Photo Paper,copy paper,segA,16,59,78.47,1255.52,944,311.52,8/18/2026,,,,,,,,
9/3/2026,,105,Sleek Suppliers of Lakecrest,55,Spotless Floor Cleaner,cleaning supplies,segA,15,29,47.56,713.4,435,278.4,9/4/2026,,,,,,,,
26/08/2026,219,106,Glossy Suppliers of Maplefield,2,Glossy Party Napkins,paper & tissue,segB,1,29,40.6,40.6,29,11.6,8/27/2026,,,,,,,,
8/26/2026,219,106,Glossy Suppliers of Maplefield,8,Bright Party Napkins,paper & tissue,sgeB,1,50,77,77,50,27,8/27/2026,,,,,,,,
8/26/2026,219,106,Glossy Suppliers of Maplefield,14,Spotless Pocket Tissues,paper & tissue,segB,1,20,29.4,29.4,20,9.4,8/27/2026,,,,,,,,
8/26/2026,219,106,Glossy Suppliers of Maplefield,26,Radiant Sticky Notes,office products,segB,1,34,48.62,48.62,34,14.62,8/27/2026,,,,,,,,
8/26/2026,219,106,Glossy Suppliers of Maplefield,30,,office products,segB,1,28,42,42,28,14,8/27/2026,,,,,,,,
8/26/2026,219,106,Glossy Suppliers of Maplefield,53,Glossy Glass Cleaner,cleaning supplies,segA,3,36,65.88,197.64,108,89.64,8/27/2026,,,,,,,,
8/26/2026,219,106,  Glossy Suppliers of Maplefield ,54,Dazzling Floor Cleaner,cleaning supplies,segA,2,45,84.15,168.3,90,78.3,8/27/2026,,,,,,,,
8/26/2026,219,106,Glossy Suppliers of Maplefield,64,Bright Glass Cleaner,cleaning supplies,segA,3,32,56,168,96,72,8/27/2026,,,,,,,,
8/26/2026,219,106,Glossy Suppliers of Maplefield,71,Spotless Glass Cleaner,cleaning supplies,segA,1,31,58.59,58.59,31,,8/27/2026,,,,,,,,
8/26/2026,219,106,Glossy Suppliers of Maplefield,72,,cleaning supplies,segA,2,23,37.26,74.52,46,28.52,8/27/2026,,,,,,,,
8/26/2026,219,106,Glossy Suppliers of Maplefield,85,Sparkling Microwave Popcorn,breakroom supplies,segA,2,12,23.04,46.08,24,22.08,8/27/2026,,,,,,,,
8/26/2026,219,106,Glossy Suppliers of Maplefield,86,Dazzling Instant Soups,breakroom supplies,segA,1,16,29.28,29.28,16,13.28,8/27/2026,,,,,,,,
8/26/2026,219,106,Glossy Suppliers of Maplefield,87,Glossy Tea Selection,breakroom supplies,segA,1,11,22.11,22.11,11,11.11,8/27/2026,,,,,,,,
8/26/2026,219,106,Glossy Suppliers of Maplefield,89,Sparkling Disposable Cups,breakroom supplies,segA,1,21,42.63,42.63,21,21.63,8/27/2026,,,,,,,,
8/26/2026,219,106,Glossy Suppliers of Maplefield,96,Dazzling Disposable Cups,breakroom supplies,segA,1,,36.1,36.1,19,17.1,8/27/2026,,,,,,,,
8/26/2026,219,106,Glossy Suppliers of Maplefield,97,Sparkling Legal Size Paper,cpoy paper,segA,6,39,58.89,353.34,234,119.34,8/27/2026,,,,,,,,
8/26/2026,219,106,Glossy Suppliers of Maplefield,98,Radiant Glossy Photo Paper,copy paper,segA,2,23,34.27,68.54,46,22.54,8/27/2026,,,,,,,,
8/26/2026,219,106,Glossy Suppliers of Maplefield,105,Pristine Graph Paper,copy paper,segA,1,52,73.32,,52,21.32,8/27/2026,,,,,,,,
8/26/2026,219,106,Glossy Suppliers of Maplefield,106,Sleek Resume Paper,copy paper,segA,3,48,72.96,218.88,144,74.88,8/27/2026,,,,,,,,
8/26/2026,219,106,  Glossy Suppliers of Maplefield ,108,Dazzling Cardstock,copy paper,segA,3,21,32.55,97.65,63,34.65,8/27/2026,,,,,,,,
8/26/2026,219,106,Glossy Suppliers of Maplefield,114,Glossy Recycled Paper,copy paper,segA,1,32,46.4,46.4,32,14.4,8/27/2026,,,,,,,,
8/26/2026,219,106,Glossy Suppliers of Maplefield,116,Immaculate Legal Size Paper,copy paper,segA,1,59,91.45,91.45,59,32.45,8/27/2026,,,,,,,,
8/26/2026,219,106,Glossy Suppliers of Maplefield,119,Immaculate Letter Size Paper,copy paper,segA,4,,58.96,235.84,176,59.84,8/27/2026,,,,,,,,
8/24/2026,279,106,,54,Dazzling Floor Cleaner,cleaning supplies,  segA ,1,45,84.15,84.15,45,39.15,8/25/2026,,,,,,,,
8/24/2026,279,106,Glossy Suppliers of Maplefield,58,Spotless Floor Cleaner,cleaning supplies,segA,1,31,58.59,58.59,31,27.59,8/25/2026,,,,,,,,
8/24/2026,279,106,Glossy Suppliers of Maplefield,64,Bright Glass Cleaner,cleaning supplies,segA,3,32,56,168,96,72,8/25/2026,,,,,,,,
8/24/2026,279,106,Glossy Suppliers of Maplefield,71,Spotless Glass Cleaner,cleaning supplies,segA,1,31,58.59,58.59,31,27.59,8/25/2026,,,,,,,,
24/08/2026,279,106,Glossy Suppliers of Maplefield,85,Sparkling Microwave Popcorn,breakroom supplies,segA,2,12,23.04,46.08,24,22.08,8/25/2026,,,,,,,,
8/24/2026,279,106,Glossy Suppliers of Maplefield,86,Dazzling Instant Soups,breakroom supplies,segA,1,16,29.28,29.28,16,13.28,8/25/2026,,,,,,,,
8/24/2026,279,106,Glossy Suppliers of Maplefield,89,Sparkling Disposable Cups,,segA,1,21,42.63,42.63,21,21.63,8/25/2026,,,,,,,,
8/24/2026,279,106,Glossy Suppliers of Maplefield,94,Pristine Instant Soups,breakroom supplies,segA,1,7,14.07,14.07,,7.07,8/25/2026,,,,,,,,
8/24/2026,279,106,Glossy Suppliers of Maplefield,97,Sparkling Legal Size Paper,copy paper,segA,4,39,58.89,235.56,156,79.56,8/25/2026,,,,,,,,
8/24/2026,279,106,Glossy Suppliers of Maplefield,99,,copy paper,segA,3,57,88.35,265.05,171,94.05,8/25/2026,,,,,,,,
8/24/2026,279,106,Glossy Suppliers of Maplefield,100,Dazzling Legal Size Paper,copy paper,segA,3,24,32.88,98.64,72,26.64,8/25/2026,,,,,,,,
8/24/2026,279,106,Glossy Suppliers of Maplefield,106,Sleek Resume Paper,copy paper,segA,4,48,72.96,291.84,192,99.84,8/25/2026,,,,,,,,
8/13/2026,478,106,Glossy Suppliers of Maplefield,2,Glossy Party Napkins,paper & tissue,segB,2,29,40.6,81.2,58,23.2,8/14/2026,,,,,,,,
8/13/2026,478,106,Glossy Suppliers of Maplefield,8,Bright Party Napkins,paper & tissue,segB,1,50,77,77,50,27,8/14/2026,,,,,,,,
8/13/2026,478,106,  Glossy Suppliers of Maplefield ,18,Pristine Lunch Napkins,paper & tissue,segB,1,,29.6,29.6,20,9.6,8/14/2026,,,,,,,,
8/13/2026,478,106,Glossy Suppliers of Maplefield,53,Glossy Glass Cleaner,cleaning supplies,segA,1,36,65.88,65.88,36,29.88,8/14/2026,,,,,,,,
8/13/2026,478,106,Glossy Suppliers of Maplefield,54,Dazzling Floor Cleaner,cleaning supplies,segA,3,45,84.15,252.45,135,117.45,8/14/2026,,,,,,,,
8/13/2026,478,106,Glossy Suppliers of Maplefield,57,Glossy All-Purpose Cleaner,cleaning supplies,segA,1,51,87.21,87.21,51,36.21,8/14/2026,,,,,,,,
8/13/2026,478,106,Glossy Suppliers of Maplefield,60,Polished Degreaser,cleaning supplies,segA,1,26,48.88,48.88,26,22.88,8/14/2026,,,,,,,,
8/13/2026,478,106,Glossy Suppliers of Maplefield,72,Gleaming Glass Cleaner,cleaning supplies,segA,2,23,37.26,74.52,46,,8/14/2026,,,,,,,,
8/13/2026,478,106,Glossy Suppliers of Maplefield,73,Spotless Creamers,breakroom supplies,segA,1,18,31.68,,18,13.68,8/14/2026,,,,,,,,
8/13/2026,478,106,Glossy Suppliers of Maplefield,75,Fresh Microwave Popcorn,breakroom supplies,segA,1,18,35.82,35.82,18,17.82,8/14/2026,,,,,,,,
,478,106,Glossy Suppliers of Maplefield,81,Polished Stirrers,breakroom supplies,segA,1,22,38.28,38.28,22,16.28,8/14/2026,,,,,,,,
8/13/2026,478,106,Glossy Suppliers of Maplefield,85,Sparkling Microwave Popcorn,breakroom supplies,segA,2,12,23.04,46.08,24,22.08,8/14/2026,,,,,,,,
8/13/2026,478,106,Glossy Suppliers of Maplefield,87,,breakroom supplies,segA,1,11,22.11,22.11,11,11.11,8/14/2026,,,,,,,,
8/13/2026,478,106,Glossy Suppliers of Maplefield,90,Dazzling Instant Soups,breakroom supplies,segA,1,24,49.2,49.2,24,25.2,8/14/2026,,,,,,,,
8/13/2026,478,106,Glossy Suppliers of Maplefield,98,Radiant Glossy Photo Paper,copy paper,segA,3,23,34.27,102.81,69,33.81,8/14/2026,,,,,,,,
8/13/2026,478,106,Glossy Suppliers of Maplefield,99,Glossy Letter Size Paper,  copy paper ,segA,4,57,88.35,353.4,228,125.4,8/14/2026,,,,,,,,
8/13/2026,478,106,Glossy Suppliers of Maplefield,104,Gleaming Glossy Photo Paper,copy paper,segA,3,52,79.56,238.68,156,82.68,8/14/2026,,,,,,,,
8/13/2026,478,106,Glossy Suppliers of Maplefield,108,Dazzling Cardstock,copy paper,segA,6,21,32.55,195.3,126,69.3,8/14/2026,,,,,,,,
8/10/2026,562,106,Glossy Suppliers of Maplefield,14,Spotless Pocket Tissues,paper & tissue,segB,1,20,29.4,29.4,20,9.4,8/25/2026,,,,,,,,
8/10/2026,562,106,Glossy Suppliers of Maplefield,33,Dazzling File Folders,office products,segB,1,26,42.9,42.9,26,16.9,8/25/2026,,,,,,,,
8/10/2026,562,106,Glossy Suppliers of Maplefield,48,Fresh Desk Organizers,office products,segB,1,29,44.37,44.37,29,15.37,8/25/2026,,,,,,,,
8/10/2026,562,106,Glossy Suppliers of Maplefield,60,Polished Degreaser,cleaning supplies,segA,1,26,48.88,48.88,26,22.88,8/25/2026,,,,,,,,
8/10/2026,562,106,Glossy Suppliers of Maplefield,64,Bright Glass Cleaner,cleaning supplies,segA,,32,56,56,32,24,8/25/2026,,,,,,,,
8/10/2026,562,106,Glossy Suppliers of Maplefield,70,Sleek Air Freshener,cleaning supplies,segA,3,33,61.05,183.15,99,84.15,,,,,,,,,
,562,106,Glossy Suppliers of Maplefield,71,Spotless Glass Cleaner,cleaning supplies,segA,,31,58.59,58.59,31,27.59,8/25/2026,,,,,,,,
8/10/2026,562,106,Glossy Suppliers of Maplefield,85,Sparkling Microwave Popcorn,breakroom supplies,segA,2,12,23.04,46.08,24,22.08,8/25/2026,,,,,,,,
8/10/2026,562,106,Glossy Suppliers of Maplefield,86,Dazzling Instant Soups,breakroom supplies,segA,1,16,29.28,,16,13.28,8/25/2026,,,,,,,,
8/10/2026,562,106,Glossy Suppliers of Maplefield,87,Glossy Tea Selection,breakroom supplies,segA,1,11,22.11,22.11,11,11.11,8/25/2026,,,,,,,,
8/10/2026,562,106,Glossy Suppliers of Maplefield,89,Sparkling Disposable Cups,breakroom supplies,esgA,2,21,42.63,85.26,42,43.26,8/25/2026,,,,,,,,
8/10/2026,562,106,Glossy Suppliers of Maplefield,90,Dazzling Instant Soups,breakroom supplies,segA,1,,49.2,49.2,24,25.2,8/25/2026,,,,,,,,
8/10/2026,562,106,Glossy Suppliers of Maplefield,104,Gleaming Glossy Photo Paper,copy paper,segA,4,52,79.56,318.24,208,110.24,8/25/2026,,,,,,,,
8/10/2026,562,106,Glossy Suppliers of Maplefield,106,Sleek Resume Paper,copy paper,segA,4,48,72.96,291.84,192,99.84,8/25/2026,,,,,,,,
8/10/2026,562,106,Glossy Suppliers of Maplefield,114,GlossyR ecycled Paper,copy paper,segA,2,32,46.4,92.8,64,28.8,8/25/2026,,,,,,,,
8/10/2026,,106,  Glossy Suppliers of Maplefield ,82,Pristine Granola Bars,breakroom supplies,segA,2,26,48.1,96.2,52,44.2,8/25/2026,,,,,,,,
8/31/2026,112,108,Sparkling Custodians of Harbordale,2,Glossy Party Napkins,paper & tissue,segB,1,29,45.24,45.24,29,16.24,9/1/2026,,,,,,,,
8/31/2026,112,108,Sparkling Custodians of Harbordale,10,Pristine 2-Ply Toilet Paper,paper & tissue,segB,1,26,38.22,38.22,26,12.22,9/1/2026,,,,,,,,
8/31/2026,112,108,Sparkling Custodians of Harbordale,11,Fresh Lunch Napkins,paper & tissue,segB,1,21,,31.71,21,10.71,9/1/2026,,,,,,,,
8/31/2026,112,108,Sparkling Custodians of Harbordale,16,Dazzling Bathroom Tissue,pape r& tissue,segB,1,,66.36,66.36,42,24.36,9/1/2026,,,,,,,,
8/31/2026,112,108,Sparkling Custodians of Harbordale,64,Bright Glass Cleaner,cleaning supplies,segB,1,32,58.56,58.56,32,26.56,9/1/2026,,,,,,,,
8/31/2026,112,108,Sparkling Custodians of Harbordale,75,Fresh Microwave Popcorn,breakroom supplies,segB,1,18,,38.16,18,20.16,9/1/2026,,,,,,,,
8/31/2026,112,108,Sparkling Custodians of Harbordale,79,  Immaculate Microwave Popcorn ,breakroom supplies,segB,1,25,48.75,48.75,25,23.75,9/1/2026,,,,,,,,
8/31/2026,112,108,Sparkling Custodians of Harbordale,97,Sparkling Legal Size Paper,,segA,,39,55.38,276.9,,81.9,9/1/2026,,,,,,,,
8/31/2026,112,108,Sparkling Custodians of Harbordale,115,Polished Glossy Photo Paper,copy paper,segA,22,59,67.26,1479.72,1298,181.72,9/1/2026,,,,,,,,
8/31/2026,112,108,Sparkling Custodians of Harbordale,119,  Immaculate Letter Size Paper ,copy paper,segA,2,44,64.24,128.48,88,40.48,9/1/2026,,,,,,,,
,112,108,Sparkling Custodians of Harbordale,120,Sparkling Letter Size Paper,copy paper,segA,1,,59.4,59.4,45,14.4,9/1/2026,,,,,,,,
8/26/2026,220,108,Sparkling Custodians of Harbordale,78,Glossy Creamers,breakroom supplies,segB,52,27,43.2,2246.4,1404,842.4,9/3/2026,,,,,,,,
8/26/2026,220,108,  Sparkling Custodians of Harbordale ,79,Immaculate Microwave Popcorn,breakroom supplies,segB,1,25,48.75,48.75,25,23.75,9/3/2026,,,,,,,,
8/26/2026,220,108,  Sparkling Custodians of Hrabordale ,97,Sparkling Legal Size Paper,copy paper,segA,6,39,55.38,332.28,234,98.28,,,,,,,,,
8/26/2026,220,108,Sparkling Custodians of Harbordale,115,Polished Glossy Photo Paper,copy paper,segA,,59,67.26,1546.98,1357,189.98,9/3/2026,,,,,,,,
8/10/2026,563,108,Sparkling Custodians of Harbordale,11,Fresh Lunch Napkins,paper & tissue,segB,1,21,31.71,31.71,21,10.71,8/18/2026,,,,,,,,
8/10/2026,563,108,Sparkling Custodians of Harbordale,43,Fresh File Folders,office products,segD,1,50,80,80,50,30,8/18/2026,,,,,,,,
8/10/2026,563,108,Sparkling Custodians of Harbordale,76,Immaculate Granola Bars,breakroom supplies,segB,1,10,21.2,21.2,10,11.2,8/18/2026,,,,,,,,
8/10/2026,563,108,Sparkling Custodians of Harbordale,82,Pristine Granola Bars,breakroom supplies,segB,1,26,53.56,53.56,26,27.56,8/18/2026,,,,,,,,
8/10/2026,563,108,Sparkling Custodians of Harbordale,83,Spotless Energy Drinks,breakroom supplies,segB,1,26,50.18,50.18,26,24.18,8/18/2026,,,,,,,,
10/8/2026,563,108,Sparkling Custodians of Harbordale,91,Glossy Microwave Popcorn,breakroom supplies,segB,1,29,57.42,57.42,29,28.42,,,,,,,,,
8/10/2026,563,108,Sparkling Custodians of Harbordale,97,Sparkling Legal Size Paper,copy paper,segA,5,39,55.38,276.9,195,81.9,8/18/2026,,,,,,,,
8/10/2026,563,108,Sparkling Custodians of Harbordale,102,Sleek Resume Paper,copy paper,segA,5,26,34.32,171.6,130,41.6,8/18/2026,,,,,,,,
8/10/2026,563,108,Sparkling Custodians of Harbordale,107,Radiant Glossy Photo Paper,copy paper,segA,29,58,66.7,1934.3,1682,252.3,,,,,,,,,
8/10/2026,563,108,Sparkling Custodians of Harbordale,116,,copy paper,segA,5,59,90.27,451.35,295,156.35,8/18/2026,,,,,,,,
8/10/2026,563,108,Sparkling Custodians of Harbordale,120,Sparkling Letter Size Paper,copy paper,segA,2,45,59.4,118.8,90,28.8,8/18/2026,,,,,,,,
8/26/2026,,108,Sparkling Custodians of Harbordale,101,Radiant Colored Paper,copy paper,segA,4,60,93,372,240,132,9/3/2026,,,,,,,,
8/10/2026,,108,Sparkling Custodians of Harbordale,118,Sparkling Cardstock,copy paper,sgeA,3,37,52.54,157.62,111,46.62,8/18/2026,,,,,,,,
9/2/2026,66,109,Sleek Servicers of Granitefield,7,Gleaming Bathroom Tissue,paper & tissue,segA,6,16,23.68,142.08,96,46.08,9/3/2026,,,,,,,,
9/2/2026,66,109,Sleek Servicers of Granitefield,,Fresh Lunch Napkins,,segA,19,21,25.2,478.8,399,79.8,9/3/2026,,,,,,,,
9/2/2026,66,109,Sleek Servicers of Granitefield,12,Immaculate Roll Paper Towels,paper & tissue,segA,1,44,62.48,62.48,44,18.48,9/3/2026,,,,,,,,
9/2/2026,66,109,Sleek Servicers of Granitefield,24,Sparkling Pocket Tissues,paper & tissue,segA,6,18,24.48,146.88,108,38.88,9/3/2026,,,,,,,,
9/2/2026,66,109,Sleek Servicers of Granitefield,50,Bright Glass Cleaner,cleaning supplies,segB,,23,40.71,40.71,23,17.71,,,,,,,,,
9/2/2026,66,109,Sleek Servicers of Granitefield,60,Polished Degreaser,cleaning supplies,segB,1,26,52,52,26,26,9/3/2026,,,,,,,,
9/2/2026,66,109,Sleek Servicers of Granitefield,68,Dazzling Disinfectant Wipes,cleaning supplies,segB,1,54,100.44,100.44,54,46.44,9/3/2026,,,,,,,,
9/2/2026,66,109,Sleek Servicers of Granitefield,71,Spotless Glass Cleaner,cleaning supplies,segB,1,31,54.25,54.25,31,23.25,9/3/2026,,,,,,,,
8/24/2026,280,109,Sleek Servicers of Granitefield,5,Polished Kitchen Towels,paper & tissue,segA,3,35,49.7,149.1,105,44.1,8/25/2026,,,,,,,,
8/24/2026,280,109,Sleek Servicers of Granitefield,7,Gleaming Bathroom Tissue,paper & tissue,segA,6,16,23.68,142.08,96,46.08,8/25/2026,,,,,,,,
8/24/2026,280,109,Sleek Servciers of Granitefield,24,Sparkling Pocket Tissues,paper & tissue,,3,18,24.48,73.44,54,19.44,8/25/2026,,,,,,,,
8/24/2026,280,109,Sleek Servicers of Granitefield,54,Dazzling Floor Cleaner,cleaning supplies,segB,1,45,80.55,80.55,45,35.55,8/25/2026,,,,,,,,
8/24/2026,280,109,Sleek Servicers of Granitefield,99,Glossy Letter Size Paper,copy paper,  segD ,1,57,104.31,104.31,57,47.31,8/25/2026,,,,,,,,
8/17/2026,411,109,Sleek Servicers of Granitefield,7,Gleaming Bathroom Tissue,paper & tissue,segA,4,16,,94.72,64,30.72,8/18/2026,,,,,,,,
8/17/2026,411,109,Sleek Servicers of Granitefield,23,Dazzling Roll Paper Towels,paper & tissue,segA,15,40,46,690,600,90,8/18/2026,,,,,,,,
8/17/2026,411,109,Sleek Servicers of Granitefield,24,Sparkling Pocket Tissues,paper & tissue,segA,5,18,24.48,122.4,90,32.4,8/18/2026,,,,,,,,
8/17/2026,411,109,Sleek Servicers of Granitefield,32,Bright Desk Organizers,office products,segC,2,44,74.36,148.72,88,60.72,8/18/2026,,,,,,,,
8/17/2026,411,109,Sleek Servicers of Granitefield,52,Spotless Air Freshener,cleaning supplies,segB,1,49,91.14,91.14,49,42.14,8/18/2026,,,,,,,,
8/14/2026,447,109,Sleek Servicers of Granitefield,8,Bright Party Napkins,paper & tissue,segA,6,50,75,450,300,150,8/24/2026,,,,,,,,
8/14/2026,447,109,Sleek Servicers of Granitefield,11,Fresh Lunch Napkins,paper & tissue,segA,17,21,25.2,428.4,357,71.4,8/24/2026,,,,,,,,
8/14/2026,447,109,Sleek Servicers of Granitefield,12,Immaculate Roll Paper Towels,paper & tissue,segA,2,44,62.48,124.96,88,36.96,8/24/2026,,,,,,,,
8/14/2026,447,109,Sleek Servicers of Granitefield,15,Sparkling 2-Ply Toilet Paper,paper & tissue,segA,2,43,58.05,116.1,86,,8/24/2026,,,,,,,,
8/14/2026,447,109,Sleek Servicers of Granitefield,33,Dazzling File Folders,office products,segC,1,26,40.3,40.3,26,14.3,8/24/2026,,,,,,,,
9/2/2026,,109,Sleek Servicers of Granitefield,5,Polished Kitchen Towels,paper & tissue,,4,35,49.7,198.8,140,58.8,9/3/2026,,,,,,,,
9/4/2026,10,110,Sparkling Custodians of Riverburg,14,Spotless Pocket Tissues,,segA,3,20,29.4,88.2,60,28.2,9/7/2026,,,,,,,,
9/4/2026,10,110,Sparkling Custodians of Riverburg,16,Dazzling Bahtroom Tissue,paper & tissue,,2,42,57.12,114.24,84,30.24,,,,,,,,,
4/9/2026,10,110,Sparkling Custodians of Riverburg,55,Spotless Floor Cleaner,cleaning supplies,,11,29,43.5,478.5,319,159.5,9/7/2026,,,,,,,,
9/4/2026,10,110,Sparkling Custodians of Riverburg,68,Dazzling Disinfectant Wipes,cleaning supplies,segA,2,54,93.96,187.92,108,79.92,9/7/2026,,,,,,,,
9/4/2026,10,110,Sparkling Custodians of Riverburg,71,Spotless Glass Cleaner,cleaning supplies,segA,14,31,46.5,651,434,217,9/7/2026,,,,,,,,
9/4/2026,10,110,Sparkling Custodians of Riverburg,75,Fresh Microwave Popcorn,breakroom supplies,segA,1,18,37.08,37.08,18,19.08,9/7/2026,,,,,,,,
9/4/2026,10,110,Sparkling Custodians of Riverburg,78,Glossy Creamers,breakroom supplies,segA,1,27,55.89,55.89,27,28.89,9/7/2026,,,,,,,,
9/4/2026,10,110,Sparkling Custodians of Riverburg,81,Polished Stirrers,breakroom supplies,segA,1,22,42.24,42.24,22,20.24,9/7/2026,,,,,,,,
9/4/2026,10,110,Sparkling Custodians of Riverburg,82,Pristine Granola Bars,  breakroom supplies ,segA,1,26,48.62,48.62,26,22.62,9/7/2026,,,,,,,,
9/4/2026,10,110,Sparkling Custodians of Riverburg,83,Spotless Energy Drinks,breakroom supplies,segA,1,26,49.4,49.4,26,23.4,9/7/2026,,,,,,,,
9/4/2026,10,110,Sparkling Custodians of Riverburg,87,Glossy Tea Selection,breakroom supplies,segA,1,11,22,22,11,11,9/7/2026,,,,,,,,
9/4/2026,10,110,Sparkling Custodians of Riverburg,90,Dazzling Instant Soups,breakroom supplies,segA,1,24,,42.24,24,18.24,9/7/2026,,,,,,,,
9/4/2026,10,110,Sparkling Custodians of Riverburg,106,Sleek Resume Paper,copy paper,segC,1,48,70.56,70.56,48,22.56,9/7/2026,,,,,,,,
9/4/2026,10,110,Sparkling Custodians of Riverburg,113,Polished Recycled Paper,copy paper,segC,1,36,52.56,52.56,36,16.56,,,,,,,,,
,39,110,Sparkling Custodians of Riverburg,2,Glossy Party Napkins,,sgeA,2,29,40.31,80.62,58,22.62,9/4/2026,,,,,,,,
9/3/2026,39,110,Sparkling Custodians of Riverburg,6,Pristine Bathroom Tissue,paper & tissue,segA,2,19,24.89,49.78,38,11.78,9/4/2026,,,,,,,,
9/3/2026,39,110,Sparkling Custodians of Riverburg,12,Immaculate Roll Paper Towels,paper & tissue,segA,2,44,57.64,115.28,88,27.28,9/4/2026,,,,,,,,
9/3/2026,39,110,Sparkling Custodians of Riverburg,16,Dazzling Bathroom Tissue,paper & tissue,segA,1,42,57.12,57.12,42,15.12,9/4/2026,,,,,,,,
9/3/2026,39,110,Sparkling Custodians of Riverburg,23,Dazzling Roll Paper Towels,paper & tissue,segA,1,40,54.4,54.4,40,14.4,9/4/2026,,,,,,,,
9/3/2026,39,110,Sparkling Custodians of Riverburg,24,Sparkling Pocket Tissues,paper & tissue,segA,7,18,24.12,168.84,126,42.84,4/9/2026,,,,,,,,
9/3/2026,39,110,Sparkling Custodians of Riverburg,55,Spotless Floor Cleaner,cleaning supplies,segA,8,29,43.5,348,232,116,9/4/2026,,,,,,,,
9/3/2026,39,110,Sparkling Custodians of Riverburg,62,Glossy Air Freshener,cleaning supplies,segA,2,20,33,66,40,26,9/4/2026,,,,,,,,
,39,110,Sparkling Custodians of Riverburg,68,  Dazzling Disinfectant Wipes ,cleaning supplies,segA,2,54,93.96,187.92,108,79.92,9/4/2026,,,,,,,,
9/3/2026,39,110,Sparkling Custodians of Riverburg,71,Spotless Glass Cleaner,cleaning supplies,segA,14,31,46.5,651,434,217,9/4/2026,,,,,,,,
,39,110,Sparkling Custodians of Riverburg,81,Polished Stirrers,breakroom supplies,segA,1,22,42.24,42.24,22,20.24,9/4/2026,,,,,,,,
9/3/2026,39,110,Sparkling Custodians of Riverburg,82,Pristine Granola Bars,breakroom supplies,segA,1,26,48.62,48.62,26,22.62,9/4/2026,,,,,,,,
9/3/2026,39,110,Sparkling Custodians of Riverburg,86,Dazzling Instant Soups,breakroom supplies,segA,1,16,30.72,30.72,16,14.72,9/4/2026,,,,,,,,
9/3/2026,39,110,Sparkling Custodians of Riverburg,87,Glossy Tea Selection,breakroom spuplies,segA,1,11,22,22,11,11,9/4/2026,,,,,,,,
9/3/2026,39,110,  Sparkling Custodians of Riverburg ,88,Gleaming Coffee Beans,breakroom supplies,segA,1,18,30.6,30.6,18,12.6,9/4/2026,,,,,,,,
9/3/2026,39,110,Sparkling Custodians of Riverburg,90,Dazzling Instant Soups,breakroom supplies,segA,1,24,42.24,42.24,24,18.24,9/4/2026,,,,,,,,
9/3/2026,39,110,Sparkling Custodians of Riverburg,107,Radiant Glossy Photo Paper,copy paper,segC,2,58,89.32,178.64,116,62.64,9/4/2026,,,,,,,,
8/26/2026,221,110,Sparkling Custodians of Riverburg,14,Spotless Pocket Tissues,paper & tissue,segA,2,20,29.4,58.8,40,18.8,9/3/2026,,,,,,,,
26/08/2026,221,110,Sparkling Custodians of Riverburg,16,Dazzling Bathroom Tissue,paper & tissue,segA,1,42,57.12,57.12,42,15.12,9/3/2026,,,,,,,,
8/26/2026,221,110,Sparkling Custodians of Riverburg,19,Fresh Party Napkins,paper & tissue,segA,2,45,63.9,127.8,90,37.8,9/3/2026,,,,,,,,
8/26/2026,221,110,Sparkling Custodians of Riverburg,23,Dazzling Roll Paper Towels,paper & tissue,segA,1,40,54.4,54.4,40,14.4,9/3/2026,,,,,,,,
8/26/2026,221,110,Sparkling Custodians of Riverburg,49,Sparkling Disinfectant Wipes,cleaning supplies,,2,21,38.43,76.86,42,34.86,9/3/2026,,,,,,,,
8/26/2026,221,110,Sparkling Custodians of Riverburg,55,Spotless Floor Cleaner,cleaning supplies,segA,11,29,,,319,159.5,9/3/2026,,,,,,,,
,221,110,Sparkling Custodians of Riverburg,57,Glossy All-Purpose Cleaner,cleaning supplies,segA,3,51,81.6,244.8,153,91.8,3/9/2026,,,,,,,,
8/26/2026,221,110,Sparkling Custodians of Riverburg,68,Dazzling Disinfectant Wipes,cleaning supplies,segA,1,54,93.96,93.96,54,39.96,9/3/2026,,,,,,,,
8/26/2026,221,110,Sparkling Custodians of Riverburg,77,Sleek Disposable Cups,breakroom supplies,segA,1,25,53.25,53.25,25,28.25,9/3/2026,,,,,,,,
8/26/2026,221,110,Sparkling Custodians of Riverburg,88,,breakroom supplies,segA,2,18,30.6,61.2,36,25.2,9/3/2026,,,,,,,,
8/26/2026,221,110,Sparkling Custodians of Riverburg,106,Sleek Resume Paper,,segC,2,48,70.56,141.12,96,45.12,9/3/2026,,,,,,,,
8/20/2026,349,110,Sparkling Custodians of Riverburg,2,Glossy Party Napkins,paper & tissue,segA,3,29,40.31,120.93,87,,8/21/2026,,,,,,,,
8/20/2026,349,110,Sparkling Custodians of Riverburg,14,Spotless Pocket Tissues,paper & tissue,segA,3,20,29.4,88.2,60,28.2,8/21/2026,,,,,,,,
8/20/2026,349,110,Sparkling Custodians of Riverburg,18,Pristine Lunch Napkins,paper & tissue,segA,2,20,28.6,57.2,40,17.2,21/08/2026,,,,,,,,
8/20/2026,349,110,Sparkling Custodians of Riverburg,49,Sparkling Disinfectant Wipes,cleaning supplies,segA,2,21,38.43,76.86,42,34.86,8/21/2026,,,,,,,,
8/20/2026,349,110,Sparkling Custodians of Riverburg,65,Sparkling Citrus Cleaner,cleaning supplies,segA,1,20,32,32,20,12,8/21/2026,,,,,,,,
20/08/2026,349,110,Sparkling Custodians of Riverburg,68,Dazzling Disinfectant Wipes,cleaning supplies,segA,2,54,93.96,187.92,108,79.92,8/21/2026,,,,,,,,
,349,110,Sparkling Custodians of Riverburg,71,,cleaning supplies,segA,,31,46.5,697.5,465,232.5,8/21/2026,,,,,,,,
8/20/2026,349,110,Sparkling Custodians of Riverburg,74,,breakroom supplies,,1,15,29.55,29.55,15,14.55,8/21/2026,,,,,,,,
8/20/2026,349,110,Sparkling Custodians of Riverburg,75,Fresh Microwave Popcorn,breakroom supplies,segA,2,18,37.08,74.16,36,38.16,8/21/2026,,,,,,,,
8/20/2026,349,110,Sparkling Custodians of Riverburg,77,Sleek Disposable Cups,breakroom supplies,segA,1,25,53.25,53.25,25,28.25,8/21/2026,,,,,,,,
8/20/2026,349,110,Sparkling Custodians of Riverburg,78,Glossy Creamers,breakroom supplies,segA,1,27,55.89,55.89,27,28.89,8/21/2026,,,,,,,,
8/20/2026,349,110,Sparkling Custodians of Riverburg,80,Spotless Instant Soups,breakroom supplies,segA,1,17,36.04,36.04,17,19.04,8/21/2026,,,,,,,,
8/20/2026,349,110,Sparkling Custodians of Riverburg,81,Polished Stirrers,breakroom supplies,segA,1,22,42.24,42.24,22,20.24,8/21/2026,,,,,,,,
8/20/2026,349,110,Sparkling Custodians of Riverburg,82,Pristine Granola Bars,breakroom supplies,seAg,1,26,48.62,48.62,26,22.62,8/21/2026,,,,,,,,
8/20/2026,349,110,Sparkling Custodians of Riverburg,88,Gleaming Coffee Beans,breakroom supplies,segA,1,18,,30.6,18,12.6,8/21/2026,,,,,,,,
8/20/2026,349,110,Sparkling Custodians of Riverburg,105,Pristine Graph Ppaer,copy paper,  sgeC ,1,52,82.68,82.68,52,30.68,8/21/2026,,,,,,,,
8/20/2026,349,110,Sparkling Custodians of Riverburg,106,Sleek Resume Paper,copy paper,segC,2,48,70.56,141.12,96,45.12,8/21/2026,,,,,,,,
9/4/2026,,110,Sparkling Custodians of Riverburg,56,Pristine Citrus Cleaner,cleaning supplies,segA,1,48,83.52,83.52,48,35.52,9/7/2026,,,,,,,,
8/28/2026,145,111,Bright Providers of Baycrest,51,Bright Glass Cleaner,cleaning supplies,segA,1,26,46.8,46.8,26,20.8,8/31/2026,,,,,,,,
8/28/2026,145,111,Bright Providers of Baycrest,53,Glossy Glass Cleaner,cleaning supplies,segA,1,36,67.68,67.68,36,31.68,8/31/2026,,,,,,,,
8/28/2026,145,111,Bright Providers of Baycrest,54,Dazzling Floor Cleaner,cleaning supplies,segA,3,45,72.45,217.35,135,82.35,8/31/2026,,,,,,,,
8/28/2026,145,111,Bright Providers of Baycrest,57,Glossy All-Purpose Cleaner,cleaning supplies,sgeA,1,51,96.9,96.9,51,45.9,8/31/2026,,,,,,,,
8/28/2026,145,111,Bright Providers of Baycrest,60,  Polished Degreaser ,cleaning supplies,segA,1,26,41.86,41.86,26,15.86,8/31/2026,,,,,,,,
8/28/2026,145,111,Bright Providers of Baycrest,64,Bright Glass Cleaner,cleaning supplies,segA,1,,60.16,60.16,32,28.16,8/31/2026,,,,,,,,
8/28/2026,145,111,Bright Providers of Baycrest,66,Radiant Glass Cleaner,cleaning supplies,segA,1,21,38.85,38.85,21,17.85,8/31/2026,,,,,,,,
8/17/2026,412,111,Bright Providers of Baycrest,25,Dazzling Binder Clips,offic eproducts,segB,1,45,64.8,64.8,45,19.8,8/25/2026,,,,,,,,
8/17/2026,412,111,Bright Providers of Baycrest,29,Dazzling Paper Clips,office products,  segB ,1,,59.57,59.57,37,22.57,8/25/2026,,,,,,,,
8/17/2026,412,111,Bright Providers of Baycrest,38,Radiant Pens,office products,segB,1,17,26.18,26.18,17,9.18,8/25/2026,,,,,,,,
17/08/2026,412,111,Bright Providers of Baycrest,54,Dazzling Floor Cleaner,cleaning supplies,segA,2,45,72.45,144.9,90,54.9,8/25/2026,,,,,,,,
17/08/2026,412,111,Bright Providers of Baycrest,57,Glossy All-Purpose Cleaner,cleaning supplies,segA,2,51,96.9,193.8,102,91.8,8/25/2026,,,,,,,,
8/17/2026,412,111,Bright Providers of Baycrest,65,Sparkling Citrus Cleaner,cleaning supplies,segA,1,20,36.6,36.6,20,16.6,8/25/2026,,,,,,,,
8/17/2026,412,111,Bright Providers of Baycrest,,Spotless Glass Cleaner,cleaning supplies,segA,2,31,52.39,104.78,62,42.78,8/25/2026,,,,,,,,
8/31/2026,113,112,Fresh Stewards of Gardenwood,3,Sparkling Party Napkins,paper & tissue,segA,3,21,31.29,93.87,63,30.87,9/1/2026,,,,,,,,
8/31/2026,113,112,Fresh Stewards of Gardenwood,9,Fresh Kitchen Towels,paper & tissue,segA,7,33,44.22,309.54,231,78.54,1/9/2026,,,,,,,,
8/31/2026,113,112,Fresh Stewards of Gardenwood,12,Immaculate Roll Paper Towels,paper & tissue,  segA ,5,44,57.64,288.2,220,68.2,9/1/2026,,,,,,,,
8/31/2026,113,112,Fresh Stewards of Gardenwood,22,Sparkling Pocket Tissues,paper & tissue,,4,41,61.5,246,164,82,9/1/2026,,,,,,,,
8/31/2026,113,112,Fresh Stewards of Gardenwood,76,Immaculate Granola Bars,breakroom supplies,segD,1,10,22,22,10,12,9/1/2026,,,,,,,,
8/31/2026,113,112,Fresh Stewards of Gardenwood,94,Pristine Instant Soups,breakroom supplies,segD,1,7,15.82,15.82,7,8.82,9/1/2026,,,,,,,,
8/31/2026,113,112,Fresh Stewards of Gardenwood,106,Sleek Resume Paper,copy paper,segB,2,48,76.8,153.6,96,57.6,9/1/2026,,,,,,,,
8/31/2026,113,112,Fresh Stewards of Gardenwood,108,Dazzling Cardstock,copy paper,segB,1,21,30.66,30.66,21,9.66,9/1/2026,,,,,,,,
8/31/2026,113,112,Fresh Stewards of Gardenwood,113,Polished Recycled Paper,copy paper,segB,1,36,54,54,36,18,9/1/2026,,,,,,,,
8/28/2026,146,112,Fresh Stewards of Gardenwood,4,Bright Bathroom Tissue,paper & tissue,segA,2,26,37.7,75.4,52,23.4,8/31/2026,,,,,,,,
8/28/2026,146,112,Fresh Stewards of Gardenwood,5,Polished Kitchen Towels,paper & tissue,segA,6,35,46.55,279.3,210,69.3,8/31/2026,,,,,,,,
8/28/2026,146,112,Fresh Stewards of Gardenwood,17,Glossy Lunch Napkins,paper & tissue,segA,1,31,40.92,40.92,31,9.92,,,,,,,,,
8/28/2026,146,112,Fresh Stewards of Gardenwood,20,Gleaming Roll Paper Towels,paper & tissue,segA,2,28,40.88,81.76,56,25.76,8/31/2026,,,,,,,,
8/28/2026,146,112,Fresh Stewards of Gardenwood,22,Sparkling Pocket Tissues,paper & tissue,segA,5,41,61.5,307.5,205,102.5,8/31/2026,,,,,,,,
8/28/2026,146,112,Fresh Stewards of Gardenwood,38,Radiant Pens,office products,segD,1,17,31.11,31.11,17,14.11,31/08/2026,,,,,,,,
8/28/2026,146,112,Fresh Stewards of Gardenwood,105,Pristine Graph Paper,copy paper,segB,1,52,76.44,76.44,52,24.44,8/31/2026,,,,,,,,
8/28/2026,146,112,Fresh Stewards of Gardenwood,110,Pristine Cardstock,copy paper,segB,1,42,70.56,70.56,42,28.56,8/31/2026,,,,,,,,
8/21/2026,310,112,Fresh Stewards of Gardenwood,4,Bright Bathroom Tissue,paper & tissue,segA,2,26,37.7,75.4,52,23.4,8/24/2026,,,,,,,,
8/21/2026,310,112,Fresh Stewards of Gardenwood,5,Polished Kitchen Towels,paper & tissue,segA,5,35,46.55,232.75,175,57.75,8/24/2026,,,,,,,,
8/21/2026,310,112,Fresh Stewards of Gardenwood,11,Fresh Lunch Napkins,paper & tissue,segA,5,21,31.5,157.5,105,52.5,8/24/2026,,,,,,,,
8/21/2026,310,112,Fresh Stewards of Gardenwood,12,Immaculate Roll Paper Towels,paper & tissue,segA,3,44,57.64,172.92,132,40.92,8/24/2026,,,,,,,,
8/21/2026,310,112,Fresh Stewards of Gardenwood,14,Spotless Pocket Tissues,paper & tissue,segA,4,20,29,116,80,36,24/08/2026,,,,,,,,
8/21/2026,310,112,Fresh Stewards of Gardenwood,17,Glossy Lunch Napkins,paper & tissue,  segA ,1,31,40.92,40.92,31,9.92,8/24/2026,,,,,,,,
8/21/2026,310,112,Fresh Stewards of Gardenwood,22,Sparkling Pocket Tissues,paper & tissue,segA,4,41,61.5,246,164,82,8/24/2026,,,,,,,,
8/21/2026,310,112,Fresh Stewards of Gardenwood,,Gleaming Microwave Popcorn,breakroom supplies,segD,1,20,40.8,40.8,20,20.8,8/24/2026,,,,,,,,
8/21/2026,310,112,Fresh Stewards of Gardenwood,95,Bright Disposable Cups,breakroom supplies,segD,1,13,29.12,29.12,13,16.12,8/24/2026,,,,,,,,
9/3/2026,40,113,Pristine Maintainers of Gardenridge,10,Pristine 2-Ply Toilet Paper,paper & tissue,segC,1,26,36.4,36.4,26,10.4,4/9/2026,,,,,,,,
9/3/2026,40,113,Pristine Maintainers of Gardenridge,18,Pristine Lunch Napkins,,segC,1,20,31.4,31.4,20,11.4,9/4/2026,,,,,,,,
9/3/2026,40,113,Pristine Maintainers of Gardenridge,25,Dazzling Binder Clips,office products,segA,24,45,58.5,1404,1080,324,9/4/2026,,,,,,,,
9/3/2026,40,113,Pristine Maintainers of Gardenridge,26,Radiant Sticky Notes,,segA,2,34,49.3,98.6,68,30.6,4/9/2026,,,,,,,,
9/3/2026,40,113,Pristine Maintainers of Gardenridge,28,Immaculate Binder Clips,office products,segA,4,29,40.02,160.08,116,44.08,9/4/2026,,,,,,,,
9/3/2026,40,113,Pristine Maintainers of Gardenridge,31,  Polished Highlighters ,office products,segA,1,17,22.44,22.44,17,5.44,9/4/2026,,,,,,,,
9/3/2026,40,113,Pristine Maintainers of Gardenridge,36,Glossy Staplers,office products,,2,50,77,154,100,54,9/4/2026,,,,,,,,
9/3/2026,40,113,Pristine Maintainers of Gardenridge,38,Radiant Pens,office products,segA,3,17,24.14,72.42,51,21.42,9/4/2026,,,,,,,,
9/3/2026,40,113,Pristine Maintainers of Gardenridge,39,Immaculate Sticky Notes,office products,segA,2,34,53.72,107.44,68,39.44,9/4/2026,,,,,,,,
9/3/2026,40,113,Pristine Maintainers of Gardenridge,43,Fresh File Folders,office products,segA,2,50,67,134,100,34,9/4/2026,,,,,,,,
3/9/2026,40,113,Pristine Maintainers of Gardenridge,80,Spotless Instant Soups,breakroom supplies,segA,1,17,35.7,35.7,17,18.7,9/4/2026,,,,,,,,
9/3/2026,40,113,Pristine Maintainers of Gardenridge,110,Pristine Cardstock,copy paper,segC,1,42,70.98,70.98,42,28.98,9/4/2026,,,,,,,,
9/3/2026,40,113,Pristine Maintainers of Gardenridge,26,Radiant Sticky Notes,,segA,2,34,49.3,98.6,68,30.6,4/9/2026,,,,,,,,
8/28/2026,147,113,Pristine Maintainers of Gardenridge,6,Pristine Bathroom Tissue,paper & tissue,segC,1,19,30.21,30.21,19,11.21,8/31/2026,,,,,,,,
8/28/2026,147,113,Pristine Maintainers of Gardenridge,26,,office products,segA,5,34,49.3,246.5,170,76.5,8/31/2026,,,,,,,,
8/28/2026,147,113,Pristine Maintainers of Gardenridge,28,Immaculate Binder Clips,office products,segA,3,29,40.02,120.06,87,33.06,8/31/2026,,,,,,,,
8/28/2026,147,113,Pristine Maintainers of Gardenridge,31,Polished Highlighters,office products,segA,3,17,22.44,67.32,51,16.32,8/31/2026,,,,,,,,
,147,113,Pristine Maintainers of Gardenridge,33,Dazzling File Folders,office products,segA,3,26,,117.78,78,39.78,8/31/2026,,,,,,,,
8/28/2026,147,113,Pristine Maintainers of Gardenridge,43,Fresh File Folders,office products,,2,50,67,134,100,34,8/31/2026,,,,,,,,
8/28/2026,147,113,Pristine Maintainers of Gardenridge,78,Glossy Creamers,breakroom supplies,segA,1,27,58.05,58.05,27,31.05,8/31/2026,,,,,,,,
8/28/2026,147,113,Pristine Maintainers of Gardenridge,85,Sparkling Microwave Popcorn,breakroom supplies,segA,1,12,21.84,21.84,12,9.84,8/31/2026,,,,,,,,
28/08/2026,147,113,Pristine Maintainers of Gardenridge,96,Dazzling Disposable Cups,breakroom supplies,segA,1,19,39.9,39.9,19,20.9,8/31/2026,,,,,,,,
8/13/2026,479,113,Pristine Maintainers of Gardenridge,10,Pristine 2-Ply Toilet Paper,,segC,1,26,36.4,36.4,26,10.4,8/21/2026,,,,,,,,
8/13/2026,479,113,Pristine Maintainers of Gardenridge,17,Glossy Lunch Napkins,paper & tissue,segC,1,31,48.36,48.36,31,17.36,21/08/2026,,,,,,,,
13/08/2026,479,113,Pristine Maintainers of Gardenridge,28,Immaculate Binder Clips,office products,segA,5,29,40.02,200.1,145,55.1,8/21/2026,,,,,,,,
8/13/2026,479,113,Pristine Maintainers of Gardenridge,31,Polished Highlighters,office products,segA,2,17,22.44,44.88,34,10.88,8/21/2026,,,,,,,,
8/13/2026,479,113,Pristine Maintainers of Gardenridge,36,Glossy Staplers,office products,segA,2,50,77,154,100,54,8/21/2026,,,,,,,,
8/13/2026,479,113,Pristine Maintainers of Gardenridge,38,Radiant Pens,office products,segA,1,17,24.14,24.14,17,7.14,8/21/2026,,,,,,,,
8/13/2026,479,113,Pristine Maintainers of Gardenridge,44,Gleaming Recycled Paper,office products,segA,23,34,43.52,1000.96,782,218.96,8/21/2026,,,,,,,,
8/13/2026,479,113,Pristine Maintainers of Gardenridge,78,Glossy Creamers,breakroom supplies,segA,1,27,58.05,58.05,27,31.05,8/21/2026,,,,,,,,
8/13/2026,479,113,Pristine Maintainers of Gardenridge,80,Spotless Instant Soups,breakroom suplpies,segA,1,17,35.7,35.7,17,18.7,8/21/2026,,,,,,,,
8/13/2026,479,113,Pristine Maintainers of Gardenridge,86,Dazzling Instant Soups,breakroom supplies,segA,1,16,30.56,30.56,16,14.56,8/21/2026,,,,,,,,
8/13/2026,479,113,Pristine Maintainers of Gardenridge,91,Glossy Microwave Popcorn,breakroom supplies,segA,1,29,62.35,62.35,,33.35,8/21/2026,,,,,,,,
,588,113,Pristine Maintainers of Gardenridge,10,Pristine 2-Ply Toilet Paper,paper & tissue,segC,1,26,36.4,,26,10.4,8/10/2026,,,,,,,,
8/7/2026,588,113,Pristine Maintainers of Gardenridge,25,Dazzling Binder Clips,office products,segA,22,45,58.5,1287,990,297,8/10/2026,,,,,,,,
,588,113,Pristine Maintainers of Gardenridge,28,Immaculate Binder Clips,office products,segA,3,29,40.02,120.06,87,33.06,8/10/2026,,,,,,,,
7/8/2026,588,113,Pristine Maintainers of Gardenridge,31,Polished Highlighters,office products,segA,1,17,22.44,22.44,17,5.44,8/10/2026,,,,,,,,
8/7/2026,588,113,Pristine Maintainers of Gardenridge,32,Bright Desk Organizers,office products,segA,,44,68.64,68.64,44,,8/10/2026,,,,,,,,
8/7/2026,588,113,Pristine Maintainers of Gardenridge,33,Dazzling File Folders,office products,segA,2,26,39.26,78.52,52,26.52,8/10/2026,,,,,,,,
8/7/2026,588,113,Pristine Maintainers of Gardenridge,36,Glossy Staplers,office products,segA,2,50,77,154,100,54,8/10/2026,,,,,,,,
8/7/2026,588,113,Pristine Maintainers of Gardenridge,38,Radiant Pens,office products,segA,1,17,24.14,24.14,17,7.14,8/10/2026,,,,,,,,
8/7/2026,588,113,Pristine Maintainers of Gardenridge,41,Dazzling File Folders,office products,segA,3,46,67.16,201.48,138,63.48,8/10/2026,,,,,,,,
8/7/2026,588,113,Pristine Maintainers of Gardenridge,43,Fresh File Folders,office products,segA,2,50,67,,100,34,8/10/2026,,,,,,,,
8/7/2026,588,113,Pristine Maintainers of Gardenridge,44,Gleaming Recycled Paper,office products,segA,21,34,43.52,913.92,714,199.92,8/10/2026,,,,,,,,
8/7/2026,588,113,Pristine Maintainers of Gardenridge,,  Glossy Creamers ,breakroom supplies,segA,1,27,58.05,58.05,27,31.05,8/10/2026,,,,,,,,
8/7/2026,588,113,Pristine Maintainers of Gardenridge,80,Spotless Instant Soups,breakroom supplies,segA,1,17,,35.7,17,18.7,8/10/2026,,,,,,,,
8/7/2026,588,113,Pristine Maintainers of Gardenridge,104,Gleaming Glossy Photo Paper,copy paper,segC,1,52,87.36,87.36,52,35.36,8/10/2026,,,,,,,,
8/7/2026,588,113,Pristine Maintainers of Gardenridge,110,Pristine Cardstock,copy paper,  segC ,1,42,70.98,70.98,42,28.98,8/10/2026,,,,,,,,
8/7/2026,588,113,Pristine Maintainers of Gardenridge,118,Sparkling Cardstock,copy paper,segC,1,37,55.5,55.5,37,18.5,8/10/2026,,,,,,,,
8/10/2026,564,115,Sparkling Custodians of Harborwood,79,,breakroom supplies,segC,2,25,56.25,112.5,50,62.5,8/11/2026,,,,,,,,
8/10/2026,564,115,Sparkling Custodians of Harborwood,94,Pristine Instant Soups,breakroom supplies,segC,1,7,15.19,15.19,7,8.19,8/11/2026,,,,,,,,
8/10/2026,564,115,Sparkling Custodians of Harborwood,98,Radiant Glossy Photo Paper,copy paper,segA,23,23,33.35,767.05,529,238.05,8/11/2026,,,,,,,,
8/10/2026,564,115,Sparkling Custodians of Harborwood,100,Dazzling Legal Size Paper,copy paper,segA,12,24,37.44,449.28,288,161.28,8/11/2026,,,,,,,,
8/10/2026,564,115,Sparkling Custodians of Harborwood,101,Radiant Colored Paper,copy paper,segA,15,60,88.8,1332,900,432,8/11/2026,,,,,,,,
8/10/2026,564,115,Sparkling Custodians of Harborwood,102,Sleek Resume Paper,copy paper,segA,6,26,37.44,224.64,156,68.64,8/11/2026,,,,,,,,
8/10/2026,564,115,Sparkling Custodians of Harborwood,104,Gleaming Glossy Photo Paper,copy paper,segA,11,52,82.16,903.76,572,331.76,8/11/2026,,,,,,,,
8/10/2026,564,115,Sparkling Custodians of Harborwood,110,Pristine Cardstock,copy paper,segA,10,42,55.86,,420,138.6,8/11/2026,,,,,,,,
8/10/2026,564,115,Sparkling Custodians of Harborwood,113,Polished Recycled Paper,,segA,23,36,53.64,1233.72,828,405.72,8/11/2026,,,,,,,,
8/10/2026,564,115,Sparkling Custodians of Harborwood,114,Glossy Recycled Paper,copy paper,segA,,32,46.08,783.36,544,239.36,8/11/2026,,,,,,,,
,564,115,Sparkling Custodians of Harborwood,116,Immaculate Legal Size Paper,copy paper,segA,8,59,85.55,684.4,472,,8/11/2026,,,,,,,,
9/1/2026,88,117,Gleaming Servicers of Baywood,62,Glossy Air Freshener,cleaning supplies,segC,4,20,36.4,145.6,80,65.6,9/2/2026,,,,,,,,
9/1/2026,88,117,Gleaming Servicers of Baywood,97,Sparkling Legal Size Paper,copy paper,segA,19,,52.65,1000.35,741,259.35,9/2/2026,,,,,,,,
9/1/2026,88,117,Gleaming Servicers of Baywood,99,Glossy Letter Size Paper,cpoy paper,segA,21,57,91.2,1915.2,1197,718.2,9/2/2026,,,,,,,,
9/1/2026,88,117,Gleaming Servicers of Baywood,102,Sleek Resume Paper,copy paper,,26,26,38.48,1000.48,676,324.48,9/2/2026,,,,,,,,
9/1/2026,88,117,Gleaming Servicers of Baywood,103,Spotless Colored Paper,copy paper,segA,12,45,70.65,847.8,540,307.8,9/2/2026,,,,,,,,
9/1/2026,88,117,Gleaming Servicers of Baywood,,Glossy Recycled Paper,copy paper,segA,18,54,78.3,1409.4,972,437.4,9/2/2026,,,,,,,,
9/1/2026,88,117,Gleaming Servicers of Baywood,112,Sparkling Letter Size Paper,copy paper,segA,17,46,69,1173,782,391,9/2/2026,,,,,,,,
8/26/2026,222,117,Gleaming Servicers of Baywood,58,Spotless Floor Cleaner,cleaning supplies,segC,1,31,57.97,57.97,31,26.97,9/3/2026,,,,,,,,
8/26/2026,222,117,Gleaming Servicers of Baywood,61,Pristine Degreaser,cleaning supplies,segC,4,50,100,400,200,200,3/9/2026,,,,,,,,
8/26/2026,222,117,Gleaming Servicers of Baywood,62,Glossy Air Freshener,cleaning supplies,segC,4,20,36.4,145.6,80,65.6,9/3/2026,,,,,,,,
8/26/2026,222,117,Gleaming Servicers of Baywood,80,Spotless Instant Soups,breakroom supplies,segC,1,17,32.98,32.98,17,15.98,9/3/2026,,,,,,,,
8/26/2026,222,117,Gleaming Servicers of Baywood,97,Sparkling Legal Size Paper,copy paper,segA,19,39,52.65,1000.35,741,259.35,9/3/2026,,,,,,,,
8/26/2026,222,117,Gleaming Servicers of Baywood,102,Sleek Resume Paper,copy paper,segA,27,26,38.48,1038.96,702,336.96,9/3/2026,,,,,,,,
8/26/2026,222,117,Gleaming Servicers of Baywood,107,Radiant Glossy Photo Paper,copy paper,segA,11,58,88.74,976.14,638,338.14,9/3/2026,,,,,,,,
8/26/2026,222,117,Gleaming Servicers of Baywood,,Glossy Recycled Paper,copy paper,segA,17,54,78.3,1331.1,918,413.1,9/3/2026,,,,,,,,
9/1/2026,,117,Gleaming Servicers of Baywood,32,Bright Desk Organizers,office products,segB,3,44,69.96,209.88,132,77.88,9/2/2026,,,,,,,,
8/27/2026,184,118,Fresh Maintainers of Granitewood,9,Fresh Kitchen Towels,paper & tissue,segB,2,33,49.17,98.34,66,32.34,8/28/2026,,,,,,,,
8/27/2026,184,118,Fresh Maintainers of Granitewood,15,Sparkling 2-Ply Toilet Paper,paper & tissue,segB,1,,61.92,61.92,43,18.92,8/28/2026,,,,,,,,
27/08/2026,184,118,Fresh Maintainers of Granitewood,64,Bright Glass Cleaner,cleaning supplies,,1,32,56.64,56.64,32,24.64,8/28/2026,,,,,,,,
8/27/2026,184,118,Fresh Maintainers of Granitewood,86,Dazzling Instant Soups,breakroom supplies,segC,1,16,33.28,33.28,16,17.28,8/28/2026,,,,,,,,
8/27/2026,184,118,Fresh Maintainers of Granitewood,102,Sleek Resume Paper,copy paper,segD,1,26,42.12,42.12,26,16.12,8/28/2026,,,,,,,,
8/25/2026,255,118,Fresh Maintainers of Granitewood,15,Sparkling 2-Ply Toilet Paper,paper & tissue,segB,1,43,61.92,61.92,43,18.92,8/26/2026,,,,,,,,
8/25/2026,255,118,Fresh Maintainers of Granitewood,78,Glossy Creamers,breakroom supplies,segC,1,27,58.32,58.32,27,31.32,8/26/2026,,,,,,,,
8/18/2026,382,118,Fresh Maintainers of Granitewood,17,Glossy Lunch Napkins,paper & tissue,segB,2,31,44.02,88.04,62,26.04,9/2/2026,,,,,,,,
8/18/2026,382,118,Fresh Maintainers of Granitewood,62,Glossy Air Freshener,cleaning supplies,segC,1,20,38,38,20,18,9/2/2026,,,,,,,,
8/18/2026,382,118,Fresh Maintainers of Granitewood,94,Pristine Instant Soups,breakroom supplies,segC,,7,12.67,12.67,7,5.67,9/2/2026,,,,,,,,
9/3/2026,41,119,Sparkling Stewards of Harborville,2,Glossy Party Napkins,paper & tissue,segB,1,29,45.82,45.82,29,16.82,9/4/2026,,,,,,,,
9/3/2026,41,119,Sparkling Stewards of Harborville,37,Bright Recycled Paper,office products,segB,1,24,35.04,35.04,24,11.04,9/4/2026,,,,,,,,
9/3/2026,41,119,Sparkling Stewards of Harborville,41,Dazzling File Folders,office products,segB,1,46,69.92,69.92,46,23.92,9/4/2026,,,,,,,,
9/3/2026,41,119,Sparkling Stewards of Harborville,100,Dazzling Legal Size Paper,copy paper,segA,3,24,31.44,94.32,72,22.32,9/4/2026,,,,,,,,
9/3/2026,41,119,Sparkling Stewards of Harborville,105,Pristine Graph Paper,copy paper,segA,7,52,74.88,524.16,364,160.16,9/4/2026,,,,,,,,
9/3/2026,41,119,Sparkling Stewards of Harborville,107,Radiant Glossy Photo Paper,copy paper,segA,2,58,78.3,156.6,116,40.6,9/4/2026,,,,,,,,
9/3/2026,41,119,Sparkling Stewards of Harborville,109,Immaculate Resume Paper,copy paper,segA,4,31,40.61,162.44,124,38.44,9/4/2026,,,,,,,,
9/3/2026,41,119,Sparkling Stewards of Harborville,119,Immaculate Letter Size Paper,copy paper,segA,2,44,57.64,115.28,88,27.28,9/4/2026,,,,,,,,
8/13/2026,480,119,Sparkling Stewards of Harborville,32,Bright Desk Organizers,office products,segB,1,44,73.04,73.04,44,29.04,8/14/2026,,,,,,,,
8/13/2026,480,119,Sparkling Stewards of Harborville,48,Fresh Desk Organizers,office products,segB,1,29,47.56,47.56,29,18.56,8/14/2026,,,,,,,,
8/13/2026,480,119,Sparkling Stewards of Harborville,,Fresh Microwave Popcorn,breakroom supplies,segA,1,18,,36.9,18,18.9,8/14/2026,,,,,,,,
8/13/2026,480,119,Sparkling Stewards of Harborville,76,Immaculate Granola Bars,breakroom supplies,segA,1,10,19.3,19.3,10,9.3,8/14/2026,,,,,,,,
8/13/2026,480,119,Sparkling Stewards of Harborville,87,Glossy Tea Selection,breakroom supplies,segA,1,11,18.81,,11,7.81,8/14/2026,,,,,,,,
8/13/2026,480,119,Sparkling Stewards of Harborville,92,Glossy Instant Soups,breakroom supplies,segA,1,24,,50.88,24,26.88,8/14/2026,,,,,,,,
8/13/2026,480,119,Sparkling Stewards of Harborville,104,Gelaming Glossy Photo Paper,copy paper,segA,1,52,83.2,83.2,52,31.2,8/14/2026,,,,,,,,
13/08/2026,480,119,Sparkling Stewards of Harborville,106,Sleek Resume Paper,copy paper,segA,2,48,76.32,152.64,96,56.64,8/14/2026,,,,,,,,
8/13/2026,480,119,Sparkling Stewards of Harborville,109,Immaculate Resume Paper,copy paper,segA,4,31,40.61,162.44,124,38.44,8/14/2026,,,,,,,,
8/13/2026,480,119,Sparkling Stewards of Harborville,116,Immaculate Legal Size Paper,copy paper,segA,3,59,91.45,274.35,177,97.35,8/14/2026,,,,,,,,
8/13/2026,480,119,Sparkling Stewards of Harborville,116,Immaculate Legal Size Paper,copy paper,segA,3,59,91.45,274.35,177,97.35,8/14/2026,,,,,,,,
8/10/2026,565,119,  Sparkling Stewards of Harborville ,30,Immaculate Markers,office products,segB,1,28,46.76,46.76,28,18.76,8/11/2026,,,,,,,,
8/10/2026,565,119,Sparkling Stewards of Harborville,35,Dazzling Staplers,office products,segB,1,27,45.09,45.09,27,18.09,8/11/2026,,,,,,,,
8/10/2026,565,119,Sparkling Stewards of Harborville,44,Gleaming Recycled Paper,office products,segB,1,34,52.36,52.36,34,18.36,,,,,,,,,
,565,119,Sparkling Stewards of Harborville,47,Immaculate Staplers,office products,segB,1,24,38.88,38.88,24,14.88,8/11/2026,,,,,,,,
8/10/2026,565,119,Sparkling Stewards of Harborville,67,Sleek Citrus Cleaner,cleaning supplies,segD,1,39,75.27,75.27,39,36.27,8/11/2026,,,,,,,,
8/10/2026,565,119,Sparkling Stewards of Harborville,76,Immaculate Granola Bars,breakroom supplies,segA,1,10,19.3,,10,9.3,8/11/2026,,,,,,,,
8/10/2026,565,119,Sparkling Stewards of Harborville,87,Glossy Tea Selection,breakroom supplies,segA,1,11,18.81,18.81,11,7.81,8/11/2026,,,,,,,,
8/10/2026,565,119,Sparkling Stewards of Harborville,92,Glossy Instant Soups,breakroom supplies,segA,1,24,50.88,50.88,,26.88,8/11/2026,,,,,,,,
10/8/2026,565,119,Sparkling Stewards of Harborville,107,Radiant Glossy Photo Paper,copy paper,segA,2,58,78.3,156.6,116,40.6,8/11/2026,,,,,,,,
8/7/2026,589,120,Glossy Custodians of Gardenwood,58,Spotless Floor Cleaner,cleaning supplies,segA,3,31,56.11,168.33,93,75.33,8/10/2026,,,,,,,,
8/7/2026,589,120,Glossy Custodians of Gardenwood,59,Spotless All-Purpose Cleaner,cleaning supplies,segA,,47,75.67,227.01,,86.01,8/10/2026,,,,,,,,
8/7/2026,589,120,Glossy Custodians of Gardenwood,61,Pristine Degreaser,cleaning supplies,segA,1,50,81,81,50,31,8/10/2026,,,,,,,,
8/7/2026,589,120,Glossy Custodians of Gardenwood,69,Gleamin gDegreaser,cleaning supplies,segA,1,27,43.2,43.2,27,16.2,8/10/2026,,,,,,,,
8/7/2026,589,120,Glossy Custodians of Gardenwood,70,Sleek Air Freshener,cleaning supplies,segA,1,33,56.43,56.43,33,23.43,8/10/2026,,,,,,,,
8/7/2026,589,120,Glossy Custodians of Gardenwood,108,Dazzling Cardstock,copy paper,segA,1,21,32.97,32.97,21,11.97,8/10/2026,,,,,,,,
8/7/2026,589,120,Glossy Custodians of Gardenwood,115,Polished Glossy Photo Paper,  copy paper ,seAg,,59,89.09,356.36,236,120.36,8/10/2026,,,,,,,,
8/14/2026,448,121,Spotless Keepers of Riverwood,7,Gleaming Bathroom Tissue,paper & tissue,segA,4,16,22.4,89.6,64,,8/17/2026,,,,,,,,
8/14/2026,448,121,Spotless Keepers of Riverwood,8,Bright Party Napkins,paper & tissue,segA,3,50,71,213,150,63,8/17/2026,,,,,,,,
8/14/2026,448,121,Spotless Keepers of Riverwood,14,Spotless Pocket Tissues,paper & tissue,segA,6,20,28.2,169.2,120,49.2,8/17/2026,,,,,,,,
8/14/2026,448,121,Spotless Keepers of Riverwood,20,Gleaming Roll Paper Towels,  paper & tissue ,segA,3,28,36.4,109.2,84,25.2,8/17/2026,,,,,,,,
8/14/2026,448,121,Spotless Keepers of Riverwood,107,Radiant Glossy Photo Paper,copy paper,segC,1,58,96.28,96.28,58,38.28,8/17/2026,,,,,,,,
8/13/2026,481,121,Spotless Keepers of Riverwood,8,Bright Party Napkins,paper & tissue,segA,4,50,71,284,200,84,8/28/2026,,,,,,,,
8/13/2026,481,121,Spotless Keepers of Riverwood,9,Fresh Kitchen Towels,paper & tissue,segA,2,33,43.56,87.12,66,21.12,8/28/2026,,,,,,,,
8/13/2026,481,121,Spotless Keepers of Riverwood,14,Spotless Pocket Tissues,paper & tissue,segA,5,20,28.2,141,100,41,,,,,,,,,
8/13/2026,481,121,Spotless Keepers of Riverwood,22,Sparkling Pocket Tissues,paper & tissue,segA,2,41,61.09,122.18,82,40.18,8/28/2026,,,,,,,,
13/08/2026,481,121,Spotless Keepers of Riverwood,64,Bright Glass Cleaner,cleaning supplies,segD,1,32,61.12,61.12,32,29.12,8/28/2026,,,,,,,,
8/13/2026,481,121,Spotless Keepers of Riverwood,73,Spotless Creamers,breakroom supplies,segD,1,18,40.68,40.68,18,22.68,8/28/2026,,,,,,,,
8/13/2026,481,121,Spotless Keepers of Riverwood,8,Bright Party Napkins,paper & tissue,segA,4,50,71,284,200,84,8/28/2026,,,,,,,,
8/7/2026,590,121,Spotless Keepers of Riverwood,3,Sparkling Party Napkins,,segA,6,21,28.98,173.88,126,47.88,8/10/2026,,,,,,,,
8/7/2026,590,121,Spotless Keepers of Riverwood,8,Bright Party Napkins,paper & tissue,segA,4,50,71,284,200,84,8/10/2026,,,,,,,,
8/7/2026,590,121,Spotless Keepers of Riverwood,13,Pristine Party Napkins,,segA,6,45,59.4,356.4,270,86.4,8/10/2026,,,,,,,,
1/9/2026,89,122,Sleek Wholesalers of Mapleville,24,Sparkling Pocket Tissues,paper & tissue,segC,2,18,25.92,51.84,36,15.84,9/2/2026,,,,,,,,
9/1/2026,89,122,Sleek Wholesalers of Mapleville,86,Dazzling Instant Soups,breakroom supplies,segC,1,16,30.08,30.08,16,14.08,9/2/2026,,,,,,,,
9/1/2026,89,122,Sleek Wholesalers of Mapleville,89,,breakroom supplies,segC,1,21,39.27,39.27,21,18.27,9/2/2026,,,,,,,,
8/27/2026,185,122,Sleek Wholesalers of Mapleville,11,Fresh Lunch Napkins,paper & tissue,segC,1,,31.71,31.71,21,10.71,8/28/2026,,,,,,,,
8/27/2026,185,122,Sleek Wholesalers of Mapleville,24,,paper & tissue,segC,1,18,25.92,25.92,18,7.92,8/28/2026,,,,,,,,
8/27/2026,185,122,Sleek Wholesalers of Mapleville,89,Sparkling Disposable Cups,breakroom supplies,segC,1,21,39.27,39.27,21,18.27,8/28/2026,,,,,,,,
9/1/2026,,122,Sleek Wholesalers of Mapleville,51,Bright Glass Cleaner,cleaning supplies,segC,1,26,,51.48,26,25.48,9/2/2026,,,,,,,,
8/27/2026,186,123,Pristine Stewards of Valleyhaven,5,Polished Kitchen Towels,paper & tissue,segA,2,35,46.9,93.8,70,23.8,8/28/2026,,,,,,,,
8/27/2026,186,123,Pristine Stewards of Valleyhaven,7,,paper & tissue,segA,2,16,23.36,46.72,32,14.72,8/28/2026,,,,,,,,
8/27/2026,186,123,Pristine Stewards of Valleyhaven,9,Fresh Kitchen Towels,paper & tissue,segA,2,33,44.88,89.76,66,23.76,8/28/2026,,,,,,,,
8/27/2026,186,123,Pristine Stewards of Valleyhaven,20,Gleamign Roll Paper Towels,paper & tissue,segA,4,28,36.4,145.6,112,33.6,8/28/2026,,,,,,,,
8/27/2026,186,123,Pristine Stewards of Valleyhaven,23,Dazzling Roll Paper Towels,paper & tissue,,2,40,52.4,104.8,80,24.8,8/28/2026,,,,,,,,
8/27/2026,186,123,Pristine Stewards of Valleyhaven,68,Dazzling Disinfectant Wipes,cleaning supplies,segB,1,54,,105.3,54,51.3,8/28/2026,,,,,,,,
8/27/2026,186,123,Pristine Stewards of Valleyhaven,89,Sparkling Disposable Cups,breakroom supplies,segB,1,21,37.8,37.8,21,16.8,8/28/2026,,,,,,,,
8/27/2026,,123,Pristine Stewards of Valleyhaven,70,Sleek Air Freshener,cleaning supplies,segB,1,33,61.38,61.38,33,28.38,,,,,,,,,
8/18/2026,383,124,  Polished Keepers of Riverburg ,27,Sparkling Sticky Notes,office products,segA,30,43,67.51,2025.3,1290,735.3,9/2/2026,,,,,,,,
18/08/2026,383,124,Polished Keepers of Riverburg,36,,office products,segA,9,50,79.5,715.5,450,265.5,9/2/2026,,,,,,,,
8/18/2026,383,124,Polished Keepers of Riverburg,38,Radiant Pens,office products,segA,28,17,22.44,628.32,476,152.32,9/2/2026,,,,,,,,
8/18/2026,383,124,Polished Keepers of Riverburg,43,Fresh File Folders,office products,segA,38,50,79,3002,1900,1102,9/2/2026,,,,,,,,
8/18/2026,383,124,Polished Keepers of Riverburg,44,,office products,segA,31,34,46.24,1433.44,1054,379.44,9/2/2026,,,,,,,,
8/18/2026,383,124,Polished Keepers of Riverburg,49,Sparkling Disinfectant Wipes,cleaning supplies,segA,13,21,38.64,502.32,273,229.32,9/2/2026,,,,,,,,
8/18/2026,383,124,Polished Keepers of Riverburg,54,Dazzling Floor Cleaner,cleaning supplies,segA,23,45,83.25,1914.75,1035,,9/2/2026,,,,,,,,
8/18/2026,383,124,Polished Keepers of Riverburg,58,Spotless Floor Cleaner,cleaning supplies,segA,24,31,52.39,1257.36,744,513.36,9/2/2026,,,,,,,,
8/18/2026,383,124,Polished Keepers of Riverburg,63,,cleaning supplies,segA,70,42,63,4410,,1470,9/2/2026,,,,,,,,
8/18/2026,383,124,Polished Keepers of Riverburg,66,Radiant Glass Cleaner,cleaning supplies,segA,22,21,35.7,785.4,462,323.4,9/2/2026,,,,,,,,
18/08/2026,383,124,  Polished Keepers of Riverburg ,75,Fresh Microwave Popcorn,breakroom supplies,segD,1,,41.58,41.58,18,23.58,9/2/2026,,,,,,,,
9/2/2026,67,125,Radiant Stewards of Canyoncrest,4,Bright Bathroom Tissue,paper & tissue,segB,2,26,37.18,74.36,52,22.36,9/10/2026,,,,,,,,
9/2/2026,67,125,Radiant Stewards of Canyoncrest,13,Pristine Party Napkins,paper & tissue,segB,1,45,72,72,45,27,9/10/2026,,,,,,,,
9/2/2026,67,125,Radiant Stewards of Canyoncrest,62,Glossy Air Freshener,cleaning supplies,segB,1,20,39.2,39.2,20,19.2,9/10/2026,,,,,,,,
9/2/2026,67,125,Radiant Stewards of Canyoncrest,99,Glossy Letter Size Paper,copy paper,segA,3,57,80.37,241.11,171,70.11,9/10/2026,,,,,,,,
,67,125,Radiant Stewards of Canyoncrest,102,Sleek Resume Paper,copy paper,segA,7,26,38.22,267.54,182,85.54,9/10/2026,,,,,,,,
9/2/2026,67,125,Radiant Stewards of Canyoncrest,104,Gleaming Glossy Photo Paper,copy paper,,4,52,72.28,289.12,208,81.12,9/10/2026,,,,,,,,
9/2/2026,67,125,Radiant Stewards of Canyoncrest,110,Pristine Cardstock,copy paper,segA,1,42,63,63,42,21,9/10/2026,,,,,,,,
9/2/2026,67,125,Radiant Stewards of Canyoncrest,113,Polished Recycled Paper,copy papre,segA,5,36,52.56,262.8,180,82.8,9/10/2026,,,,,,,,
9/2/2026,67,125,Radiant Stewards of Canyoncrest,115,Polished Glossy Photo Paper,copy paper,segA,4,59,83.78,335.12,236,99.12,9/10/2026,,,,,,,,
9/2/2026,67,125,Radiant Stewards of Canyoncrest,117,Dazzling Graph Paper,copy paper,segA,4,51,81.09,324.36,204,120.36,9/10/2026,,,,,,,,
24/08/2026,281,125,Radiant Stewards of Canyoncrest,19,Fresh Party Napkins,paper & tissue,segB,1,45,65.7,65.7,45,20.7,8/25/2026,,,,,,,,
8/24/2026,281,125,Radiant Stewards of Canyoncrest,102,Sleek Resume Paper,copy paper,segA,5,26,38.22,191.1,130,61.1,8/25/2026,,,,,,,,
8/24/2026,281,125,Radiant Stewards of Canyoncrest,,Polished Recycled Paper,copy paper,segA,5,36,52.56,262.8,180,82.8,8/25/2026,,,,,,,,
8/24/2026,281,125,Radiant Stewards of Canyoncrest,117,Dazzling Graph Paper,  copy paper ,segA,6,51,81.09,486.54,306,180.54,8/25/2026,,,,,,,,
8/24/2026,281,125,Radiant Stewardso f Canyoncrest,119,,copy paper,segA,3,44,68.2,204.6,132,72.6,8/25/2026,,,,,,,,
8/24/2026,281,125,Radiant Stewards of Canyoncrest,120,Sparkling Letter Size Paper,copy paper,segA,4,45,70.2,280.8,180,100.8,8/25/2026,,,,,,,,
8/17/2026,413,125,Radiant Stewards of Canyoncrest,9,Fresh Kitchen Towels,paper & tissue,segB,1,33,49.5,49.5,33,16.5,9/1/2026,,,,,,,,
8/17/2026,413,125,Radiant Stewards of Canyoncrest,53,Gloss yGlass Cleaner,cleanign supplies,segB,1,36,65.52,65.52,36,29.52,9/1/2026,,,,,,,,
8/17/2026,413,125,Radiant Stewards of Canyoncrest,62,Glossy Air Freshener,cleaning supplies,  segB ,1,20,39.2,39.2,20,19.2,9/1/2026,,,,,,,,
17/08/2026,413,125,Radiant Stewards of Canyoncrest,87,Glossy Tea Selection,breakroom supplies,segB,1,11,20.79,20.79,11,9.79,9/1/2026,,,,,,,,
8/17/2026,413,125,Radiant Stewards of Canyoncrest,98,Radiant Glossy Photo Paper,copy paper,segA,3,23,31.51,94.53,69,25.53,9/1/2026,,,,,,,,
8/17/2026,413,125,Radiant Stewards of Canyoncrest,99,Glossy Letter Size Paper,copy paper,segA,1,57,80.37,80.37,57,23.37,9/1/2026,,,,,,,,
8/17/2026,413,125,Radiant Stewards of Canyoncrest,102,Sleek Resume Paper,copy paper,segA,3,26,38.22,114.66,78,36.66,1/9/2026,,,,,,,,
8/25/2026,256,126,Immaculate Janitors of Forestport,4,Bright Bathroom Tissue,paper & tissue,segC,1,26,38.74,38.74,26,12.74,8/26/2026,,,,,,,,
8/25/2026,256,126,Immaculate Janitors of Forestport,13,Pristine Party Napkins,paper & tissue,segC,1,45,68.4,,45,23.4,8/26/2026,,,,,,,,
8/25/2026,256,126,Immaculate Janitors of Forestport,29,Dazzling Paper Clips,office products,segA,1,37,59.2,59.2,37,22.2,8/26/2026,,,,,,,,
8/25/2026,256,126,Immaculate Janitors of Forestport,53,Glossy Glass Cleaner,cleaning supplies,segA,10,36,52.92,529.2,360,169.2,8/26/2026,,,,,,,,
8/25/2026,256,126,Immaculate Janitors of Forestport,68,Dazzling Disinfectant Wipes,cleaning supplies,segA,1,54,87.48,87.48,54,33.48,8/26/2026,,,,,,,,
8/25/2026,256,126,Immaculate Janitors of Forestport,69,Gleaming Degreaser,cleaning supplies,segA,1,27,49.68,49.68,27,22.68,8/26/2026,,,,,,,,
8/25/2026,256,126,Immaculate Janitors of Forestport,112,Sparkling Letter Size Paper,copy paper,segC,1,46,78.2,78.2,46,,8/26/2026,,,,,,,,
8/13/2026,482,126,Immaculate Janitors of Forestport,22,Sparkling Pocket Tissues,paper & tissue,segC,1,41,57.4,57.4,41,16.4,8/14/2026,,,,,,,,
8/13/2026,482,126,Immaculate Janitors of Forestport,28,Immaculate Binder Clips,office products,segA,1,29,37.7,37.7,29,8.7,8/14/2026,,,,,,,,
,482,126,Immaculate Janitors of Forestport,29,Dazzling Paper Clips,office products,segA,1,37,59.2,59.2,37,22.2,8/14/2026,,,,,,,,
8/13/2026,482,126,Immaculate Janitors of Forestport,30,Immaculate Markers,office products,segA,1,28,42,42,28,14,8/14/2026,,,,,,,,
8/13/2026,482,126,Immaculate Janitors of Forestport,,Radiant Staplers,office products,  segA ,3,24,31.44,94.32,72,22.32,8/14/2026,,,,,,,,
,482,126,Immaculate Janitors of Forestport,40,Immaculate Markers,office products,segA,36,34,44.2,1591.2,1224,367.2,8/14/2026,,,,,,,,
8/13/2026,482,126,Immaculate Janitors of Forestport,53,Glossy Glass Cleaner,cleaning supplies,segA,10,36,52.92,529.2,360,169.2,8/14/2026,,,,,,,,
8/13/2026,482,126,Immaculate Janitors of Forestport,58,Spotless Folor Cleaner,cleaning supplies,  segA ,3,31,58.28,174.84,93,81.84,8/14/2026,,,,,,,,
8/13/2026,482,126,Immaculate Janitors of Forestport,,Radiant Glass Cleaner,cleaning supplies,segA,1,21,37.59,37.59,21,16.59,8/14/2026,,,,,,,,
8/13/2026,482,126,Immaculate Janitors of Forestport,67,Sleek Citrus Cleaner,cleaning supplies,segA,40,39,58.5,2340,1560,780,8/14/2026,,,,,,,,
,482,126,Immaculaet Janitors of Forestport,69,Gleaming Degreaser,cleaning supplies,  segA ,1,27,49.68,49.68,27,22.68,8/14/2026,,,,,,,,
8/13/2026,482,126,Immaculate Janitors of Forestport,71,Spotless Glass Cleaner,,segA,1,31,58.9,58.9,31,27.9,8/14/2026,,,,,,,,
8/13/2026,482,126,Immaculate Janitors of Forestport,80,Spotless Instant Soups,breakroom supplies,segB,1,17,34.34,34.34,17,17.34,8/14/2026,,,,,,,,
11/8/2026,537,126,Immaculate Janitors of Forestport,4,Bright Bathroom Tissue,paper & tissue,segC,1,26,38.74,38.74,26,12.74,8/12/2026,,,,,,,,
8/11/2026,537,126,Immaculate Janitors of Forestport,24,Sparkling Pocket Tissues,paper & tissue,segC,1,18,27.9,27.9,18,9.9,8/12/2026,,,,,,,,
8/11/2026,537,126,Immaculate Janitors of Forestport,25,Dazzling Binder Clips,office products,segA,1,45,64.35,64.35,45,19.35,8/12/2026,,,,,,,,
8/11/2026,537,126,Immacluate Janitors of Forestport,28,Immaculate Binder Clips,office products,segA,1,29,37.7,37.7,29,8.7,8/12/2026,,,,,,,,
8/11/2026,537,126,Immaculate Janitors of Forestport,30,  Immaculate Markers ,office products,segA,1,28,42,42,28,14,8/12/2026,,,,,,,,
8/11/2026,537,126,Immaculate Janitors of Forestport,53,Glossy Glass Cleaner,cleaning supplies,segA,9,36,52.92,476.28,324,152.28,8/12/2026,,,,,,,,
8/11/2026,537,126,Immaculate Janitors of Forestport,57,Glossy All-Purpose Cleaner,cleaning supplies,segA,1,51,84.15,84.15,51,33.15,8/12/2026,,,,,,,,
8/11/2026,537,126,Immaculate Janitors of Forestport,67,Sleek Citrus Cleaner,cleaning supplies,segA,43,39,58.5,,1677,838.5,8/12/2026,,,,,,,,
8/11/2026,537,126,Immaculate Janitors of Forestport,69,Gleaming Degreaser,cleaning supplies,segA,1,,49.68,49.68,27,22.68,8/12/2026,,,,,,,,
8/11/2026,537,126,Immaculate Janitors of Forestport,71,Spotless Glass Cleaner,cleaning supplies,segA,2,31,58.9,117.8,62,55.8,8/12/2026,,,,,,,,
8/11/2026,537,126,Immaculate Janitors of Forestport,94,Pristine Instant Soups,breakroom supplies,segB,1,7,15.19,15.19,7,8.19,8/12/2026,,,,,,,,
8/11/2026,537,126,Immaculate Janitors of Forestport,71,Spotless Glass Cleaner,cleaning supplies,segA,2,31,58.9,117.8,62,55.8,8/12/2026,,,,,,,,
8/7/2026,591,126,Immaculate Janitors of Forestport,28,Immaculate Binder Clips,office products,segA,2,29,,75.4,58,17.4,8/10/2026,,,,,,,,
8/7/2026,591,126,Immaculate Janitors of Forestport,29,Dazzling Paper Clips,office products,segA,1,37,59.2,59.2,37,22.2,8/10/2026,,,,,,,,
8/7/2026,591,126,Immaculate Janitors of Forestport,34,Radiant Staplers,office products,segA,2,24,,62.88,48,14.88,8/10/2026,,,,,,,,
8/7/2026,591,126,Immaculate Janitors of Forestport,39,Immaculate Sticky Notes,office products,segA,2,34,46.24,92.48,68,24.48,8/10/2026,,,,,,,,
8/7/2026,591,126,Immaculate Janitors of Forestport,53,Glossy Glass Cleaner,cleaning supplies,segA,8,36,52.92,423.36,288,135.36,8/10/2026,,,,,,,,
,591,126,Immaculate Janitors of Forestport,54,,cleaning supplies,segA,1,45,76.95,76.95,45,31.95,8/10/2026,,,,,,,,
8/7/2026,591,126,Immaculate Janitors of Forestport,55,Spotless Floor Cleaner,cleaning supplies,segA,1,29,51.62,51.62,29,22.62,8/10/2026,,,,,,,,
8/7/2026,591,126,Immaculate Janitors of Forestport,58,Spotless Floor Cleaner,cleaning supplies,segA,1,31,58.28,58.28,31,27.28,8/10/2026,,,,,,,,
8/7/2026,591,126,Immaculate Janitors of Forestport,68,Dazzling Disinfectant Wipes,cleaning supplies,segA,1,54,87.48,87.48,54,33.48,8/10/2026,,,,,,,,
8/7/2026,591,126,Immaculate Janitors of Forestport,69,Gleaming Degreaser,cleaning supplies,segA,1,27,49.68,49.68,27,22.68,8/10/2026,,,,,,,,
8/7/2026,591,126,Immaculate Janitors of Forestport,71,Spotless Glass Cleaner,cleaning supplies,segA,3,31,58.9,176.7,93,83.7,10/8/2026,,,,,,,,
8/7/2026,591,126,Immaculate Janitors of Forestport,80,Spotless Instant Soups,breakroom supplies,segB,1,17,34.34,34.34,17,17.34,8/10/2026,,,,,,,,
8/7/2026,591,126,Immaculate Janitors of Forestport,112,Sparkling Letter Size Paper,copy paper,segC,1,46,78.2,78.2,46,32.2,8/10/2026,,,,,,,,
9/4/2026,11,127,Immaculate Janitors of Canyonfield,25,Dazzling Binder Clips,office products,segA,2,45,62.1,124.2,90,34.2,,,,,,,,,
9/4/2026,11,127,Immaculate Janitors of Canyonfield,26,Radiant Sticky Notes,office products,segA,,34,45.9,137.7,102,35.7,7/9/2026,,,,,,,,
9/4/2026,11,127,Immaculate Janitors of Canyonfield,34,Radiant Staplers,office products,segA,5,24,38.16,190.8,120,70.8,9/7/2026,,,,,,,,
9/4/2026,11,127,Immaculate Janitors of Canyonfield,41,,office products,segA,1,46,68.54,68.54,46,22.54,9/7/2026,,,,,,,,
9/4/2026,11,127,Immaculate Janitors of Canyonfield,43,Fresh File Folders,office products,segA,3,50,68,204,150,54,7/9/2026,,,,,,,,
9/4/2026,11,127,Immaculate Janitors of Canyonfield,59,Spotless All-Purpose Cleaner,,segA,2,47,89.3,178.6,94,84.6,9/7/2026,,,,,,,,
9/4/2026,11,127,Immaculate Janitors of Canyonfield,60,Polished Degreaser,cleaning supplies,segA,25,26,39,975,650,325,9/7/2026,,,,,,,,
9/4/2026,11,127,Immaculate Janitors of Canyonfield,63,Polished Glass Cleaner,cleaning supplies,segA,2,42,79.38,158.76,84,74.76,9/7/2026,,,,,,,,
9/4/2026,11,127,Immaculate Janitors of Canyonfield,71,Spotless Glass Cleaner,cleaning supplies,segA,1,31,58.28,58.28,31,27.28,,,,,,,,,
8/31/2026,114,127,Immaculate Janitors of Canyonfield,4,Bright Bathroom Tissue,paper & tissue,segC,1,26,41.34,41.34,26,15.34,9/1/2026,,,,,,,,
8/31/2026,114,127,Immaculate Janitors of Canyonfield,,Polished Kitchen Towels,paper & tissue,segC,1,35,52.5,52.5,35,17.5,9/1/2026,,,,,,,,
8/31/2026,114,127,Immaculate Janitors of Canyonfield,27,Sparkling Sticky Notes,office products,segA,1,43,58.05,58.05,43,15.05,9/1/2026,,,,,,,,
8/31/2026,114,127,Immaculate Janitors of Canyonfield,30,Immaculate Markers,office products,segA,2,28,39.48,78.96,56,22.96,9/1/2026,,,,,,,,
8/31/2026,114,127,Immaculate Janitors of Canyonfield,34,Radiant Staplers,office products,segA,3,24,38.16,114.48,,42.48,1/9/2026,,,,,,,,
8/31/2026,114,127,Immaculate Janitors of Canyonfield,37,Bright Recycled Paper,office products,segA,5,24,37.2,186,120,66,9/1/2026,,,,,,,,
8/31/2026,114,127,Immaculate Janitors of Canyonfield,41,Dazzling File Folders,office products,segA,2,46,68.54,137.08,92,45.08,9/1/2026,,,,,,,,
8/31/2026,114,127,Immaculate Janitors of Canyonfield,43,Fresh File Folders,office products,segA,2,50,68,136,100,36,9/1/2026,,,,,,,,
8/31/2026,114,127,Immaculate Janitors of Canyonfield,50,Bright Glass Cleaner,cleaning supplies,segA,,23,40.48,80.96,46,34.96,9/1/2026,,,,,,,,
8/31/2026,114,127,Immaculate Janitors of Canyonfield,,Glossy Glass Cleaner,claening supplies,segA,1,36,63,63,36,27,9/1/2026,,,,,,,,
8/31/2026,114,127,Immaculate Janitors of Canyonfield,54,Dazzling Floor Cleaner,cleaning supplies,segA,2,45,84.15,168.3,90,78.3,9/1/2026,,,,,,,,
8/31/2026,114,127,Immaculate Janitors of Canyonfield,65,Sparkling Citrus Cleaner,cleaning supplies,segA,39,20,30,1170,,390,9/1/2026,,,,,,,,
8/31/2026,114,127,Immaculate Janitors of Canyonfield,69,Gleaming Degreaser,cleaning supplies,segA,1,27,49.95,49.95,27,22.95,9/1/2026,,,,,,,,
8/31/2026,114,127,Immaculate Janitors of Canyonfield,71,Spotless Glass Cleaner,cleaning supplies,,3,31,58.28,174.84,93,81.84,9/1/2026,,,,,,,,
8/31/2026,114,127,Immaculate Janitors of Canyonfield,88,Gleaming Coffee Beans,breakroom supplies,segD,1,18,35.28,35.28,18,17.28,9/1/2026,,,,,,,,
8/31/2026,114,127,Immaculate Janitors of Canyonfield,118,Sparkling Cardstock,copy paper,esgD,1,37,64.01,64.01,,27.01,1/9/2026,,,,,,,,
8/26/2026,223,127,Immaculate Janitors of Canyonfield,9,Fresh Kitchen Towels,paper & tissue,segC,1,33,46.2,46.2,33,13.2,27/08/2026,,,,,,,,
,223,127,Immaculate Janitors of Canyonfield,17,  Glossy Lunch Napkins ,paper & tissue,segC,1,31,48.67,48.67,31,17.67,8/27/2026,,,,,,,,
8/26/2026,223,127,Immaculate Janitors of Canyonfield,21,Glossy Facial Tissues,paper & tissue,segC,2,47,70.97,141.94,94,47.94,8/27/2026,,,,,,,,
8/26/2026,223,127,Immaculate Janitors of Canyonfield,25,Dazzling Binder Clips,office products,segA,2,45,62.1,124.2,90,34.2,8/27/2026,,,,,,,,
8/26/2026,223,127,Immaculate Janitors of Canyonfield,27,Sparkling Sticky Notes,office products,segA,2,43,58.05,,86,30.1,8/27/2026,,,,,,,,
8/26/2026,223,127,Immaculate Janitors of Canyonfield,28,,,segA,,29,40.31,120.93,87,33.93,8/27/2026,,,,,,,,
8/26/2026,223,127,Immaculate Janitors of Canyonfield,37,Bright Recycled Paper,office products,segA,3,24,37.2,111.6,72,39.6,8/27/2026,,,,,,,,
8/26/2026,223,127,Immaculate Janitors of Canyonfield,43,Fresh File Folders,  office products ,segA,1,50,68,68,50,18,8/27/2026,,,,,,,,
8/26/2026,223,127,Immaculate Janitors of Canyonfield,53,Glossy Glass Cleaner,cleaning supplies,segA,1,36,63,63,36,27,8/27/2026,,,,,,,,
8/26/2026,223,127,Immaculate Janitors of Canyonfield,,Spotless All-Purpose Cleaner,cleaning supplies,segA,1,47,89.3,89.3,47,42.3,8/27/2026,,,,,,,,
8/26/2026,223,127,Immaculate Janitors of Canyonfield,60,Polished Degreaser,celaning supplies,segA,42,26,39,1638,1092,546,8/27/2026,,,,,,,,
8/26/2026,223,127,Immaculate Janitors of Canyonfield,68,Dazzling Disinfectant Wipes,cleaning supplies,segA,1,54,87.48,87.48,54,33.48,8/27/2026,,,,,,,,
8/26/2026,223,127,Immaculate Janitors of Canyonfield,71,Spotless Glass Claener,,segA,2,31,58.28,116.56,62,54.56,8/27/2026,,,,,,,,
8/26/2026,223,127,Immaculate Janitors of Canyonfield,85,Sparkling Microwave Popcorn,breakroom supplies,segD,1,12,23.88,23.88,12,11.88,8/27/2026,,,,,,,,
8/27/2026,187,128,Gleaming Cleaners of Harborton,70,Sleek Air Freshener,  cleaning supplies ,segC,1,33,56.1,56.1,33,23.1,8/28/2026,,,,,,,,
8/27/2026,,128,Gleaming Cleaners of Harborton,91,Glossy Microwave Popcorn,breakroom supplies,segC,1,29,52.49,52.49,29,23.49,8/28/2026,,,,,,,,
9/3/2026,42,132,Gleaming Custodians of Canyonfield,18,Pristine Lunch Napkins,paper & tissue,segB,1,20,32,32,20,12,9/4/2026,,,,,,,,
9/3/2026,42,132,Gleaming Custodians of Canyonfield,27,  Sparkling Sticky Notes ,office products,segD,1,43,79.12,79.12,43,36.12,9/4/2026,,,,,,,,
8/17/2026,414,133,Sleek Maintainers of Riverville,54,Dazzling Floor Cleaner,cleaning supplies,segA,3,45,76.5,229.5,135,94.5,8/18/2026,,,,,,,,
8/17/2026,414,133,Sleek Maintainers of Riverville,55,Spotless Floor Cleaner,cleaning supplies,segA,2,29,48.43,96.86,58,38.86,8/18/2026,,,,,,,,
8/17/2026,414,133,Sleek Maintainers of Riverville,56,Pristine Citrus Cleaner,cleaning supplies,segA,1,48,81.12,81.12,48,33.12,18/08/2026,,,,,,,,
8/17/2026,414,133,Sleek Maintainers of Riverville,57,Glossy All-Purpose Cleaner,cleaning supplies,segA,3,51,92.31,276.93,153,123.93,8/18/2026,,,,,,,,
8/17/2026,414,133,Sleek Maintainers of Riverville,59,Spotless All-Purpose Cleaner,cleaning supplies,segA,1,47,83.66,83.66,47,36.66,18/08/2026,,,,,,,,
8/17/2026,414,133,Sleek Maintainers of Riverville,61,Pristine Degreaser,cleaning supplies,segA,1,50,85.5,85.5,50,35.5,8/18/2026,,,,,,,,
8/17/2026,414,133,Sleek Maintainers of Riverville,78,Glossy Creamers,breakroom supplies,segA,1,27,48.06,48.06,27,21.06,8/18/2026,,,,,,,,
17/08/2026,414,133,Sleek Maintainers of Riverville,81,Polished Stirrers,breakroom supplies,segA,1,22,44.88,44.88,22,22.88,8/18/2026,,,,,,,,
8/17/2026,414,133,Sleek Maintainers of Riverville,92,Glossy Instant Soups,breakroom supplies,segA,1,24,41.28,41.28,24,17.28,8/18/2026,,,,,,,,
17/08/2026,414,133,Sleek Maintainers of Riverville,94,Pristine Instant Soups,breakroom supplies,segA,1,7,13.37,13.37,7,6.37,8/18/2026,,,,,,,,
8/28/2026,148,135,Radiant Cleaners of Canyonfield,2,Glossy Party Napkins,paper & tissue,segA,45,29,37.99,1709.55,1305,404.55,8/31/2026,,,,,,,,
8/28/2026,148,135,Radiant Cleaners of Canyonfield,5,Polished Kitchen Towels,paper & tissue,segA,49,35,52.5,2572.5,1715,857.5,8/31/2026,,,,,,,,
8/28/2026,148,135,Radiant Cleaners of Canyonfield,7,Gleaming Bathroom Tissue,paper & tissue,segA,,16,21.28,744.8,560,184.8,8/31/2026,,,,,,,,
8/28/2026,148,135,Radiant Cleaners of Canyonfield,8,Bright Party Napkins,paper & tissue,segA,95,50,60,5700,4750,950,8/31/2026,,,,,,,,
8/28/2026,148,135,Radiant Cleaners of Canyonfield,12,Immaculate Roll Paper Towels,paper & tissue,segA,41,44,59.4,2435.4,1804,631.4,8/31/2026,,,,,,,,
8/28/2026,148,135,Radiant Cleaners of Canyonfield,13,Pristine Party Napkins,paper & tissue,segA,21,45,60.75,1275.75,945,330.75,8/31/2026,,,,,,,,
8/28/2026,148,135,Radiant Cleaners of Canyonfield,16,Dazzling Bathroom Tissue,paper & tissue,segA,42,42,58.8,2469.6,1764,705.6,8/31/2026,,,,,,,,
8/28/2026,148,135,Radiant Cleaners of Canyonfield,18,Pristine Lunch Napkins,paper & tissue,segA,68,20,28.6,1944.8,1360,584.8,31/08/2026,,,,,,,,
8/28/2026,148,135,Radiant Cleaners of Canyonfield,61,Pristine Degreaser,cleaning supplies,segD,1,50,92.5,92.5,50,42.5,8/31/2026,,,,,,,,
8/28/2026,148,135,Radiant Cleaners of Canyonfield,75,Fresh Microwave Popcorn,breakroom supplies,segA,18,18,35.64,641.52,324,317.52,8/31/2026,,,,,,,,
8/28/2026,148,135,Radiant Cleaners of Canyonfield,77,Sleek Disposable Cups,breakroom supplies,segA,8,25,46,368,200,168,,,,,,,,,
8/28/2026,148,135,Radiant Cleaners of Canyonfield,80,Spotless Instant Soups,breakroom supplies,segA,12,17,34.85,418.2,204,214.2,,,,,,,,,
8/28/2026,148,135,Radiant Cleaners of Canyonfield,87,Glossy Tea Selection,breakroom supplies,segA,25,11,22.22,,275,280.5,8/31/2026,,,,,,,,
8/28/2026,148,135,Radiant Cleaners of Canyonfield,88,Gleaming Coffee Beans,breakroom supplies,segA,8,18,34.38,275.04,144,131.04,8/31/2026,,,,,,,,
8/28/2026,148,135,Radiant Cleaners of Canyonfield,92,Glossy Instant Soups,breakroom supplies,segA,8,24,49.2,393.6,192,201.6,8/31/2026,,,,,,,,
8/28/2026,148,135,Radiant Cleaners of Canyonfield,93,  Gleaming Microwave Popcorn ,breakroom supplies,segA,12,20,41.2,494.4,240,254.4,8/31/2026,,,,,,,,
8/13/2026,483,136,Sparkling Maintainers of Riverburg,49,  Sparkling Disinfectant Wipes ,,segC,1,21,41.79,41.79,21,,8/14/2026,,,,,,,,
8/13/2026,483,136,  Sparkling Maintainers of Riverburg ,97,Sparkling Legal Size Paper,copy paper,segA,2,39,,111.54,78,33.54,8/14/2026,,,,,,,,
8/13/2026,483,136,Sparkling Maintainers of Riverburg,104,Gleaming Glossy Photo Paper,copy paper,segA,2,52,,141.44,104,37.44,8/14/2026,,,,,,,,
8/13/2026,483,136,Sparkling Maintainers of Riverburg,106,Sleek Resume Paper,copy paper,segA,3,48,67.2,201.6,144,57.6,8/14/2026,,,,,,,,
8/12/2026,515,136,Sparkling Maintainers of Riverburg,34,Radiant Staplers,office products,segB,2,24,37.2,74.4,48,26.4,8/13/2026,,,,,,,,
8/12/2026,515,136,Sparkling Maintainers of Riverburg,35,Dazzling Staplers,office products,  segB ,1,27,43.2,43.2,27,16.2,8/13/2026,,,,,,,,
12/8/2026,515,136,Sparkling Maintainers of Riverburg,45,Immaculate Staplers,office products,segB,1,50,81,81,50,31,8/13/2026,,,,,,,,
8/12/2026,515,136,Sparkling Maintainers of Riverburg,,Pristine Energy Drinks,breakroom supplies,segB,1,15,29.7,29.7,15,14.7,13/08/2026,,,,,,,,
8/12/2026,515,136,Sparkling Maintainers of Riverburg,106,Sleek Resume Paper,copy paper,segA,5,48,67.2,336,240,96,13/08/2026,,,,,,,,
8/12/2026,515,136,Sparkling Maintainers of Riverburg,110,Pristine Cardstock,copy paper,segA,5,,63,315,210,105,8/13/2026,,,,,,,,
8/13/2026,,136,Sparkling Maintainers of Riverburg,30,Immaculate Markers,office products,segB,1,28,44.8,44.8,28,16.8,8/14/2026,,,,,,,,
8/12/2026,,136,Sparkling Maintainers of Riverburg,30,Immaculate Markers,office products,segB,1,28,44.8,44.8,28,16.8,8/13/2026,,,,,,,,
9/4/2026,12,137,Fresh Stewards of Gardenfield,17,  Glossy Lunch Napkins ,paper & tissue,segA,47,31,37.2,1748.4,1457,291.4,9/7/2026,,,,,,,,
9/4/2026,12,137,Fresh Stewards of Gardenfield,19,Fresh Party Napkins,paper & tissue,segA,1,45,60.75,60.75,45,15.75,9/7/2026,,,,,,,,
9/4/2026,12,137,Fresh Stewards of Gardenfield,20,Gleaming Roll Paper Towels,paper & tissue,segA,2,28,38.64,77.28,56,21.28,9/7/2026,,,,,,,,
9/4/2026,12,137,Fresh Stewards of Gardenfield,23,Dazzling Roll Paper Towels,paper & tissue,segA,2,40,,109.6,80,29.6,9/7/2026,,,,,,,,
9/4/2026,12,137,Fresh Stewards of Gardenfield,32,Bright Desk Organizers,office products,segC,1,44,69.52,69.52,44,25.52,9/7/2026,,,,,,,,
9/4/2026,12,137,Fresh Stewards of Gardenfield,40,Immaculate Markers,office products,segC,1,,54.4,54.4,34,20.4,9/7/2026,,,,,,,,
9/4/2026,12,137,Fresh Stewards of Gardenfield,53,Glossy Glass Cleaner,cleaning supplies,segA,1,36,61.92,61.92,36,25.92,9/7/2026,,,,,,,,
9/4/2026,12,137,Fresh Stewards of Gardenfield,57,Glossy All-Purpose Cleaner,cleaning supplies,segA,2,51,82.11,164.22,102,62.22,9/7/2026,,,,,,,,
9/4/2026,12,137,Fresh Stewards of Gardenfield,66,Radiant Glass Cleaner,cleaning supplies,segA,1,21,38.64,38.64,21,17.64,9/7/2026,,,,,,,,
9/4/2026,12,137,Fresh Stewards of Gardenfield,70,Sleek Air Freshener,cleaning supplies,segA,2,33,58.08,116.16,,50.16,9/7/2026,,,,,,,,
9/4/2026,12,137,Fresh Stewards of Gardenfield,72,Gleaming Glass Cleaner,cleaning supplies,segA,1,23,39.33,39.33,23,16.33,9/7/2026,,,,,,,,
9/1/2026,90,137,Fresh Stewards of Gardenfield,12,Immaculate Roll Paper Towels,paper & tissue,segA,3,44,65.12,195.36,132,63.36,9/2/2026,,,,,,,,
9/1/2026,90,137,Fresh Stewards of Gardenfield,32,Bright Desk Organizers,office products,segC,1,44,69.52,69.52,,25.52,9/2/2026,,,,,,,,
9/1/2026,90,137,Fresh Stewards of Gardenfield,33,Dazzling File Folders,office products,segC,1,26,41.08,,,15.08,9/2/2026,,,,,,,,
9/1/2026,90,137,Fresh Stewards of Gardenfield,41,Dazzling File Folders,office products,segC,1,46,71.76,71.76,46,25.76,9/2/2026,,,,,,,,
9/1/2026,90,137,Fresh Stewards of Gardenfield,46,Spotless Desk Organizers,office products,segC,1,33,52.8,52.8,33,19.8,9/2/2026,,,,,,,,
9/1/2026,90,137,Fresh Stewards of Gardenfield,57,Glossy All-Purpose Cleaner,cleaning supplies,segA,3,51,82.11,246.33,153,93.33,9/2/2026,,,,,,,,
9/1/2026,90,137,Fresh Stewards of Gardenfield,66,Radiant Glass Cleaner,cleaning supplies,segA,1,21,,38.64,21,17.64,9/2/2026,,,,,,,,
9/1/2026,90,137,Fresh Stewards of Gardenfield,68,Dazzling Disinfectant Wipes,cleaning supplies,segA,1,54,94.5,94.5,54,40.5,9/2/2026,,,,,,,,
1/9/2026,90,137,Fresh Stewards of Gardenfield,69,Gleaming Degreaser,cleaning supplies,segA,3,27,47.52,142.56,81,61.56,9/2/2026,,,,,,,,
9/1/2026,90,137,Fresh Stewards of Gardenfield,72,Gleaming Glass Cleaner,cleaning supplies,segA,1,23,39.33,39.33,,16.33,2/9/2026,,,,,,,,
9/1/2026,90,137,Fresh Stewards of Gardenfield,93,Gleaming Microwave Popcorn,breakroom supplies,segD,1,20,42.6,42.6,20,22.6,9/2/2026,,,,,,,,
9/1/2026,90,137,Fresh Stewards of Gardenfield,113,Polished Recycled Paper,copy paper,segD,1,36,64.8,64.8,36,28.8,9/2/2026,,,,,,,,
8/26/2026,224,137,Fresh Stewards of Gardenfield,14,Spotless Pocket Tissues,paper & tissue,segA,3,20,29.2,87.6,60,27.6,8/27/2026,,,,,,,,
8/26/2026,224,137,Fresh Stewards of Gardenfield,17,Glossy Lunch Napkins,paper & tissue,seAg,39,31,37.2,1450.8,1209,241.8,8/27/2026,,,,,,,,
,224,137,Fresh Stewards of Gardenfield,19,Fresh Party Napkins,paper & tissue,segA,2,45,60.75,121.5,90,31.5,8/27/2026,,,,,,,,
8/26/2026,224,137,Fresh Stewards of Gardenfield,25,Dazzling Binder Clips,office products,segC,1,45,67.95,67.95,45,22.95,8/27/2026,,,,,,,,
8/26/2026,224,137,Fresh Stewards of Gardenfield,54,Dazzling Floor Cleaner,cleaning supplies,segA,1,45,83.25,83.25,45,38.25,8/27/2026,,,,,,,,
8/26/2026,224,137,Fresh Stewards of Gardenfield,59,Spotless All-Purpose Cleaner,cleaning supplies,segA,22,47,66.74,1468.28,1034,434.28,8/27/2026,,,,,,,,
8/26/2026,224,137,Fresh Stewards of Gardenfield,66,Radiant Glass Cleaner,cleaning supplies,segA,,21,38.64,38.64,21,17.64,8/27/2026,,,,,,,,
8/26/2026,224,137,Fresh Stewards of Gardenfield,68,Dazzling Disinfectant Wipes,,segA,1,54,94.5,94.5,54,40.5,8/27/2026,,,,,,,,
8/26/2026,224,137,Fresh Stewards of Gardenfield,72,Gleaming Glass Cleaner,cleaning supplies,segA,1,23,39.33,39.33,23,16.33,8/27/2026,,,,,,,,
8/24/2026,282,137,Fresh Stewards of Gardenfield,14,Spotless Pocket Tissues,paper & tissue,segA,1,20,29.2,29.2,20,9.2,9/8/2026,,,,,,,,
8/24/2026,282,137,Fresh Stewards of Gardenfield,33,Dazzling File Folders,office products,segC,1,26,41.08,41.08,26,15.08,9/8/2026,,,,,,,,
8/24/2026,282,137,Fresh Stewards of Gardenfield,40,Immaculate Markers,office products,segC,1,34,54.4,54.4,34,20.4,,,,,,,,,
8/24/2026,282,137,Fresh Stewards of Gardenfield,53,,cleaning supplies,segA,1,36,61.92,61.92,36,25.92,9/8/2026,,,,,,,,
8/24/2026,282,137,Fresh Stewards of Gardenfield,66,Radiant Glass Cleaner,cleaning supplies,segA,,21,38.64,38.64,21,17.64,9/8/2026,,,,,,,,
8/24/2026,282,137,Fresh Stewards of Gardenfield,68,Dazzling Disinfectant Wipes,cleaning supplies,segA,1,54,94.5,94.5,54,40.5,9/8/2026,,,,,,,,
,415,137,Fresh Stewards of Gardenfield,12,,paper & tissue,segA,3,44,65.12,195.36,132,63.36,,,,,,,,,
8/17/2026,415,137,Fresh Stewards of Gardenfield,14,Spotless Pocket Tissues,paper & tissue,segA,3,20,29.2,87.6,60,27.6,9/1/2026,,,,,,,,
8/17/2026,415,137,Fresh Stewards of Gardenfield,19,Fresh Party Napkins,,segA,1,45,60.75,60.75,45,15.75,9/1/2026,,,,,,,,
8/17/2026,415,137,Fresh Stewards of Gardenfield,23,Dazzling Roll Paper Towels,paper & tissue,segA,2,40,54.8,109.6,80,29.6,9/1/2026,,,,,,,,
8/17/2026,415,137,Fresh Stewards of Gardenfield,24,Sparkling Pocket Tissues,paper & tissue,segA,1,,26.1,26.1,18,8.1,9/1/2026,,,,,,,,
8/17/2026,415,137,Fresh Stewards of Gardenfield,54,Dazzling Floor Cleaner,cleaning supplies,segA,1,45,83.25,83.25,45,38.25,9/1/2026,,,,,,,,
8/17/2026,415,137,Fresh Stewards of Gardenfield,72,Gleaming Glass Cleaner,cleaning supplies,segA,1,23,39.33,39.33,23,16.33,9/1/2026,,,,,,,,
,516,137,Fresh Stewards of Gardenfield,,Immaculate Roll Paper Towels,paper & tissue,segA,3,44,65.12,195.36,132,63.36,8/13/2026,,,,,,,,
,516,137,Fresh Stewards of Gardenfield,,Spotless Pocket Tissues,paper & tissue,segA,3,20,29.2,87.6,60,27.6,8/13/2026,,,,,,,,
8/12/2026,516,137,Fresh Stewards of Gardenfield,22,,paper & tissue,segA,7,41,54.12,378.84,287,91.84,8/13/2026,,,,,,,,
8/12/2026,516,137,Fresh Stewards of Gardenfield,40,Immaculate Markers,office products,segC,1,34,54.4,54.4,34,20.4,8/13/2026,,,,,,,,
8/12/2026,516,137,Fresh Stewards of Gardenfield,50,Bright Glass Cleaner,cleaning supplies,segA,1,26,48.36,48.36,26,22.36,8/13/2026,,,,,,,,
8/12/2026,516,137,Fresh Stewards of Gardenfield,57,Glossy All-Purpose Cleaner,cleaning supplies,segA,1,51,82.11,82.11,51,31.11,8/13/2026,,,,,,,,
8/12/2026,516,137,Fresh Stewards of Gardenfield,68,Dazzling Disinfectant Wipes,  cleaning supplies ,segA,1,54,94.5,94.5,54,40.5,8/13/2026,,,,,,,,
8/12/2026,516,137,Fresh Stewards of Gardenfield,72,  Gleaming Glass Cleaner ,cleaning supplies,segA,1,23,39.33,39.33,23,16.33,8/13/2026,,,,,,,,
8/26/2026,,137,Fresh Stewards of Gardenfield,23,Dazzling Roll Paper Towels,,,3,40,54.8,164.4,120,44.4,8/27/2026,,,,,,,,
9/1/2026,91,138,Radiant Facilities of Mountfield,6,Pristine Bathroom Tissue,paper & tissue,segB,2,19,27.93,55.86,38,17.86,9/9/2026,,,,,,,,
9/1/2026,91,138,Radiant Facilities of Mountfield,7,Gleaming Bathroom Tissue,paper & tissue,segB,1,16,23.68,23.68,16,7.68,9/9/2026,,,,,,,,
1/9/2026,91,138,Radiant Facilities of Mountfield,,Pristine 2-Ply Toilet Paper,paper & tissue,segB,1,26,40.3,40.3,26,14.3,9/9/2026,,,,,,,,
1/9/2026,91,138,Radiant Facilities of Mountfield,20,Gleaming Roll Paper Towels,paper & tissue,segB,2,28,44.52,89.04,56,33.04,9/9/2026,,,,,,,,
9/1/2026,91,138,Radiant Facilities of Mountfield,60,Polished Degreaser,cleaning supplies,segB,1,26,45.5,45.5,26,19.5,9/9/2026,,,,,,,,
9/1/2026,91,138,Radiant Facilities of Mountfield,67,Sleek Citrus Cleaner,,segB,1,39,76.83,76.83,39,37.83,9/9/2026,,,,,,,,
9/1/2026,91,138,Radiant Facilities of Mountfield,101,Radiant Colored Paper,copy paper,segA,2,60,80.4,160.8,120,,9/9/2026,,,,,,,,
9/1/2026,91,138,Radiant Facilities of Mountfield,103,Spotless Colored Paper,copy paper,segA,2,45,63.45,126.9,90,36.9,9/9/2026,,,,,,,,
9/1/2026,91,138,Radiant Facilities of Mountfield,109,Immaculate Resume Paper,copy paper,segA,1,31,42.16,42.16,31,,9/9/2026,,,,,,,,
9/1/2026,91,138,Radiant Facilities of Mountfield,114,Glossy Recycled Paper,copy paper,segA,4,32,47.36,189.44,128,61.44,9/9/2026,,,,,,,,
8/19/2026,366,138,Radiant Facilities of Mountfield,11,Fresh Lunch Napkins,paper & tissue,  segB ,1,21,33.39,33.39,21,12.39,8/20/2026,,,,,,,,
8/19/2026,366,138,Radiant Facilities of Mountfield,56,Pristine Citrus Cleaner,cleaning supplies,segB,1,48,92.16,92.16,48,44.16,8/20/2026,,,,,,,,
8/19/2026,366,138,Radiant Facilities of Mountfield,67,Sleek Citrus Cleaner,cleaning supplies,segB,1,39,76.83,76.83,39,37.83,8/20/2026,,,,,,,,
8/19/2026,366,138,Radiant Facilities of Mountfield,71,Spotless Glass Cleaner,cleaning supplies,segB,1,31,56.42,56.42,31,25.42,8/20/2026,,,,,,,,
19/08/2026,366,138,Radiant Facilities of Mountfield,100,Dazzling Legal Size Paper,copy paper,segA,3,24,33.84,101.52,72,29.52,8/20/2026,,,,,,,,
8/19/2026,366,138,Radiant Facilities of Mountfield,101,Radiant Colored Paper,copy paper,segA,1,60,80.4,80.4,60,20.4,8/20/2026,,,,,,,,
8/19/2026,366,138,Radiant Facilities of Mountfield,109,Immaculate Resume Paper,copy paper,segA,2,31,42.16,84.32,62,22.32,8/20/2026,,,,,,,,
8/19/2026,,138,Radiant Facilities of Mountfield,,,office prdoucts,segD,1,24,42.48,42.48,24,18.48,8/20/2026,,,,,,,,
9/4/2026,13,140,Spotless Servicers of Valleywood,,Sleek Party Napkins,paper & tissue,segA,1,29,,42.34,29,13.34,9/14/2026,,,,,,,,
9/4/2026,13,140,Spotless Servicers of Valleywood,3,Sparkling Party Napkins,paper & tissue,segA,,21,28.98,,42,15.96,9/14/2026,,,,,,,,
9/4/2026,13,140,Spotless Servicers of Valleywood,14,Spotless Pocket Tissues,paper & tissue,,3,20,27,81,60,21,9/14/2026,,,,,,,,
9/4/2026,13,140,Spotless Servicers of Valleywood,16,Dazzling Bathroom Tissue,paper & tissue,segA,2,42,57.54,115.08,84,31.08,9/14/2026,,,,,,,,
9/4/2026,13,140,Spotless Servicers of Valleywood,18,Pristine Lunch Napkins,paper & tissue,segA,3,20,26.4,79.2,60,19.2,9/14/2026,,,,,,,,
9/4/2026,13,140,Spotless Servicers of Valleywood,20,Gleaming Roll Paper Towels,paper & tissue,segA,6,28,38.08,228.48,168,60.48,9/14/2026,,,,,,,,
9/4/2026,13,140,Spotless Servicers of Valleywood,28,Immaculate Binder Clips,office products,segA,5,29,38.57,192.85,145,47.85,9/14/2026,,,,,,,,
9/4/2026,13,140,Spotless Servicers of Valleywood,29,Dazzling Paper Clips,  office products ,segA,4,37,55.5,222,148,74,9/14/2026,,,,,,,,
9/4/2026,13,140,Spotless Servicers of Valleywood,31,Polished Highlighters,office products,segA,1,17,24.31,24.31,17,7.31,9/14/2026,,,,,,,,
9/4/2026,13,140,Spotless Servicers of Valleywood,33,Dazzling File Folders,office products,segA,2,26,34.32,68.64,52,16.64,9/14/2026,,,,,,,,
9/4/2026,13,140,Spotless Servicers of Valleywood,39,Immaculate Sticky Notes,office products,segA,3,34,52.02,156.06,102,54.06,9/14/2026,,,,,,,,
9/4/2026,13,140,Spotless Servicers of Valleywood,42,Polished Markers,office products,segA,5,28,38.36,191.8,140,51.8,9/14/2026,,,,,,,,
9/4/2026,13,140,Spotless Servicers of Valleywood,46,Spotless Desk Organizers,office products,segA,3,33,50.49,151.47,99,52.47,9/14/2026,,,,,,,,
9/4/2026,13,140,Spotless Servicers of Valleywood,49,Sparkling Disinfectant Wipes,cleaning supplies,segA,,21,37.38,37.38,21,16.38,9/14/2026,,,,,,,,
9/4/2026,13,140,Spotless Servicers of Valleywood,54,Dazzling Floor Cleaner,cleaning supplies,segA,2,45,75.6,151.2,90,61.2,9/14/2026,,,,,,,,
9/4/2026,13,140,Spotless Servicers of Valleywood,55,,cleaning supplies,segA,1,29,53.07,53.07,29,24.07,9/14/2026,,,,,,,,
9/4/2026,13,140,Spotless Servicers of Valleywood,61,Pristine Degreaser,cleaning supplies,segA,1,,81.5,81.5,50,31.5,9/14/2026,,,,,,,,
9/4/2026,13,140,Spotless Servicers of Valleywood,66,Radiant Glass Cleaner,cleaning supplies,  segA ,2,21,36.33,72.66,42,30.66,9/14/2026,,,,,,,,
9/4/2026,13,140,Spotless Servicers of Valleywood,71,Spotless Glass Cleaner,cleaning supplies,segA,2,31,49.91,99.82,62,37.82,9/14/2026,,,,,,,,
9/4/2026,13,140,Spotless Servicers of Valleywood,72,Gleaming Glass Cleaner,cleaning supplies,segA,2,23,42.32,84.64,46,38.64,9/14/2026,,,,,,,,
9/4/2026,13,140,Spotless Servicers of Valleywood,,Gleaming Coffee Beans,breakroom supplies,segD,1,18,42.12,42.12,18,24.12,9/14/2026,,,,,,,,
9/1/2026,92,140,Spotless Servicers of Valleywood,1,,paper & tissue,segA,3,29,42.34,127.02,87,40.02,9/9/2026,,,,,,,,
9/1/2026,92,140,Spotless Servicers of Valleywood,7,Gleaming Bathroom Tissue,paper & tissue,segA,2,16,23.2,46.4,32,14.4,9/9/2026,,,,,,,,
9/1/2026,92,140,Spotless Servicers of Valleywood,,Pristine 2-Ply Toilet Paper,paper & tissue,segA,3,26,34.84,104.52,78,26.52,9/9/2026,,,,,,,,
,92,140,Spotless Servicers of Valleywood,11,Fresh Lunch Napkins,paper & tissue,segA,2,21,27.72,55.44,42,13.44,9/9/2026,,,,,,,,
9/1/2026,92,140,Spotless Servicers of Valleywood,17,Glossy Lunch Napkins,paper & tissue,segA,2,31,40.92,81.84,62,19.84,9/9/2026,,,,,,,,
,92,140,Spotless Servicers of Valleywood,20,Gleaming Roll Paper Towels,paper & tissue,segA,3,28,38.08,114.24,84,30.24,9/9/2026,,,,,,,,
9/1/2026,92,140,Spotless Servicers of Valleywood,28,Immaculate Binder Clips,office products,segA,2,29,38.57,77.14,58,19.14,9/9/2026,,,,,,,,
9/1/2026,92,140,Spotless Servicers of Valleywood,29,Dazlzing Paper Clips,office products,segA,,37,,166.5,111,55.5,9/9/2026,,,,,,,,
9/1/2026,92,140,Spotless Servicers of Valleywood,31,Polished Highlighters,,segA,1,17,24.31,24.31,17,7.31,9/9/2026,,,,,,,,
1/9/2026,92,140,Spotless Servicers of Valleywood,33,Dazzling File Folders,office products,segA,2,26,34.32,68.64,52,16.64,9/9/2026,,,,,,,,
9/1/2026,92,140,Spotless Servicers of Valleywood,39,Immaculate Sticky Notes,office products,segA,3,34,52.02,156.06,102,54.06,9/9/2026,,,,,,,,
9/1/2026,92,140,Spotless Servicers of Valleywood,41,Dazzling File Folders,office products,segA,2,46,62.1,124.2,92,32.2,9/9/2026,,,,,,,,
9/1/2026,92,140,Spotless Servicers of Valleywood,42,Polished Markers,office products,segA,5,28,38.36,191.8,,51.8,,,,,,,,,
9/1/2026,92,140,Spotless Servicers of Valleywood,46,Spotless Desk Organizers,office products,segA,1,,50.49,50.49,33,17.49,9/9/2026,,,,,,,,
9/1/2026,92,140,Spotless Servicers of Valleywood,47,Immaculate Staplers,office products,segA,1,24,36.48,36.48,,,9/9/2026,,,,,,,,
9/1/2026,92,140,Spotless Servicers of Valleywood,49,  Sparkling Disinfectant Wipes ,cleaning supplies,segA,1,21,37.38,37.38,21,16.38,9/9/2026,,,,,,,,
9/1/2026,92,140,Spotless Servicers of Valleywood,50,Bright Glass Cleaner,cleaning supplies,segA,2,23,41.63,83.26,46,37.26,9/9/2026,,,,,,,,
,92,140,Spotless Servicers of Valleywood,51,Bright Glass Cleaner,cleaning supplies,segA,1,26,42.64,42.64,26,16.64,9/9/2026,,,,,,,,
9/1/2026,92,140,Spotless Servicers of Valleywood,52,Spotless Air Freshener,cleaning spuplies,segA,2,49,90.16,180.32,98,82.32,9/9/2026,,,,,,,,
9/1/2026,92,140,Spotless Servicers of Valleywood,54,Dazzling Floor Cleaner,cleaning supplies,segA,2,45,75.6,151.2,90,61.2,9/9/2026,,,,,,,,
9/1/2026,92,140,Spotless Servicers of Valleywood,55,Spotless Floor Cleaner,cleaning supplies,segA,2,29,53.07,106.14,58,,9/9/2026,,,,,,,,
9/1/2026,92,140,Spotless Servicers of Valleywood,58,Spotless Floor Cleaner,cleaning supplies,segA,1,31,49.6,49.6,31,18.6,9/9/2026,,,,,,,,
9/1/2026,92,140,Spotless Servicers of Valleywood,66,Radiant Glass Cleaner,cleaning supplies,segA,1,21,36.33,36.33,21,15.33,9/9/2026,,,,,,,,
9/1/2026,92,140,Spotless Servicers of Valleywood,67,Sleek Citrus Cleaner,cleaning supplies,segA,2,39,74.1,148.2,78,70.2,9/9/2026,,,,,,,,
9/1/2026,92,140,Spotless Servicers of Valleywood,71,Spotless Glass Cleaner,cleaning supplies,segA,3,31,49.91,149.73,93,56.73,9/9/2026,,,,,,,,
8/7/2026,592,140,Spotless Servicers of Valleywood,1,Sleek Party Napkins,paper & tissue,segA,1,29,42.34,42.34,29,,8/10/2026,,,,,,,,
8/7/2026,592,140,Spotless Servicers of Valleywood,4,Bright Bathroom Tissue,paper & tissue,segA,5,26,38.22,191.1,130,61.1,8/10/2026,,,,,,,,
8/7/2026,592,140,Spotless Servicers of Valleywood,16,Dazzling Bathroom Tissue,paper & tissue,segA,3,42,57.54,172.62,126,46.62,8/10/2026,,,,,,,,
8/7/2026,592,140,Spotless Servicers of Valleywood,17,Glossy Lunch Napkins,paper & tissue,segA,3,31,40.92,122.76,93,29.76,8/10/2026,,,,,,,,
8/7/2026,592,140,Spotless Servicers of Valleywood,23,Dazzling Roll Paper Towels,paper & tissue,segA,3,40,60,180,120,60,8/10/2026,,,,,,,,
8/7/2026,592,140,Spotless Servicers of Valleywood,25,Dazzling Binder Clips,office products,segA,3,45,65.25,195.75,135,60.75,8/10/2026,,,,,,,,
8/7/2026,592,140,Spotless Servicers of Valleywood,26,Radiant Sticky Notes,office products,segA,1,34,52.36,52.36,34,18.36,8/10/2026,,,,,,,,
8/7/2026,592,140,Spotless Servicers of Valleywood,28,Immaculate Binder Clips,office products,segA,5,29,38.57,192.85,145,47.85,8/10/2026,,,,,,,,
8/7/2026,592,140,Spotless Servicers of Valleywood,29,Dazzling Paper Clips,office products,,4,37,55.5,,148,74,8/10/2026,,,,,,,,
8/7/2026,592,140,Spotless Servicers of Valleywood,33,Dazzling File Folders,office products,,1,26,34.32,34.32,26,8.32,8/10/2026,,,,,,,,
7/8/2026,592,140,Spotless Servicers of Valleywood,46,Spotless Desk Organizers,office products,segA,2,33,50.49,100.98,66,34.98,8/10/2026,,,,,,,,
8/7/2026,592,140,  Spotless Servicers of Valleywood ,50,Bright Glass Cleaner,,segA,3,23,41.63,124.89,69,55.89,8/10/2026,,,,,,,,
8/7/2026,592,140,Spotless Servicers of Valleywood,51,Bright Glass Cleaner,cleaning supplies,segA,1,26,42.64,42.64,26,16.64,8/10/2026,,,,,,,,
8/7/2026,592,140,Spotless Servicers of Valleywood,54,Dazzling Floor Cleaner,cleaning supplies,segA,1,45,75.6,75.6,45,30.6,8/10/2026,,,,,,,,
8/7/2026,592,140,Spotless Servicers of Valleywood,55,Spotless Floor Cleaner,cleaning supplies,segA,2,29,53.07,106.14,58,48.14,10/8/2026,,,,,,,,
8/7/2026,592,140,Spotless Servicers of Valleywood,58,,cleaning supplies,segA,2,31,49.6,99.2,62,37.2,8/10/2026,,,,,,,,
8/7/2026,592,140,Spotless Servicers of Valleywood,61,Pristine Degreaser,cleaning supplies,segA,1,50,81.5,81.5,50,31.5,8/10/2026,,,,,,,,
8/7/2026,592,140,Spotless Servicers of Valleywood,68,Dazzling Disinfectant Wipes,cleaning supplies,segA,2,54,,172.8,108,64.8,8/10/2026,,,,,,,,
8/7/2026,592,140,Spotless Servicers of Valleywood,69,Gleaming Degreaser,cleaning supplies,segA,1,27,43.74,43.74,27,16.74,8/10/2026,,,,,,,,
,592,140,Spotless Servicers of Valleywood,70,Sleek Air Freshener,cleaning supplies,segA,1,33,57.42,57.42,33,24.42,8/10/2026,,,,,,,,
,,140,Spotless Servicers of Valleywood,36,Glossy Staplers,office products,segA,2,50,76,152,100,52,,,,,,,,,
9/1/2026,,140,Spotless Servicers of Valleywood,63,Polished Glass Cleaner,cleaning supplies,segA,1,42,73.5,73.5,42,31.5,,,,,,,,,
8/7/2026,,140,Spotless Servicers of Valleywood,42,Polished Markers,office products,segA,4,28,38.36,153.44,112,41.44,8/10/2026,,,,,,,,
8/7/2026,,140,Spotless Servicers of Valleywood,72,Gleaming Glass Cleaner,cleaning supplies,segA,2,23,42.32,84.64,46,38.64,8/10/2026,,,,,,,,
8/28/2026,149,141,Immaculate Custodians of Harborton,2,Glossy Party Napkins,paper & tissue,segB,1,29,46.4,46.4,29,17.4,8/31/2026,,,,,,,,
8/28/2026,149,141,Immaculate Custodians of Harborton,3,Sparkling Party Napkins,paper & tissue,segB,4,21,33.6,134.4,84,50.4,8/31/2026,,,,,,,,
8/28/2026,149,141,Immaculate Custodians of Harborton,18,,paper & tissue,segB,2,20,29.6,59.2,40,19.2,8/31/2026,,,,,,,,
8/28/2026,149,141,Immaculate Custodians of Harborton,24,Sparkling Pocket Tissues,paper & tissue,segB,4,18,25.92,103.68,72,31.68,8/31/2026,,,,,,,,
8/28/2026,149,141,Immaculate Custodians of Harborton,25,Dazzling Binder Clips,office products,segA,16,45,59.85,957.6,720,237.6,8/31/2026,,,,,,,,
8/28/2026,149,141,Immaculate Custodians of Harborton,,,office products,segA,9,34,52.36,471.24,306,165.24,8/31/2026,,,,,,,,
28/08/2026,149,141,Immaculate Custodians of Harborton,32,Bright Desk Organizers,office products,segA,9,44,66.88,601.92,396,205.92,8/31/2026,,,,,,,,
8/28/2026,149,141,Immaculate Custodians of Harborton,33,Dazzling File Folders,office products,segA,18,26,37.44,673.92,468,205.92,,,,,,,,,
8/28/2026,149,141,Immaculate Custodians of Harborton,36,Glossy Staplers,office products,segA,3,50,79.5,238.5,150,88.5,8/31/2026,,,,,,,,
,149,141,Immaculate Custodians of Harborton,37,Bright Recycled Paper,office products,segA,7,24,38.4,268.8,168,100.8,8/31/2026,,,,,,,,
8/28/2026,149,141,Immaculate Custodians of Harborton,42,Polished Markers,office products,segA,8,,37.8,302.4,224,78.4,8/31/2026,,,,,,,,
28/08/2026,149,141,Immaculate Custodians of Harborton,47,Immaculate Staplers,office products,segA,8,24,33.84,270.72,192,78.72,8/31/2026,,,,,,,,
8/28/2026,149,141,Immaculate Custodians of Harborton,67,Sleek Citrus Cleaner,cleaning supplies,segC,2,39,78,156,78,78,8/31/2026,,,,,,,,
8/28/2026,149,141,Immaculate Custodians of Harborton,76,Immaculate Granola Bars,breakroom supplies,segC,2,10,19.8,39.6,20,19.6,8/31/2026,,,,,,,,
8/28/2026,149,141,Immaculate Custodians of Harborton,109,Immaculate Resume Paper,copy paper,segB,4,,48.67,194.68,124,70.68,8/31/2026,,,,,,,,
8/27/2026,188,141,Immaculate Custodians of Harborton,7,Gleaming Bathroom Tissue,paper & tissue,segB,4,16,23.84,95.36,64,31.36,8/28/2026,,,,,,,,
8/27/2026,188,141,Immaculate Custodians of Harborton,14,Spotless Pocket Tissues,paper & tissue,segB,5,20,28,140,100,40,8/28/2026,,,,,,,,
8/27/2026,188,141,Immaculate Custodians of Harborton,24,Sparkling Pocket Tissues,paper & tissue,segB,9,18,25.92,233.28,162,,8/28/2026,,,,,,,,
8/27/2026,188,141,Immaculaet Custodians of Harborton,26,Radiant Sticky Notes,office products,segA,11,34,52.36,575.96,374,201.96,8/28/2026,,,,,,,,
8/27/2026,188,141,Immaculate Custodians of Harborton,35,Dazzling Staplers,office products,segA,4,27,36.18,144.72,108,36.72,8/28/2026,,,,,,,,
8/27/2026,188,141,Immaculate Custodians of Harborton,37,Bright Recycled Paper,office products,segA,6,24,38.4,230.4,144,86.4,8/28/2026,,,,,,,,
8/27/2026,188,141,Immaculate Custodians of Harborton,42,Polished Markers,office products,segA,4,28,37.8,151.2,112,39.2,8/28/2026,,,,,,,,
8/27/2026,188,141,Immaculate Custodians of Harborton,44,Gleaming Recycled Paper,office products,segA,3,34,53.38,160.14,102,58.14,8/28/2026,,,,,,,,
8/27/2026,188,141,Immaculate Custodians of Harborton,47,Immaculate Staplers,office products,segA,7,24,33.84,236.88,168,68.88,8/28/2026,,,,,,,,
8/27/2026,188,141,Immaculate Custodians of Harborton,48,Fresh Desk Organizers,office products,segA,5,29,43.21,216.05,145,71.05,8/28/2026,,,,,,,,
8/27/2026,188,141,Immaculate Custodians of Harborton,67,Sleek Citrus Cleaner,cleaning supplies,segC,4,39,78,312,156,156,8/28/2026,,,,,,,,
8/27/2026,188,141,Immaculate Custodians of Harborton,70,Sleek Air Freshener,cleaning supplies,segC,1,33,59.73,59.73,33,26.73,8/28/2026,,,,,,,,
,188,141,Immaculate Custodians of Harborton,78,Glossy Creamers,breakroom supplies,  segC ,1,27,49.41,49.41,27,22.41,8/28/2026,,,,,,,,
8/27/2026,188,141,Immaculate Custodians of Harborton,120,Sparkling Letter Size Paper,copy paper,  segB ,6,45,75.15,450.9,270,180.9,8/28/2026,,,,,,,,
8/18/2026,384,141,Immaculate Custodians of Harborton,2,Glossy Party Napkins,paper & tissue,segB,2,29,46.4,92.8,58,34.8,8/19/2026,,,,,,,,
8/18/2026,384,141,Immaculate Custodians of Harborton,5,Polished Kitchen Towels,paper & tissue,segB,2,35,54.95,109.9,70,39.9,8/19/2026,,,,,,,,
8/18/2026,384,141,Immaculate Custodians of Harborton,25,Dazzling Binder Clips,office products,seAg,14,45,59.85,837.9,630,207.9,8/19/2026,,,,,,,,
8/18/2026,384,141,Immaculate Custodians of Harborton,33,Dazzling File Folders,office products,segA,20,26,37.44,748.8,520,228.8,8/19/2026,,,,,,,,
8/18/2026,384,141,Immaculate Custodians of Harborton,37,Bright Recycled Paper,office products,segA,9,24,38.4,345.6,216,129.6,8/19/2026,,,,,,,,
,384,141,Immaculate Custodians of Harborton,44,Gleaming Recycled Paper,office products,segA,4,34,53.38,213.52,136,77.52,8/19/2026,,,,,,,,
8/18/2026,384,141,Immaculate Custodians of Harborton,76,Immaculate Granola Bars,breakroom supplies,,1,,19.8,19.8,10,9.8,8/19/2026,,,,,,,,
8/18/2026,384,141,Immaculate Custodians of Harborton,,Glossy Recycled Paper,copy paper,segB,3,54,90.72,272.16,162,110.16,8/19/2026,,,,,,,,
8/18/2026,384,141,Immaculate Custodians of Harborton,,Sparkling Letter Size Paper,copy paper,segB,3,45,75.15,225.45,135,90.45,8/19/2026,,,,,,,,
8/17/2026,416,141,Immaculate Custodians of Harborton,25,Dazzling Binder Clips,office products,segA,14,45,59.85,837.9,630,207.9,8/18/2026,,,,,,,,
8/17/2026,416,141,Immaculate Custodians of Harborton,26,Radiant Sticky Notes,office products,segA,15,34,52.36,785.4,510,,8/18/2026,,,,,,,,
8/17/2026,416,141,Immaculate Custodians of Harborton,29,Dazzling Paper Clips,office products,segA,21,37,55.5,1165.5,777,388.5,8/18/2026,,,,,,,,
8/17/2026,416,141,Immaculate Custodians of Harborton,40,Immaculate Markers,office products,segA,7,34,48.62,340.34,238,102.34,8/18/2026,,,,,,,,
8/17/2026,416,141,Immaculate Custodians of Harborton,42,Polished Markers,office products,  segA ,5,28,37.8,,140,49,8/18/2026,,,,,,,,
8/17/2026,416,141,Immaculate Custodians of Harborton,47,Immaculate Staplers,office products,segA,10,24,33.84,338.4,,98.4,8/18/2026,,,,,,,,
8/17/2026,416,141,Immaculate Custodians of Harborton,57,Glossy All-Purpose Cleaner,,segC,2,51,100.47,200.94,102,98.94,8/18/2026,,,,,,,,
17/08/2026,416,141,Immaculate Custodians of Harborton,,Glossy Recycled Paper,copy paper,segB,3,54,90.72,272.16,162,110.16,8/18/2026,,,,,,,,
8/13/2026,484,141,Immaculate Custodians of Harborton,,Glossy Party Napkins,paper & tissue,segB,1,29,46.4,46.4,29,17.4,,,,,,,,,
8/13/2026,484,141,Immaculate Custodians of Harborton,3,Sparkling Party Napkins,paper & tissue,segB,5,21,33.6,168,105,63,8/14/2026,,,,,,,,
8/13/2026,484,141,Immaculate Custodians of Harborton,,Gleaming Roll Paper Towels,paper & tissue,segB,5,28,40.04,200.2,140,60.2,8/14/2026,,,,,,,,
8/13/2026,484,141,Immaculate Custodians of Harborton,24,Sparklin gPocket Tissues,paper & tissue,segB,4,18,25.92,103.68,72,31.68,8/14/2026,,,,,,,,
8/13/2026,484,141,Immaculate Custodians of Harborton,33,Dazzling File Folders,office products,,15,26,37.44,561.6,390,171.6,8/14/2026,,,,,,,,
8/13/2026,484,141,Immaculate Custodians of Harborton,42,Polished Markers,office products,segA,5,28,37.8,189,140,49,8/14/2026,,,,,,,,
13/08/2026,484,141,Immaculate Custodians of Harborton,47,Immaculate Staplers,office products,segA,11,24,33.84,372.24,264,108.24,8/14/2026,,,,,,,,
8/13/2026,484,141,Immaculate Custodians of Harborton,73,Spotless Creamers,breakroom supplies,segC,1,18,37.62,37.62,18,19.62,8/14/2026,,,,,,,,
8/13/2026,484,141,Immaculate Custodians of Harborton,76,Immaculate Granola Bars,breakroom supplies,segC,2,10,,39.6,20,19.6,8/14/2026,,,,,,,,
8/13/2026,484,141,Immaculate Custodians of Harborton,109,Immaculate Resume Paper,copy paper,segB,5,31,48.67,243.35,155,88.35,8/14/2026,,,,,,,,
8/13/2026,484,141,Immaculate Custodians of Harborton,42,Polished Markers,office products,segA,5,28,37.8,189,140,49,8/14/2026,,,,,,,,
8/10/2026,566,141,Immaculate Custodians of Harborton,,Glossy Party Napkins,  paper & tissue ,segB,1,29,46.4,46.4,29,17.4,8/11/2026,,,,,,,,
8/10/2026,566,141,Immaculate Custodians of Harborton,5,Polished Kitchen Towels,paper & tissue,,1,35,54.95,54.95,35,19.95,8/11/2026,,,,,,,,
8/10/2026,566,141,Immaculate Custodians of Harborton,25,Dazzling Binder Clips,office prodcuts,segA,18,45,59.85,1077.3,810,267.3,8/11/2026,,,,,,,,
8/10/2026,566,141,Immaculate Custodians of Harborton,37,Bright Recycled Paper,office products,,4,24,38.4,153.6,96,57.6,8/11/2026,,,,,,,,
8/10/2026,566,141,Immaculate Custodians of Harborton,42,Polished Markers,office products,segA,6,28,37.8,226.8,168,58.8,8/11/2026,,,,,,,,
8/10/2026,566,141,Immaculate Custodians of Harborton,61,Pristine Degreaser,cleaning supplies,segC,5,50,88.5,442.5,250,192.5,,,,,,,,,
8/10/2026,566,141,Immaculate Custodians of Harborton,76,Immaculate Granola Bars,breakroom supplies,segC,2,10,19.8,39.6,20,19.6,8/11/2026,,,,,,,,
8/10/2026,566,141,Immaculate Custodians of Harborton,90,Dazzling Instant Soups,breakroom supplies,segC,1,24,45.84,45.84,24,21.84,8/11/2026,,,,,,,,
8/10/2026,566,141,Immaculate Custodians of Harborton,120,Sparkling Lette rSize Paper,copy paper,seBg,5,45,75.15,375.75,225,150.75,8/11/2026,,,,,,,,
8/21/2026,311,142,Immaculate Cleaners of Bayville,79,Immaculate Microwave Popcorn,breakroom supplies,segA,127,25,37.5,4762.5,3175,1587.5,9/7/2026,,,,,,,,
8/21/2026,311,142,Immaculate Cleaners of Bayville,85,Sparkling Microwave Popcorn,breakroom supplies,segA,,12,23.52,188.16,96,92.16,9/7/2026,,,,,,,,
8/21/2026,311,142,Immaculate Cleaners of Bayville,92,Glossy Instant Soups,breakroom supplies,segA,1,24,,,24,18.72,9/7/2026,,,,,,,,
8/21/2026,311,142,Immaculate Cleaners of Bayville,93,Gleaming Microwave Popcorn,breakroom supplies,segA,4,20,40.8,163.2,80,83.2,9/7/2026,,,,,,,,
8/21/2026,311,142,Immaculate Cleaners of Bayville,96,Dazzling Disposable Cups,breakroom supplies,segA,4,19,32.68,130.72,76,54.72,9/7/2026,,,,,,,,
8/7/2026,593,142,Immaculate Cleaners of Bayville,44,Gleaming Recycled Paper,office products,segD,1,34,55.76,55.76,34,21.76,8/10/2026,,,,,,,,
8/7/2026,593,142,Immaculate Cleaners of Bayville,73,Spotless Creamers,breakroom supplies,segA,,18,38.52,154.08,,82.08,8/10/2026,,,,,,,,
9/3/2026,43,143,Polished Suppliers of Gardenburg,64,Bright Glass Cleaner,cleaning supplies,segD,1,32,62.08,62.08,32,30.08,9/4/2026,,,,,,,,
9/3/2026,43,143,Polished Suppliers of Gardenburg,97,Sparkling Legal Size Paper,copy paper,segA,2,39,52.26,104.52,78,26.52,9/4/2026,,,,,,,,
3/9/2026,43,143,Polished Suppliers of Gardenburg,100,Dazzling Legal Size Paper,copy paper,segA,1,24,38.4,38.4,24,14.4,9/4/2026,,,,,,,,
9/3/2026,43,143,Polished Suppliers of Gardenburg,108,Dazzling Cardstock,copy paper,segA,4,21,28.77,115.08,84,31.08,9/4/2026,,,,,,,,
9/3/2026,43,143,Polished Suppliers of Gardenburg,110,,copy paper,segA,1,42,55.86,55.86,42,13.86,9/4/2026,,,,,,,,
9/3/2026,43,143,Polished Suppliers of Gardenburg,,Glossy Recycled Paper,copy paper,segA,4,54,79.38,317.52,216,101.52,9/4/2026,,,,,,,,
9/3/2026,43,143,Polished Suppliers of Gardenburg,120,Sparkling Letter Size Paper,copy ppaer,segA,3,45,58.5,175.5,135,40.5,9/4/2026,,,,,,,,
8/18/2026,385,143,Polished Suppliers of Gardenburg,101,Radiant Colored Paper,copy paper,segA,3,60,90.6,271.8,180,91.8,8/19/2026,,,,,,,,
8/18/2026,385,143,Polished Suppliers of Gardenburg,110,,,segA,2,42,55.86,111.72,84,27.72,8/19/2026,,,,,,,,
8/18/2026,385,143,Polished Suppliers of Gardenburg,116,Immaculate Legal Size Paper,copy paper,segA,2,59,92.63,185.26,118,67.26,8/19/2026,,,,,,,,
8/17/2026,417,144,Sleek Stewards of Gardenridge,17,Glossy Lunch Napkins,paper & tissue,segA,3,31,45.88,137.64,93,44.64,8/18/2026,,,,,,,,
8/17/2026,417,144,Sleek Stewards of Gardenridge,22,,paper & tissue,segA,3,41,53.71,161.13,123,38.13,8/18/2026,,,,,,,,
8/17/2026,417,144,Sleek Stewards of Gardenridge,44,  Gleaming Recycled Paper ,office products,segB,2,34,53.04,106.08,68,38.08,8/18/2026,,,,,,,,
8/17/2026,417,144,Sleek Stewards of Gardenridge,59,Spotless All-Purpose Cleaner,cleaning supplies,segA,9,47,67.68,609.12,423,186.12,8/18/2026,,,,,,,,
8/17/2026,417,144,Sleek Stewards of Gardenridge,63,Polished Glass Cleaner,cleaning supplies,segA,3,42,71.82,215.46,126,89.46,8/18/2026,,,,,,,,
8/17/2026,417,144,Sleek Stewards of Gardenridge,76,Immaculate Granola Bars,breakroom supplies,segA,1,10,19.5,19.5,10,9.5,8/18/2026,,,,,,,,
8/17/2026,417,144,Sleek Stewards of Gardenridge,80,Spotless Instant Soups,breakroom supplies,  segA ,1,17,30.26,30.26,17,13.26,8/18/2026,,,,,,,,
8/17/2026,417,144,Sleek Stewards of Gardenridge,87,Glossy Tea Selection,breakroom supplies,segA,1,11,18.7,18.7,11,7.7,18/08/2026,,,,,,,,
8/17/2026,417,144,Sleek Stewards of Gardenridge,98,Radiant Glossy Photo Paper,copy paper,segA,5,23,31.97,159.85,,44.85,8/18/2026,,,,,,,,
8/17/2026,417,144,Sleek Stewards of Gardenridge,99,Glossy Letter Size Paper,copy paper,,22,57,67.26,1479.72,1254,225.72,8/18/2026,,,,,,,,
8/17/2026,417,144,Sleek Stewards of Gardenridge,101,Radiant Colored Paper,copy paper,segA,1,60,84.6,84.6,60,24.6,8/18/2026,,,,,,,,
8/17/2026,417,144,Sleek Stewards of Gardenridge,114,Glossy Recycled Paper,copy paper,,3,,45.44,136.32,96,40.32,8/18/2026,,,,,,,,
9/3/2026,44,146,Sleek Stewards of Forestton,10,Pristine 2-Ply Toilet Paper,paper & tissue,segB,1,26,39,39,26,13,9/18/2026,,,,,,,,
9/3/2026,44,146,  Sleek Stewards of Forestton ,18,Pristine Lunch Napkins,paper & tissue,segB,1,20,30.4,30.4,,10.4,9/18/2026,,,,,,,,
9/3/2026,44,146,Sleek Stewards of Forestton,37,Bright Recycled Paper,office porducts,segD,1,24,42.48,42.48,24,18.48,9/18/2026,,,,,,,,
9/3/2026,44,146,Sleek Stewards of Forestton,49,Sparkling Disinfectant Wipes,cleaning supplies,segA,1,21,35.91,35.91,21,14.91,9/18/2026,,,,,,,,
9/3/2026,44,146,Sleek Stewards of Forestton,52,Spotless Air Freshener,cleaning supplies,segA,1,49,84.28,84.28,49,35.28,9/18/2026,,,,,,,,
9/3/2026,44,146,Sleek Stewards of Forestton,54,Dazzling Floor Cleaner,cleaning supplies,segA,1,45,72.45,72.45,45,,,,,,,,,,
9/3/2026,44,146,Sleek Stewards of Forestton,55,Spotless Floor Cleaner,cleaning supplies,segA,1,29,49.01,49.01,29,20.01,9/18/2026,,,,,,,,
3/9/2026,44,146,Sleek Stewards of Forestton,57,Glossy All-Purpose Cleaner,cleaning supplies,segA,2,51,83.13,166.26,102,64.26,9/18/2026,,,,,,,,
9/3/2026,44,146,Sleek Stewards of Forestton,58,Spotless Floor Cleaner,cleaning supplies,segA,1,31,58.59,58.59,31,27.59,9/18/2026,,,,,,,,
9/3/2026,44,146,  Sleek Stewards of Forestton ,61,Pristine Degreaser,cleaning supplies,segA,52,50,75,3900,2600,1300,9/18/2026,,,,,,,,
9/3/2026,44,146,Sleek Stewards of Forestton,68,Dazzling Disinfectant Wipes,cleaning supplies,segA,1,54,93.96,93.96,54,39.96,9/18/2026,,,,,,,,
9/3/2026,44,146,Sleek Stewards of Forestton,95,Bright Disposable Cups,breakroom supplies,segC,1,13,26.65,26.65,13,13.65,9/18/2026,,,,,,,,
9/3/2026,44,146,Sleek Stewards of Forestton,120,Sparkling Letter Size Paper,copy paper,segD,1,45,80.55,80.55,45,35.55,9/18/2026,,,,,,,,
14/08/2026,449,146,Sleek Stewards of Forestton,7,Gleaming Bathroom Tissue,paper & tissue,segB,37,16,20.48,757.76,592,165.76,8/17/2026,,,,,,,,
8/14/2026,449,146,Sleek Stewards of Forestton,14,Spotless Pocket Tissues,,segB,,20,28.8,28.8,20,8.8,8/17/2026,,,,,,,,
8/14/2026,449,146,Sleek Stewards of Forestton,49,Sparkling Disinfectant Wipes,cleaning supplies,segA,1,21,35.91,35.91,21,14.91,8/17/2026,,,,,,,,
8/14/2026,449,146,Sleek Stewards of Forestton,50,Bright Glass Cleaner,cleaning supplies,segA,2,23,43.47,86.94,46,40.94,8/17/2026,,,,,,,,
8/14/2026,449,146,Sleek Stewards of Forestton,52,Spotless Air Freshener,cleaning supplies,segA,1,49,84.28,84.28,49,,8/17/2026,,,,,,,,
8/14/2026,449,146,Sleek Stewards of Forestton,55,Spotless Floor Cleaner,cleaning supplies,segA,1,29,49.01,,29,20.01,8/17/2026,,,,,,,,
8/14/2026,449,146,Sleek Stewards of Forestton,56,Pristine Citrus Cleaner,cleaning supplies,segA,1,48,84.48,84.48,48,36.48,8/17/2026,,,,,,,,
8/14/2026,449,146,Sleek Stewards of Forestton,72,Gleaming Glass Cleaner,cleaning supplies,seAg,22,23,32.2,708.4,506,202.4,8/17/2026,,,,,,,,
8/14/2026,449,146,Sleek Stewards of Forestton,87,Glossy eTa Selection,breakroom supplies,segC,1,11,24.75,24.75,11,13.75,8/17/2026,,,,,,,,
8/14/2026,449,146,Sleek Stewards of Forestton,102,Sleek Resume Paper,copy paper,segD,1,26,47.06,47.06,26,21.06,8/17/2026,,,,,,,,
8/13/2026,485,146,Sleek Stewards of Forestton,50,Bright Glass Cleaner,cleaning supplies,segA,2,23,,86.94,46,40.94,8/28/2026,,,,,,,,
8/13/2026,485,146,Sleek Stewards of Forestton,54,Dazzling lFoor Cleaner,cleaning supplies,segA,2,45,72.45,144.9,90,54.9,8/28/2026,,,,,,,,
8/13/2026,485,146,Sleek Stewards of Forestton,57,Glossy All-Purpose Cleaner,cleaning supplies,segA,1,51,83.13,83.13,51,32.13,8/28/2026,,,,,,,,
8/13/2026,485,146,  Sleek Stewards of Forestton ,58,Spotless Floor Cleaner,cleaning supplies,segA,3,31,58.59,175.77,93,82.77,8/28/2026,,,,,,,,
8/13/2026,485,146,  Sleek Stewards of Forestton ,61,  Pristine Degreaser ,cleaning supplies,  segA ,61,50,75,4575,3050,1525,8/28/2026,,,,,,,,
8/13/2026,485,146,Sleek Stewards of Forestton,65,Sparkling Citrus Cleaner,cleaning supplies,segA,2,20,35.2,70.4,40,30.4,8/28/2026,,,,,,,,
8/13/2026,485,146,Sleek Stewards of Forestton,92,Glossy Instant Soups,breakroom supplies,segC,1,24,44.88,44.88,24,20.88,8/28/2026,,,,,,,,
8/14/2026,,146,Sleek Stewards of Forestton,82,Pristine Granola Bars,breakroom suplpies,segC,1,26,56.68,56.68,26,30.68,17/08/2026,,,,,,,,
9/3/2026,45,147,Polished Facilities of Lakeridge,8,Bright Party Napkins,  paper & tissue ,segA,55,50,71,3905,2750,1155,9/18/2026,,,,,,,,
9/3/2026,45,147,Polished Facilities of Lakeridge,12,Immaculate Roll Paper Towels,paper & tissue,segA,15,44,65.12,976.8,660,316.8,9/18/2026,,,,,,,,
9/3/2026,45,147,Polished Facilities of Lakeridge,15,Sparkling 2-Ply Toilet Paper,paper & tissue,segA,43,43,60.2,2588.6,1849,739.6,9/18/2026,,,,,,,,
9/3/2026,45,147,Polished Facilities of Lakeridge,16,Dazzling Bathroom Tissue,paper & tissue,segA,36,42,61.74,2222.64,1512,710.64,9/18/2026,,,,,,,,
9/3/2026,45,147,Polished Facilities of Lakeridge,17,Glossy Lunch Napkins,paper & tissue,segA,12,31,44.33,531.96,372,159.96,9/18/2026,,,,,,,,
,45,147,Polished Facilities of Lakeridge,22,Sparkling Pocket Tissues,paper & tissue,segA,23,41,58.63,1348.49,943,405.49,9/18/2026,,,,,,,,
9/3/2026,45,147,Polished Facilities of Lakeridge,49,Sparkling Disinfectant Wipes,cleaning supplies,segA,9,21,34.44,309.96,189,120.96,9/18/2026,,,,,,,,
9/3/2026,45,147,Polished Facilities of Lakeridge,59,Spotless All-Purpose Cleaner,cleaning supplies,segA,3,47,86.48,259.44,141,118.44,9/18/2026,,,,,,,,
9/3/2026,45,147,Polished Facilities of Lakeridge,61,Pristine Degreaser,cleaning supplies,segA,,50,80.5,805,500,305,9/18/2026,,,,,,,,
9/3/2026,45,147,Polished Facilities of Lakeridge,62,Glossy Air Freshener,cleaning supplies,seAg,22,20,35.8,787.6,440,347.6,9/18/2026,,,,,,,,
9/3/2026,45,147,Polished Facilities of Lakeridge,68,Dazzling Disinfectant Wipes,  cleaning supplies ,segA,18,54,90.18,1623.24,972,651.24,9/18/2026,,,,,,,,
9/3/2026,45,147,Polished Facilities ofL akeridge,100,Dazzling Legal Size Paper,copy paper,segB,9,24,36.48,328.32,216,112.32,9/18/2026,,,,,,,,
9/3/2026,45,147,Polished Facilities of Lakeridge,114,Glossy Recycled Paper,copy paper,segB,7,32,53.44,374.08,224,150.08,9/18/2026,,,,,,,,
,283,147,Polished Facilities of Lakeridge,1,Sleek Party Napkins,paper & tissue,segA,13,29,39.73,516.49,377,139.49,8/25/2026,,,,,,,,
8/24/2026,283,147,Polished Facilities of Lakeridge,8,Bright Party Napkins,pape r& tissue,segA,,50,71,2840,2000,840,8/25/2026,,,,,,,,
8/24/2026,283,147,Polished Facilities of Lakeridge,11,Fresh Lunch Napkins,paper & tissue,segA,18,21,31.5,567,378,189,8/25/2026,,,,,,,,
8/24/2026,283,147,Polished Facilities of Lakeridge,12,Immaculate Roll Paper Towels,paper & tissue,segA,14,44,65.12,911.68,616,,8/25/2026,,,,,,,,
8/24/2026,283,147,Polished Facilities of Lakeridge,15,Sparkling 2-Ply Toilet Paper,paper & tissue,segA,47,43,60.2,2829.4,2021,808.4,8/25/2026,,,,,,,,
8/24/2026,283,147,Polished Facilities of Lakeridge,17,Glossy Lunch Napkins,paper & tissue,segA,9,31,44.33,398.97,279,119.97,8/25/2026,,,,,,,,
8/24/2026,283,147,Polished Facilities of Lakeridge,59,Spotless All-Purpose Cleaner,cleaning supplies,segA,6,47,86.48,518.88,282,236.88,8/25/2026,,,,,,,,
8/24/2026,283,147,Polished Facilities of Lakeridge,66,Radiant Glass Cleaner,cleaning supplies,segA,20,21,37.38,747.6,420,327.6,8/25/2026,,,,,,,,
24/08/2026,283,147,Polished Facilities of Lakeridge,94,Pristine Instant Soups,breakroom supplies,segD,2,7,16.8,33.6,14,19.6,8/25/2026,,,,,,,,
8/24/2026,283,147,Polished Facilities of Lakeridge,101,Radiant Colored Paper,copy paper,segB,10,60,100.2,1002,600,,8/25/2026,,,,,,,,
,567,147,Polished Facilities of Lakeridge,1,Sleek Party Napkins,paper & tissue,segA,17,29,39.73,675.41,493,182.41,8/11/2026,,,,,,,,
8/10/2026,567,147,  Polished Facilities of Lakeridge ,8,Bright Party Napkins,paper & tissue,segA,45,50,71,3195,2250,945,8/11/2026,,,,,,,,
8/10/2026,567,147,Polished Facilities of Lakeridge,11,Fresh Lunch Napkins,paper & tissue,segA,13,21,31.5,409.5,273,136.5,8/11/2026,,,,,,,,
8/10/2026,567,147,Polished Facilities of Lakeridge,12,Immaculate Roll Paper Towels,paper & tissue,segA,17,44,65.12,1107.04,748,359.04,8/11/2026,,,,,,,,
,567,147,Polished Facilities of Lakeridge,15,Sparkling 2-Ply Toilet Paper,paper & tissue,segA,49,43,60.2,2949.8,2107,842.8,8/11/2026,,,,,,,,
8/10/2026,567,147,  Polished Facilities of Lakeridge ,17,Glossy Lunch Napkins,paper & tissue,segA,18,31,44.33,797.94,,239.94,8/11/2026,,,,,,,,
8/10/2026,567,147,  Polished Facilities of Lakeridge ,38,Radiant Pens,office products,segB,7,17,27.88,195.16,119,76.16,8/11/2026,,,,,,,,
8/10/2026,567,147,Polished Facilities of Lakeridge,44,Gleaming Recycled Paper,office products,segB,86,34,47.6,4093.6,2924,1169.6,8/11/2026,,,,,,,,
8/10/2026,567,147,Polished Facilities of Lakeridge,48,Fresh Desk Organizers,office products,segB,2,29,47.85,95.7,58,37.7,8/11/2026,,,,,,,,
8/10/2026,567,147,Polished Facilities of Lakeridge,52,Spotless Air Freshener,cleaning supplies,segA,14,49,87.71,1227.94,,541.94,8/11/2026,,,,,,,,
,567,147,Polished Facilities of Lakeridge,59,Spotless All-Purpose Cleaner,cleaning supplies,segA,5,47,86.48,432.4,235,197.4,8/11/2026,,,,,,,,
8/10/2026,567,147,Polished Facilities of Lakeridge,62,Glossy Air Freshener,cleaning supplies,segA,27,20,,966.6,540,426.6,8/11/2026,,,,,,,,
8/10/2026,567,147,Polished Facilities of Lakeridge,65,Sparkling Citrus Cleaner,cleaning supplies,segA,24,20,33.6,806.4,480,326.4,8/11/2026,,,,,,,,
8/10/2026,567,147,Polished Facilities of Lakeridge,70,Sleek Air Freshneer,cleaning supplies,segA,22,33,56.43,1241.46,726,515.46,8/11/2026,,,,,,,,
8/10/2026,,147,Polished Facilities of Lakeridge,24,Sparkling Pocket Tissues,,segA,24,18,23.94,574.56,432,142.56,8/11/2026,,,,,,,,
9/1/2026,93,150,Immaculate Janitors of Mapleridge,14,Spotless Pocket Tissues,paper & tissue,segA,3,20,28.2,84.6,60,24.6,9/2/2026,,,,,,,,
9/1/2026,93,150,Immaculate Janitors of Mapleridge,56,Pristine Citrus Cleaner,cleaning supplies,segB,1,48,86.88,86.88,48,38.88,9/2/2026,,,,,,,,
8/14/2026,450,151,Polished Keepers of Harborcrest,7,Gleaming Bathroom Tissue,paper & tissue,,4,16,23.36,93.44,,29.44,8/17/2026,,,,,,,,
8/14/2026,450,151,Polished Keepers of Harborcrest,7,Gleaming Bathroom Tissue,paper & tissue,,4,16,23.36,93.44,,29.44,8/17/2026,,,,,,,,
8/25/2026,257,152,Dazzling Janitors of Maplecrest,50,Bright Glass Cleaner,cleaning supplies,segA,7,23,42.32,296.24,161,135.24,8/26/2026,,,,,,,,
8/25/2026,257,152,Dazzling Janitors of Maplecrest,59,Spotless All-Purpose Cleaner,cleaning supplies,,14,47,86.48,1210.72,658,552.72,8/26/2026,,,,,,,,
8/25/2026,257,152,Dazzling Janitors of Maplecrest,62,Glossy Air Freshener,cleaning supplies,segA,15,20,37,555,300,255,8/26/2026,,,,,,,,
8/25/2026,257,152,Dazzling Janitors of Maplecrest,70,Sleek Air Freshener,,segA,4,33,61.05,244.2,132,112.2,8/26/2026,,,,,,,,
8/21/2026,312,153,Sparkling Custodians of Forestburg,6,Pristine Bathroom Tissue,paper & tissue,segC,5,19,27.55,137.75,95,42.75,8/24/2026,,,,,,,,
8/21/2026,312,153,Sparkling Custodians of Forestburg,19,Fresh Party Napkins,paper & tissue,segC,2,45,66.15,132.3,90,42.3,8/24/2026,,,,,,,,
8/21/2026,312,153,Sparkling Custodians of Forestburg,59,Spotless All-Purpose Cleaner,cleaning supplies,segD,1,47,,92.12,47,45.12,8/24/2026,,,,,,,,
8/21/2026,312,153,Sparkling Custodians of Forestburg,74,Pristine Energy Drinks,breakroom supplies,segD,1,15,30.15,30.15,15,15.15,8/24/2026,,,,,,,,
8/21/2026,312,153,Sparkling Custodians of Forestburg,99,Glossy Letter Size Paper,copy paper,segA,21,57,80.37,1687.77,1197,490.77,8/24/2026,,,,,,,,
8/21/2026,312,153,Sparkling Custodians of Forestburg,104,Gleaming Glossy Photo Paper,copy paper,seAg,14,52,79.04,1106.56,728,378.56,8/24/2026,,,,,,,,
8/21/2026,312,153,Sparkling Custodians of Forestburg,109,,copy paper,segA,5,31,43.09,215.45,155,60.45,24/08/2026,,,,,,,,
8/21/2026,312,153,Sparkling Custodians of Forestburg,115,Polished Glossy Photo Paper,copy paper,segA,8,59,83.78,670.24,472,198.24,8/24/2026,,,,,,,,
8/21/2026,312,153,Sparkling Custodians of Forestburg,119,Immaculate Letter Size Paper,copy paper,  segA ,15,44,58.96,884.4,660,224.4,8/24/2026,,,,,,,,
8/14/2026,451,153,Sparkling Custodians of Forestburg,19,Fresh Party Napkins,  paper & tissue ,segC,4,45,66.15,264.6,180,84.6,8/17/2026,,,,,,,,
8/14/2026,451,153,Sparkling Custodians of Forestburg,67,Sleek Citrus Cleaner,cleaning supplies,segD,1,39,76.83,76.83,39,37.83,8/17/2026,,,,,,,,
8/14/2026,451,153,Saprkling Custodians of Forestburg,104,Gleaming Glossy Photo Paper,copy paper,segA,10,52,79.04,790.4,520,270.4,8/17/2026,,,,,,,,
8/14/2026,451,153,Sparkling Custodians of Forestburg,109,Immaculate Resume Paper,copy paper,segA,6,31,43.09,258.54,186,72.54,17/08/2026,,,,,,,,
8/14/2026,451,153,Sparkling Custodians of Forestburg,113,Polished Recycled Paper,copy paper,segA,18,36,53.64,965.52,648,317.52,8/17/2026,,,,,,,,
8/14/2026,451,153,Sparkling Custodians of Forestburg,115,  Polished Glossy Photo Paper ,copy paper,segA,6,59,83.78,502.68,354,148.68,8/17/2026,,,,,,,,
8/14/2026,451,153,Sparkling Custodians of Forestburg,119,Immaculate Letter Size Paper,cpoy paper,segA,16,44,58.96,943.36,704,239.36,8/17/2026,,,,,,,,
9/1/2026,94,154,Glossy Cleaners of Cedardale,2,Glossy Party Napkins,paper & tissue,segA,51,29,40.02,2041.02,1479,562.02,9/2/2026,,,,,,,,
9/1/2026,94,154,Glossy Cleaners of Cedardale,7,Gleaming Bathroom Tissue,paper & tissue,segA,14,16,22.08,309.12,224,85.12,9/2/2026,,,,,,,,
9/1/2026,94,154,Glossy Cleaners of Cedardale,13,Pristine Party Napkins,paper & tissue,segA,349,45,49.95,17432.55,15705,1727.55,9/2/2026,,,,,,,,
9/1/2026,94,154,Glossy Cleaners of Cedardale,17,Glossy Lunch Napkins,paper & tissue,segA,31,31,44.02,1364.62,961,403.62,9/2/2026,,,,,,,,
9/1/2026,94,154,Glossy Cleaners of Cedardale,23,Dazzling Roll Paper Towels,paper & tissue,segA,50,40,59.6,2980,2000,980,9/2/2026,,,,,,,,
9/1/2026,94,154,Glossy Cleaners of Cedardale,73,Spotless Creamers,breakroom supplies,segA,27,18,37.44,1010.88,486,524.88,9/2/2026,,,,,,,,
9/1/2026,94,154,Glossy Cleaners of Cedardale,83,Spotless Energy Drinks,breakroom supplies,segA,10,26,48.62,486.2,260,226.2,9/2/2026,,,,,,,,
9/1/2026,94,154,Glossy Cleaners of Cedardale,86,  Dazzling Instant Soups ,breakroom supplies,segA,9,16,31.52,283.68,144,139.68,9/2/2026,,,,,,,,
9/1/2026,94,154,Glossy Cleaners of Cedardale,87,Glossy Tea Selection,breakroom supplies,segA,26,11,23.43,609.18,286,323.18,9/2/2026,,,,,,,,
9/1/2026,94,154,Glossy Cleaners of Cedardale,88,Gleaming Coffee Beans,breakroom supplies,segA,378,18,27,10206,6804,3402,9/2/2026,,,,,,,,
1/9/2026,94,154,Glossy Cleaners of Cedardale,96,Dazzling Disposable Cups,breakroom supplies,segA,8,19,38.57,308.56,152,156.56,9/2/2026,,,,,,,,
9/1/2026,94,154,Glossy Cleaners of Cedardale,97,Sparkling Legal Size Paper,copy paper,segB,13,39,63.18,821.34,507,314.34,9/2/2026,,,,,,,,
9/1/2026,94,154,Glossy Cleaners of Cedardale,100,Dazzling eLgal Size Paper,copy paper,  segB ,11,24,40.8,448.8,264,184.8,9/2/2026,,,,,,,,
8/28/2026,150,155,Glossy Cleaners of Cedardale,19,Fresh Party Napkins,paper & tissue,segB,1,45,72,72,45,27,9/7/2026,,,,,,,,
8/28/2026,150,155,Dazzling Servicers of Forestridge,50,Bright Glass Cleaner,cleaning supplies,segA,2,23,42.32,84.64,46,38.64,,,,,,,,,
8/28/2026,150,155,Dazzling Servicers of Forestridge,56,Pristine Citrus Cleaner,cleaning supplies,segA,1,48,78.72,78.72,48,30.72,9/7/2026,,,,,,,,
8/28/2026,150,155,Dazzling Servicers of Forestridge,67,Sleek Citrus Cleaner,cleaning supplies,segA,1,39,69.81,69.81,39,30.81,9/7/2026,,,,,,,,
8/28/2026,150,155,Dazzling Servicers of Forestridge,69,Gleaming Degreaser,cleaning supplies,segA,34,27,40.5,1377,918,459,9/7/2026,,,,,,,,
8/28/2026,150,155,Dazzling Servicers of Forestridge,81,Polished Stirrers,breakroom supplies,segA,1,22,42.9,42.9,22,20.9,9/7/2026,,,,,,,,
8/28/2026,150,155,Dazzling Servicers of Forestridge,82,Pristine Granola Bars,breakroom supplies,segA,1,26,53.82,53.82,26,27.82,9/7/2026,,,,,,,,
28/08/2026,150,155,Dazzling Servicers of Forestridge,83,,breakroom supplies,segA,1,26,51.22,51.22,26,25.22,9/7/2026,,,,,,,,
8/28/2026,150,155,Dazzling Servicers of Forestridge,86,Dazzling Instant Soups,breakroom supplies,segA,1,16,31.84,31.84,16,15.84,9/7/2026,,,,,,,,
8/28/2026,150,155,Dazzling Servicers of Forestridge,89,Sparkling Disposable Cups,breakroom supplies,segA,2,21,39.9,79.8,42,37.8,9/7/2026,,,,,,,,
8/28/2026,150,155,Dazzling Servicers of Forestridge,92,Glossy Instant Soups,breakroom supplies,  segA ,2,,46.56,93.12,48,45.12,9/7/2026,,,,,,,,
8/28/2026,150,155,Dazzling Servicers of Forestridge,95,Bright Disposable Cups,breakroom supplies,segA,1,13,26.52,26.52,13,13.52,9/7/2026,,,,,,,,
8/20/2026,350,155,Dazzling Servicers of Forestridge,9,  Fresh Kitchen Towels ,apper & tissue,segB,1,33,47.52,47.52,33,14.52,8/21/2026,,,,,,,,
8/20/2026,350,155,Dazzling Servicers of Forestridge,50,Bright Glass Cleaner,cleaning supplies,segA,1,23,42.32,42.32,23,19.32,8/21/2026,,,,,,,,
8/20/2026,350,155,Dazzling Servicers of Forestridge,56,Pristine Citrus Cleaner,cleaning supplies,segA,1,48,78.72,78.72,48,30.72,8/21/2026,,,,,,,,
8/20/2026,350,155,Dazzling Servicers of Forestridge,57,Glossy All-Purpose Cleaner,cleaning supplies,segA,1,51,85.17,85.17,51,34.17,8/21/2026,,,,,,,,
8/20/2026,350,155,  Dazzling Servicers of Forestridge ,60,Polished Degreaser,cleaning supplies,segA,2,26,47.32,94.64,52,42.64,8/21/2026,,,,,,,,
8/20/2026,350,155,Dazzling Servicers of Forestridge,66,Radiant Glass Cleaner,  cleaning supplies ,segA,3,21,39.9,119.7,63,56.7,8/21/2026,,,,,,,,
8/20/2026,350,155,Dazzling Servicers of Forestridge,81,Polished Stirrers,breakroom supplies,segA,1,22,42.9,42.9,22,20.9,8/21/2026,,,,,,,,
8/20/2026,350,155,Dazzling Servicers of Forestridge,82,Pristine Granola Bars,breakroom supplies,segA,1,26,53.82,53.82,26,27.82,8/21/2026,,,,,,,,
8/20/2026,350,155,Dazzling Servicers of Forestridge,83,Spotless Energy Drinks,breakroom supplies,segA,1,26,51.22,51.22,26,25.22,8/21/2026,,,,,,,,
8/20/2026,350,155,Dazzling Servicers of Forestridge,88,Gleaming Coffee Beans,breakroom supplies,esgA,1,18,38.34,38.34,18,20.34,8/21/2026,,,,,,,,
8/20/2026,350,155,Dazzling Servicers of Forestridge,89,Sparkling Disposable Cups,breakroom supplies,segA,1,21,39.9,39.9,21,18.9,8/21/2026,,,,,,,,
8/20/2026,350,155,Dazzling Servicers of Forestridge,90,Dazzling Instant Soups,breakroom suppiles,segA,1,24,47.76,47.76,24,23.76,8/21/2026,,,,,,,,
8/20/2026,350,155,Dazzling Servicers of Forestridge,95,Bright Disposable Cups,breakroom supplies,segA,1,13,26.52,26.52,13,13.52,8/21/2026,,,,,,,,
8/20/2026,350,155,Dazzling Servicers of Forestridge,119,Immaculate Letter Size Paper,copy paper,segB,1,44,66,66,44,22,8/21/2026,,,,,,,,
8/19/2026,367,155,Dazzling Servicers of Forestridge,22,Sparkling Pocket Tissues,paper & tissue,segB,1,41,59.86,59.86,41,18.86,8/20/2026,,,,,,,,
8/19/2026,367,155,Dazzling Servicers of Forestridge,,Bright GlassC leaner,cleaning supplies,segA,2,23,42.32,84.64,46,38.64,8/20/2026,,,,,,,,
8/19/2026,367,155,Dazzling Servicers of Forestridge,56,Pristine Citrus Cleaner,cleaning supplies,segA,1,48,78.72,78.72,48,30.72,8/20/2026,,,,,,,,
8/19/2026,367,155,Dazzling Servicers of Forestridge,,Glossy All-Purpose Cleaner,cleaning supplies,segA,2,,85.17,170.34,102,68.34,8/20/2026,,,,,,,,
8/19/2026,367,155,Dazzling Servicers of Forestridge,,Fresh Microwave Popcorn,breakroom supplies,segA,1,18,36.72,36.72,18,18.72,8/20/2026,,,,,,,,
8/19/2026,367,155,Dazzling Servicers of Forestridge,90,Dazzling Instant Soups,breakroom supplies,segA,1,24,47.76,,24,23.76,8/20/2026,,,,,,,,
8/19/2026,367,155,Dazzling Servicers of Forestridge,93,Gleaming Microwave Popcorn,breakroom supplies,segA,1,20,36.6,36.6,20,16.6,8/20/2026,,,,,,,,
8/19/2026,,155,Dazzling Servicers of Forestridge,12,Immaculate Roll Paper Towels,paper & tissue,segB,1,44,68.64,68.64,44,24.64,8/20/2026,,,,,,,,
8/19/2026,,155,Dazzling Servicers of Forestridge,95,Bright Disposable Cups,breakroom supplies,segA,1,13,26.52,26.52,13,13.52,8/20/2026,,,,,,,,
8/12/2026,517,156,Radiant Suppliers of Foresthaven,5,Polished Kitchen Towels,paper & tissue,segB,1,35,51.1,51.1,35,,8/13/2026,,,,,,,,
8/28/2026,151,157,Dazzling Maintainers of Cedarhaven,10,Pristine 2-Ply Toilet Paper,paper & tissue,segB,1,26,39.26,39.26,26,13.26,9/14/2026,,,,,,,,
8/28/2026,151,157,Dazzling Maintainers of Cedarhaven,26,Radiant Sticky Notes,office products,segA,1,34,50.66,50.66,34,16.66,9/14/2026,,,,,,,,
8/28/2026,151,157,Dazzling Maintainers of Cedarhaven,27,Sparkling Sticky Notes,office products,segA,4,43,66.22,264.88,172,92.88,9/14/2026,,,,,,,,
8/28/2026,151,157,Dazzling Maintainers of Cedarhaven,35,Dazzling Staplers,office products,segA,3,27,37.26,111.78,81,30.78,9/14/2026,,,,,,,,
8/28/2026,151,157,Dazzling Maintainers of Cedarhaven,37,Bright Recycled Paper,office products,segA,1,24,32.16,32.16,24,8.16,9/14/2026,,,,,,,,
8/28/2026,151,157,Dazzling Maintainers of Cedarhaven,46,Spotless Desk Organizers,office products,segA,3,33,50.16,150.48,99,51.48,9/14/2026,,,,,,,,
8/28/2026,151,157,Dazzling Maintainers of Cedarhaven,48,Fresh Desk Organizers,office products,segA,,29,45.82,91.64,58,33.64,9/14/2026,,,,,,,,
8/28/2026,151,157,Dazzling Maintainers of Cedarhaven,76,Immaculate Granola Bars,breakroom supplies,segA,1,10,21.5,21.5,10,11.5,9/14/2026,,,,,,,,
8/28/2026,151,157,Dazzling Maintainers of Cedarhaven,80,Spotless Instant Soups,  breakroom supplies ,segA,2,17,35.19,70.38,34,36.38,9/14/2026,,,,,,,,
8/28/2026,151,157,Dazzling Maintainers of Cedarhaven,81,Polished Stirrers,breakroom supplies,segA,2,22,41.58,83.16,44,39.16,9/14/2026,,,,,,,,
8/28/2026,151,157,Dazzling Maintainers of Cedarhaven,83,Spotless Energy Drinks,breakroom supplies,segA,1,26,51.22,51.22,26,25.22,9/14/2026,,,,,,,,
8/28/2026,151,157,Dazzling Maintainers of Cedarhaven,87,  Glossy Tea Selection ,breakroom supplies,segA,,11,22,44,22,22,9/14/2026,,,,,,,,
8/28/2026,152,158,Radiant Facilities of Baydale,27,Sparkling Sticky Notes,  office products ,segA,9,43,60.2,541.8,387,154.8,8/31/2026,,,,,,,,
8/28/2026,152,158,Radiant Facilities of Baydale,29,Dazzling Paper Clips,office products,segA,13,37,49.95,649.35,481,168.35,8/31/2026,,,,,,,,
8/28/2026,152,158,Radiant Facilities of Baydale,31,Polished Highlighters,office products,segA,12,17,24.48,293.76,204,89.76,8/31/2026,,,,,,,,
8/28/2026,152,158,Radiant Facilities of Baydale,42,Polished Markers,office products,segA,6,28,36.4,218.4,168,50.4,8/31/2026,,,,,,,,
8/28/2026,152,158,Radiant Facilities of Baydale,46,  Spotless Desk Organizers ,fofice products,segA,5,33,47.19,235.95,165,70.95,8/31/2026,,,,,,,,
8/28/2026,152,158,Radiant Facilities of Baydale,47,Immaculate Staplers,office products,segA,7,24,38.4,268.8,168,100.8,8/31/2026,,,,,,,,
8/28/2026,152,158,Radiant Facilities of Baydale,54,Dazzling Floor Cleaner,cleaning supplies,segD,1,,88.65,88.65,45,43.65,8/31/2026,,,,,,,,
8/28/2026,152,158,Radiant Facilities of Baydale,74,  Pristine Energy Drinks ,breakroom supplies,segA,8,15,26.7,213.6,120,93.6,8/31/2026,,,,,,,,
8/28/2026,152,158,Radiant Facilities of Baydale,76,Immaculate Granola Bars,breakroom supplies,segA,1,,17.1,17.1,10,7.1,8/31/2026,,,,,,,,
8/28/2026,152,158,Radiant Facilities of Baydale,79,Immaculate Microwave Popcorn,breakroom supplies,segA,6,25,46.5,279,150,129,31/08/2026,,,,,,,,
8/28/2026,152,158,Radiant Facilities of Baydale,88,Gleaming Coffee Beans,breakroom supplies,  segA ,6,18,32.94,197.64,108,89.64,8/31/2026,,,,,,,,
8/28/2026,152,158,Radiant Facilities of Baydale,90,Dazzling Instant Soups,  breakroom supplies ,segA,6,24,45.84,275.04,144,131.04,8/31/2026,,,,,,,,
8/28/2026,152,158,Radiant Facilities of Baydale,93,Gleaming Microwave Popcorn,breakroom supplies,segA,3,20,35.8,107.4,60,47.4,8/31/2026,,,,,,,,
8/28/2026,152,158,Radiant Facilities of Baydale,,Pristine Instant Soups,breakroom supplies,segA,6,7,13.58,81.48,42,39.48,8/31/2026,,,,,,,,
8/28/2026,152,158,Radiant Facilities of Baydale,95,Bright Disposable Cups,breakroom supplies,segA,1,13,24.05,24.05,13,11.05,8/31/2026,,,,,,,,
8/21/2026,313,158,Radiant Facilities of Baydale,27,Sparkling Sticky Notes,office products,segA,11,43,60.2,662.2,473,,8/24/2026,,,,,,,,
8/21/2026,313,158,Radiant Facilities of Baydale,39,Immaculate Sticky Notes,office products,segA,93,34,38.08,3541.44,3162,379.44,8/24/2026,,,,,,,,
8/21/2026,313,158,Radiant Facilities of Baydale,42,Polished Markers,office products,segA,,28,36.4,254.8,196,58.8,8/24/2026,,,,,,,,
8/21/2026,313,158,Radiant Facilities of Baydale,45,Immaculate Staplers,office products,segA,21,50,65.5,1375.5,1050,325.5,8/24/2026,,,,,,,,
8/21/2026,313,158,Radiant Facilities of Baydale,46,Spotless Desk Organizers,,segA,5,33,47.19,235.95,165,70.95,24/08/2026,,,,,,,,
8/21/2026,313,158,Radiant Facilities of Baydale,74,Pristine Energy Drinks,breakroom supplies,segA,8,15,26.7,213.6,120,93.6,8/24/2026,,,,,,,,
8/21/2026,313,158,Radiant Facilities of Baydale,88,Gleaming Coffee Beans,breakroom supplies,segA,4,18,32.94,131.76,72,59.76,8/24/2026,,,,,,,,
8/21/2026,313,158,Radiant Facilities of Baydale,90,Dazzling Instant Soups,breakroom supplies,segA,6,24,45.84,275.04,144,131.04,8/24/2026,,,,,,,,
8/21/2026,313,158,Radiant Facilities of Baydale,91,Glossy Microwave Popcorn,breakroom supplies,  segA ,9,29,55.39,498.51,261,237.51,8/24/2026,,,,,,,,
8/21/2026,313,158,Radiant Facilities of Baydale,94,Pristine Instant Soups,breakroom supplies,seAg,5,7,13.58,67.9,35,32.9,8/24/2026,,,,,,,,
8/21/2026,313,158,Radiant Facilities of Baydale,95,Bright Disposable Cups,breakroom supplies,segA,3,13,24.05,72.15,39,33.15,24/08/2026,,,,,,,,
8/12/2026,518,158,Radiant Facilities of Baydale,23,Dazzling Roll Paper Towels,paper & tissue,segD,1,40,,64.4,40,24.4,8/13/2026,,,,,,,,
8/12/2026,518,158,Radiant Facilities of Baydale,27,Sparkling Sticky Notes,office products,segA,16,43,60.2,963.2,688,275.2,8/13/2026,,,,,,,,
8/12/2026,518,158,Radiant Facilities of Baydale,31,Polished Highlighters,office products,sgeA,13,17,24.48,318.24,221,97.24,8/13/2026,,,,,,,,
8/12/2026,518,158,Radiant Facilities of Baydale,34,Radiant Staplers,office products,segA,8,24,31.2,249.6,192,57.6,8/13/2026,,,,,,,,
8/12/2026,518,158,Radiant Facilities of Baydale,41,Dazzling File Folders,office products,segA,13,46,59.8,777.4,598,179.4,8/13/2026,,,,,,,,
8/12/2026,518,158,Radiant Facilities of Baydale,42,Polished Markers,office products,segA,9,28,36.4,327.6,252,75.6,13/08/2026,,,,,,,,
8/12/2026,518,158,Radiant Facilities of Baydale,44,Gleaming Recycled Paper,office products,,17,,52.02,884.34,578,306.34,8/13/2026,,,,,,,,
8/12/2026,518,158,Radiant Facilities of Baydale,47,Immaculate Staplers,office products,segA,6,24,38.4,230.4,144,86.4,8/13/2026,,,,,,,,
8/12/2026,518,158,Radiant Facilities of Baydale,74,Pristine Energy Drinks,breakroom supplies,segA,7,15,26.7,,105,81.9,8/13/2026,,,,,,,,
8/12/2026,518,158,Radiant Facilities of Baydale,77,Sleek Disposable Cups,breakroom supplies,segA,239,25,37.5,8962.5,5975,2987.5,13/08/2026,,,,,,,,
8/12/2026,518,158,Radiant Facilities of Baydale,94,Pristine Instant Soups,breakroom supplies,segA,3,7,13.58,40.74,21,19.74,8/13/2026,,,,,,,,
12/8/2026,,158,Radiant Facilities of Baydale,85,Sparkling Microwave Popcorn,breakroom supplies,segA,9,12,,220.32,108,112.32,8/13/2026,,,,,,,,
9/4/2026,14,159,Spotless Wholesalers of Graniteton,2,Glossy Party Napkins,  paper & tissue ,segB,1,29,45.53,45.53,29,16.53,9/7/2026,,,,,,,,
9/4/2026,14,159,Spotless Wholesalers of Graniteton,8,Bright Party Napkins,paper & tissue,segB,1,50,78.5,78.5,50,28.5,9/7/2026,,,,,,,,
9/4/2026,14,159,Spotless Wholesalers of Graniteton,56,Pristine Citrus Cleaner,,segC,1,48,87.84,87.84,48,39.84,9/7/2026,,,,,,,,
9/4/2026,14,159,Spotless Wholesalers of Graniteton,112,Sparkling Letter Size Paper,copy paper,  segA ,,46,71.3,499.1,322,177.1,9/7/2026,,,,,,,,
9/4/2026,14,159,Spotless Wholesalers of Graniteton,114,Glossy Recycled Paper,copy paper,segA,5,32,50.24,251.2,160,91.2,9/7/2026,,,,,,,,
9/4/2026,14,159,Spotless Wholesalers of Graniteton,119,,copy paper,segA,6,44,59.4,356.4,264,92.4,9/7/2026,,,,,,,,
9/3/2026,46,159,Spotless Wholesalers of Graniteton,40,Immaculate Markers,office products,segD,1,34,58.48,,,24.48,9/4/2026,,,,,,,,
9/3/2026,46,159,Spotless Wholesalers of Graniteton,58,  Spotless Floor Cleaner ,cleaning supplies,segC,1,31,61.07,61.07,31,30.07,9/4/2026,,,,,,,,
9/3/2026,46,159,Spotless Wholesalers of Graniteton,100,Dazzilng Legal Size Paper,copy paper,segA,3,24,36.96,110.88,72,38.88,9/4/2026,,,,,,,,
9/3/2026,46,159,Spotless Wholesalers of Graniteton,106,Sleek Resume Paper,copy paper,segA,5,48,72.48,362.4,240,122.4,9/4/2026,,,,,,,,
9/3/2026,46,159,Spotless Wholesalers of Graniteton,,Glossy Recycled Paper,copy paper,segA,,54,64.26,1606.5,1350,256.5,9/4/2026,,,,,,,,
9/3/2026,46,159,Spotless Wholesalers of Graniteton,114,Glossy Recycled Paper,copy paper,segA,3,32,50.24,150.72,96,54.72,4/9/2026,,,,,,,,
9/3/2026,46,159,Spotless Wholesalers of Graniteton,119,Immaculate Letter Size Paper,copy paper,segA,4,44,59.4,237.6,176,61.6,9/4/2026,,,,,,,,
8/13/2026,486,159,Spotless Wholesalers of Graniteton,102,Sleek Resume Paper,copy paper,segA,6,26,36.66,219.96,156,63.96,8/28/2026,,,,,,,,
8/13/2026,486,159,Spotless Wholesalers of Graniteton,104,Gleaming Glossy Photo Paper,copy paper,seAg,1,52,68.12,68.12,52,16.12,8/28/2026,,,,,,,,
8/13/2026,486,159,Spotless Wholesalers of Graniteton,106,Sleek Resume Paper,copy paper,segA,4,48,72.48,289.92,,97.92,8/28/2026,,,,,,,,
8/13/2026,486,159,Spotless Wholesalers of Graniteton,107,Radiant Glossy Photo Paper,copy paper,segA,2,58,84.68,169.36,116,53.36,8/28/2026,,,,,,,,
8/13/2026,486,159,Spotless Wholesalers of Graniteton,108,Dazzling Cardstock,copy paper,segA,3,21,33.6,100.8,63,37.8,8/28/2026,,,,,,,,
8/13/2026,486,159,Spotless Wholesalers of Graniteton,,Glossy Recycled Paper,copy paper,segA,34,54,64.26,,1836,348.84,8/28/2026,,,,,,,,
13/08/2026,486,159,Spotless Wholesalers of Graniteton,113,Polished Recycled Paper,copy paper,segA,4,36,56.52,226.08,144,82.08,8/28/2026,,,,,,,,
8/13/2026,486,159,Spotless Wholesalers of Graniteton,114,Glossy Recycled Paper,copy paper,segA,5,32,50.24,251.2,160,91.2,8/28/2026,,,,,,,,
8/13/2026,486,159,Spotless Wholesalers of Graniteton,119,Immaculate Letter Size Paper,copy paper,segA,6,44,59.4,356.4,264,92.4,8/28/2026,,,,,,,,
8/11/2026,538,159,Spotless Wholesalers of Graniteton,68,Dazzling Disinfectant Wipes,cleaning supplies,segC,1,54,101.52,101.52,54,47.52,8/12/2026,,,,,,,,
8/11/2026,538,159,Spotless Wholesalers of Graniteton,100,Dazzling Legal Size Paper,copy paper,segA,1,24,36.96,36.96,24,12.96,8/12/2026,,,,,,,,
8/11/2026,538,159,Spotless Wholesalers of Graniteton,104,Gleaming Glossy Photo Paper,copy paper,segA,2,52,68.12,136.24,104,32.24,8/12/2026,,,,,,,,
8/11/2026,538,159,Spotless Wholesalers of Graniteton,105,Pristine Graph Paper,,segA,2,52,71.76,143.52,104,39.52,8/12/2026,,,,,,,,
8/11/2026,538,159,Spotless Wholesalers of Graniteton,107,Radiant Glossy Photo Paper,copy paper,segA,1,58,84.68,84.68,58,26.68,8/12/2026,,,,,,,,
8/11/2026,538,159,Spotless Wholesalers of Graniteton,108,Dazzling Cardstock,copy paper,segA,4,21,33.6,134.4,84,,8/12/2026,,,,,,,,
11/8/2026,538,159,Spotless Wholesalers of Graniteton,119,Immaculate Letter Size Paper,copy paper,segA,4,44,59.4,237.6,176,61.6,8/12/2026,,,,,,,,
9/1/2026,95,162,Sparkling Servicers of Mountwood,21,Glossy Facial Tissues,paper & tissue,segC,3,47,72.38,217.14,141,76.14,9/2/2026,,,,,,,,
9/1/2026,95,162,Sparkling Servicers of Mountwood,28,Immaculate Binder Clips,office products,segA,11,29,43.79,481.69,319,162.69,9/2/2026,,,,,,,,
9/1/2026,95,162,Sparkling Servicers of Mountwood,29,Dazzling Paper Clips,office products,segA,12,37,53.65,643.8,444,199.8,9/2/2026,,,,,,,,
9/1/2026,95,162,Sparkling Servicers of Mountwood,31,Polished Highlighters,office products,segA,,17,26.86,214.88,136,78.88,9/2/2026,,,,,,,,
9/1/2026,95,162,Sparkling Servicers of Mountwood,35,Dazzling Staplers,office products,segA,6,27,43.2,259.2,162,97.2,9/2/2026,,,,,,,,
9/1/2026,95,162,Sparkling Servicers of Mounwtood,36,Glossy Staplers,office products,segA,17,50,79,1343,850,,9/2/2026,,,,,,,,
9/1/2026,95,162,Sparkling Servicers of Mountwood,40,Immaculate Markers,office products,segA,8,34,53.38,427.04,272,155.04,9/2/2026,,,,,,,,
9/1/2026,95,162,Sparkling Servicers of Mountwood,48,Fresh Desk Organizers,office products,segA,16,29,40.31,644.96,464,180.96,9/2/2026,,,,,,,,
9/1/2026,95,162,Sparkling Servicers of Mountwood,73,Spotless Creamers,breakroom supplies,segD,1,18,40.86,40.86,18,22.86,9/2/2026,,,,,,,,
1/9/2026,95,162,Sparkling Servicers of Mountwood,97,Sparkling Legal Size Paper,copy paper,segA,16,39,54.6,873.6,624,249.6,9/2/2026,,,,,,,,
9/1/2026,95,162,Sparkling Servicers of Mountwood,99,Glossy Letter Size Paper,copy paper,segA,42,57,69.54,2920.68,2394,526.68,9/2/2026,,,,,,,,
9/1/2026,95,162,Sparkling Servicers of Mountwood,100,Dazzling Legal Size Paper,copy paper,,14,24,36.96,517.44,336,,9/2/2026,,,,,,,,
9/1/2026,95,162,Sparkling Servicers of Mountwood,105,Pristine Graph Paper,copy paper,  segA ,13,52,80.08,1041.04,676,365.04,9/2/2026,,,,,,,,
9/1/2026,95,162,Sparkling Servicers of Mountwood,110,Pristine Cardstock,copy paper,,12,42,66.78,801.36,504,297.36,9/2/2026,,,,,,,,
9/1/2026,95,162,Sparlking Servicers of Mountwood,112,Sparkling Letter Size Paper,copy paper,segA,190,46,59.34,11274.6,8740,2534.6,9/2/2026,,,,,,,,
9/1/2026,95,162,Sparkling Servicers of Mountwood,114,Glossy Recycled Paper,copy paper,segA,11,32,50.88,559.68,352,207.68,9/2/2026,,,,,,,,
9/1/2026,95,162,Sparkling Servicers of Mountwood,120,Sparkling Letter Size Paper,copy paper,segA,14,45,58.95,825.3,630,195.3,9/2/2026,,,,,,,,
8/26/2026,225,162,Sparkling Servicers of Mountwood,29,Dazzling Paper Clips,office products,segA,13,37,53.65,697.45,,216.45,8/27/2026,,,,,,,,
8/26/2026,225,162,Sparkling Servicers of Mountwood,31,Polished Highlighters,office products,segA,9,17,26.86,241.74,153,88.74,8/27/2026,,,,,,,,
8/26/2026,225,162,Sparkling Servicers of Mountwood,32,Bright Desk Organizers,office products,segA,6,44,67.32,403.92,264,139.92,8/27/2026,,,,,,,,
8/26/2026,225,162,Sparkling Servicers of Mountwood,44,Gleaming Recycled Paper,office products,segA,187,34,39.78,7438.86,6358,1080.86,8/27/2026,,,,,,,,
8/26/2026,225,162,Sparkling Servicers of Mountwood,46,Spotless Desk Organizers,office products,segA,178,33,42.9,7636.2,5874,1762.2,,,,,,,,,
8/26/2026,225,162,Sparkling Servicers of Mountwood,62,,cleaning supplies,segD,1,20,42.2,42.2,20,22.2,8/27/2026,,,,,,,,
8/26/2026,225,162,Sparkling Servicers of Mountwood,90,Dazzling Instant Soups,breakroom supplies,segD,1,24,52.8,52.8,24,28.8,8/27/2026,,,,,,,,
8/26/2026,225,162,Sparkling Servicers of Mountwood,99,Glossy Letter Size Paper,copy paper,segA,25,57,69.54,1738.5,1425,313.5,8/27/2026,,,,,,,,
8/26/2026,225,162,Sparkling Servicers of Mountwood,100,Dazzling Legal Size Paper,copy paper,segA,14,24,36.96,517.44,336,181.44,8/27/2026,,,,,,,,
8/26/2026,225,162,Sparkling Servicers of Mountwood,101,Radiant Colored Paper,copy paper,segA,9,60,85.2,766.8,540,226.8,8/27/2026,,,,,,,,
8/26/2026,225,162,Sparkling Servicers of Mountwood,107,Radiant Glossy Photo Paper,copy paper,segA,17,58,86.42,1469.14,986,483.14,8/27/2026,,,,,,,,
8/26/2026,225,162,Sparkling Servicers of Mountwood,108,Dazzling Cardstock,copy paper,  segA ,10,21,27.51,275.1,210,65.1,8/27/2026,,,,,,,,
8/26/2026,225,162,Sparkling Servicers of Mountwood,,Glossy Recycled Paper,copy paper,segA,24,54,78.84,1892.16,1296,596.16,8/27/2026,,,,,,,,
8/26/2026,225,162,Sparkling Servicers of Mountwood,112,Sparkling Letter Size Paper,copy paper,segA,183,46,59.34,10859.22,8418,2441.22,8/27/2026,,,,,,,,
8/26/2026,225,162,Sparkling Servicers of Mountwood,114,Glossy Recycled Paper,copy paper,segA,14,32,50.88,712.32,448,264.32,8/27/2026,,,,,,,,
8/26/2026,225,162,Sparkling Servicers of Mountwood,120,Sparkling Letter Size Paper,copy paper,segA,24,45,58.95,1414.8,1080,334.8,8/27/2026,,,,,,,,
9/1/2026,,162,  Sparkling Servicers of Mountwood ,46,Spotless Desk Organizers,office products,,113,33,42.9,4847.7,3729,1118.7,9/2/2026,,,,,,,,
8/26/2026,,162,Sparkling Servicers of Mountwood,21,Glossy Facial Tissues,paper & tissue,segC,4,47,72.38,289.52,188,101.52,8/27/2026,,,,,,,,
8/27/2026,189,165,Sparkling Janitors of Mountridge,2,Glossy Party Napkins,paper & tissue,  segA ,16,,39.73,635.68,464,171.68,8/28/2026,,,,,,,,
8/27/2026,189,165,Sparkling Janitors of Mountridge,3,Sparkling Party Napkins,paper & tissue,segA,10,21,28.14,281.4,210,71.4,8/28/2026,,,,,,,,
8/27/2026,189,165,Sparkling Janitors of Mountridge,7,Gleaming Bathroom Tissue,,segA,15,16,22.72,340.8,240,100.8,8/28/2026,,,,,,,,
8/27/2026,189,165,Sparkling Janitors of Mountridge,15,Sparkling 2-Ply Toilet Paper,paper & tissue,segA,28,43,62.35,1745.8,1204,541.8,8/28/2026,,,,,,,,
8/27/2026,189,165,Sparkling Janitors of Mountridge,16,Dazzling Bathroom Tissue,paper & tissue,segA,,42,60.48,423.36,294,129.36,8/28/2026,,,,,,,,
8/27/2026,189,165,Sparkling Janitors of Mountridge,18,Pristine Lunch Napkins,paper & tissue,segA,17,20,30,510,340,170,8/28/2026,,,,,,,,
8/27/2026,189,165,Sparkling Janitors of Mountridge,23,Dazzling Roll Paper Towels,paper & tissue,segA,8,40,55.2,441.6,320,121.6,8/28/2026,,,,,,,,
8/27/2026,189,165,Sparkling Janitors of Mountridge,25,Dazzling Binder Clips,office products,segA,10,45,61.65,616.5,450,166.5,8/28/2026,,,,,,,,
8/27/2026,189,165,Sparkling Janitors of Mountridge,27,Sparkling Sticky Notes,office products,segA,10,43,59.77,597.7,430,167.7,,,,,,,,,
8/27/2026,189,165,Sparkling Janitors of Mountridge,28,Immaculate Binder Clips,office products,segA,9,29,43.21,388.89,261,127.89,8/28/2026,,,,,,,,
8/27/2026,189,165,Sparkling Janitors of Mountridge,29,Dazzling Paper Clips,office products,segA,14,37,53.28,745.92,518,227.92,8/28/2026,,,,,,,,
8/27/2026,189,165,Sparkling Janitors of Mountridge,30,Immaculate Markers,office products,segA,11,28,38.36,421.96,308,113.96,8/28/2026,,,,,,,,
8/27/2026,189,165,Sparkling Janitors of Mountridge,36,Glossy Staplers,office products,segA,11,50,71,781,550,231,8/28/2026,,,,,,,,
8/27/2026,189,165,Sparkling Janitors of Mountridge,42,  Polished Markers ,office products,segA,13,,36.4,473.2,364,109.2,8/28/2026,,,,,,,,
8/27/2026,189,165,Sparkling Janitors of Mountridge,45,Immaculate Staplers,office products,segA,13,50,65.5,851.5,650,201.5,8/28/2026,,,,,,,,
8/27/2026,189,165,Sparlking Janitors of Mountridge,48,Fresh Desk Organizers,office products,segA,17,29,40.89,695.13,493,202.13,8/28/2026,,,,,,,,
8/27/2026,189,165,Sparkling Janitors of Mountridge,59,Spotless All-Purpose Cleaner,cleaning supplies,segA,15,47,87.42,1311.3,705,606.3,8/28/2026,,,,,,,,
8/27/2026,189,165,Sparkling Janitors of Mountridge,65,Sparkling Citrus Cleaner,cleaning supplies,segA,136,20,30,4080,2720,1360,8/28/2026,,,,,,,,
8/27/2026,189,165,Sparkling Janitors of Mountridge,66,Radiant Glass Cleaner,cleaning supplies,segA,1,21,39.48,,21,18.48,8/28/2026,,,,,,,,
8/27/2026,189,165,Sparkling Janitors of Mountridge,107,Radiant Glossy Photo Paper,copy paper,segB,5,58,91.64,458.2,290,168.2,8/28/2026,,,,,,,,
8/24/2026,284,165,Sparkling Janitors of Mountridge,7,Gleaming Bathroom Tissue,paper & tissue,segA,18,16,22.72,408.96,288,120.96,8/25/2026,,,,,,,,
8/24/2026,284,165,Sparkling Janitors of Mountridge,13,Pristine Party Napkins,paper & tissue,segA,26,45,63.9,1661.4,1170,491.4,8/25/2026,,,,,,,,
,284,165,Sparkling Janitors of Mountridge,14,Spotless Pocket Tissues,paper & tissue,segA,18,20,27.4,493.2,360,133.2,8/25/2026,,,,,,,,
8/24/2026,284,165,Sparkling Janitors of Mountridge,16,Dazzling Bathroom Tissue,paper & tissue,segA,10,42,60.48,604.8,420,184.8,8/25/2026,,,,,,,,
8/24/2026,284,165,Sparkling Janitors of Mountridge,,Sparkling Sticky Notes,office products,segA,18,43,59.77,1075.86,774,301.86,8/25/2026,,,,,,,,
8/24/2026,284,165,Sparkling Janitors of Mountridge,29,Dazzling Paper Clips,office products,segA,12,37,53.28,639.36,444,195.36,8/25/2026,,,,,,,,
8/24/2026,284,165,Sparkling Janitors of Mountridge,33,Dazzling File Folders,office products,segA,5,26,35.88,179.4,130,49.4,8/25/2026,,,,,,,,
8/24/2026,284,165,Sparkling Janitors of Mountridge,34,Radiant Staplers,office products,segA,9,24,37.68,339.12,216,123.12,8/25/2026,,,,,,,,
8/24/2026,284,165,Sparkling Janitors of Mountridge,36,Glossy Staplers,office products,segA,7,50,71,497,,147,8/25/2026,,,,,,,,
8/24/2026,284,165,  Sparkling Janitors of Mountridge ,42,Polished Markers,office products,segA,13,28,36.4,473.2,364,109.2,8/25/2026,,,,,,,,
8/24/2026,284,165,Sparkling Janitors of Mountridge,45,Immaculate Staplers,office products,segA,16,50,65.5,1048,800,248,8/25/2026,,,,,,,,
8/24/2026,284,165,Sparkling Janitors of Mountridge,64,Bright Glass Cleaner,cleaning supplies,segA,73,32,45.76,3340.48,2336,1004.48,8/25/2026,,,,,,,,
8/24/2026,284,165,Sparkling Janitors of Mountridge,72,Gleaming Glass Cleaner,cleaning supplies,segA,10,23,37.72,377.2,230,147.2,8/25/2026,,,,,,,,
8/24/2026,284,165,Sparkling Janitors of Mountridge,94,Pristine Instant Soups,breakroom supplies,segD,1,7,15.12,15.12,7,8.12,8/25/2026,,,,,,,,
8/24/2026,284,165,Sparkling Janitors of Mountridge,119,Immaculate Letter Size Paper,copy paper,segB,5,44,67.32,336.6,220,116.6,8/25/2026,,,,,,,,
8/21/2026,314,165,Sparkling Janitors of Mountridge,4,Bright Bathroom Tissue,paper & tissue,segA,19,26,37.44,711.36,494,217.36,8/31/2026,,,,,,,,
8/21/2026,314,165,  Sparkling Janitors of Mountridge ,13,Pristine Party Napkins,paper & tissue,segA,18,45,63.9,1150.2,810,340.2,8/31/2026,,,,,,,,
8/21/2026,314,165,Sparkling Janitors of Mountridge,16,Dazzling Bathroom Tissue,paper & tissue,segA,8,42,60.48,483.84,336,147.84,8/31/2026,,,,,,,,
8/21/2026,314,165,Sparkling Janitors of Mountridge,23,,paper & tissue,segA,5,40,55.2,276,200,76,31/08/2026,,,,,,,,
8/21/2026,314,165,Sparkling Janitors of Mountridge,,Sparkling Sticky Notes,office products,segA,10,43,59.77,597.7,430,167.7,8/31/2026,,,,,,,,
8/21/2026,314,165,Sparkling Janitors of Mountridge,28,Immaculate Binder Clips,office products,segA,9,29,43.21,388.89,261,127.89,8/31/2026,,,,,,,,
8/21/2026,314,165,Sparkling Janitors of Mountridge,30,Immaculate Markers,office products,segA,8,28,38.36,306.88,224,82.88,,,,,,,,,
8/21/2026,314,165,Sparkling Janitors of Mountridge,32,Bright Desk Organizers,,segA,4,44,59.84,239.36,176,63.36,8/31/2026,,,,,,,,
8/21/2026,314,165,Sparkling Janitors of Mountridge,33,Dazzling File Folders,office products,segA,6,26,35.88,215.28,156,59.28,8/31/2026,,,,,,,,
8/21/2026,314,165,Sparkling Janitors of Mountridge,35,Dazzling Staplers,office products,segA,8,27,36.18,289.44,216,73.44,8/31/2026,,,,,,,,
8/21/2026,314,165,Sparkling Janitors of Mountridge,36,,office products,segA,11,50,71,781,550,231,8/31/2026,,,,,,,,
8/21/2026,314,165,Sparkling Janitors of Mountridge,37,Bright Recycled Paper,office products,segA,8,24,37.44,299.52,192,107.52,8/31/2026,,,,,,,,
8/21/2026,314,165,Sparkling Janitors of Mountridge,45,Immaculate Staplers,office products,segA,10,50,65.5,655,500,155,8/31/2026,,,,,,,,
8/21/2026,314,165,  Sparkling Janitors of Mountridge ,55,,cleaning supplies,segA,7,29,50.46,353.22,203,,8/31/2026,,,,,,,,
8/21/2026,314,165,Sparkling Janitors of Mountridge,59,Spotless All-Purpose Cleaner,cleaning supplies,segA,11,47,87.42,961.62,517,444.62,8/31/2026,,,,,,,,
8/21/2026,314,165,Sparkling Janitors of Mountridge,64,Bright Glass Cleaner,,segA,100,32,45.76,4576,3200,1376,8/31/2026,,,,,,,,
8/21/2026,314,165,Sparkling Janitors of Mountridge,66,Radiant Glass Cleaner,,segA,3,21,39.48,118.44,63,55.44,8/31/2026,,,,,,,,
8/21/2026,314,165,Sparkling Janitors of Mountridge,69,Gleaming Degreaser,cleaning supplies,segA,2,27,44.01,88.02,54,34.02,8/31/2026,,,,,,,,
8/21/2026,314,165,Sparkling Janitors of Mountridge,72,Gleaming Glass Cleaner,cleaning spuplies,segA,8,23,37.72,301.76,184,117.76,8/31/2026,,,,,,,,
8/21/2026,314,165,Sparkling Janitors of Mountridge,99,Glossy Letter Size Paper,copy paper,segB,6,57,92.34,554.04,342,212.04,8/31/2026,,,,,,,,
8/21/2026,314,165,Sparkling Janitors of Mountridge,101,Radiant Colored Paper,copy paper,  segB ,4,60,96.6,386.4,240,146.4,8/31/2026,,,,,,,,
8/18/2026,386,165,Sparkling Janitors of Mountridge,7,Gleaming Bathroom Tissue,paper & tissue,segA,22,16,22.72,499.84,352,,8/19/2026,,,,,,,,
8/18/2026,386,165,Sparkling Janitors of Mountridge,8,Bright Party Napkins,paper & tissue,segA,10,50,67.5,675,500,175,8/19/2026,,,,,,,,
8/18/2026,386,165,Sparkling Janitors of Mountridge,13,Pristine Party Napkins,paper & tissue,segA,24,45,63.9,1533.6,1080,453.6,8/19/2026,,,,,,,,
8/18/2026,386,165,Sparkling Janitors of Mountridge,15,Sparkling 2-Ply Toilet Paper,paper & tissue,segA,18,43,62.35,1122.3,774,348.3,8/19/2026,,,,,,,,
8/18/2026,386,165,Sparkling Janitors of Mountridge,24,Sparkling Pocket Tissues,paper & tissue,segA,6,18,24.48,146.88,108,38.88,8/19/2026,,,,,,,,
8/18/2026,386,165,Sparkling Janitors of Mountridge,27,Sparkling Sticky Notes,office products,  segA ,18,43,59.77,1075.86,774,301.86,8/19/2026,,,,,,,,
,386,165,Sparkling Janitors of Mountridge,30,Immaculate Markers,office products,segA,8,28,38.36,306.88,224,82.88,8/19/2026,,,,,,,,
8/18/2026,386,165,Sparkling Janitors of Mountridge,33,Dazzling Flie Folders,office products,segA,7,26,35.88,251.16,182,69.16,8/19/2026,,,,,,,,
8/18/2026,386,165,Sparkling Janitors of Mountridge,37,Bright Recycled Paper,office products,segA,12,24,37.44,449.28,288,161.28,8/19/2026,,,,,,,,
8/18/2026,386,165,Sparklnig Janitors of Mountridge,42,Polished Markers,office products,segA,14,28,36.4,509.6,392,117.6,8/19/2026,,,,,,,,
8/18/2026,386,165,Sparkling Janitors of Mountridge,43,Fresh File Folders,office products,segA,11,50,73,803,550,253,8/19/2026,,,,,,,,
8/18/2026,386,165,Sparkling Janitors of Mountridge,55,Spotless Floor Cleaner,cleaning supplies,segA,9,29,50.46,454.14,261,193.14,8/19/2026,,,,,,,,
8/18/2026,386,165,Sparkling Janitors of Mountridge,67,Sleek Citrus Cleaner,cleaning supplies,segA,3,39,72.93,218.79,117,101.79,8/19/2026,,,,,,,,
8/18/2026,386,165,Sparkling Janitors of Mountridge,72,Gleaming Glass Cleaner,cleaning supplies,segA,13,,37.72,490.36,299,191.36,8/19/2026,,,,,,,,
8/18/2026,386,165,Sparkling Janitors of Mountridge,99,Glossy Letter Size Paper,copy paper,segB,,57,92.34,277.02,171,106.02,8/19/2026,,,,,,,,
8/18/2026,386,165,Sparkling Janitors of Mountridge,107,Radiant Glossy Photo Paper,copy paper,segB,4,58,91.64,366.56,232,134.56,8/19/2026,,,,,,,,
8/18/2026,386,165,Sparkling Janitors of Mountridge,120,Sparkling Letter Size Paper,copy paper,segB,8,45,64.35,514.8,360,154.8,8/19/2026,,,,,,,,
8/17/2026,418,165,Sparkling Janitors of Mountridge,23,Dazzling Roll Paper Towels,paper & tissue,segA,7,40,55.2,386.4,280,106.4,8/18/2026,,,,,,,,
8/17/2026,418,165,Sparkling Janitors of Mountridge,24,Sparkling Pocket Tissues,paper & tissue,segA,11,,24.48,269.28,198,71.28,8/18/2026,,,,,,,,
8/17/2026,418,165,Sparkling Janitors of Mountridge,28,Immaculate Binder Clips,office products,segA,15,29,43.21,648.15,435,213.15,8/18/2026,,,,,,,,
8/17/2026,418,165,Sparkling Janitors of Mountridge,45,Immaculate Staplers,office products,segA,12,50,65.5,786,600,186,8/18/2026,,,,,,,,
8/17/2026,418,165,Sparkling Janitors of Mountridge,62,Glossy Air Freshener,cleaning supplies,segA,1,20,36.2,36.2,20,16.2,8/18/2026,,,,,,,,
8/17/2026,418,165,Sparkling Janitors of Mountridge,64,Bright Glass Cleaner,cleaning supplies,segA,52,32,45.76,2379.52,1664,715.52,8/18/2026,,,,,,,,
8/17/2026,418,165,Sparkling Janitors of Mountridge,69,Gleaming Degreaser,cleaning supplies,segA,1,27,44.01,44.01,27,17.01,8/18/2026,,,,,,,,
8/17/2026,418,165,Sparkling Janitors of Mountridge,72,Gleaming Glass Cleaner,cleaning supplies,segA,8,23,37.72,301.76,184,117.76,8/18/2026,,,,,,,,
8/17/2026,418,165,Sparkling Janitors of Mountridge,74,Pristine Energy Drinks,  breakroom supplies ,segD,1,15,32.7,32.7,15,17.7,8/18/2026,,,,,,,,
8/17/2026,418,165,Sparkling Janitors of Mountridge,100,Dazzling Legal Size Paper,copy paper,segB,5,24,36.96,184.8,120,64.8,8/18/2026,,,,,,,,
8/17/2026,418,165,Sparkling Janitors of Mountridge,102,Sleek Resume Paper,copy paper,segB,,26,36.4,291.2,208,83.2,8/18/2026,,,,,,,,
8/17/2026,418,165,Sparkling Janitors of Mountridge,120,Sparkling Letter Size Paper,copy paper,segB,6,45,,386.1,270,116.1,8/18/2026,,,,,,,,
,226,166,Sleek Maintainers of Mountfield,77,Sleek Disposable Cups,breakroom supplies,segA,1,25,45.25,45.25,25,20.25,8/27/2026,,,,,,,,
8/26/2026,226,166,Sleek Maintainers of Mountfield,78,Glossy Creamers,breakroom supplies,segA,2,27,55.08,110.16,54,56.16,8/27/2026,,,,,,,,
8/26/2026,226,166,Sleek Maintainers of Mountfield,84,Sparkling Creamers,breakroom supplies,segA,1,18,31.5,31.5,18,13.5,8/27/2026,,,,,,,,
8/26/2026,226,166,Sleek Maintainers of Mountfield,85,Sparkling Microwave Popcorn,breakroom supplies,segA,26,12,18,468,312,156,8/27/2026,,,,,,,,
8/26/2026,226,166,Sleek Maintainers of Mountfield,88,Gleaming Coffee Beans,breakroom supplies,segA,62,18,27,1674,1116,558,8/27/2026,,,,,,,,
8/26/2026,226,166,Sleek Maintainers of Mountfield,92,Glossy Instant Soups,breakroom supplies,segA,2,24,50.4,100.8,48,52.8,27/08/2026,,,,,,,,
8/13/2026,487,167,Gleaming Cleaners of Mountfield,38,Radiant Pens,office products,segC,6,17,26.01,156.06,,54.06,8/14/2026,,,,,,,,
8/13/2026,487,167,Gleaming Cleaners of Mountfield,67,Sleek Citrus Cleaner,cleaning supplies,segD,2,39,74.1,148.2,78,70.2,8/14/2026,,,,,,,,
8/13/2026,487,167,Gleaming Cleaners of Mountfield,76,Immaculate Granola Bars,breakroom supplies,segB,3,10,21.6,64.8,30,34.8,8/14/2026,,,,,,,,
8/13/2026,487,167,Gleaming Cleaners of Mountfield,82,Pristine Granola Bars,breakroom supplies,segB,1,26,52.26,52.26,26,26.26,14/08/2026,,,,,,,,
8/13/2026,487,167,Gleaming Cleaners of Mountfield,85,Sparkling Microwave Popcorn,breakroom supplies,segB,5,12,,111,60,51,8/14/2026,,,,,,,,
8/13/2026,487,167,Gleaming Cleaners of Mountfield,89,Sparkling Disposable Cups,breakroom supplies,segB,1,21,42.21,42.21,21,21.21,8/14/2026,,,,,,,,
8/13/2026,487,167,Gleaming Cleaners of Mountfield,90,Dazzling Instant Soups,breakroom supplies,,2,24,47.04,94.08,48,46.08,8/14/2026,,,,,,,,
8/21/2026,315,168,Immaculate Stewards of Baydale,25,Dazzling Binder Clips,office products,segC,1,45,72.45,72.45,45,27.45,8/24/2026,,,,,,,,
8/21/2026,315,168,Immaculate Stewards of Baydale,82,Pristine Granola Bars,breakroom supplies,segA,1,26,50.7,50.7,26,24.7,8/24/2026,,,,,,,,
8/21/2026,315,168,Immaculate Stewards of Baydale,86,Dazzling Instant Soups,breakroom supplies,segA,1,16,34.24,34.24,16,18.24,8/24/2026,,,,,,,,
8/21/2026,315,168,Immaculate Stewards of Baydale,89,Sparkling Disposable Cups,breakroom supplies,segA,1,21,38.22,38.22,21,17.22,8/24/2026,,,,,,,,
21/08/2026,315,168,Immaculate Stewards of Baydale,95,Bright Disposable Cups,breakroom supplies,,2,13,22.23,44.46,26,18.46,8/24/2026,,,,,,,,
8/21/2026,315,168,Immaculate Stewards of Baydale,99,Glossy Letter Size Paper,copy paper,segB,1,57,89.49,89.49,57,32.49,8/24/2026,,,,,,,,
8/21/2026,315,168,Immaculate Stewards of Baydale,103,Spotless Colored Paper,copy paper,segB,1,45,65.25,65.25,45,20.25,8/24/2026,,,,,,,,
8/21/2026,315,168,Immaculate Stewards of Baydale,108,Dazzling Cardstock,copy paper,segB,1,21,34.65,34.65,21,13.65,24/08/2026,,,,,,,,
8/21/2026,315,168,Immaculate Stewards of Baydale,,Glossy Recycled Paper,copy paper,segB,1,54,85.32,85.32,54,31.32,8/24/2026,,,,,,,,
8/18/2026,387,168,Immaculate Stewards of Baydale,29,Dazzling Paper Clips,office products,segC,1,37,54.76,54.76,37,17.76,8/19/2026,,,,,,,,
8/18/2026,387,168,Immaculate Stewards of Baydale,49,Sparkling Disinfectant Wipes,cleaning supplies,segB,1,21,35.91,,21,14.91,8/19/2026,,,,,,,,
8/18/2026,387,168,Immaculate Stewards of Baydale,72,Gleaming Glass Cleaner,cleaning supplies,segB,1,23,39.1,39.1,23,16.1,8/19/2026,,,,,,,,
8/18/2026,387,168,Immaculate Stewards of Baydale,82,Pristine Granola Bars,breakroom supplies,segA,2,26,50.7,101.4,52,49.4,8/19/2026,,,,,,,,
8/18/2026,387,168,Immaculate Stewards of Baydale,86,Dazzling Instant Soups,breakroom supplies,segA,1,16,34.24,34.24,16,18.24,8/19/2026,,,,,,,,
8/18/2026,387,168,Immaculate Stewards of Baydale,89,Sparkling Disposable Cups,breakroom supplies,,1,21,38.22,38.22,21,17.22,8/19/2026,,,,,,,,
8/18/2026,387,168,Immaculate Stewards of Baydale,,Pristine Instant Soups,breakroom supplies,segA,1,7,13.93,13.93,7,6.93,8/19/2026,,,,,,,,
8/18/2026,387,168,Immaculate Stewards of Baydale,98,Radiant Glossy Photo Paper,copy paper,segB,1,23,37.49,37.49,23,14.49,8/19/2026,,,,,,,,
8/18/2026,387,168,Immaculate Stewards of Baydale,,Glossy Recycled Paper,,segB,1,54,85.32,85.32,54,31.32,8/19/2026,,,,,,,,
8/18/2026,387,168,Immaculate Stewards of Baydale,112,Sparkling Letter Size Paper,copy paper,segB,1,46,69.92,69.92,46,23.92,8/19/2026,,,,,,,,
8/12/2026,519,168,Immaculate Stewards of Baydale,49,Sparkling Disinfectant Wipes,cleaning supplies,segB,1,21,35.91,35.91,21,14.91,8/13/2026,,,,,,,,
8/12/2026,519,168,Immaculate Stewards of Baydale,53,Glossy Glass Cleaner,cleaning supplies,segB,1,36,70.2,70.2,36,34.2,8/13/2026,,,,,,,,
,519,168,Immaculate Stewards of Baydale,72,Gleaming Glass Cleaner,cleaning supplies,segB,1,23,39.1,39.1,23,16.1,8/13/2026,,,,,,,,
8/12/2026,519,168,Immaculate Stewards of Baydale,78,Glossy Creamers,breakroom supplies,segA,1,27,52.38,52.38,27,25.38,8/13/2026,,,,,,,,
8/12/2026,519,168,Immaculate Stewards of Baydale,81,Polished Stirrers,breakroom supplies,segA,1,22,39.82,39.82,22,17.82,8/13/2026,,,,,,,,
8/12/2026,519,168,Immaculate Stewards of Baydale,91,Glossy Microwave Popcorn,breakroom supplies,segA,1,29,50.17,50.17,29,21.17,8/13/2026,,,,,,,,
8/12/2026,519,168,Immaculate Stewards of Baydale,95,Bright Disposable Cups,breakroom supplies,segA,2,13,22.23,44.46,26,18.46,8/13/2026,,,,,,,,
8/12/2026,519,168,Immaculate Stewards of Baydale,96,Dazzling Disposable Cups,breakroom supplies,segA,1,19,38.57,38.57,19,19.57,8/13/2026,,,,,,,,
8/12/2026,519,168,Immaculate Stewards of Baydale,98,Radiant Glossy Photo Paper,copy paper,segB,1,23,37.49,37.49,23,14.49,8/13/2026,,,,,,,,
8/12/2026,519,168,Immaculate Stewards of Baydale,99,Glossy Letter Size Paper,copy paper,  segB ,1,57,89.49,89.49,57,32.49,8/13/2026,,,,,,,,
8/12/2026,519,168,Immaculate Stewards of Baydale,105,Pristine Graph Paper,copy paper,segB,1,,78.52,78.52,52,26.52,8/13/2026,,,,,,,,
8/10/2026,568,168,Immaculate Stewards of Baydale,45,Immaculate Staplers,office products,segC,1,50,74,74,50,24,,,,,,,,,
8/10/2026,568,168,Immaculate Stewards of Baydale,72,Gleaming Glass Cleaner,,segB,1,23,39.1,39.1,23,16.1,8/11/2026,,,,,,,,
8/10/2026,568,168,Immaculate Stewards of Baydale,78,Glossy Creamers,breakroom supplies,segA,1,27,52.38,52.38,27,25.38,8/11/2026,,,,,,,,
8/10/2026,568,168,Immaculate Stewards of Baydale,,Gleaming Coffee Beans,breakroom supplies,segA,1,18,34.56,34.56,18,16.56,8/11/2026,,,,,,,,
8/10/2026,568,168,Immaculate Stewards of Baydale,91,Glossy Microwave Popcorn,breakroom supplies,segA,1,29,50.17,50.17,29,21.17,8/11/2026,,,,,,,,
8/21/2026,,168,Immaculate Stewards of Baydale,81,Polished Stirrers,,segA,1,22,39.82,39.82,22,17.82,8/24/2026,,,,,,,,
8/18/2026,,168,Immaculate Stewards of Baydale,53,Glossy Glass Cleaner,cleaning supplies,,1,36,70.2,70.2,36,34.2,8/19/2026,,,,,,,,
9/2/2026,68,169,Dazzling Wholesalers of Cedarburg,42,Polished Markers,office products,segD,1,28,48.44,48.44,28,20.44,9/3/2026,,,,,,,,
9/2/2026,68,169,Dazzling Wholesalers of Cedarburg,49,  Sparkling Disinfectant Wipes ,cleaning supplies,segA,2,21,,78.54,42,36.54,9/3/2026,,,,,,,,
9/2/2026,68,169,Dazzling Wholesalers of Cedarburg,51,Bright Glass Cleaner,cleaning supplies,segA,38,26,39,1482,988,494,9/3/2026,,,,,,,,
9/2/2026,68,169,Dazzling Wholesalers of Cedarburg,53,Glossy Glass Cleaner,cleaning supplies,segA,1,36,61.92,61.92,36,25.92,9/3/2026,,,,,,,,
9/2/2026,68,169,Dazzling Wholesalers of Cedarburg,59,Spotless All-Purpose Cleaner,cleaning supplies,segA,2,47,84.6,169.2,94,75.2,9/3/2026,,,,,,,,
9/2/2026,68,169,Dazzling Wholesalers of Cedarburg,64,Bright Glass Cleaner,cleainng supplies,segA,1,32,56,56,32,24,9/3/2026,,,,,,,,
9/2/2026,68,169,Dazzling Wholesalers of Cedarburg,72,Gleaming Glass Cleaner,cleaning supplies,segA,1,23,39.33,39.33,23,16.33,9/3/2026,,,,,,,,
9/2/2026,68,169,Dazzling Wholesalers of Cedarburg,73,Spotless Creamers,breakroom supplies,segA,1,18,34.2,34.2,18,16.2,9/3/2026,,,,,,,,
9/2/2026,68,169,Dazzling Wholesalers of Cedarburg,74,Pristine Energy Drinks,breakroom supplies,segA,2,15,28.5,57,30,27,9/3/2026,,,,,,,,
9/2/2026,68,169,Dazzling Wholesalers of Cedarburg,76,Immaculate Granola Bars,breakroom supplies,segA,1,10,19.2,19.2,10,9.2,9/3/2026,,,,,,,,
9/2/2026,68,169,Dazzling Wholesalers of Cedarburg,78,Glossy Creamers,breakroom supplies,segA,1,27,51.03,51.03,27,24.03,9/3/2026,,,,,,,,
9/2/2026,68,169,Dazzling Wholesalers of Cedarburg,81,Polished Stirrers,breakroom supplies,segA,1,22,38.72,38.72,22,16.72,9/3/2026,,,,,,,,
9/2/2026,68,169,Dazzling Wholesalers of Cedarburg,83,,breakroom supplies,segA,1,26,48.1,48.1,26,22.1,9/3/2026,,,,,,,,
9/2/2026,68,169,Dazzling Wholesalers of Cedarburg,98,Radiant Glossy Photo Paper,copy paper,segA,2,23,34.96,69.92,46,23.92,9/3/2026,,,,,,,,
9/2/2026,68,169,Dazzling Wholesalers of Cedarburg,106,Sleek Resume Paper,copy paper,segA,5,48,65.76,328.8,240,88.8,9/3/2026,,,,,,,,
9/2/2026,68,169,  Dazzling Wholesalers of Cedarburg ,107,Radiant Glossy Photo Paper,copy paper,segA,2,58,88.16,176.32,116,60.32,9/3/2026,,,,,,,,
9/2/2026,68,169,Dazzling Wholesalers of Cedarburg,117,Dazzling Graph Paper,copy paper,segA,47,51,66.3,3116.1,2397,719.1,9/3/2026,,,,,,,,
9/2/2026,68,169,Dazzling Wholesalers of Cedarburg,118,Sparkling Cardstock,copy paper,segA,3,37,48.47,145.41,111,34.41,9/3/2026,,,,,,,,
9/2/2026,68,169,Dazzling Wholesalers of Cedarburg,119,Immaculate Letter Size Paper,copy paper,segA,3,,66,198,132,66,9/3/2026,,,,,,,,
1/9/2026,96,169,Dazzling Wholesalers of Cedarburg,49,,cleaning supplies,segA,1,21,39.27,39.27,21,18.27,9/2/2026,,,,,,,,
9/1/2026,96,169,Dazzling Wholesalers of Cedarburg,51,Bright Glass Cleaner,cleaning supplies,segA,29,26,39,1131,754,377,9/2/2026,,,,,,,,
9/1/2026,96,169,Dazzling Wholesalers of Cedarburg,53,,cleaning supplies,segA,2,36,61.92,123.84,72,51.84,9/2/2026,,,,,,,,
9/1/2026,96,169,Dazzling Wholesalers of Cedarburg,64,Bright Glass Cleaner,cleaning supplies,segA,1,32,56,56,32,24,9/2/2026,,,,,,,,
1/9/2026,96,169,Dazzling Wholesalers of Cedarburg,73,Spotless Creamers,breakroom supplies,segA,1,18,34.2,,18,16.2,9/2/2026,,,,,,,,
9/1/2026,96,169,Dazzling Wholesalers of Cedarburg,83,Spotless Energy Drinks,breakroom supplies,segA,1,26,48.1,48.1,26,22.1,9/2/2026,,,,,,,,
1/9/2026,96,169,Dazzling Wholesalers of Cedarburg,88,Gleaming Coffee Beans,breakroom supplies,segA,1,18,35.82,35.82,18,17.82,9/2/2026,,,,,,,,
9/1/2026,96,169,Dazzling Wholesalers of Cedarburg,89,Sparkling Disposable Cups,breakroom supplies,segA,1,21,41.79,41.79,21,20.79,,,,,,,,,
9/1/2026,96,169,Dazzling Wholesalers of Cedarburg,95,Bright Disposable Cups,breakroom supplies,segA,1,13,22.49,22.49,13,9.49,9/2/2026,,,,,,,,
9/1/2026,96,169,Dazzling Wholesalers of Cedarburg,98,Radiant Glossy Photo Paper,copy paepr,segA,4,23,34.96,139.84,92,47.84,9/2/2026,,,,,,,,
9/1/2026,96,169,Dazzling Wholesalers of Cedarburg,99,Glossy Letter Size Paper,copy paper,segA,35,57,71.82,,1995,518.7,9/2/2026,,,,,,,,
9/1/2026,96,169,Dazzling Wholesalers of Cedarburg,100,Dazzling Legal Size Paper,copy paper,segA,1,24,31.2,31.2,24,7.2,9/2/2026,,,,,,,,
9/1/2026,96,169,Dazzling Wholesalers of Cedarburg,103,Spotless Colored Paper,copy paper,segA,7,45,63.45,,315,129.15,9/2/2026,,,,,,,,
9/1/2026,96,169,Dazzling Wholesalers of Cedarburg,107,Radiant Glossy Photo Paper,copy paper,segA,2,58,88.16,176.32,116,60.32,9/2/2026,,,,,,,,
9/1/2026,96,169,Dazzling Wholesalers of Cedarburg,118,  Sparkling Cardstock ,copy paper,segA,1,37,48.47,48.47,37,11.47,9/2/2026,,,,,,,,
9/1/2026,96,169,Dazzlin gWholesalers of Cedarburg,119,Immaculate Letter Size Paper,copy paper,segA,5,44,66,330,220,110,9/2/2026,,,,,,,,
8/31/2026,115,170,Immaculate Servicers of Riverwood,15,  Sparkling 2-Ply Toilet Paper ,paper & tissue,segC,1,43,61.92,61.92,43,18.92,9/1/2026,,,,,,,,
8/31/2026,115,170,Immaculate Servicers of Riverwood,27,Sparkling Sticky Notes,office products,segA,4,43,60.63,242.52,172,70.52,9/1/2026,,,,,,,,
8/31/2026,115,170,Immaculate Servicers of Riverwood,46,Spotless Desk Organizers,office products,segA,11,33,50.16,551.76,363,188.76,9/1/2026,,,,,,,,
8/31/2026,115,170,Immaculate Servicers of Riverwood,47,Immaculate Satplers,office products,segA,6,24,36.24,217.44,144,73.44,9/1/2026,,,,,,,,
8/31/2026,115,170,Immaculate Servicers of Riverwood,48,Fresh Desk Organizers,office products,segA,10,29,39.73,397.3,290,107.3,9/1/2026,,,,,,,,
8/31/2026,115,170,Immaculate Servicers of Riverwood,,Gleaming Glossy Photo Paper,copy paper,segA,10,52,73.32,733.2,520,213.2,9/1/2026,,,,,,,,
8/31/2026,115,170,Immaculate Servicers of Riverwood,112,Sparkling Letter Size Paper,copy paper,segA,22,46,67.62,1487.64,1012,475.64,9/1/2026,,,,,,,,
8/24/2026,285,170,  Immaculate Servicers of Riverwood ,25,Dazzling Binder Clips,office products,segA,8,45,65.25,,360,162,8/25/2026,,,,,,,,
8/24/2026,285,170,Immaculate Servicers of Riverwood,27,Sparkling Sticky Notes,office products,segA,6,43,60.63,363.78,258,105.78,,,,,,,,,
8/24/2026,285,170,Immaculate Servicers of Riverwood,28,Immaculate Binder Clips,office products,segA,4,29,40.31,161.24,116,45.24,8/25/2026,,,,,,,,
8/24/2026,285,170,Immaculate Servicers of Riverwood,25,Dazzling Paper Clips,office products,segA,12,37,57.72,692.64,444,248.64,8/25/2026,,,,,,,,
8/24/2026,285,170,Immaculate Servicers of Riverwood,33,Dazzling File Folders,office products,segA,6,26,36.92,221.52,156,65.52,8/25/2026,,,,,,,,
8/24/2026,285,170,Immaculate Servicers of Riverwood,39,Immaculate Sticky Notes,office products,segA,6,34,53.72,322.32,204,118.32,8/25/2026,,,,,,,,
8/24/2026,285,170,Immaculate Servicers of Riverwood,40,Immaculate Markers,office products,segA,6,34,46.58,279.48,204,75.48,8/25/2026,,,,,,,,
8/24/2026,285,170,Immaculate Servicers of Riverwood,47,Immaculate Staplers,office products,segA,6,24,36.24,217.44,144,73.44,8/25/2026,,,,,,,,
8/24/2026,285,170,Immaculate Servicers of Riverwood,48,,office products,segA,11,29,39.73,437.03,319,118.03,8/25/2026,,,,,,,,
8/24/2026,285,170,Immaculate Servicers of Riverwood,90,Dazzling Instant Soups,breakroom supplies,segD,129,24,42,5418,3096,2322,8/25/2026,,,,,,,,
8/24/2026,285,170,Immaculate Servicers of Riverwood,102,Sleek Resume Paper,copy paper,segA,17,26,35.88,609.96,442,167.96,8/25/2026,,,,,,,,
8/24/2026,285,170,Immaculate Servicers of Riverwood,104,Gleaming Glossy Photo Paper,copy paper,segA,10,52,73.32,733.2,520,213.2,8/25/2026,,,,,,,,
8/24/2026,285,170,Immaculate Servicers of Riverwood,118,,copy paper,segA,24,37,52.91,1269.84,888,381.84,,,,,,,,,
8/24/2026,285,170,  Immaculate Servicers of Riverwood ,119,Immaculate Letter Size Paper,copy paper,segA,13,44,65.12,846.56,572,274.56,8/25/2026,,,,,,,,
8/11/2026,539,170,Immaculate Servicers of Riverwood,21,Glossy Facial Tissues,paper & tissue,segC,2,47,65.8,131.6,94,37.6,8/12/2026,,,,,,,,
8/11/2026,539,170,Immaculate Servicers of Riverwood,33,Dazzling File Folders,office products,segA,8,26,36.92,295.36,208,87.36,8/12/2026,,,,,,,,
8/11/2026,539,170,Immaculate Servicers of Riverwood,35,Dazzling Staplers,office products,segA,4,27,39.96,159.84,108,51.84,8/12/2026,,,,,,,,
8/11/2026,539,170,Immaculate Servicers of Riverwood,48,Fresh Desk Organizers,office products,segA,16,29,39.73,635.68,464,171.68,8/12/2026,,,,,,,,
8/11/2026,539,170,Immaculate Servicers of Riverwood,88,Gleaming Coffee Beans,breakroom supplies,segD,1,18,38.16,38.16,18,20.16,8/12/2026,,,,,,,,
8/11/2026,539,170,Immaculate Servicers of Riverwood,97,Sparkling Legal Size Paper,copy paper,segA,4,39,58.89,235.56,156,79.56,8/12/2026,,,,,,,,
8/11/2026,539,170,Immaculate Servicers of Riverwood,110,Pristine Cardstock,copy paper,segA,9,,59.64,536.76,,158.76,8/12/2026,,,,,,,,
8/11/2026,539,170,Immaculate Servicers of Riverwood,114,Glossy Recycled Paper,copy paper,segA,18,32,42.56,766.08,576,190.08,8/12/2026,,,,,,,,
8/11/2026,539,170,Immaculate Servicers of Riverwood,118,Sparkling Cardstock,copy paper,segA,23,37,52.91,1216.93,851,365.93,8/12/2026,,,,,,,,
8/28/2026,153,171,Glossy Providers of Gardenport,11,Fresh Lunch Napkins,paper & tissue,segC,1,21,31.71,31.71,21,10.71,8/31/2026,,,,,,,,
8/28/2026,153,171,Glossy Providers of Gardenport,16,Dazzling aBthroom Tissue,paper & tissue,segC,2,42,66.36,132.72,84,48.72,8/31/2026,,,,,,,,
8/28/2026,153,171,Glossy Providers of Gardenport,26,Radiant Sticky Notes,office products,segC,1,34,53.04,53.04,34,19.04,8/31/2026,,,,,,,,
8/28/2026,153,171,Glossy Providers of Gardenport,37,  Bright Recycled Paper ,office products,segC,1,24,37.68,37.68,24,13.68,8/31/2026,,,,,,,,
8/28/2026,153,171,Glossy Providers of Gardenport,44,Gleaming Recycled Paper,office products,segC,1,34,54.74,54.74,34,20.74,8/31/2026,,,,,,,,
8/28/2026,153,171,Glossy Providers of Gardenport,48,Fresh Desk Organizers,office products,segC,16,29,40.6,649.6,464,185.6,8/31/2026,,,,,,,,
,258,172,Spotless Suppliers of Canyoncrest,31,,office products,segB,6,17,23.8,142.8,102,40.8,8/26/2026,,,,,,,,
8/25/2026,258,172,Spotless Suppliers of Canyoncrest,32,Bright Desk Organizers,office products,segB,1,44,63.36,63.36,44,19.36,26/08/2026,,,,,,,,
8/25/2026,258,172,  Spotless Suppliers of Canyoncrest ,40,Immaculate Markers,office produtcs,segB,1,34,56.44,56.44,34,22.44,8/26/2026,,,,,,,,
8/25/2026,258,172,Spotless Suppliers of Canyoncrest,80,Spotless Instant Soups,breakroom supplies,segA,3,17,36.04,108.12,51,57.12,8/26/2026,,,,,,,,
,258,172,Spotless Suppliers of Canyoncrest,93,Gleaming Microwave Popcorn,breakroom supplies,segA,4,20,40.2,160.8,80,80.8,26/08/2026,,,,,,,,
8/25/2026,258,172,Spotless Suppliers of Canyoncrest,101,Radiant Colored Paper,copy paper,segA,21,60,90.6,1902.6,1260,642.6,8/26/2026,,,,,,,,
8/25/2026,258,172,Spotless Suppliers of Canyoncrest,102,Sleek Resume Paper,copy paper,segA,8,26,38.22,305.76,208,97.76,8/26/2026,,,,,,,,
,258,172,Spotless Suppliers of Canyoncrest,114,Glossy Recycled Paper,copy paper,segA,11,32,44.16,485.76,352,133.76,8/26/2026,,,,,,,,
8/25/2026,258,172,Spotless Suppliers of Canyoncrest,115,Polished Glossy Photo Paper,copy paper,segA,22,59,89.09,1959.98,1298,661.98,8/26/2026,,,,,,,,
8/21/2026,316,172,Spotless Suppliers of Canyoncrest,,Sparkling Sticky Notes,office products,segB,6,43,69.66,417.96,258,159.96,8/24/2026,,,,,,,,
8/21/2026,316,172,Spotless Suppliers of Canyoncrest,40,Immaculate Markers,office products,segB,1,34,56.44,56.44,34,22.44,8/24/2026,,,,,,,,
8/21/2026,316,172,Spotless Suppliers of Canyoncrest,70,Sleek Air Freshener,cleaning supplies,segD,1,,63.36,63.36,33,30.36,8/24/2026,,,,,,,,
8/21/2026,316,172,Spotless Suppliers of Canyoncrest,79,Immaculate Microwave Popcorn,breakroom supplies,segA,6,25,45.5,273,150,123,8/24/2026,,,,,,,,
8/21/2026,316,172,Spotless Suppliers of Canyoncrest,80,Spotless Instant Soups,breakroom supplies,segA,2,17,36.04,72.08,34,38.08,8/24/2026,,,,,,,,
8/21/2026,316,172,Spotless Suppliers of Canyoncrest,84,Sparkling Creamers,breakroom supplies,segA,9,18,31.5,283.5,162,121.5,8/24/2026,,,,,,,,
8/21/2026,316,172,Spotless Suppliers of Canyoncrest,90,Dazzling Instant Soups,breakroom supplies,segA,,24,51.36,154.08,72,82.08,8/24/2026,,,,,,,,
8/21/2026,316,172,Spotless Suppliers of Canyoncrest,,Glossy Microwave Popcorn,breakroom supplies,segA,73,29,,3175.5,2117,1058.5,8/24/2026,,,,,,,,
8/21/2026,316,172,Spotless Suppliers of Canyoncrest,93,Gleaming Microwave Popcorn,breakroom supplies,segA,4,20,40.2,160.8,80,80.8,8/24/2026,,,,,,,,
8/21/2026,316,172,Spotless Suppliers of Canyoncrest,95,Bright Disposable Cups,breakroom supplies,segA,4,13,27.3,109.2,,57.2,8/24/2026,,,,,,,,
8/21/2026,316,172,Spotless Suppliers of Canyoncrest,97,Sparkling Legal Size Paper,copy paper,segA,6,39,50.7,304.2,234,70.2,8/24/2026,,,,,,,,
8/21/2026,316,172,Spotless Suppliers of Canyoncrest,98,Radiant Glossy Photo Paper,  copy paper ,segA,11,23,30.36,333.96,253,80.96,8/24/2026,,,,,,,,
8/21/2026,316,172,Spotless Suppliers of Canyoncrest,99,Glossy Letter Size Paper,copy paper,segA,27,57,87.21,2354.67,1539,815.67,8/24/2026,,,,,,,,
8/21/2026,316,172,Spotless Suppliers of Canyoncrest,101,Radiant Colored Paper,copy paper,segA,24,60,90.6,2174.4,1440,734.4,8/24/2026,,,,,,,,
,316,172,Spotless Suppliers of Canyoncrest,102,Sleek Resume Paper,copy paper,,5,,38.22,191.1,130,61.1,8/24/2026,,,,,,,,
8/21/2026,316,172,Spotless Suppliers of Canyoncrest,107,Radiant Glossy Photo Paper,copy paper,segA,10,58,86.42,864.2,580,284.2,8/24/2026,,,,,,,,
21/08/2026,316,172,Spotless Suppliers of Canyoncrest,108,Dazzling Cardstock,copy paper,segA,18,21,33.6,604.8,378,226.8,8/24/2026,,,,,,,,
8/21/2026,316,172,Spotless Suppliers of Canyoncrest,110,Pristine Cardstock,copy paper,,12,42,63.42,761.04,504,257.04,8/24/2026,,,,,,,,
8/21/2026,316,172,Spotless Suppliers of Canyoncrest,,Glossy Recycled Paper,copy paper,segA,7,54,77.76,544.32,378,166.32,8/24/2026,,,,,,,,
8/21/2026,316,172,Spotless Suppliers of Canyoncrest,114,Glossy Recycled Paper,copy paper,segA,15,32,44.16,662.4,480,182.4,8/24/2026,,,,,,,,
8/21/2026,316,172,Spotless Suppliers of Canyoncrest,117,Dazzling Graph Paper,copyp aper,segA,15,51,80.58,1208.7,765,443.7,8/24/2026,,,,,,,,
8/13/2026,488,172,Spotless Suppliers of Canyoncrest,31,Polished Highlighters,office products,segB,4,17,23.8,95.2,68,27.2,8/14/2026,,,,,,,,
13/08/2026,488,172,Spotless Suppliers of Canyonrcest,73,Spotless Creamers,breakroom supplies,segA,144,18,27,3888,2592,1296,8/14/2026,,,,,,,,
8/13/2026,488,172,Spotless Suppliers of Canyoncrest,78,Glossy Creamers,breakroom supplies,segA,3,27,56.43,169.29,81,88.29,8/14/2026,,,,,,,,
8/13/2026,488,172,Spotless Suppliers of Canyoncrest,82,Pristine Granola Bars,breakroom supplies,segA,3,26,50.96,152.88,78,74.88,8/14/2026,,,,,,,,
8/13/2026,488,172,Spotless Suppliers of Canyoncrest,90,Dazzling Instant Soups,breakroom supplies,segA,1,24,51.36,51.36,24,27.36,8/14/2026,,,,,,,,
8/13/2026,488,172,Spotless Suppliers of Canyoncrest,93,Gleaming Microwave Popcorn,breakroom supplies,segA,4,20,40.2,160.8,80,80.8,8/14/2026,,,,,,,,
8/13/2026,488,172,Spotless Suppliers of Canyoncrest,94,Pristine Instant Soups,breakroom supplies,,1,7,13.44,13.44,7,6.44,8/14/2026,,,,,,,,
8/13/2026,488,172,Spotless Suppliers of Canyoncrest,98,Radiant Glossy Photo Paper,coyp paper,segA,13,23,30.36,,299,95.68,8/14/2026,,,,,,,,
8/13/2026,488,172,Spotless Suppliers of Canyoncrest,99,Glossy Letter Size Paper,copy paper,segA,15,57,,1308.15,855,453.15,8/14/2026,,,,,,,,
8/13/2026,488,172,Spotless Suppliers of Canyoncrest,,Radiant Glossy Photo Paper,copy paper,segA,9,58,86.42,777.78,,255.78,8/14/2026,,,,,,,,
8/13/2026,488,172,Spotless Suppliers of Canyoncrest,108,Dazzling Cardstock,copy paper,segA,9,21,33.6,302.4,189,113.4,8/14/2026,,,,,,,,
8/13/2026,488,172,Spotless Suppliers of Canyoncrest,110,Pristine Cardstock,copy paper,segA,,42,63.42,570.78,378,192.78,8/14/2026,,,,,,,,
8/13/2026,488,172,Spotless Suppliers of Canyoncrest,115,Polished Glossy Photo Paper,copy paper,segA,12,59,89.09,1069.08,708,361.08,8/14/2026,,,,,,,,
8/11/2026,540,172,Spotless Suppliers of Canyoncrest,19,Fresh Party Napkins,paper & tissue,segD,2,45,76.5,153,90,63,8/12/2026,,,,,,,,
8/11/2026,540,172,Spotless Suppliers of Canyoncrest,40,Immaculate Markers,office products,segB,2,34,56.44,112.88,68,44.88,8/12/2026,,,,,,,,
,540,172,Spotless Suppliers of Canyoncrest,47,Immaculate Staplers,office products,segB,5,24,40.08,200.4,120,80.4,,,,,,,,,
8/11/2026,540,172,Spotless Suppliers of Canyoncrest,60,Polished Degreaser,cleaning supplies,segD,1,26,55.38,55.38,26,29.38,8/12/2026,,,,,,,,
8/11/2026,540,172,Spotless Suppliers of Canyoncrest,73,Spotless Creamers,breakroom supplies,segA,105,18,27,2835,1890,945,8/12/2026,,,,,,,,
8/11/2026,540,172,Spotless Suppliers of Canyoncrest,79,Immaculate Microwave Popcorn,breakroom supplies,segA,8,25,45.5,364,200,164,8/12/2026,,,,,,,,
8/11/2026,540,172,Spotless Suppliers of Canyoncrest,81,Polished Stirrers,breakroom supplies,segA,2,22,47.3,94.6,44,50.6,12/8/2026,,,,,,,,
8/11/2026,540,172,Spotless Suppliers of Canyoncrest,90,Dazzling Instant Soups,breakroom supplies,segA,2,24,51.36,102.72,48,54.72,8/12/2026,,,,,,,,
8/11/2026,540,172,Spotless Suppliers of Canyoncrest,91,,breakroom supplies,segA,66,29,43.5,2871,1914,957,8/12/2026,,,,,,,,
8/11/2026,540,172,Spotless Suppliers of Canyoncrest,93,Gleaming Microwave Popcorn,breakromo supplies,segA,4,20,40.2,160.8,80,80.8,8/12/2026,,,,,,,,
8/11/2026,540,172,Spotless Suppliers of Canyoncrest,95,Bright Disposable Cups,breakroom supplies,segA,4,13,27.3,109.2,52,57.2,8/12/2026,,,,,,,,
8/11/2026,540,172,Spotless Suppliers of Canyoncrest,98,Radiant Glossy Photo Paper,copy paper,segA,12,23,30.36,364.32,276,88.32,8/12/2026,,,,,,,,
8/11/2026,540,172,Spotless Suppliers of Canyoncrest,99,Glossy Letter Size Paper,copy paper,segA,16,57,87.21,1395.36,912,483.36,8/12/2026,,,,,,,,
8/11/2026,540,172,Spotless Suppliers of Canyoncrest,,Glossy Recycled Paper,copy paper,segA,4,54,77.76,311.04,216,95.04,8/12/2026,,,,,,,,
8/11/2026,540,172,Spotless Suppliers of Canyoncrest,117,Dazzling Graph Paper,copy paper,segA,12,51,80.58,966.96,612,354.96,8/12/2026,,,,,,,,
8/11/2026,,172,Spotless Suppliers of Canyoncrest,114,Glossy Recycled Paper,copy paper,segA,14,32,44.16,618.24,448,170.24,8/12/2026,,,,,,,,
9/4/2026,15,173,Immaculate Janitors of Gardenfield,4,Bright Bathroom Tissue,paper & tissue,segB,2,26,38.74,77.48,52,25.48,9/7/2026,,,,,,,,
9/4/2026,15,173,Immaculate Janitors of Gardenfield,57,Glossy All-Purpose Cleaner,cleaning supplies,segA,1,51,88.74,88.74,51,37.74,9/7/2026,,,,,,,,
9/4/2026,15,173,Immaculate Janitors of Gardenfield,59,Spotless All-Purpose Cleaner,cleaning supplies,segA,1,47,85.07,85.07,47,38.07,9/7/2026,,,,,,,,
9/4/2026,15,173,Immaculate Janitors of Gardenfield,70,Sleek Air Freshener,cleaning supplies,segA,2,33,59.07,118.14,66,52.14,9/7/2026,,,,,,,,
9/4/2026,15,173,Immaculate Janitors of Gardenfield,71,Spotless Glass Cleaner,cleaning supplies,segA,1,31,56.73,56.73,31,25.73,7/9/2026,,,,,,,,
9/4/2026,15,173,Immaculate Janitors of Gardenfield,72,Gleaming Glass Cleaner,cleaning supplies,segA,1,23,38.87,38.87,23,15.87,9/7/2026,,,,,,,,
9/4/2026,15,173,Immaculate Janitors of Gardenfield,80,Spotless Instant Soups,breakroom supplies,segA,1,17,28.9,28.9,17,11.9,9/7/2026,,,,,,,,
9/4/2026,15,173,Immaculate Janitors of Gardenfield,88,Gleaming Coffee Beans,breakroom supplies,segA,1,18,34.02,34.02,18,16.02,9/7/2026,,,,,,,,
9/4/2026,15,173,Immaculate Janitors of Gardenfield,89,Sparkling Disposable Cups,breakroom supplies,segA,2,21,40.53,81.06,42,,9/7/2026,,,,,,,,
9/4/2026,15,173,Immaculate Janitors of Gardenfield,95,Bright Disposable Cups,breakroom supplies,segA,1,13,23.14,23.14,13,10.14,9/7/2026,,,,,,,,
8/27/2026,190,173,Immaculate Janitors of Gardenfield,4,Bright Bathroom Tissue,paper & tissue,segB,1,26,38.74,38.74,26,12.74,9/4/2026,,,,,,,,
27/08/2026,190,173,Immaculate Janitors of Gardenfield,10,Pristine 2-Ply Toilet Paper,paper & tissue,segB,1,26,38.48,38.48,26,12.48,9/4/2026,,,,,,,,
8/27/2026,190,173,Immaculate Janitors of Gardenfield,13,Pristine Party Napkins,paper & tissue,segB,2,45,69.75,139.5,90,,9/4/2026,,,,,,,,
8/27/2026,190,173,Immaculate Janitors of Gardenfield,20,Gleaming Roll Paper Towels,,segB,1,28,41.44,41.44,28,13.44,9/4/2026,,,,,,,,
8/27/2026,190,173,Immaculate Janitors of Gardenfeild,49,Sparkling Disinfectant Wipes,cleaning supplies,segA,1,21,39.9,39.9,21,18.9,4/9/2026,,,,,,,,
8/27/2026,190,173,Immaculate Janitors of Gardenfield,51,Bright Glass Cleaner,cleaning supplies,segA,2,26,46.8,93.6,52,41.6,,,,,,,,,
8/27/2026,190,173,Immaculate Janitors of Gardenfield,59,Spotless All-Purpose Cleaner,cleaning supplies,  segA ,1,47,85.07,85.07,47,38.07,9/4/2026,,,,,,,,
8/27/2026,190,173,Immaculate Janitors of Gardenfield,66,Radiant Glass Cleaner,cleaning supplies,segA,2,21,38.85,77.7,42,35.7,9/4/2026,,,,,,,,
8/27/2026,190,173,Immaculate Janitors of Gardenfield,68,Dazzling Disinfectant Wipes,cleaning supplies,segA,,,102.6,102.6,54,48.6,9/4/2026,,,,,,,,
8/27/2026,190,173,Immaculate Janitors of Gardenfield,70,  Sleek Air Freshener ,cleaning supplies,segA,1,33,59.07,59.07,33,26.07,9/4/2026,,,,,,,,
8/27/2026,190,173,Immaculate Janitors of Gardenfield,72,Gleaming Glass Cleaner,cleaning supplies,segA,1,23,38.87,38.87,23,15.87,9/4/2026,,,,,,,,
8/27/2026,190,173,Immaculate Janitors of Gardenfield,79,,breakroom supplies,segA,1,25,51.5,51.5,25,26.5,9/4/2026,,,,,,,,
8/27/2026,190,173,Immaculate Janitors of Gardenfield,88,Gleaming Coffee Beans,breakroom supplies,segA,1,18,34.02,34.02,18,16.02,9/4/2026,,,,,,,,
8/27/2026,190,173,Immaculate Janitors of Gardenfield,89,Sparkling Disposable Cups,breakroom supplies,segA,2,21,40.53,81.06,42,39.06,9/4/2026,,,,,,,,
8/27/2026,190,173,Immaculate Janitors of Gardenfield,90,Dazzling Instant Soups,breakroom supplies,segA,1,24,48.72,48.72,24,24.72,9/4/2026,,,,,,,,
8/27/2026,190,173,Immaculate Janitors of Gardenfield,95,Bright Disposable Cups,breakroom supplies,segA,1,13,23.14,23.14,13,10.14,9/4/2026,,,,,,,,
8/27/2026,190,173,Immaculate Janitors of Gardenfield,105,Pristine Graph Paper,copy paper,segC,1,52,85.8,85.8,52,33.8,9/4/2026,,,,,,,,
8/18/2026,388,173,Immaculate Janitors of Gardenfiled,51,Bright Glass Cleaner,cleaning supplies,segA,1,26,46.8,46.8,26,20.8,8/19/2026,,,,,,,,
8/18/2026,388,173,Immaculate Janitors of Gardenfield,57,Glossy All-Purpose Cleaner,cleaning supplies,segA,2,51,88.74,177.48,102,75.48,8/19/2026,,,,,,,,
8/18/2026,388,173,Immaculate Janitors of Gardenfield,59,Spotless All-Purpose Cleaner,cleaning supplies,segA,1,47,85.07,85.07,47,38.07,8/19/2026,,,,,,,,
8/18/2026,388,173,Immaculate Janitors of Gardenfield,60,Polished Degreaser,,segA,1,26,46.54,46.54,26,20.54,8/19/2026,,,,,,,,
8/18/2026,388,173,Immaculate Janitors of Gardenfield,61,Pristine Degreaser,cleaning supplies,segA,1,50,82,82,50,32,8/19/2026,,,,,,,,
8/18/2026,388,173,Immaculate Janitors of Gardenfield,70,Sleek Air Freshener,cleaning supplies,segA,2,33,59.07,118.14,66,52.14,8/19/2026,,,,,,,,
8/18/2026,388,173,Immaculate Janitors of Gardenfield,71,Spotless Glass Cleaner,cleaning supplies,esgA,1,31,56.73,56.73,31,25.73,8/19/2026,,,,,,,,
8/18/2026,388,173,Immaculate Janitors of Gardenfield,74,Pristine Energy Drinks,breakroom supplies,segA,2,15,27.9,55.8,30,25.8,8/19/2026,,,,,,,,
8/18/2026,388,173,Immaculate Janitors of Gardenfield,80,Spotless Instant Soups,breakroom suplpies,segA,2,17,28.9,57.8,34,23.8,8/19/2026,,,,,,,,
8/18/2026,388,173,Immaculate Janitors of Gardenfield,86,Dazzling Instant Soups,breakroom supplies,segA,2,16,27.2,54.4,32,22.4,8/19/2026,,,,,,,,
8/18/2026,388,173,Immaculate Janitors of Gardenfield,88,Gleaming Coffee Beans,breakroom supplies,segA,1,18,34.02,34.02,18,16.02,8/19/2026,,,,,,,,
,388,173,Immaculate Janitors of Gardenfield,89,Sparkling Disposabl eCups,breakroom supplies,segA,1,21,40.53,40.53,,19.53,8/19/2026,,,,,,,,
8/14/2026,452,173,Immaculate Janitors of Gardenfield,57,Glossy All-Purpose Cleaner,cleaning supplies,segA,1,51,88.74,88.74,51,37.74,8/17/2026,,,,,,,,
8/14/2026,452,173,Immaculate Janitors of Gardenfield,64,Bright Glass Cleaner,cleaning supplies,segA,1,32,56.32,56.32,32,24.32,8/17/2026,,,,,,,,
8/14/2026,452,173,Immaculate Janitors of Gardenfield,71,,cleaning supplies,segA,1,31,56.73,56.73,31,25.73,8/17/2026,,,,,,,,
,452,173,Immaculate Janitor sof Gardenfield,72,Gleaming Glass Cleaner,cleaning supplies,segA,1,23,38.87,38.87,23,15.87,8/17/2026,,,,,,,,
8/14/2026,452,173,Immaculate Janitors of Gardenfield,74,Pristine Energy Drinks,breakroom supplies,segA,2,15,27.9,55.8,30,25.8,8/17/2026,,,,,,,,
8/14/2026,452,173,Immaculate Janitors of Gardenfield,79,Immaculate Microwave Popcorn,,segA,1,25,51.5,51.5,,26.5,8/17/2026,,,,,,,,
8/14/2026,452,173,Immaculate Janitors of Gardenfield,,Spotless Instant Soups,breakroom supplies,segA,2,17,28.9,57.8,34,23.8,8/17/2026,,,,,,,,
8/14/2026,452,173,Immaculate Janitors of Gardenfield,82,Pristine Granola Bars,breakroom supplies,segA,1,26,47.84,47.84,26,21.84,8/17/2026,,,,,,,,
8/14/2026,452,173,Immaculate Janitors of Gardenfield,89,Sparkling Disposable Cups,breakroom supplies,segA,1,21,40.53,40.53,21,19.53,8/17/2026,,,,,,,,
8/14/2026,452,173,Immaculate Janitors of Gardenfield,90,Dazzling Instant Soups,breakroom supplies,segA,1,24,48.72,48.72,,24.72,8/17/2026,,,,,,,,
8/14/2026,452,173,Immaculate Janitors of Gardenfield,92,Glossy Instant Soups,breakroom supplies,segA,1,24,49.2,49.2,24,25.2,17/08/2026,,,,,,,,
8/14/2026,,173,Immaculate Janitors of Gardenfield,59,Spotless All-Purpose Cleaner,cleaning supplies,segA,1,47,85.07,85.07,47,38.07,8/17/2026,,,,,,,,
8/14/2026,,173,Immaculate Janitors of Gardenfield,95,Bright Disposable Cups,breakroom supplies,segA,2,13,23.14,46.28,26,20.28,8/17/2026,,,,,,,,
8/24/2026,286,174,Bright Suppliers of Harborfield,1,Sleek Party Napkins,paper & tissue,segB,1,29,44.08,44.08,29,15.08,8/25/2026,,,,,,,,
24/08/2026,286,174,Bright Suppliers of Harborfield,8,Bright Party Napkins,paper & tissue,segB,1,50,78,78,50,28,8/25/2026,,,,,,,,
8/24/2026,286,174,Bright Suppliers of Harborfield,19,Fresh Party Napkins,paper & tissue,segB,1,45,67.5,67.5,45,22.5,8/25/2026,,,,,,,,
8/24/2026,286,174,Bright Suppliers of Harborfield,21,Glossy Facial Tissues,paper & tissue,segB,1,47,71.91,71.91,47,24.91,8/25/2026,,,,,,,,
8/24/2026,286,174,Bright Suppliers of Harborfield,35,Dazzling Staplers,office products,segB,1,27,42.66,42.66,27,15.66,8/25/2026,,,,,,,,
8/24/2026,286,174,Bright Suppliers of Harborfield,59,Spotless All-Purpose Cleaner,cleaning supplies,segC,1,47,92.59,92.59,47,45.59,8/25/2026,,,,,,,,
8/24/2026,286,174,Bright Suppliers of Harborfield,70,Sleek Air Freshener,cleaning supplies,segC,1,33,60.06,60.06,33,,8/25/2026,,,,,,,,
8/11/2026,541,174,Bright Suppliers of Harborfield,8,Bright Party Napkins,paper & tissue,segB,1,50,78,78,50,28,8/19/2026,,,,,,,,
8/11/2026,541,174,Bright Suppliers of Harborfield,14,Spotless Pocket Tissues,paper & tissue,segB,1,20,31.6,31.6,20,11.6,8/19/2026,,,,,,,,
8/11/2026,541,174,Bright Suppliers of Harborfield,26,Radiant Sticky Notes,office products,segB,1,34,57.8,57.8,34,23.8,8/19/2026,,,,,,,,
8/11/2026,541,174,Bright Suppliers of Harborfield,46,Spotless Desk Organizers,office products,segB,1,33,49.83,49.83,33,16.83,8/19/2026,,,,,,,,
8/11/2026,541,174,Bright Suppliers of Harborfield,59,Spotless All-Purpose Cleaner,cleaning supplies,segC,1,47,92.59,92.59,,45.59,8/19/2026,,,,,,,,
8/11/2026,541,174,Bright Suppliers of Harborfield,117,Dazzling Graph Paper,copy paper,segB,1,51,71.91,71.91,51,20.91,8/19/2026,,,,,,,,
8/11/2026,,174,  Bright Suppliers of Harborfield ,114,Glossy Recycled Paper,copy paper,segB,1,32,52.8,52.8,32,20.8,8/19/2026,,,,,,,,
9/4/2026,16,175,Radiant Facilities of Cedarcrest,10,Pristine 2-Ply Toilet Paper,paper & tissue,segD,1,26,44.46,,26,18.46,7/9/2026,,,,,,,,
9/4/2026,16,175,Radiant Facilities of Cedarcrest,29,Dazzling Paper Clips,office products,segC,1,37,58.46,58.46,37,21.46,9/7/2026,,,,,,,,
,16,175,Radiant Facilities of Cedarcrest,49,Sparkling Disinfectant Wipes,cleaning supplies,  segA ,2,21,37.8,75.6,42,33.6,9/7/2026,,,,,,,,
9/4/2026,16,175,Radiant Facilities of Cedarcrest,50,Bright GlassC leaner,cleaning supplies,segA,1,23,42.55,42.55,23,19.55,,,,,,,,,
9/4/2026,16,175,Radiant Facilities of Cedarcrest,52,SpotlessA ir Freshener,cleaning supplies,segA,3,,88.69,266.07,147,119.07,9/7/2026,,,,,,,,
9/4/2026,16,175,Radiant Facilities of Cedarcrest,67,Sleek Citrus Cleaner,cleaning supplies,segA,26,39,,1439.88,1014,425.88,9/7/2026,,,,,,,,
9/4/2026,16,175,Radiant Facilities of Cedarcrest,68,Dazzling Disinfectant Wipes,  cleaning supplies ,segA,1,54,99.36,99.36,54,45.36,9/7/2026,,,,,,,,
9/4/2026,16,175,Radiant Facilities of Cedarcrest,72,Gleaming Glass Cleaner,cleaning supplies,,1,23,39.79,,23,16.79,9/7/2026,,,,,,,,
8/10/2026,569,175,Radiant Facilities of Cedarcrest,29,Dazzling Paper Clips,office products,segC,1,37,58.46,58.46,37,21.46,8/11/2026,,,,,,,,
8/10/2026,569,175,Radiant Facilities of Cedarcrest,53,Glossy Glass Cleaner,cleaning supplies,segA,2,36,62.64,125.28,72,53.28,8/11/2026,,,,,,,,
8/10/2026,569,175,Radiant Facilities of Cedarcrest,71,Spotless Glass Cleaner,cleaning supplies,,2,31,57.97,115.94,62,53.94,8/11/2026,,,,,,,,
8/10/2026,569,175,Radiant Facilities of Cedarcrest,79,Immaculate Microwave Popcorn,breakroom supplies,segB,1,25,46.5,46.5,25,21.5,8/11/2026,,,,,,,,
8/10/2026,569,175,Radiant Facilities of Cedarcrest,82,Pristine Granola Bars,breakroom supplies,segB,1,26,54.86,54.86,26,28.86,8/11/2026,,,,,,,,
8/28/2026,154,176,Pristine Cleaners of Valleyhaven,1,Sleek Party Napkins,paper & tissue,seAg,4,29,39.73,158.92,116,42.92,8/31/2026,,,,,,,,
8/28/2026,154,176,Pristine Cleaners of Valleyhaven,2,Glossy Party Napkins,paper & tissue,segA,6,29,43.21,259.26,174,85.26,8/31/2026,,,,,,,,
8/28/2026,154,176,Pristine Cleaners of Valleyhaven,5,Polished Kitchen Towels,paper & tissue,segA,,35,40.95,450.45,385,65.45,8/31/2026,,,,,,,,
8/28/2026,154,176,Pristine Cleaners of Valleyhaven,9,Fresh Kitchen Towels,paper & tissue,segA,1,33,48.84,48.84,33,15.84,8/31/2026,,,,,,,,
8/28/2026,154,176,Pristine Cleaners of Valleyhaven,11,Fresh Lunch Napkins,paper & tissue,segA,3,21,30.45,91.35,63,28.35,8/31/2026,,,,,,,,
28/08/2026,154,176,Pristine Cleaners of Valleyhaven,12,Immaculate Roll Paper Towels,paper & tissue,segA,2,44,62.04,124.08,88,36.08,8/31/2026,,,,,,,,
8/28/2026,154,176,Pristine Cleaners of Valleyhaven,16,Dazzling Bathroom Tissue,paper & tissue,segA,2,42,57.54,115.08,84,,8/31/2026,,,,,,,,
8/28/2026,154,176,Pristine Cleaners of Valleyhaven,65,Sparkling Citrus Cleaner,cleaning supplies,segB,1,20,40,40,20,20,8/31/2026,,,,,,,,
8/25/2026,259,176,Pristine Cleaners of Valleyhaven,1,Sleek Party Napkins,paper & tissue,segA,4,29,39.73,158.92,116,42.92,9/9/2026,,,,,,,,
8/25/2026,259,176,Pristine Cleaners of Valleyhaven,2,Glossy Party Napkins,paper & tissue,segA,4,29,43.21,172.84,116,56.84,9/9/2026,,,,,,,,
8/25/2026,259,176,Pristine Cleaners of Valleyhaven,5,Polished Kitchen Towels,paper & tissue,segA,10,35,40.95,409.5,350,59.5,9/9/2026,,,,,,,,
8/25/2026,259,176,Pristine Cleaners of Valleyhaven,9,Fresh Kitchen Towels,paper & tissue,segA,2,33,48.84,97.68,66,31.68,9/9/2026,,,,,,,,
8/25/2026,259,176,Pristine Cleaners of Valleyhaven,11,Fresh Lunch Napkins,,esgA,1,21,30.45,30.45,21,9.45,9/9/2026,,,,,,,,
8/25/2026,259,176,Pristine Cleaners of Valleyhaven,12,Immaculate Roll Paper Towels,paper & tissue,segA,1,44,62.04,62.04,44,18.04,9/9/2026,,,,,,,,
8/25/2026,259,176,Pristine Cleaners of Valleyhaven,22,Sparkling Pocket Tissues,paper & tissue,segA,1,41,56.17,56.17,41,15.17,9/9/2026,,,,,,,,
8/25/2026,259,176,Pristine Cleaners of Valleyhaven,23,Dazzling Roll Paper Towels,,segA,2,40,54.4,108.8,80,28.8,9/9/2026,,,,,,,,
8/25/2026,259,176,Pristine Cleaners of Valleyhaven,51,Bright Glass Cleaner,cleaning supplies,segB,1,26,46.28,46.28,26,20.28,9/9/2026,,,,,,,,
8/25/2026,259,176,Pristine Cleaners of Valleyhaven,1,Sleek Party Napkins,paper & tissue,segA,4,29,39.73,158.92,116,42.92,9/9/2026,,,,,,,,
8/10/2026,570,176,Pristine Cleaners of Valleyhaven,1,Sleek Party Napkins,paper & tissue,segA,4,29,39.73,158.92,116,42.92,8/25/2026,,,,,,,,
8/10/2026,570,176,Pristine Cleaners of Valleyhaven,2,Glossy Party Napkins,paper & tissue,segA,7,29,43.21,302.47,203,,8/25/2026,,,,,,,,
8/10/2026,570,176,Pristine Cleaners of Valleyhaven,11,Fresh Lunch Napkins,paper & tissue,segA,3,21,30.45,91.35,63,28.35,8/25/2026,,,,,,,,
8/10/2026,570,176,Pristine Cleaners of Valleyhaven,14,Spotless Pocket Tissues,paper & tissue,segA,2,20,28,56,40,16,8/25/2026,,,,,,,,
8/10/2026,570,176,Pristine Cleaners of Valleyhaven,16,Dazzling Bathroom Tissue,paper & tissue,segA,5,42,57.54,287.7,210,77.7,8/25/2026,,,,,,,,
8/10/2026,570,176,Pristine Cleaners of Valleyhaven,60,Polished Degreaser,cleaning supplies,segB,1,26,49.14,49.14,26,23.14,8/25/2026,,,,,,,,
8/10/2026,570,176,Pristine Cleanerso f Valleyhaven,120,Sparkling Letter Size Paper,copy paper,,1,45,80.55,80.55,45,35.55,8/25/2026,,,,,,,,
8/28/2026,155,178,Fresh Sanitizers of Mountridge,26,Radiant Sticky Notes,office products,segB,1,34,,52.7,34,18.7,8/31/2026,,,,,,,,
8/28/2026,155,178,Fresh Sanitizers of Mountridge,28,Immaculate Binder Clips,office products,segB,1,29,44.08,44.08,29,15.08,8/31/2026,,,,,,,,
8/28/2026,155,178,Fresh Sanitizers of Mountridge,50,Bright Glass Cleaner,cleaning supplies,segC,1,23,39.79,39.79,23,16.79,8/31/2026,,,,,,,,
8/28/2026,155,178,Fresh Sanitizers of Mountridge,54,Dazzling Floor Cleaner,cleaning supplies,segC,1,45,77.4,77.4,45,32.4,8/31/2026,,,,,,,,
8/28/2026,155,178,Fresh Sanitizers of Mountridge,104,Gleaming Glossy Photo Paper,copy paper,segB,2,52,82.16,164.32,104,,8/31/2026,,,,,,,,
8/28/2026,155,178,Fresh Sanitizers of Mountridge,112,Sparkling Letter Size Paper,copy paper,  segB ,1,46,64.4,64.4,46,18.4,8/31/2026,,,,,,,,
8/21/2026,317,178,Fresh Sanitizers of Mountridge,27,  Sparkling Sticky Notes ,office products,segB,1,43,61.06,61.06,43,18.06,8/24/2026,,,,,,,,
8/21/2026,317,178,Fresh Sanitizers of Mountridge,28,Immaculate Binder Clips,office products,segB,1,29,44.08,44.08,29,15.08,8/24/2026,,,,,,,,
8/21/2026,317,178,Fresh Sanitizers of Mountridge,31,Polished Highlighters,office products,segB,1,17,28.56,28.56,17,11.56,8/24/2026,,,,,,,,
8/21/2026,317,178,Fresh Sanitizers of Mountridge,44,Gleaming Recycled Paper,office products,segB,1,34,54.74,54.74,34,20.74,8/24/2026,,,,,,,,
8/21/2026,317,178,Fresh Sanitizers of Mountridge,48,Fresh Desk Organizers,office products,segB,1,,41.76,41.76,29,12.76,8/24/2026,,,,,,,,
8/21/2026,317,178,Fresh Sanitizers of Mountridge,104,Gleaming Glossy Photo Paper,copy paper,segB,1,52,82.16,82.16,52,30.16,8/24/2026,,,,,,,,
8/21/2026,317,178,Fresh Sanitizers of Mountridge,44,Gleaming Recycled Paper,office products,segB,1,34,54.74,54.74,34,20.74,8/24/2026,,,,,,,,
8/14/2026,453,178,Fresh Sanitizers of Mountridge,28,Immaculate Binder Clips,office products,segB,1,29,44.08,44.08,29,15.08,8/17/2026,,,,,,,,
,453,178,Fresh Sanitizers of Mountridge,39,Immaculate Sticky Notes,office products,,1,34,53.72,53.72,34,19.72,8/17/2026,,,,,,,,
8/14/2026,453,178,Fresh Sanitizers of Mountridge,44,Gleaming Recycled Paper,office products,segB,1,34,54.74,54.74,34,20.74,8/17/2026,,,,,,,,
8/14/2026,453,178,Fresh Sanitizers of Mountridge,48,Fresh Desk Organizers,office products,segB,1,29,41.76,41.76,29,12.76,8/17/2026,,,,,,,,
8/14/2026,453,178,Fresh Sanitizers of Mountridge,54,Dazzling Floor Cleaner,cleaning supplies,segC,1,45,77.4,77.4,45,32.4,8/17/2026,,,,,,,,
8/25/2026,260,179,Pristine Maintainers of Gardenton,4,Bright Bathroom Tissue,paper & tisuse,segC,,26,38.48,38.48,26,12.48,,,,,,,,,
8/25/2026,260,179,Pristine Maintainers of Gardenton,74,Pristine Energy Drinks,breakroom supplies,segA,1,15,,30.75,15,15.75,9/2/2026,,,,,,,,
8/25/2026,260,179,Pristine Maintainers of Gardenton,78,Glossy Creamers,breakroom supplies,segA,28,27,40.5,1134,756,378,9/2/2026,,,,,,,,
8/25/2026,260,179,Pristine Maintainers of Gardenton,82,,breakroom supplies,segA,1,26,50.7,50.7,26,24.7,9/2/2026,,,,,,,,
8/25/2026,260,179,Pristine Maintainers of Gardenton,84,Sparkling Creamers,breakroom supplies,segA,2,18,32.22,64.44,36,28.44,9/2/2026,,,,,,,,
8/25/2026,260,179,Pristine Maintainers of Gardenton,86,Dazzling Instant Soups,breakroom supplies,segA,1,16,32.16,32.16,16,16.16,9/2/2026,,,,,,,,
8/25/2026,260,179,Pristine Maintainers of Gardenton,94,Pristine Instant Soups,breakroom supplies,segA,1,7,12.53,12.53,7,5.53,9/2/2026,,,,,,,,
8/25/2026,260,179,Pristine Maintainers of Gardenton,96,Dazzling Disposable Cups,breakroom supplies,segA,1,19,32.3,32.3,19,13.3,9/2/2026,,,,,,,,
8/28/2026,156,180,Pristine Wholesalers of Canyonport,3,Sparkling Party Napkins,paper & tissue,segC,1,21,32.76,32.76,21,11.76,8/31/2026,,,,,,,,
8/28/2026,156,180,Pristine Wholesalers of Canyonport,29,Dazzling Paper Clips,office products,segD,1,37,61.42,61.42,37,24.42,8/31/2026,,,,,,,,
8/28/2026,156,180,Pristine Wholesalers of Canyonport,75,Fresh Microwave Popcorn,breakroom supplies,segA,1,18,30.78,30.78,18,12.78,8/31/2026,,,,,,,,
8/28/2026,156,180,Pristine Wholesalers of Canyonport,76,Immaculate Granola Bars,breakroom supplies,segA,49,10,,735,490,245,8/31/2026,,,,,,,,
8/28/2026,156,180,Pristine Wholesalers of Canyonport,,Spotless Instant Soups,breakroom supplies,segA,1,17,30.94,30.94,17,13.94,8/31/2026,,,,,,,,
8/28/2026,156,180,Pristine Wholesalers of Canyonport,84,Sparkling Creamers,breakroom supplies,segA,1,18,35.64,35.64,18,17.64,8/31/2026,,,,,,,,
8/28/2026,156,180,Pristine Wholesalers of Canyonport,87,Glossy Tea Selection,breakroom supplies,segA,2,11,19.47,38.94,22,16.94,8/31/2026,,,,,,,,
8/28/2026,156,180,Pristine Wholesalers of Canyonport,89,,breakroom supplies,segA,1,21,43.47,43.47,21,22.47,8/31/2026,,,,,,,,
8/28/2026,156,180,Pristine Wholesalers of Canyonport,92,Glossy Instant Soups,breakroom supplies,,1,24,41.76,41.76,24,17.76,8/31/2026,,,,,,,,
8/28/2026,156,180,Pristine Wholesalers of Canyonport,94,Pristine Instant Soups,breakroom supplies,segA,1,7,13.51,13.51,7,6.51,8/31/2026,,,,,,,,
8/28/2026,156,180,Pristine Wholesalers of Canyonport,95,Bright Disposable Cups,breakroom supplies,segA,1,13,24.57,24.57,13,11.57,8/31/2026,,,,,,,,
8/24/2026,287,180,Pristine Wholesalers of Canyonport,75,Fresh Microwave Popcorn,breakroom supplies,segA,1,18,30.78,30.78,18,12.78,8/25/2026,,,,,,,,
8/24/2026,287,180,Pristine Wholesalers of Canyonport,76,Immaculate Granola Bars,breakroom supplies,segA,26,10,15,390,260,130,8/25/2026,,,,,,,,
8/24/2026,287,180,Pristine Wholesalers of Canyonport,85,Sparkling Microwave Popcorn,,segA,1,12,22.8,22.8,12,10.8,8/25/2026,,,,,,,,
8/24/2026,287,180,Pristine Wholesalers of Canyonport,86,Dazzling Instant Soups,breakroom supplies,segA,1,16,32.32,32.32,16,16.32,8/25/2026,,,,,,,,
8/24/2026,287,180,Pristine Wholesalers of Canyonport,89,Sparkling Disposable Cups,breakroom supplies,  segA ,1,21,43.47,43.47,21,22.47,8/25/2026,,,,,,,,
8/24/2026,287,180,Pristine Wholesalers of Canyonport,94,Pristine Instant Soups,breakroom supplies,esgA,1,7,13.51,13.51,7,6.51,8/25/2026,,,,,,,,
8/28/2026,,180,Pristine Wholesalers of Canyonport,86,Dzazling Instant Soups,breakroom supplies,segA,1,16,32.32,32.32,16,16.32,8/31/2026,,,,,,,,
8/24/2026,288,181,Dazzling Suppliers of Graniteville,97,Sparkling Legal Size Paper,copy paper,segA,2,39,51.09,102.18,78,24.18,8/25/2026,,,,,,,,
24/08/2026,288,181,Dazzling Suppliers of Graniteville,104,Gleaming Glossy Photo Paper,copy paper,segA,1,52,77.48,77.48,52,25.48,8/25/2026,,,,,,,,
8/24/2026,288,181,Dazzling Suppliers of Graniteville,113,,copy paper,segA,6,36,50.4,302.4,216,86.4,8/25/2026,,,,,,,,
8/24/2026,288,181,Dazzling Suppliers of Graniteville,116,Immaculate Legal Size Paper,copy paper,segA,3,59,86.73,260.19,177,83.19,8/25/2026,,,,,,,,
8/21/2026,318,181,Dazzling Suppliers of Graniteville,99,Glossy Letter Size Paper,copy paper,segA,5,57,87.78,438.9,285,153.9,8/31/2026,,,,,,,,
8/21/2026,318,181,Dazzling Suppliers of Graniteville,101,Radiant Colored Paper,copy paper,segA,5,60,85.2,426,300,126,8/31/2026,,,,,,,,
8/21/2026,318,181,Dazzling Suppliers of Graniteville,106,Sleek Resume Paper,copy paper,segA,2,48,70.08,140.16,96,44.16,8/31/2026,,,,,,,,
8/21/2026,318,181,Dazzling Suppliers of Graniteville,109,Immaculate Resume Paper,copy paper,segA,2,31,44.33,88.66,62,26.66,8/31/2026,,,,,,,,
8/21/2026,318,181,Dazzling Suppliers of Graniteville,,Glossy Recycled Paper,copy paper,segA,1,54,76.14,,54,22.14,8/31/2026,,,,,,,,
8/21/2026,318,181,Dazzling Suppliers of Graniteville,113,Polished Recycled Paper,copy paper,segA,3,36,50.4,151.2,108,43.2,8/31/2026,,,,,,,,
8/21/2026,318,181,Dazzling Suppliers of Graniteville,114,Glossy Recycled Paper,copy paper,segA,32,32,39.04,1249.28,1024,225.28,8/31/2026,,,,,,,,
8/21/2026,318,181,Dazzling Suppliers of Graniteville,116,Immaculate Legal Size Paper,copy paper,segA,3,59,86.73,260.19,177,83.19,8/31/2026,,,,,,,,
8/17/2026,419,181,Dazzling Suppliers of Graniteville,7,Gleaming Bathroom Tissue,paper  &tissue,segD,1,16,24.8,24.8,16,8.8,9/1/2026,,,,,,,,
8/17/2026,419,181,Dazzling Suppliers of Graniteville,78,Glossy Creamers,breakroom supplies,segD,1,27,56.43,56.43,27,29.43,9/1/2026,,,,,,,,
8/17/2026,419,181,Dazzling Suppliers of Graniteville,97,Sparkling Legal Size Paper,copy paper,segA,5,39,51.09,255.45,195,60.45,9/1/2026,,,,,,,,
8/17/2026,419,181,  Dazzling Suppliers of Graniteville ,99,Glossy Letter Size Paper,copy paper,segA,3,57,87.78,263.34,171,92.34,9/1/2026,,,,,,,,
8/17/2026,419,181,Dazzling Suppliers of Graniteville,106,Sleek Resume Paper,copy paper,segA,2,48,70.08,140.16,96,44.16,9/1/2026,,,,,,,,
8/17/2026,419,181,Dazzling Suppliers of Graniteville,108,Dazzling Cardstock,,segA,1,21,28.14,28.14,21,7.14,9/1/2026,,,,,,,,
8/17/2026,419,181,Dazzling Suppliers of Graniteville,,Glossy Recycled Paper,copy paper,segA,2,54,76.14,152.28,108,44.28,9/1/2026,,,,,,,,
8/17/2026,419,181,Dazzling Suppliers of Graniteville,116,Immaculate Legal Size Paper,copy paper,segA,5,59,86.73,,295,138.65,9/1/2026,,,,,,,,
8/17/2026,419,181,Dazzling Suppliers of Graniteville,117,Dazzling Graph Paper,  copy paper ,segA,3,51,78.54,235.62,153,82.62,9/1/2026,,,,,,,,
8/13/2026,489,181,Dazzling Suppliers of Graniteville,22,Sparkling Pocket Tissues,paper & tissue,,1,41,64.78,64.78,41,23.78,8/14/2026,,,,,,,,
8/13/2026,489,181,Dazzling Suppliers of Graniteville,47,Immaculate Staplers,office products,segC,1,24,36,36,24,12,8/14/2026,,,,,,,,
8/13/2026,489,181,Dazzling Suppliers of Graniteville,62,Glossy Air Freshener,cleaning supplies,segC,1,20,37.2,37.2,20,17.2,8/14/2026,,,,,,,,
8/13/2026,489,181,Dazzling Suppliers of Graniteville,104,Gleaming Glossy Photo Paper,copy paper,segA,2,52,77.48,154.96,104,50.96,8/14/2026,,,,,,,,
8/13/2026,489,181,Dazzling Suppliers of Graniteville,113,Polished Recycled Paper,copy papre,segA,6,36,50.4,302.4,216,86.4,8/14/2026,,,,,,,,
8/13/2026,489,181,Dazzling Suppliers of Graniteville,114,Glossy Recycled Paper,copy paper,segA,31,32,39.04,1210.24,992,218.24,8/14/2026,,,,,,,,
8/13/2026,489,181,Dazzling Suppliers of Graniteville,116,Immaculate Legal Size Paper,copy paper,segA,7,59,86.73,607.11,413,194.11,8/14/2026,,,,,,,,
8/24/2026,,181,Dazzling Suppliers of Graniteville,99,Glossy Letter Size Paper,copy paper,segA,5,57,87.78,438.9,285,153.9,8/25/2026,,,,,,,,
8/24/2026,,181,Dazzling Suppliers of Graniteville,114,Glossy Recyclde Paper,copy paper,segA,36,32,39.04,1405.44,1152,253.44,8/25/2026,,,,,,,,
9/4/2026,17,182,Glossy Wholesalers of Forestridge,2,  Glossy Party Napkins ,paper & tissue,segA,3,29,40.02,120.06,87,33.06,9/7/2026,,,,,,,,
9/4/2026,17,182,Glossy Wholesalers of Forestridge,4,Bright Bathroom Tissue,paper & tissue,segA,34,26,29.9,1016.6,884,132.6,9/7/2026,,,,,,,,
9/4/2026,17,182,Glossy Wholesalers of Forestridge,11,Fresh Lunch Napkins,paper & tissue,sgeA,1,21,28.77,28.77,21,7.77,9/7/2026,,,,,,,,
9/4/2026,17,182,Glossy Wholesalers of Forestridge,14,Spotless Pocket Tissues,,segA,2,,26.8,53.6,40,13.6,9/7/2026,,,,,,,,
9/4/2026,17,182,Glossy Wholesalers of Forestridge,16,Dazzling Bathroom Tissue,paper & tissue,segA,3,42,57.12,171.36,126,45.36,9/7/2026,,,,,,,,
9/4/2026,17,182,Glossy Wholesalers of Forestridge,,Fresh Party Napkins,paper & tissue,segA,6,45,59.85,359.1,270,89.1,7/9/2026,,,,,,,,
9/4/2026,17,182,Glossy Wholesalers of Forestridge,21,Glossy Facial Tissues,paper & tissue,segA,5,47,64.39,321.95,235,86.95,9/7/2026,,,,,,,,
,17,182,Glossy Wholesalers of Forestridge,59,Spotless All-Purpose Cleaner,cleaning supplies,segC,1,47,80.84,80.84,47,33.84,9/7/2026,,,,,,,,
9/4/2026,17,182,Glossy Wholesalers of Forestridge,71,Spotless Glass Cleaner,cleaning supplies,segC,1,31,57.97,57.97,31,26.97,9/7/2026,,,,,,,,
9/4/2026,17,182,  Glossy Wholesalers of Forestridge ,100,Dazzling Legal Size Paper,copy paper,segA,2,24,31.92,63.84,48,15.84,9/7/2026,,,,,,,,
9/4/2026,17,182,Glossy Wholesalers of Forestridge,110,Pristine Cardstock,copy paper,segA,1,42,62.58,62.58,42,20.58,9/7/2026,,,,,,,,
9/4/2026,17,182,Glossy Wholesalers of Forestridge,,Glossy Recycled Paper,copy paper,,3,54,71.82,215.46,162,53.46,9/7/2026,,,,,,,,
9/4/2026,17,182,Glossy Wholesalers of Forestridge,113,Polished Recycled Paper,copy paper,segA,2,36,52.92,105.84,72,33.84,9/7/2026,,,,,,,,
9/4/2026,17,182,Glossy Wholesalers of Forestridge,116,Immaculate Legal Size Paper,copy paper,segA,6,59,89.68,538.08,354,184.08,9/7/2026,,,,,,,,
9/4/2026,17,182,Glossy Wholesalers of Forestridge,117,Dazzling Graph Paper,copy paper,segA,5,51,68.85,344.25,255,89.25,7/9/2026,,,,,,,,
9/4/2026,17,182,Glossy Wholesalers of Forestridge,120,Sparkling Letter Size Paper,copy paper,segA,2,45,,118.8,90,28.8,9/7/2026,,,,,,,,
8/28/2026,157,182,Glossy Wholesalers of Forestridge,4,Bright Bathroom Tissue,paper & tissue,,31,26,29.9,926.9,806,120.9,9/14/2026,,,,,,,,
8/28/2026,157,182,Glossy Wholesalers of Forestridge,6,Pristine Bathroom Tissue,paper & tissue,segA,5,19,26.03,130.15,95,35.15,9/14/2026,,,,,,,,
8/28/2026,157,182,Glossy Wholesalers of Forestridge,7,Gleaming Bathroom Tissue,paper & tissue,segA,3,16,23.84,71.52,48,23.52,9/14/2026,,,,,,,,
8/28/2026,157,182,Glossy Wholesalers of Forestridge,11,Fresh Lunch Napkins,paper & tissue,segA,1,21,28.77,28.77,21,7.77,14/09/2026,,,,,,,,
8/28/2026,157,182,Glossy Wholesalers of Forestridge,14,Spotless Pocket Tissues,paper & tissue,segA,2,20,26.8,53.6,40,13.6,9/14/2026,,,,,,,,
8/28/2026,157,182,Glossy Wholesalers of Forestridge,15,Sparkling 2-Ply Toilet Paper,paper & tissue,segA,3,43,62.35,187.05,129,58.05,9/14/2026,,,,,,,,
8/28/2026,157,182,Glossy Wholesalers of Forestridge,18,Pristine Lunch Napkins,paper & tissue,segA,7,20,26.6,186.2,140,46.2,9/14/2026,,,,,,,,
8/28/2026,157,182,Glossy Wholesalers of Forestridge,35,Dazzling Staplers,office products,segC,2,27,45.63,91.26,54,37.26,9/14/2026,,,,,,,,
8/28/2026,157,182,Glossy Wholesalers of Forestridge,,Sparkling Citrus Cleaner,cleaning supplies,segC,1,20,35.8,35.8,20,15.8,9/14/2026,,,,,,,,
8/28/2026,157,182,Glossy Wholesalers of Forestridge,103,Spotless Colored Paper,copy paper,segA,2,45,64.35,128.7,90,38.7,,,,,,,,,
8/28/2026,157,182,Glossy Wholesalers of Forestridge,104,Gleaming Glossy Photo Paper,,segA,4,52,81.12,324.48,208,116.48,9/14/2026,,,,,,,,
8/28/2026,157,182,Glossy Wholesalers of Forestridge,108,Dazzling Cardstock,copy paper,segA,34,21,23.94,813.96,714,99.96,9/14/2026,,,,,,,,
,157,182,Glossy Wholesalers of Forestridge,113,Polished Recycled Paper,copy paper,segA,2,36,52.92,105.84,72,33.84,9/14/2026,,,,,,,,
8/28/2026,157,182,Glossy Wholesalers of Forestridge,116,Immaculate Legal Size Paper,copy paper,segA,3,59,89.68,269.04,177,92.04,9/14/2026,,,,,,,,
8/28/2026,157,182,Glossy Wholesalers of Forestridge,117,Dazzling Graph Paper,copy paper,segA,4,51,68.85,275.4,204,71.4,9/14/2026,,,,,,,,
8/28/2026,157,182,Glossy Wholesalers of Forestridge,120,Sparkling Letter Size Paper,copy paper,segA,1,45,59.4,59.4,45,14.4,14/09/2026,,,,,,,,
8/14/2026,454,182,Glossy Wholesalers of Forestridge,11,Fresh Lunch Napkins,paper & tissue,segA,2,21,28.77,57.54,42,,8/17/2026,,,,,,,,
8/14/2026,454,182,Glossy Wholesalers of Forestridge,15,Sparkling 2-Ply Toilet Paper,paper & tissue,segA,3,43,62.35,187.05,129,58.05,8/17/2026,,,,,,,,
8/14/2026,454,182,Glossy Wholesalers of Forestridge,19,  Fresh Party Napkins ,paper & tissue,segA,6,45,59.85,359.1,270,89.1,8/17/2026,,,,,,,,
8/14/2026,454,182,Glossy Wholesalers of Forestridge,21,Glossy Facial Tissues,paper & tissue,segA,5,47,64.39,321.95,235,86.95,8/17/2026,,,,,,,,
8/14/2026,454,182,Glossy Wholesalers of Forestridge,24,Sparkling Pocket Tissues,paper & tissue,  segA ,2,18,26.46,52.92,36,16.92,8/17/2026,,,,,,,,
8/14/2026,454,182,Glossy Wholesalers of Forestridge,26,Radiant Sticky Notes,office products,segC,1,34,51.68,51.68,34,17.68,8/17/2026,,,,,,,,
8/14/2026,454,182,Glossy Wholesalers of Forestridge,71,Spotless Glass Cleaner,cleaning supplies,  segC ,,31,57.97,57.97,31,26.97,8/17/2026,,,,,,,,
8/14/2026,454,182,Glossy Wholesalers of Forestridge,97,Sparkling Legal Size Paper,copy paper,esgA,3,39,60.84,,117,65.52,8/17/2026,,,,,,,,
8/14/2026,454,182,Glossy Wholesalers of Forestridge,100,Dazzling Legal Size Paper,copy paper,segA,2,24,,63.84,48,15.84,8/17/2026,,,,,,,,
8/14/2026,454,182,Glossy Wholesalers of Forestridge,108,Dazzling Cardstock,copy paper,segA,59,21,23.94,1412.46,1239,173.46,8/17/2026,,,,,,,,
8/14/2026,454,182,Glossy Wholesalers of Forestridge,110,Pristine Cardstock,copy paper,segA,3,42,62.58,187.74,126,61.74,8/17/2026,,,,,,,,
8/14/2026,454,182,Glossy Wholesalers of Forestridge,,Glossy Recycled Paper,copy paper,segA,4,54,71.82,287.28,216,71.28,8/17/2026,,,,,,,,
8/14/2026,454,182,Glossy Wholesalers of Forestridge,113,Polished Recycled Paper,copy paper,segA,2,36,52.92,105.84,72,33.84,8/17/2026,,,,,,,,
8/14/2026,454,182,  Glossy Wholesalers of Forestridge ,116,Immaculate Legal Size Paper,copy paper,segA,4,59,89.68,358.72,236,122.72,8/17/2026,,,,,,,,
8/14/2026,454,182,Glossy Wholesalers of Forestridge,117,Dazzling Graph Paper,copy paper,  segA ,3,51,68.85,206.55,153,53.55,8/17/2026,,,,,,,,
8/14/2026,454,182,Glossy Wholesalers of Forestridge,120,Sparkling Letter Size Paper,,segA,2,45,59.4,118.8,90,28.8,8/17/2026,,,,,,,,
8/31/2026,116,183,Pristine Keepers of Gardenwood,4,Bright Bathroom Tissue,paper & tissue,segB,1,26,37.18,37.18,26,11.18,9/1/2026,,,,,,,,
8/31/2026,116,183,Pristine Keepers of Gardenwood,8,Bright Party Napkins,paper & tissue,segB,1,50,77.5,77.5,50,27.5,9/1/2026,,,,,,,,
8/31/2026,116,183,Pristine Keepers of Gardenwood,18,Pristine Lunch Napkins,  paper & tissue ,segB,1,20,,31.6,20,11.6,9/1/2026,,,,,,,,
8/31/2026,116,183,Pristine Keepers of Gardenwood,27,Sparkling Sticky Notes,office products,segA,41,43,48.16,1974.56,1763,211.56,9/1/2026,,,,,,,,
8/31/2026,116,183,  Pristine Keepers of Gardenwood ,40,Immaculate Markers,office products,segA,1,34,52.02,52.02,34,18.02,9/1/2026,,,,,,,,
8/31/2026,116,183,Pristine Keepers of Gardenwood,42,Polished Markers,office products,segA,1,28,44.24,44.24,28,16.24,9/1/2026,,,,,,,,
8/31/2026,116,183,Pristine Keepers of Gardenwood,46,Spotless Desk Organizers,office products,segA,25,33,39.27,981.75,825,156.75,9/1/2026,,,,,,,,
31/08/2026,116,183,Pristine Keepers of Gardenwood,55,,cleaning supplies,segA,1,29,53.36,53.36,29,24.36,9/1/2026,,,,,,,,
8/31/2026,116,183,Pristine Keepers of Gardenwood,56,Pristine Citrus Cleaner,cleaning supplies,segA,1,48,79.2,79.2,48,31.2,9/1/2026,,,,,,,,
31/08/2026,116,183,Pristine Keepers of Gardenwood,62,Glossy Air Freshener,  cleaning supplies ,segA,1,20,34.8,34.8,20,,9/1/2026,,,,,,,,
8/31/2026,116,183,Pristine Keepers of Gardenwood,67,Sleek Citrus Cleaner,cleaning supplies,segA,1,39,64.35,64.35,39,25.35,9/1/2026,,,,,,,,
8/31/2026,116,183,Pristine Keepers of Gardenwood,68,Dazzling Disinfectant Wipes,cleaning supplies,segA,1,54,88.02,88.02,,34.02,9/1/2026,,,,,,,,
8/27/2026,191,183,Pristine Keepers of Gardenwood,1,  Sleek Party Napkins ,paper & tissue,,1,29,43.79,43.79,29,14.79,8/28/2026,,,,,,,,
8/27/2026,191,183,Pristine Keepers of Gardenwood,20,Gleaming Roll Paper Towels,paper & tissue,segB,1,28,42.84,42.84,28,14.84,8/28/2026,,,,,,,,
8/27/2026,191,183,Pristine Keepers of Gardenwood,28,Immaculate Binder Clips,office products,segA,3,29,41.18,123.54,,36.54,8/28/2026,,,,,,,,
8/27/2026,191,183,Pristine Keepers of Gardenwood,39,Immaculate Sticky Notes,office products,segA,3,34,49.64,148.92,102,,8/28/2026,,,,,,,,
8/27/2026,191,183,Pristine Keepers of Gardenwood,41,Dazzling File Folders,office products,  segA ,6,46,72.68,436.08,276,160.08,8/28/2026,,,,,,,,
8/27/2026,191,183,Pristine Keepers of Gardenwood,43,Fresh File Folders,office products,segA,5,50,65.5,327.5,250,77.5,8/28/2026,,,,,,,,
8/27/2026,191,183,Pristine Keepers of Gardenwood,45,Immaculate Staplers,office products,,2,50,68,136,100,36,8/28/2026,,,,,,,,
8/27/2026,191,183,Pristine Keepers of Gardenwood,47,Immaculate Staplers,office products,segA,3,24,36.72,110.16,72,38.16,8/28/2026,,,,,,,,
8/27/2026,191,183,Pristine Keepers of Gardenwood,52,Spotless Air Freshener,cleaning supplies,segA,3,49,,266.07,147,119.07,8/28/2026,,,,,,,,
8/27/2026,191,183,Pristine Keepers of Gardenwood,55,Spotless Floor Cleaner,cleaning supplies,segA,1,,53.36,53.36,29,24.36,28/08/2026,,,,,,,,
8/27/2026,191,183,Pristine Keepers of Gardenwood,62,Glossy Air Freshener,cleaning supplies,segA,2,20,34.8,69.6,40,29.6,8/28/2026,,,,,,,,
8/25/2026,261,185,Dazzling Wholesalers of Harborville,50,Bright Glass Cleaner,cleaning supplies,segB,1,23,43.7,43.7,,20.7,8/26/2026,,,,,,,,
8/25/2026,261,185,Dazzling Wholesalers of Harborville,82,Pristine Granola Bars,breakroom supplies,segC,1,26,49.14,49.14,26,23.14,8/26/2026,,,,,,,,
8/25/2026,261,185,Dazzling Wholesalers of Harborville,85,,breakroom supplies,segC,1,12,21.84,21.84,12,9.84,26/08/2026,,,,,,,,
8/19/2026,368,185,Dazzling Wholesalers of Harborville,27,Sparkling Sticky Notes,office products,segD,1,43,76.97,76.97,43,33.97,8/27/2026,,,,,,,,
8/19/2026,368,185,  Dazzling Wholesalers of Harborville ,76,Immaculate Granola Bars,breakroom supplies,segC,1,10,19.3,19.3,10,9.3,8/27/2026,,,,,,,,
8/19/2026,368,185,Dazzling Wholesalers of Harborville,78,Glossy Creamers,breakroom supplies,segC,1,27,54.54,54.54,27,27.54,8/27/2026,,,,,,,,
8/19/2026,368,185,Dazzling Wholesalers of Harborville,85,Sparkling Microwave Popcorn,breakroom supplies,segC,1,12,21.84,,12,,8/27/2026,,,,,,,,
8/19/2026,368,185,Dazzling Wholesalers of Harborville,92,Glossy Instant Soups,breakroom supplies,segC,1,24,43.44,43.44,24,19.44,8/27/2026,,,,,,,,
8/19/2026,368,185,  Dazzling Wholesalers of Harborville ,76,Immaculate Granola Bars,breakroom supplies,segC,1,10,19.3,19.3,10,9.3,8/27/2026,,,,,,,,
8/14/2026,455,185,Dazzling Wholesalers of Harborville,7,Gleaming Bathroom Tissue,,segD,1,16,25.44,25.44,16,9.44,8/31/2026,,,,,,,,
8/14/2026,455,185,Dazzling Wholesalers of Harborville,61,Pristine Degreaser,cleaning supplies,,21,50,80,1680,1050,,8/31/2026,,,,,,,,
8/14/2026,455,185,Dazzling Wholesalers of Harborville,78,Glossy Creamers,breakroom supplies,segC,1,27,54.54,54.54,27,27.54,8/31/2026,,,,,,,,
8/14/2026,455,185,Dazzling Wholesalers of Harborville,102,Sleek Resume Paper,copy paper,segB,1,26,42.12,42.12,26,16.12,8/31/2026,,,,,,,,
14/08/2026,455,185,Dazzling Wholesalers of Harborville,112,Sparkling Letter Size Paper,copy paper,segB,1,46,76.36,76.36,46,30.36,8/31/2026,,,,,,,,
8/14/2026,455,185,Dazzling Wholesalers of Harborville,114,Glossy Recycled Paper,copy paper,segB,1,32,52.48,52.48,32,20.48,8/31/2026,,,,,,,,
8/14/2026,455,185,Dazzling Wholesalers of Harborville,119,Immaculate Letter Size Paper,copy paper,segB,1,44,67.76,67.76,44,23.76,8/31/2026,,,,,,,,
8/21/2026,319,186,Dazzling Custodians of Valleyton,6,  Pristine Bathroom Tissue ,paper & tissue,segA,15,19,27.74,416.1,285,131.1,9/7/2026,,,,,,,,
8/21/2026,319,186,Dazzling Custodians of Valleyton,11,Fresh Lunch Napkins,paper & tissue,segA,18,21,28.77,517.86,378,139.86,,,,,,,,,
8/21/2026,319,186,Dazzling Custodians of Valleyton,12,Immaculate Roll Paper Towels,paper & tissue,segA,12,44,62.92,755.04,528,227.04,9/7/2026,,,,,,,,
8/21/2026,319,186,Dazzling Custodians of Valleyton,16,Dazzling Bathroom Tissue,  paper & tissue ,,11,42,62.16,683.76,462,221.76,9/7/2026,,,,,,,,
8/21/2026,319,186,Dazzling Custodians of Valleyton,17,Glossy Lunch Napkins,paper & tissue,segA,17,31,42.16,716.72,527,189.72,9/7/2026,,,,,,,,
8/21/2026,319,186,Dazzling Custodians of Valleyton,24,Sparkling Pocket Tissues,paper & tissue,segA,15,18,27,405,270,135,9/7/2026,,,,,,,,
8/21/2026,319,186,Dazzling Custodians of Valleyton,32,Bright Desk Organizers,office products,segC,4,44,68.2,272.8,176,96.8,9/7/2026,,,,,,,,
8/21/2026,319,186,Dazzling Custodians of Valleyton,68,,cleaning supplies,segB,1,54,105.84,105.84,54,51.84,9/7/2026,,,,,,,,
8/21/2026,319,186,Dazzling Custodians of Valleyton,73,Spotless Creamers,breakroom supplies,segC,1,18,,35.82,18,17.82,9/7/2026,,,,,,,,
8/21/2026,319,186,Dazzling Custodians of Valleyton,91,lGossy Microwave Popcorn,breakroom supplies,segC,1,29,62.06,62.06,29,33.06,9/7/2026,,,,,,,,
8/21/2026,319,186,Dazzling Custodians of Valleyton,115,Polished Glossy Photo Paper,copy paper,segD,1,59,96.76,96.76,59,37.76,9/7/2026,,,,,,,,
9/3/2026,47,187,Glossy Stewards of Granitewood,25,Dazzling Binder Clips,office products,segB,1,45,64.8,64.8,,19.8,,,,,,,,,
9/3/2026,47,187,Glossy Stewards of Granitewood,51,Bright Glass Cleaner,  cleaning supplies ,segA,1,26,46.8,46.8,26,20.8,9/4/2026,,,,,,,,
9/3/2026,47,187,Glossy Stewards of Granitewood,54,Dazzling FloorC leaner,cleaning supplies,segA,2,45,83.25,166.5,90,,9/4/2026,,,,,,,,
9/3/2026,47,187,Glossy Stewards of Granitewood,58,Spotless Floor Cleaner,cleaning supplies,segA,1,,,58.9,31,27.9,9/4/2026,,,,,,,,
3/9/2026,47,187,Glossy Stewards of Granitewood,60,Polished Degreaser,cleaning supplies,segA,1,26,43.16,43.16,26,17.16,9/4/2026,,,,,,,,
9/3/2026,47,187,Glossy Stewards of Granitewood,64,Bright Glass Cleaner,cleaning supplies,segA,1,32,58.56,58.56,32,26.56,9/4/2026,,,,,,,,
3/9/2026,47,187,Glossy Stewards of Granitewood,71,,cleaning supplies,segA,2,31,53.01,106.02,62,44.02,9/4/2026,,,,,,,,
9/3/2026,47,187,Glossy Stewards of Granitewood,80,Spotless Instant Soups,breakroom supplies,segA,41,17,25.5,,697,348.5,9/4/2026,,,,,,,,
9/3/2026,47,187,Glossy Stewards of Graniteowod,95,Bright Disposable Cups,breakroom supplies,segA,1,13,24.7,24.7,13,,9/4/2026,,,,,,,,
8/28/2026,158,187,Glossy Stewards of Granitewood,25,Dazzling Binder Clips,office products,segB,1,45,64.8,64.8,45,19.8,8/31/2026,,,,,,,,
8/28/2026,158,187,Glossy Stewards of Granitewood,36,  Glossy Staplers ,office products,segB,1,50,83.5,83.5,50,33.5,8/31/2026,,,,,,,,
8/28/2026,158,187,Glossy Stewards of Granitewood,39,Immaculate Sticky Notes,office products,segB,1,34,56.1,56.1,34,22.1,,,,,,,,,
8/28/2026,158,187,Glossy Stewards of Granitewood,49,Sparkling Disinfectant Wipes,cleaning supplies,segA,1,21,39.48,39.48,21,18.48,8/31/2026,,,,,,,,
8/28/2026,158,187,Glossy Stewards of Granitewood,54,Dazzling Floor Cleaner,cleaning supplies,segA,3,45,83.25,249.75,135,114.75,31/08/2026,,,,,,,,
8/28/2026,158,187,Glossy Stewards of Granitewood,58,Spotless Floor Cleaner,cleaning supplies,segA,2,31,58.9,117.8,62,55.8,8/31/2026,,,,,,,,
8/28/2026,158,187,Glossy Stewards of Granitewood,64,Bright Glass Cleaner,cleaning supplies,segA,1,32,58.56,58.56,32,26.56,8/31/2026,,,,,,,,
28/08/2026,158,187,Glossy Stewards of Granitewood,71,Spotless Glass Cleaner,cleaning supplies,segA,3,31,53.01,159.03,93,66.03,8/31/2026,,,,,,,,
8/28/2026,158,187,Glossy Stewards of Granitewood,86,Dazzling Instant Soups,breakroom supplies,segA,1,16,34.08,34.08,16,,8/31/2026,,,,,,,,
8/28/2026,158,187,Glossy Stewards of Granitewood,95,Bright Disposable Cups,breakroom supplies,segA,1,13,24.7,24.7,13,11.7,8/31/2026,,,,,,,,
8/28/2026,158,187,Glossy Stewards of Granitewood,109,Immaculate Resume Paper,copy paper,segB,1,31,47.43,47.43,31,16.43,8/31/2026,,,,,,,,
8/27/2026,192,187,Glossy Stewards of Granitewood,26,,office products,segB,1,34,52.7,52.7,34,18.7,8/28/2026,,,,,,,,
8/27/2026,192,187,Glossy Stewards of Granitewood,32,  Bright Desk Organizers ,office products,segB,1,44,70.84,70.84,44,26.84,8/28/2026,,,,,,,,
8/27/2026,192,187,Glossy Stewards of Granitewood,59,Spotless All-Purpose Cleaner,cleaning supplies,segA,1,47,83.19,83.19,47,36.19,8/28/2026,,,,,,,,
27/08/2026,192,187,Glossy Stewards of Granitewood,60,Polished Degreaser,claening supplies,segA,1,26,43.16,43.16,26,17.16,8/28/2026,,,,,,,,
8/27/2026,192,187,Glossy Stewards of Granitewood,65,Sparkling Citrus Cleaner,cleaning supplies,segA,1,20,32.4,32.4,20,12.4,,,,,,,,,
8/27/2026,192,187,Glossy Stewards of Granitewood,69,Gleaming Degreaser,cleaning supplies,segA,12,27,40.5,486,324,162,8/28/2026,,,,,,,,
8/27/2026,192,187,Glossy Stewards of Granitewood,85,Sparkling Microwave Popcorn,breakroom supplies,segA,1,12,22.44,22.44,12,10.44,8/28/2026,,,,,,,,
8/27/2026,192,187,Glossy Stewards of Granitewood,95,Bright Disposable Cups,breakroom supplies,segA,1,13,24.7,24.7,13,11.7,8/28/2026,,,,,,,,
8/27/2026,192,187,Glossy Stewards of Granitewood,102,Sleek Resume Paper,copy paper,segB,1,26,40.3,40.3,,14.3,8/28/2026,,,,,,,,
8/27/2026,192,187,Glossy Stewards of Granitewood,113,Polished Recycled Paper,copy paper,segB,1,36,56.88,56.88,36,20.88,8/28/2026,,,,,,,,
8/27/2026,192,187,Glossy Stewards of Granitewood,116,Immaculate Legal Size Paper,copy paper,segB,,59,94.99,94.99,59,35.99,8/28/2026,,,,,,,,
8/18/2026,389,187,Glossy Stewards of Granitewood,51,Bright Glass Cleaner,cleaning supplies,segA,1,26,46.8,46.8,26,20.8,8/19/2026,,,,,,,,
8/18/2026,389,187,Glossy Stewards of Granitewood,54,Dazzling Floor Cleaner,cleaning supplies,segA,3,45,83.25,249.75,135,114.75,8/19/2026,,,,,,,,
8/18/2026,389,187,Glossy Stewards of Granitewood,58,Spotless Floor Cleaner,cleaning supplies,segA,2,31,58.9,117.8,62,55.8,8/19/2026,,,,,,,,
8/18/2026,389,187,Glossy Stewards of Granitewood,59,Spotless All-Purpose Cleaner,cleaning suplpies,segA,1,47,83.19,83.19,47,36.19,8/19/2026,,,,,,,,
8/18/2026,389,187,Glossy Stewards of Granitewood,76,Immaculate Granola Bars,breakroom supplies,segA,1,10,17.1,17.1,10,7.1,8/19/2026,,,,,,,,
8/18/2026,389,187,Glossy Stewards of Granitewood,80,Spotless Instant Soups,breakroom supplies,segA,46,17,25.5,,782,391,8/19/2026,,,,,,,,
8/18/2026,389,187,Glossy Stewards of Granitewood,110,Pristine Cardstock,copy paper,segB,1,42,71.4,71.4,42,29.4,8/19/2026,,,,,,,,
8/18/2026,389,187,Glossy Stewards of Granitewood,113,Polished Recycled Paper,copy paper,segB,1,36,56.88,56.88,36,20.88,8/19/2026,,,,,,,,
8/18/2026,389,187,Glossy Stewards of Granitewood,117,Dazzling Graph Paper,copy paper,segB,1,51,73.44,73.44,51,22.44,8/19/2026,,,,,,,,
9/3/2026,,187,Glossy Stewards of Granitewood,102,Sleek Resume Paper,  copy paper ,segB,1,26,40.3,40.3,26,14.3,9/4/2026,,,,,,,,
8/18/2026,,187,Glossy Stewards of Granitewood,64,Bright Glass Cleaner,cleaning supplies,segA,1,32,58.56,58.56,32,,8/19/2026,,,,,,,,
8/18/2026,,187,Glossy Stewards of Granitewood,98,Radiant Glossy Photo Paper,copy paper,segB,1,23,34.73,34.73,23,11.73,8/19/2026,,,,,,,,
8/17/2026,420,188,Glossy Stewards of Granitewood,10,Pristine 2-Ply Toilet Paper,paper & tissue,segC,1,26,36.92,36.92,,10.92,8/18/2026,,,,,,,,
8/17/2026,420,188,Spotless Suppliers of Granitveille,36,Glossy Staplers,office products,segB,1,50,73.5,73.5,50,23.5,8/18/2026,,,,,,,,
8/17/2026,420,188,Spotless Suppliers of Graniteville,51,Bright Glass Cleaner,cleaning supplies,segC,1,26,,47.58,26,21.58,8/18/2026,,,,,,,,
8/17/2026,420,188,Spotless Suppliers of Graniteville,62,Glossy Air Freshener,cleaning supplies,segC,1,20,38.4,38.4,20,18.4,8/18/2026,,,,,,,,
8/17/2026,420,188,Spotless Suppliers of Graniteville,71,Spotless Glass Cleaner,cleaning supplies,seCg,1,31,59.52,59.52,31,28.52,8/18/2026,,,,,,,,
17/08/2026,420,188,Spotless Suppliers of Graniteville,73,Spotless Creamers,breakroom supplies,segD,1,18,39.24,39.24,18,21.24,8/18/2026,,,,,,,,
8/18/2026,390,189,Pristine Cleaners of Valleyton,1,Sleek Party Napkins,paper & tissue,segA,3,29,40.02,120.06,87,33.06,8/19/2026,,,,,,,,
8/18/2026,390,189,Pristine Cleaners of Valleyton,11,Fresh Lunch Napkins,paper & tissue,segA,3,21,29.4,88.2,63,25.2,8/19/2026,,,,,,,,
8/18/2026,390,189,Pristine Cleaners of Valleyton,19,Fresh Party Napkins,paper & tissue,  segA ,1,45,66.15,66.15,45,21.15,8/19/2026,,,,,,,,
8/18/2026,390,189,Pristine Cleaners of Valleyton,45,Immaculate Staplers,office products,segA,3,50,75.5,226.5,150,76.5,8/19/2026,,,,,,,,
8/18/2026,390,189,Pristine Cleaners of Valleyton,47,Immaculate Staplers,office products,segA,3,24,31.44,94.32,72,22.32,8/19/2026,,,,,,,,
8/18/2026,390,189,Pristine Cleaners of Valleyton,51,Bright Glass Cleaner,cleaning supplies,segD,1,26,55.12,55.12,26,29.12,8/19/2026,,,,,,,,
8/10/2026,571,189,Pristine Cleaners of Valleyton,3,Sparkling Party Napkins,paper & tissue,segA,1,21,,30.87,21,9.87,8/11/2026,,,,,,,,
8/10/2026,571,189,Pristine Cleaners of Valleyton,9,Fresh Kitchen Towels,paper & tissue,segA,3,33,46.2,138.6,99,39.6,8/11/2026,,,,,,,,
8/10/2026,571,189,Pristine Cleaners of Valleyton,11,Fresh Lunch Napkins,paper & tissue,segA,5,21,29.4,147,105,42,8/11/2026,,,,,,,,
8/10/2026,571,189,Pristine Cleaners of Valleyton,27,,office products,segA,2,43,68.37,136.74,86,50.74,8/11/2026,,,,,,,,
8/10/2026,571,189,Pristine Cleaners of Valleyton,30,Immaculate Markers,office products,  segA ,3,28,40.04,120.12,84,36.12,8/11/2026,,,,,,,,
8/10/2026,571,189,Pristine Cleanerso f Valleyton,48,Fresh Desk Organizers,office products,segA,3,29,42.05,126.15,,39.15,8/11/2026,,,,,,,,
8/31/2026,117,190,Pristine Cleanerso f Valleyton,23,Dazzling Roll Paper Towels,paper & tissue,segC,1,40,57.6,57.6,40,17.6,9/8/2026,,,,,,,,
8/31/2026,117,190,Gleaming Cleaners of Mapleville,37,Bright Recycled Paper,office products,segD,1,,43.44,43.44,24,19.44,9/8/2026,,,,,,,,
8/31/2026,117,190,Gleaming Cleaners of Mapleville,52,Spotless Air Freshener,cleaning supplies,segA,1,49,91.63,91.63,49,42.63,9/8/2026,,,,,,,,
8/31/2026,117,190,Gleaming Cleaners of Mapleville,56,Pristine Citrus Cleaner,cleaning supplies,  segA ,34,48,67.68,2301.12,1632,669.12,9/8/2026,,,,,,,,
8/31/2026,117,190,Gleaming Cleaners of Mapleville,57,Glossy All-Purpose Cleaner,cleaning supplies,segA,,51,95.88,95.88,51,44.88,9/8/2026,,,,,,,,
8/31/2026,117,190,Gleaming Cleaners of Mapleville,58,Spotless Floor Cleaner,cleaning supplies,segA,1,31,52.7,52.7,31,21.7,9/8/2026,,,,,,,,
8/31/2026,117,190,Gleaming Cleaners of Mapleville,64,Bright Glass Cleaner,cleaning supplies,segA,,32,53.44,53.44,32,21.44,9/8/2026,,,,,,,,
8/31/2026,117,190,Gleaming Cleaners of Mapleville,65,Sparkling Citrus Cleaner,cleaning supplies,segA,1,20,37.2,37.2,,17.2,9/8/2026,,,,,,,,
8/31/2026,117,190,Gleaming Cleaners of Mapleville,70,Sleek Air Freshener,cleaning supplies,segA,1,33,59.07,59.07,33,26.07,9/8/2026,,,,,,,,
8/31/2026,117,190,Gleaming Cleaners of Mapleville,86,Dazzling Instant Soups,breakroom supplies,segA,1,16,33.6,33.6,16,17.6,9/8/2026,,,,,,,,
8/31/2026,117,190,Gleaming Cleaners of Mapleville,89,Sparkling Disposable Cups,breakroom supplies,segA,1,21,39.69,39.69,21,18.69,9/8/2026,,,,,,,,
8/31/2026,117,190,Gleaming Cleaners of Mapleville,97,Sparkling Legal Size Paper,copy paper,segA,5,39,54.99,274.95,195,79.95,9/8/2026,,,,,,,,
8/31/2026,117,190,Gleaming Cleaners of Mapleville,101,Radiant Colored Paper,copy paper,segA,49,60,70.2,3439.8,2940,499.8,9/8/2026,,,,,,,,
8/31/2026,117,190,Gleaming Cleaners of Mapleville,110,Pristine Cardstock,copy paper,segA,2,42,59.22,118.44,84,34.44,9/8/2026,,,,,,,,
8/31/2026,117,190,Glaeming Cleaners of Mapleville,112,Sparkling Letter Size Paper,copy paper,segA,3,46,70.84,212.52,138,74.52,9/8/2026,,,,,,,,
8/31/2026,117,190,Gleaming Cleaners of Mapleville,114,Glossy Recycled Paper,copy paper,segA,1,32,50.88,50.88,32,18.88,9/8/2026,,,,,,,,
8/31/2026,117,190,Gleaming Cleaners of Mapleville,120,Sparkling Letter Size Paper,copy paper,segA,1,45,58.95,58.95,45,13.95,9/8/2026,,,,,,,,
8/27/2026,193,190,Gleaming Cleaners of Mapleville,13,Pristine Party Napkins,paper & tissue,segC,1,45,69.3,69.3,45,24.3,8/28/2026,,,,,,,,
8/27/2026,193,190,Gleaming Cleaners of Mapleville,14,Spotless Pocket Tissues,paper & tissue,segC,2,20,29.6,,40,19.2,8/28/2026,,,,,,,,
8/27/2026,193,190,Gleaming Cleaners of Mapleville,23,Dazzling Roll Paper Towels,paper & tissue,segC,1,40,57.6,57.6,40,17.6,8/28/2026,,,,,,,,
8/27/2026,193,190,Gleaming Cleaners of Mapleville,49,,cleaning supplies,segA,1,21,39.69,39.69,21,18.69,8/28/2026,,,,,,,,
8/27/2026,193,190,Gleaming Cleaners of Mapleville,50,Bright Glass Cleaner,cleaning supplies,segA,1,23,39.1,39.1,23,16.1,8/28/2026,,,,,,,,
8/27/2026,193,190,Gleaming Cleaners of Mapleville,54,Dazzling Floor Cleaner,cleaning supplies,  segA ,2,45,82.35,164.7,90,74.7,8/28/2026,,,,,,,,
8/27/2026,193,190,Gleaming Cleaners of Mapleville,57,Glossy All-Purpose Cleaner,cleaning supplies,segA,1,51,95.88,95.88,51,44.88,8/28/2026,,,,,,,,
8/27/2026,193,190,Gleaming Cleaners of Mapleville,61,Pristine Degreaser,cleaning supplies,segA,1,50,89.5,89.5,50,39.5,8/28/2026,,,,,,,,
8/27/2026,193,190,Gleaming Cleaners of Mapleville,64,Bright Glass Cleaner,cleaning supplies,segA,1,32,53.44,53.44,32,21.44,8/28/2026,,,,,,,,
8/27/2026,193,190,Gleaming Cleaners of Mapleville,65,Sparkling Citrus Cleaner,cleaning supplies,segA,1,20,37.2,37.2,20,17.2,8/28/2026,,,,,,,,
8/27/2026,193,190,  Gleaming Cleaners of Mapleville ,74,Pristine Energy Drinks,breakroom supplies,segA,1,15,26.7,26.7,15,11.7,8/28/2026,,,,,,,,
8/27/2026,193,190,Gleaming Cleaners ofM apleville,77,Sleek Disposable Cups,breakroom supplies,segA,1,25,50.25,50.25,25,25.25,8/28/2026,,,,,,,,
8/27/2026,193,190,Gleaming Cleaners of Mapleville,79,Immaculate Microwave Popcorn,breakroom supplies,segA,1,25,42.75,42.75,25,17.75,28/08/2026,,,,,,,,
8/27/2026,193,190,Gleaming Cleaners of Mapleville,82,Pristine Granola Bars,breakroom supplies,segA,1,26,44.98,44.98,26,18.98,8/28/2026,,,,,,,,
8/27/2026,193,190,Gleaming Cleaners of Mapleville,86,Dazzling Instant Soups,breakroom supplies,segA,1,16,33.6,33.6,16,17.6,8/28/2026,,,,,,,,
8/27/2026,193,190,Gleaming Cleaners of Mapleville,89,Sparkling Disposable Cups,,segA,1,21,39.69,39.69,21,18.69,8/28/2026,,,,,,,,
8/27/2026,193,190,Gleaming Cleaners of Mapleville,95,Bright Disposable Cups,breakroom supplies,segA,1,13,23.92,23.92,13,10.92,8/28/2026,,,,,,,,
8/27/2026,193,190,Gleaming Cleaners of Mapleville,101,,copy paper,segA,37,60,70.2,2597.4,2220,377.4,8/28/2026,,,,,,,,
8/27/2026,193,190,Gleaming Cleaners of Mapleville,104,  Gleaming Glossy Photo Paper ,copy paper,segA,3,52,79.56,238.68,156,82.68,8/28/2026,,,,,,,,
8/27/2026,193,190,Gleaming Cleaners of Mapleville,105,Pristine Graph Paper,copy paper,segA,4,52,72.8,291.2,208,83.2,8/28/2026,,,,,,,,
8/27/2026,193,190,Gleaming Cleaners of Mapleville,,Glossy Recycled Paper,copy paper,segA,2,54,79.92,159.84,108,51.84,8/28/2026,,,,,,,,
8/27/2026,193,190,Gleaming Cleaners of Mapleville,113,Polished Recycled Paper,copy paper,segA,4,36,49.68,198.72,144,54.72,8/28/2026,,,,,,,,
8/27/2026,193,190,Gleaming Cleaners of Mapleville,120,Sparkling Letter Size Paper,copy paper,segA,2,45,58.95,117.9,90,27.9,8/28/2026,,,,,,,,
8/31/2026,,190,Gleaming Cleaners of Mapleville,50,Bright Glass Cleaner,cleaning supplies,segA,1,23,39.1,39.1,23,16.1,,,,,,,,,
8/31/2026,,190,Gleaming Cleaners of Mapleville,63,Polished Glass Cleaner,cleaning supplies,segA,1,42,70.14,70.14,42,28.14,9/8/2026,,,,,,,,
8/27/2026,194,191,Glossy Suppliers of Valleywood,56,Pristine Citrus Cleaner,cleaning supplies,segA,2,48,84,168,96,72,9/4/2026,,,,,,,,
8/27/2026,194,191,Glossy Suppliers of Valleywood,60,Polished Degreaser,cleaning supplies,segA,1,26,44.98,44.98,26,18.98,9/4/2026,,,,,,,,
8/27/2026,194,191,Glossy Suppliers of Valleywood,62,Glsosy Air Freshener,cleaning supplies,segA,2,20,32.8,,40,25.6,9/4/2026,,,,,,,,
,194,191,Glossy Suppliers of Valleywood,63,Polished Glass Cleaner,cleaning supplies,segA,1,42,79.8,79.8,42,37.8,4/9/2026,,,,,,,,
8/27/2026,194,191,Glossy Suppliers of Valleywood,65,Sparkling Citrus Cleaner,,  segA ,1,20,37.8,37.8,20,17.8,9/4/2026,,,,,,,,
8/27/2026,194,191,Glossy Suppliers of Valleywood,66,Radiant Glass Cleaner,,segA,1,21,35.07,,21,14.07,9/4/2026,,,,,,,,
8/27/2026,194,191,Glossy Suppliers of Valleywood,100,Dazzling Legal Size Paper,copy paper,segB,1,24,33.84,33.84,24,,9/4/2026,,,,,,,,
8/27/2026,194,191,Glossy Suppliers of Valleywood,116,Immaculate Legal Size Paper,copy paper,segB,1,59,95.58,95.58,59,,9/4/2026,,,,,,,,
8/24/2026,289,191,Glossy Suppliers of Valleywood,63,Polished Glass Cleaner,cleaning supplies,segA,1,42,79.8,79.8,42,37.8,9/8/2026,,,,,,,,
24/08/2026,289,191,Glossy Suppliers of Valleywood,66,Radiant Glass Cleaner,cleaning supplies,segA,2,21,35.07,70.14,42,28.14,9/8/2026,,,,,,,,
8/24/2026,289,191,Glossy Suppliers of Valleywood,100,Dazzling Legal Size Paper,,segB,1,24,33.84,33.84,24,9.84,9/8/2026,,,,,,,,
8/24/2026,289,191,Glossy Suppliers of Valleywood,101,Radiant Colored Paper,copy paper,segB,2,60,86.4,172.8,120,52.8,9/8/2026,,,,,,,,
8/24/2026,289,191,Glossy Suppliers of Valleywood,112,Sparkling Letter Size Paper,,segB,1,46,69.92,69.92,46,23.92,8/9/2026,,,,,,,,
8/24/2026,289,191,Glossy Suppliers of Valleywood,116,Immaculate Legal Size Paper,copy paper,segB,1,59,95.58,95.58,59,36.58,9/8/2026,,,,,,,,
8/24/2026,,191,Glossy Suppliers of Valleywood,,Spotless Floor Cleaner,cleaning supplies,segA,1,29,52.78,52.78,29,23.78,9/8/2026,,,,,,,,
8/20/2026,351,193,Bright Cleaners of Maplecrest,25,Dazzling Binder Clips,office products,  segC ,1,45,72,,45,27,8/21/2026,,,,,,,,
8/20/2026,351,193,Bright Cleaners of Maplecrest,28,Immaculate Binder Clips,office products,segC,1,29,42.05,42.05,29,13.05,8/21/2026,,,,,,,,
8/20/2026,351,193,Bright Cleaners of Maplecrest,,Spotless Colored Paper,copy paper,segC,1,45,75.6,75.6,45,30.6,8/21/2026,,,,,,,,
,351,193,Bright Cleaners of Maplecrest,118,Sparkling Cardstock,copy paper,segC,1,37,58.83,58.83,37,21.83,8/21/2026,,,,,,,,
12/8/2026,520,194,Bright Servicers of Canyonridge,18,Pristine Lunch Napkins,paper & tissue,segC,1,20,30.4,30.4,20,10.4,8/20/2026,,,,,,,,
8/12/2026,520,194,Bright Servicers of Canyonridge,51,Bright Glass Cleaner,cleaning supplies,segA,1,26,45.5,45.5,26,19.5,8/20/2026,,,,,,,,
8/12/2026,520,194,Bright Servicers of Canyonridge,57,Glossy All-Purpose Cleaner,cleaning supplies,segA,1,51,92.82,92.82,51,41.82,8/20/2026,,,,,,,,
8/12/2026,520,194,Bright Servicers of Canyonridge,60,Polished Degreaser,,segA,3,26,47.58,142.74,78,,8/20/2026,,,,,,,,
8/12/2026,520,194,Bright Servicers of Canyonridge,66,Radiant Glass Cleaner,cleaning supplies,segA,2,21,37.59,75.18,42,33.18,20/08/2026,,,,,,,,
8/12/2026,520,194,Bright Servicers of Canyonridge,67,Sleek Citrus Cleaner,cleaning supplies,segA,1,39,67.47,67.47,39,28.47,8/20/2026,,,,,,,,
8/12/2026,520,194,Bright Servicers of Canyonridge,69,Gleaming Degreaser,cleaning supplies,segA,1,27,46.17,46.17,27,19.17,8/20/2026,,,,,,,,
8/12/2026,520,194,Bright Servicers of Canyonridge,80,,breakroom supplies,segB,,17,36.55,36.55,17,19.55,8/20/2026,,,,,,,,
8/12/2026,520,194,Bright Servicers of Canyonridge,92,Glossy Instant Soups,breakroom supplies,segB,1,24,48.24,48.24,24,24.24,8/20/2026,,,,,,,,
8/12/2026,520,194,Bright Servicers of Canyonridge,118,Sparkling Cardstock,copy paper,segD,1,37,59.57,59.57,37,22.57,,,,,,,,,
8/12/2026,520,194,Bright Servicers of Canyonridge,92,Glossy Instant Soups,breakroom supplies,segB,1,24,48.24,48.24,24,24.24,8/20/2026,,,,,,,,
8/28/2026,159,195,Bright Servicers of Canyonridge,3,Sparkling Party Napkins,paper & tissue,  segC ,2,21,32.34,64.68,42,22.68,8/31/2026,,,,,,,,
8/28/2026,159,195,  Immaculate Custodians of Graniteville ,9,Fresh Kitchen Towels,paper & tissue,segC,1,33,48.84,48.84,33,15.84,31/08/2026,,,,,,,,
8/28/2026,159,195,Immaculate Custodians of Graniteville,23,Dazzling Roll Paper Towels,  paper & tissue ,segC,1,40,58,58,40,18,31/08/2026,,,,,,,,
8/12/2026,521,196,Polished Facilities of Baywood,3,Sparkling Party Napkins,paper & tissue,segA,1,21,27.93,27.93,21,6.93,,,,,,,,,
8/12/2026,521,196,Polished Facilities of Baywood,9,Fresh Kitchen Towels,paper & tissue,segA,4,33,43.89,175.56,132,43.56,8/27/2026,,,,,,,,
8/12/2026,521,196,Polished Facilities of Baywood,14,Spotless Pocket Tissues,  paper & tissue ,segA,1,20,26.4,26.4,20,6.4,8/27/2026,,,,,,,,
8/12/2026,521,196,Polished Facilities of Baywood,16,Dazzling Bathroom Tissue,paper & tissue,segA,5,42,55.02,275.1,210,65.1,8/27/2026,,,,,,,,
8/12/2026,521,196,Polished Facilities of Baywood,19,Fresh Party Napkins,paper & tissue,segA,1,45,61.2,61.2,45,16.2,8/27/2026,,,,,,,,
8/12/2026,521,196,Polished Facilities of Baywood,,Glossy Facial Tissues,paper & tissue,segA,2,47,63.45,126.9,94,32.9,8/27/2026,,,,,,,,
8/12/2026,521,196,Polished Facilities of Baywood,23,Dazzling Roll Paper Towels,paper & tissue,segA,7,40,54,378,280,98,8/27/2026,,,,,,,,
8/12/2026,521,196,Polished Facilities of Baywood,44,Gleaming Recycled Paper,office products,segB,1,34,48.28,48.28,34,14.28,8/27/2026,,,,,,,,
8/12/2026,521,196,Polished Facilities of Baywood,106,Sleek Resume Paper,copy paper,segB,1,48,72,72,48,24,8/27/2026,,,,,,,,
8/12/2026,521,196,Polished Facilities of Baywood,,Glossy Recycled Paper,copy paper,  segB ,2,54,79.38,,,50.76,8/27/2026,,,,,,,,
8/12/2026,521,196,Polished Facilities of Baywood,119,Immaculate Letter Size Paper,copy paper,segB,1,44,67.32,67.32,44,23.32,8/27/2026,,,,,,,,
8/27/2026,195,197,Pristine Keepers of Riverhaven,4,Bright Bathroom Tissue,paper & tissue,segC,10,26,36.92,369.2,260,109.2,8/28/2026,,,,,,,,
8/27/2026,195,197,Pristine Keepers of Riverhaven,40,Immaculate Markers,office products,segC,13,34,55.08,716.04,442,274.04,8/28/2026,,,,,,,,
8/27/2026,195,197,Pristine Keepers of Riverhaven,52,Spotless Air Freshener,cleaning supplies,segC,12,49,85.26,1023.12,588,435.12,8/28/2026,,,,,,,,
8/27/2026,195,197,Pristine Keepers of Riverhaven,68,Dazzling Disinfectant Wipes,cleaning supplies,segC,3,54,101.52,304.56,162,142.56,8/28/2026,,,,,,,,
8/17/2026,421,197,Pristine Keepers of Riverhaven,8,,paper & tissue,segC,34,50,74,2516,1700,816,8/18/2026,,,,,,,,
8/17/2026,421,197,Pristine Keepers of Riverhaven,69,Gleaming Degreaesr,cleaning supplies,segC,2,27,51.3,102.6,54,48.6,8/18/2026,,,,,,,,
8/17/2026,421,197,Pristine Keepers of Riverhaven,72,Gleaming Glass Cleaner,cleaning supplies,segC,2,23,42.78,,46,39.56,8/18/2026,,,,,,,,
9/2/2026,69,198,Immaculate Wholesalers of Lakeburg,26,Radiant Sticky Notes,office products,segC,1,34,53.72,53.72,34,19.72,,,,,,,,,
9/2/2026,69,198,Immaculate Wholesalers of Lakeburg,49,Sparkling Disinfectant Wipes,cleaning supplies,segB,1,21,41.16,41.16,21,20.16,9/3/2026,,,,,,,,
9/2/2026,69,198,Immaculate Wholesalers of Lakeburg,60,Polished Degreaser,cleaning supplies,segB,1,26,47.58,47.58,26,21.58,9/3/2026,,,,,,,,
9/2/2026,69,198,Immaculate Wholesalers of Lakeburg,76,Immaculate Granola Bars,breakroom supplies,segC,1,10,22.4,22.4,10,12.4,9/3/2026,,,,,,,,
9/2/2026,69,198,Immaculate Wholesalers of Lakeburg,84,Sparkling Creamers,breakroom supplies,segC,1,18,36.9,36.9,18,18.9,9/3/2026,,,,,,,,
8/21/2026,320,198,Immaculate Wholesalers of Lakeburg,3,Sparkling Party Napkins,paper & tissue,segD,1,21,35.07,35.07,21,14.07,8/24/2026,,,,,,,,
8/21/2026,320,198,Immaculate Wholesalers of Lakeburg,16,Dazzling Bathroom Tissue,paper & tissue,segD,1,42,72.24,72.24,42,30.24,8/24/2026,,,,,,,,
8/21/2026,320,198,Immaculate Wholesalers of Lakeburg,,Gleaming Glass Cleaner,cleaning supplies,segB,1,23,41.4,41.4,23,18.4,24/08/2026,,,,,,,,
8/21/2026,320,198,Immaculate Wholesalers of Lakeburg,73,Spotless Creamers,breakroom supplies,segC,1,18,36.18,36.18,18,18.18,8/24/2026,,,,,,,,
21/08/2026,320,198,Immaculate Wholesalers of Lakeburg,76,Immaculate Granola Bars,breakroom supplies,segC,1,10,22.4,22.4,10,12.4,8/24/2026,,,,,,,,
8/21/2026,320,198,Immaculate Wholesalers of Lakeburg,87,Glossy Tea Selection,breakroom supplies,segC,1,11,22.88,22.88,11,11.88,8/24/2026,,,,,,,,
8/13/2026,490,198,Immaculate Wholesalers of Lakeburg,57,  Glossy All-Purpose Cleaner ,cleaning supplies,segB,1,51,98.94,98.94,51,47.94,8/14/2026,,,,,,,,
8/13/2026,490,198,Immaculate Wholesalers of aLkeburg,61,Pristine Degreaser,cleaning supplies,segB,1,50,97.5,97.5,50,47.5,8/14/2026,,,,,,,,
8/13/2026,490,198,Immaculate Wholesalers of Lakeburg,96,Dazzling Disposable Cups,breakroom supplies,segC,1,19,42.37,42.37,19,23.37,8/14/2026,,,,,,,,
9/2/2026,,198,Immaculate Wholesalers of Lakeburg,10,Pristine 2-Ply Toilet Paper,paper & tissue,segD,1,26,43.16,43.16,26,17.16,9/3/2026,,,,,,,,
8/13/2026,,198,Immaculate Wholesalers of Lakeburg,73,Spotless Creamers,breakroom supplies,segC,1,18,36.18,36.18,18,18.18,8/14/2026,,,,,,,,
9/3/2026,48,199,Glossy Custodians of Cedarfield,37,Bright Recycled Paper,office products,segB,1,24,36.48,,24,12.48,9/4/2026,,,,,,,,
9/3/2026,48,199,Glossy Custodians of Cedarfield,74,Pristine Energy Drinks,breakroom supplies,segA,1,15,26.4,26.4,15,11.4,9/4/2026,,,,,,,,
9/3/2026,48,199,Glossy Custodians of Cedarfield,76,Immaculate Granola Bars,breakroom supplies,segA,2,10,18.4,36.8,20,16.8,9/4/2026,,,,,,,,
3/9/2026,48,199,Glossy Custodians of Cedarfield,79,Immaculate Microwave Popcorn,breakroom supplies,segA,1,25,45.5,45.5,25,20.5,9/4/2026,,,,,,,,
9/3/2026,48,199,Glossy Custodians of Cedarfield,86,Dazzling Instant Soups,breakroom supplies,segA,1,16,32.8,32.8,16,16.8,9/4/2026,,,,,,,,
9/3/2026,48,199,Glossy Custodians of Cedarfield,92,Glossy Instant Soups,breakroom supplies,segA,2,24,,99.36,48,51.36,9/4/2026,,,,,,,,
9/3/2026,48,199,Glossy Custodians of Cedarfield,93,Gleaming Microwave Popcorn,,segA,1,20,38,38,20,18,9/4/2026,,,,,,,,
8/21/2026,321,200,Sleek Providers of Graniteport,3,Sparkling Party Napkins,paper & tissue,segA,19,21,25.2,478.8,399,79.8,8/31/2026,,,,,,,,
8/21/2026,321,200,Sleek Providers of Graniteport,5,Polished Kitchen Towels,  paper & tissue ,segA,2,35,47.6,95.2,,25.2,8/31/2026,,,,,,,,
8/21/2026,321,200,Sleek Providers of Graniteport,11,Fresh Lunch Napkins,paper & tissue,segA,3,21,,89.46,63,26.46,31/08/2026,,,,,,,,
8/21/2026,321,200,Sleek Providers of Graniteport,14,Spotless Pocket Tissues,paper & tissue,segA,31,20,22.2,688.2,620,68.2,8/31/2026,,,,,,,,
8/21/2026,321,200,Sleek Providers of Graniteport,31,Polished Highlighters,office products,segD,1,17,30.26,30.26,17,13.26,8/31/2026,,,,,,,,
8/21/2026,321,200,Sleek Providers of Graniteport,38,Radiant Pens,office products,segD,1,17,27.03,27.03,17,10.03,8/31/2026,,,,,,,,
8/21/2026,321,200,Sleek Providers of Graniteport,52,Spotless Air Freshener,cleaning supplies,segA,3,49,91.63,274.89,147,127.89,8/31/2026,,,,,,,,
8/21/2026,321,200,Sleek Providers of Graniteport,53,Glossy Glass Cleaner,cleaning supplies,segA,1,36,68.04,68.04,36,32.04,8/31/2026,,,,,,,,
8/21/2026,321,200,Sleek Providers of rGaniteport,59,Spotless All-Purpose Cleaner,cleaning supplies,segA,2,47,77.55,155.1,94,61.1,8/31/2026,,,,,,,,
8/21/2026,321,200,Sleek Providers of Graniteport,61,Pristine Degreaser,cleaning supplies,segA,1,50,,86,50,36,8/31/2026,,,,,,,,
8/21/2026,321,200,Sleek Providers of Graniteport,63,Polished Glass Cleaner,cleaning supplies,segA,1,42,67.62,67.62,42,25.62,8/31/2026,,,,,,,,
8/21/2026,321,200,Sleek Providers of Graniteport,73,Spotless Creamers,breakroom supplies,segC,1,18,40.32,40.32,18,22.32,8/31/2026,,,,,,,,
8/21/2026,321,200,Sleek Providers of Graniteport,,Immaculate Microwave Popcorn,breakroom supplies,segC,1,25,47.75,47.75,25,,8/31/2026,,,,,,,,
8/21/2026,321,200,Sleek Providers of Graniteport,84,Sparkling Creamers,breakroom supplies,segC,1,18,38.52,38.52,18,20.52,8/31/2026,,,,,,,,
8/21/2026,321,200,Sleek Providers of Graniteport,97,Sparkling Legal Size Paper,copy paper,segA,4,39,54.21,216.84,156,60.84,8/31/2026,,,,,,,,
8/21/2026,321,200,Sleek Providers of Graniteport,99,Glossy Letter Size Paper,copy paper,seAg,2,,84.36,168.72,114,54.72,8/31/2026,,,,,,,,
,321,200,Sleek Providers of Graniteport,101,Radiant Colored Paper,copy paper,segA,3,,79.2,237.6,180,57.6,31/08/2026,,,,,,,,
21/08/2026,321,200,Sleek Providers of Graniteport,103,Spotless Colored Paper,copy paper,segA,4,45,66.6,266.4,180,86.4,8/31/2026,,,,,,,,
8/21/2026,321,200,Sleek Providers ofG raniteport,,Gleaming Glossy Photo Paper,copy paper,segA,1,52,83.2,83.2,52,31.2,8/31/2026,,,,,,,,
8/21/2026,321,200,Sleek Providers of Graniteport,116,Immaculate Legal Size Paper,copy paper,seAg,3,59,88.5,,177,88.5,8/31/2026,,,,,,,,
8/21/2026,321,200,Sleek Providers of Graniteport,117,Dazzling Graph Paper,copy paper,segA,3,51,68.34,205.02,153,52.02,8/31/2026,,,,,,,,
8/12/2026,522,200,Sleek Providers of Graniteport,4,Bright Bathroom Tissue,paper & tissue,segA,3,26,35.36,106.08,78,28.08,8/13/2026,,,,,,,,
8/12/2026,522,200,Sleek Providers of Graniteport,11,Fresh Lunch Napkins,paper & tissue,segA,2,21,29.82,,42,17.64,8/13/2026,,,,,,,,
8/12/2026,522,200,Sleek Providers of Graniteport,14,Spotless Pocket Tissues,paper & tissue,segA,34,20,22.2,754.8,680,74.8,8/13/2026,,,,,,,,
8/12/2026,522,200,Sleek Providers of Graniteport,36,Glossy Staplers,office products,segD,1,50,88.5,88.5,50,38.5,8/13/2026,,,,,,,,
8/12/2026,522,200,Sleek Providers of Graniteport,50,Bright Glass Cleaner,cleaning supplies,esgA,1,23,42.32,42.32,,19.32,8/13/2026,,,,,,,,
8/12/2026,522,200,Sleek Providers of Graniteport,51,Bright Glass Cleaner,cleaning supplies,segA,1,26,43.42,43.42,26,17.42,8/13/2026,,,,,,,,
8/12/2026,522,200,Sleek Providers of Graniteport,52,Spotless Air Freshener,cleaning supplies,segA,3,49,91.63,274.89,147,127.89,8/13/2026,,,,,,,,
8/12/2026,522,200,Sleek Providers of Graniteport,56,,cleaning supplies,sgeA,1,48,84,84,48,36,8/13/2026,,,,,,,,
8/12/2026,522,200,Sleek Providers of Graniteport,57,Glossy All-Purpose Cleaner,cleaning supplies,segA,1,51,95.88,95.88,51,44.88,8/13/2026,,,,,,,,
8/12/2026,522,200,Sleek Providers of Graniteport,63,Polished Glass Cleaner,cleaning supplies,segA,1,42,67.62,67.62,42,25.62,8/13/2026,,,,,,,,
8/12/2026,522,200,Sleek Providers of Graniteport,65,Sparkling Citrus Cleaner,cleaning supplies,segA,2,20,32.8,65.6,40,25.6,8/13/2026,,,,,,,,
8/12/2026,522,200,Sleek Providers of Graniteport,84,Sparkling Creamers,breakroom supplies,segC,1,18,38.52,38.52,18,20.52,8/13/2026,,,,,,,,
8/12/2026,522,200,Sleek Providers of Graniteport,101,  Radiant Colored Paper ,  copy paper ,segA,3,60,79.2,237.6,180,57.6,8/13/2026,,,,,,,,
8/12/2026,522,200,Sleek Providers of Graniteport,113,,copy apper,segA,2,36,54.36,108.72,72,36.72,8/13/2026,,,,,,,,
8/12/2026,522,200,Sleek Providers of Graniteport,117,Dazzling Graph Paper,copy paper,segA,6,51,68.34,410.04,306,104.04,8/13/2026,,,,,,,,
8/21/2026,,200,Sleek Providers of Graniteport,2,Glossy Party Napkins,paper & tissue,segA,1,29,39.73,39.73,29,10.73,8/31/2026,,,,,,,,
8/26/2026,227,201,Dazzling Custodians of Laketon,27,Sparkling Sticky Notes,office products,segA,3,43,62.35,187.05,129,58.05,9/10/2026,,,,,,,,
8/26/2026,227,201,Dazzling Custodians of Laketon,30,Immaculate Markers,office products,segA,1,28,36.68,36.68,28,8.68,9/10/2026,,,,,,,,
8/26/2026,227,201,Dazzling Custodians of Laketon,32,Bright Desk Organizers,office products,segA,3,,69.08,207.24,132,75.24,9/10/2026,,,,,,,,
8/26/2026,227,201,Dazzling Custodians of Laketon,35,,office products,segA,2,27,42.39,84.78,54,30.78,9/10/2026,,,,,,,,
8/26/2026,227,201,Dazzling Custodians of Laketon,37,Bright Recycled Paper,office products,segA,1,24,35.76,35.76,24,11.76,9/10/2026,,,,,,,,
8/26/2026,227,201,Dazzling Custodians of Laketon,39,Immaculate Sticky Notes,office products,segA,2,34,46.92,93.84,68,25.84,,,,,,,,,
8/26/2026,227,201,Dazzling Custodians of Laketon,47,Immaculate Staplers,office products,segA,3,24,31.2,93.6,72,21.6,9/10/2026,,,,,,,,
8/26/2026,227,201,Dazzling Custodians of Laketon,50,Bright Glass Cleaner,,segA,3,23,38.64,115.92,69,46.92,9/10/2026,,,,,,,,
8/26/2026,227,201,Dazzling Custodians of Laketon,54,Dazzling Floor Cleaner,cleaning supplies,segA,38,45,64.35,2445.3,1710,735.3,9/10/2026,,,,,,,,
8/26/2026,227,201,Dazzling Custodians of Laketon,56,Pristine Citrus Cleaner,cleaning supplies,segA,2,48,89.28,178.56,96,82.56,9/10/2026,,,,,,,,
8/26/2026,227,201,Dazzling Custodians of Laketon,57,Glossy All-Purpose Cleaner,cleaning supplies,segA,1,51,83.64,83.64,51,32.64,9/10/2026,,,,,,,,
8/26/2026,227,201,Dazzling Custodians of Laketon,62,Glossy Air Freshener,cleaning supplies,segA,,20,37,74,,34,9/10/2026,,,,,,,,
8/26/2026,227,201,Dazzling Custodians of Laketon,63,Polished Glass Cleaner,cleaning supplies,segA,26,42,58.8,1528.8,1092,436.8,9/10/2026,,,,,,,,
8/26/2026,227,201,Dazzling Custodians of Laketon,71,Spotless Glass Cleaner,cleaning supplies,segA,1,31,49.6,49.6,31,18.6,9/10/2026,,,,,,,,
8/26/2026,227,201,Dazzling Custodians of Laketon,99,Glossy Letter Size Paper,copy paper,segD,1,57,101.46,101.46,57,44.46,9/10/2026,,,,,,,,
24/08/2026,290,201,Dazzling Custodians of Laketon,26,Radiant Sticky Notes,office products,segA,5,34,47.94,239.7,170,69.7,9/1/2026,,,,,,,,
8/24/2026,290,201,Dazzling Custodians of Laketon,28,Immaculate Binder Clips,office products,segA,1,29,43.79,43.79,29,14.79,9/1/2026,,,,,,,,
8/24/2026,290,201,Dazzling Custodians of Laketon,32,Bright Desk Organizers,office products,segA,1,44,69.08,69.08,44,25.08,9/1/2026,,,,,,,,
8/24/2026,290,201,Dazzling Custodians of Laketon,35,Dazzling Staplers,office products,segA,1,27,42.39,42.39,27,15.39,9/1/2026,,,,,,,,
8/24/2026,290,201,Dazzling Custodians of Laketon,37,Bright Recycled Paper,office products,segA,1,24,35.76,35.76,24,11.76,9/1/2026,,,,,,,,
8/24/2026,290,201,Dazzling Custodians of Laketon,39,Immaculate Sticky Notes,office products,segA,2,34,46.92,93.84,68,25.84,9/1/2026,,,,,,,,
8/24/2026,290,201,Dazzling Custodians of Laketon,40,Immaculate Markers,office products,segA,2,34,50.66,101.32,68,33.32,9/1/2026,,,,,,,,
8/24/2026,290,201,Dazlzing Custodians of Laketon,46,Spotless Desk Organizers,office products,segA,1,33,52.14,52.14,33,19.14,9/1/2026,,,,,,,,
8/24/2026,290,201,Dazzling Custodians of Laketon,47,Immaculate Staplers,office products,segA,3,24,31.2,93.6,72,21.6,9/1/2026,,,,,,,,
8/24/2026,290,201,Dazzling Custodians of Laketon,50,Bright Glass Cleaner,cleaning supplies,segA,3,23,38.64,115.92,69,46.92,9/1/2026,,,,,,,,
8/24/2026,290,201,Dazzling Custodians of Laketon,53,Glossy Glass Cleaner,,segA,1,36,62.28,62.28,36,26.28,9/1/2026,,,,,,,,
8/24/2026,290,201,Dazzling Custodians of Laketon,59,Spotless All-Purpose Cleaner,cleaning supplies,segA,1,47,84.6,84.6,47,37.6,9/1/2026,,,,,,,,
8/24/2026,290,201,Dazzling Custodians of Laketon,63,Polished Glass Cleaner,cleaning supplies,segA,19,42,58.8,1117.2,798,319.2,9/1/2026,,,,,,,,
,290,201,Dazzling Custodians of Laketon,69,Gleaming Degreaser,cleaning supplies,segA,2,27,50.76,,54,47.52,9/1/2026,,,,,,,,
8/24/2026,290,201,Dazzling Custodians of Laketon,70,Sleek Air Freshener,cleaning supplies,segA,1,33,55.77,55.77,33,22.77,9/1/2026,,,,,,,,
8/26/2026,228,202,Pristine Suppliers of Granitecrest,1,Sleek Party Napkins,paper & tissue,segA,4,29,42.05,168.2,116,52.2,8/27/2026,,,,,,,,
8/26/2026,228,202,Pristine Suppliers of Granitecrest,14,Spotless Pocket Tissues,paper & tissue,sgeA,,20,26.4,158.4,120,38.4,8/27/2026,,,,,,,,
8/26/2026,228,202,Pristine Suppliers of Granitecrest,17,Glossy Lunch Napkins,paper & tissue,segA,1,31,41.23,,31,10.23,8/27/2026,,,,,,,,
8/26/2026,228,202,Pristine Suppliers of Granitecrest,18,Pristine Lunch Napkins,,segA,4,20,29.8,119.2,80,39.2,,,,,,,,,
8/26/2026,228,202,Pristine Suppliers of Granitecrest,19,Fresh Party Napkins,paper & tissue,segA,3,45,66.6,199.8,135,64.8,8/27/2026,,,,,,,,
8/26/2026,228,202,Pristine Suppliers of Granitecrest,22,Sparkling Pocket Tissues,paper & tissue,segA,3,41,56.58,169.74,123,46.74,8/27/2026,,,,,,,,
8/26/2026,228,202,Prsitine Suppliers of Granitecrest,,Sleek Citrus Cleaner,cleaning supplies,segC,1,39,71.76,71.76,39,32.76,8/27/2026,,,,,,,,
8/14/2026,456,202,Pristine Suppliers of Granitecrest,1,Sleek Party Napkins,paper & tissue,segA,4,29,42.05,168.2,116,52.2,8/17/2026,,,,,,,,
8/14/2026,456,202,Pristine Suppliers of Granitecrest,3,Sparkling Party Napkins,paper & tissue,segA,3,21,29.19,87.57,63,24.57,8/17/2026,,,,,,,,
8/14/2026,456,202,Pristine Suppliers of Granitecrest,14,Spotless Pocket Tissues,  paper & tissue ,segA,5,20,26.4,132,100,32,8/17/2026,,,,,,,,
8/14/2026,456,202,Pristine Suppliers of Granitecrest,18,Pristine Lunch Napkins,paper & tissue,segA,2,20,29.8,59.6,40,19.6,8/17/2026,,,,,,,,
8/14/2026,456,202,Pristine Suppliers of Granitecrest,19,Fresh Party Napkins,paper & tissue,segA,3,45,66.6,199.8,135,64.8,8/17/2026,,,,,,,,
9/3/2026,49,203,Bright Keepers of Riverburg,2,Glossy Party Napkins,paper & tissue,segC,1,29,45.82,45.82,29,16.82,9/11/2026,,,,,,,,
9/3/2026,49,203,Bright Keepers of Riverburg,7,Gleaming Bathroom Tissue,  paper & tissue ,segC,1,16,23.68,23.68,16,7.68,9/11/2026,,,,,,,,
9/3/2026,49,203,Bright Keepers of Riverburg,30,Immaculate Markers,office products,segA,3,28,44.24,132.72,84,48.72,9/11/2026,,,,,,,,
9/3/2026,49,203,Bright Keepers of Riverburg,32,Bright Desk Organizers,office products,segA,6,,60.72,364.32,264,100.32,9/11/2026,,,,,,,,
9/3/2026,49,203,Bright Keepers of Riverburg,33,Dazzling File Folders,,segA,1,26,38.22,38.22,26,12.22,9/11/2026,,,,,,,,
9/3/2026,49,203,Bright Keepers of Riverburg,37,Bright Recycled Paper,office products,segA,6,24,36.96,221.76,144,77.76,9/11/2026,,,,,,,,
9/3/2026,49,203,Bright Keepers of Riverburg,41,Dazzling File Folders,office products,segA,3,46,69.46,208.38,138,70.38,9/11/2026,,,,,,,,
9/3/2026,49,203,Bright Keepers of Riverburg,42,Polished Markers,office products,segA,1,28,41.72,41.72,28,13.72,9/11/2026,,,,,,,,
9/3/2026,49,203,Bright Keepers of Riverburg,65,Sparkling Citrus Cleaner,cleaning supplies,segC,1,20,35.8,35.8,20,15.8,9/11/2026,,,,,,,,
9/3/2026,49,203,Bright Keepers of Riverburg,99,Glossy Letter Size Paper,copy paper,segA,6,57,76.95,461.7,342,119.7,9/11/2026,,,,,,,,
9/3/2026,49,203,Bright Keepers of Riverburg,102,Sleek Resume Paper,copy paper,segA,2,26,39,78,52,26,9/11/2026,,,,,,,,
9/3/2026,49,203,Bright Keepers of Riverburg,108,Dazzling Cardstock,copy paper,segA,12,21,24.57,294.84,252,42.84,9/11/2026,,,,,,,,
9/3/2026,49,203,Bright Keepers of Riverburg,110,Pristine Cardstock,copy paper,segA,31,42,54.6,1692.6,1302,390.6,9/11/2026,,,,,,,,
9/3/2026,49,203,Bright Keepers of Riverburg,102,Sleek Resume Paper,copy paper,segA,2,26,39,78,52,26,9/11/2026,,,,,,,,
8/31/2026,118,203,Bright Keepers of Riverburg,11,Fresh Lunch Napkins,paper & tissue,,2,21,33.39,66.78,42,24.78,9/1/2026,,,,,,,,
8/31/2026,118,203,Bright Keepers of Riverburg,25,Dazzling Binder Clips,office products,segA,1,45,60.3,60.3,45,15.3,9/1/2026,,,,,,,,
8/31/2026,118,203,Bright Keepers of Riverburg,28,Immaculate Binder Clips,office products,segA,1,,38.57,38.57,29,9.57,9/1/2026,,,,,,,,
8/31/2026,118,203,Bright Keepers of Riverburg,35,Dazzling Staplers,office products,segA,5,27,37.53,187.65,135,52.65,9/1/2026,,,,,,,,
8/31/2026,118,203,Bright Keepers of Riverburg,42,Polished Markers,office products,segA,1,28,41.72,41.72,28,,9/1/2026,,,,,,,,
8/31/2026,118,203,Bright Keepers of Riverburg,43,Fresh File Folders,office products,segA,5,50,66.5,332.5,250,82.5,9/1/2026,,,,,,,,
31/08/2026,118,203,Bright Keepers of Riverburg,79,Immaculate Microwave Popcorn,breakroom supplies,segB,1,25,54.5,54.5,25,29.5,9/1/2026,,,,,,,,
8/31/2026,118,203,Bright Keepers of Riverburg,89,Sparkling Disposable Cups,  breakroom supplies ,segB,1,21,46.83,46.83,21,25.83,1/9/2026,,,,,,,,
8/31/2026,118,203,Bright Keepers of Riverburg,108,Dazzling Cardstock,copy paper,segA,9,,24.57,,189,32.13,9/1/2026,,,,,,,,
8/31/2026,118,203,Bright Keepers of Riverburg,110,Pristine Cardstock,copy paper,segA,22,,54.6,1201.2,924,277.2,9/1/2026,,,,,,,,
8/31/2026,118,203,Bright Keepers of Riverburg,,Glossy Recycled Paper,copy paper,  segA ,2,54,84.24,168.48,108,60.48,9/1/2026,,,,,,,,
8/31/2026,118,203,Bright Keepers of Riverburg,114,Glossy Recycled Paper,copy paper,segA,6,32,46.08,276.48,192,84.48,9/1/2026,,,,,,,,
8/31/2026,118,203,Bright Keepers of Riverburg,115,Polished Glossy Photo Paper,copy paper,segA,2,59,90.27,180.54,118,62.54,9/1/2026,,,,,,,,
8/31/2026,118,203,Bright Keepers of Riverburg,116,  Immaculate Legal Size Paper ,copy paper,  segA ,2,59,90.27,180.54,118,62.54,9/1/2026,,,,,,,,
8/31/2026,118,203,Bright Keepers of Riverburg,42,Polished Markers,office products,segA,1,28,41.72,41.72,28,,9/1/2026,,,,,,,,
8/27/2026,196,203,Bright Keepers of Riverburg,27,Sparkling Sticky Notes,office products,segA,2,43,63.21,126.42,86,40.42,8/28/2026,,,,,,,,
8/27/2026,196,203,Bright Keepers of Riverburg,30,Immaculate Markers,office products,segA,3,28,44.24,132.72,84,48.72,8/28/2026,,,,,,,,
8/27/2026,196,203,Bright Keepers of Riverburg,32,Bright Desk Organizers,office products,segA,6,44,60.72,364.32,264,100.32,8/28/2026,,,,,,,,
8/27/2026,196,203,Bright Keepers of Riverburg,35,Dazzling Staplers,office products,segA,2,27,37.53,75.06,54,21.06,8/28/2026,,,,,,,,
8/27/2026,196,203,Bright Keepers of Riverburg,41,Dazzling File Folders,office products,segA,2,46,69.46,138.92,92,46.92,8/28/2026,,,,,,,,
8/27/2026,196,203,Bright Keepers of Riverburg,43,Fresh File Folders,office products,segA,6,50,66.5,399,300,99,8/28/2026,,,,,,,,
8/27/2026,196,203,Bright Keepers of Riverburg,83,Spotless Energy Drinks,breakroom supplies,,1,26,47.84,47.84,26,21.84,8/28/2026,,,,,,,,
8/27/2026,196,203,Bright Keepers of Riverburg,99,Glossy Letter Size Paper,copy paper,segA,5,57,76.95,384.75,285,99.75,8/28/2026,,,,,,,,
8/27/2026,196,203,Bright Keepers of Riverburg,101,Radiant Colored Paper,copy paper,sgeA,2,60,83.4,166.8,120,46.8,8/28/2026,,,,,,,,
8/27/2026,196,203,Bright Keepers of Riverburg,102,Sleek Resume Paper,copy paper,segA,2,26,39,78,52,26,28/08/2026,,,,,,,,
8/27/2026,196,203,Bright Keepers of Riverburg,106,Sleek Resume Paper,copy paper,segA,1,48,67.2,67.2,48,19.2,8/28/2026,,,,,,,,
8/27/2026,196,203,Bright Keepers of Riverburg,,Glossy Recycled Paper,copy paper,segA,3,54,84.24,252.72,162,90.72,28/08/2026,,,,,,,,
8/27/2026,196,203,Bright Keepers of Riverburg,115,Polished Glossy Photo Paper,copy paper,segA,2,59,90.27,180.54,118,62.54,8/28/2026,,,,,,,,
8/25/2026,262,203,Bright Keepers of Riverburg,25,Dazzling Binder Clips,office products,segA,1,45,60.3,60.3,45,15.3,9/2/2026,,,,,,,,
8/25/2026,262,203,  Bright Keepers of Riverburg ,27,Sparkling Sticky Notes,office products,  segA ,3,43,63.21,189.63,129,60.63,9/2/2026,,,,,,,,
8/25/2026,262,203,Bright Keepers of Riverburg,28,Immaculate Binder Clips,office products,segA,1,29,38.57,38.57,29,9.57,9/2/2026,,,,,,,,
8/25/2026,262,203,Bright Keepers of Riverburg,30,Immaculate Markers,office products,segA,4,28,44.24,176.96,112,64.96,9/2/2026,,,,,,,,
8/25/2026,262,203,Bright Keepers of Riverburg,33,Dazzling File Folders,office products,segA,1,26,38.22,38.22,26,12.22,9/2/2026,,,,,,,,
8/25/2026,262,203,Bright Keepers of Riverburg,35,Dazzling Staplers,office products,,4,27,37.53,150.12,108,42.12,9/2/2026,,,,,,,,
8/25/2026,262,203,Bright Keepers of Riverburg,43,Fresh File Folders,office products,segA,3,50,66.5,199.5,150,49.5,9/2/2026,,,,,,,,
8/25/2026,262,203,  Bright Keepers of Riverburg ,66,Radiant Glass Cleaner,cleaning supplies,segC,1,,36.33,36.33,21,15.33,9/2/2026,,,,,,,,
8/25/2026,262,203,Bright Keepers of Riverburg,83,Spotless Energy Drinks,,segB,1,26,47.84,47.84,26,,9/2/2026,,,,,,,,
8/25/2026,262,203,Bright Keepers of Riverburg,,Glossy Letter Size Paper,copy paper,segA,,57,76.95,230.85,171,59.85,9/2/2026,,,,,,,,
8/25/2026,262,203,Bright Keepers of Riverburg,102,Sleek Resume Paper,copy paper,segA,3,26,39,117,,39,9/2/2026,,,,,,,,
8/25/2026,262,203,Bright Keepers of Riverburg,108,Dazzling Cardstock,copy paper,segA,6,21,24.57,147.42,126,21.42,9/2/2026,,,,,,,,
8/25/2026,262,203,Bright Keepers of Riverburg,115,Polished Glossy Photo Paper,copy paper,segA,3,59,90.27,270.81,177,93.81,9/2/2026,,,,,,,,
8/14/2026,457,203,Bright Keepers of Riverburg,25,Dazzling Binder Clips,office products,segA,2,45,60.3,120.6,90,30.6,17/08/2026,,,,,,,,
8/14/2026,457,203,Bright Keepers of Riverburg,30,Immaculate Markers,office products,segA,3,28,44.24,132.72,84,48.72,8/17/2026,,,,,,,,
8/14/2026,457,203,Bright Keepers of Riverburg,32,Bright Desk Organizers,office products,segA,5,44,60.72,303.6,220,83.6,8/17/2026,,,,,,,,
8/14/2026,457,203,Bright Keepers of Riverburg,43,Fresh File Folders,office products,segA,5,50,66.5,332.5,250,82.5,8/17/2026,,,,,,,,
8/14/2026,457,203,Bright Keepers of Riverburg,47,Immaculate Staplers,office products,segA,2,24,31.68,63.36,48,15.36,8/17/2026,,,,,,,,
8/14/2026,457,203,Bright Keepers of Riverburg,52,Spotless Air Freshener,cleaning supplies,segC,1,49,95.06,95.06,49,46.06,,,,,,,,,
8/14/2026,457,203,Bright Keepers of Riverburg,78,Glossy Creamers,breakroom uspplies,segB,1,27,50.49,50.49,27,23.49,8/17/2026,,,,,,,,
8/14/2026,457,203,Bright Keepers of Riverburg,99,Glossy Letter Size Paper,copy paper,segA,3,57,76.95,230.85,171,59.85,8/17/2026,,,,,,,,
8/14/2026,457,203,Bright Keepers of Riverburg,108,Dazzling Cardstock,copy paper,segA,6,21,24.57,147.42,126,21.42,8/17/2026,,,,,,,,
8/13/2026,491,203,Bright Keepers of Riverburg,10,Pristine 2-Ply Toilet Paper,paper & tissue,segC,1,26,40.56,40.56,26,14.56,8/14/2026,,,,,,,,
8/13/2026,491,203,Bright Keepers of Riverburg,11,Fresh Lunch aNpkins,paper & tissue,,2,21,33.39,66.78,42,24.78,8/14/2026,,,,,,,,
8/13/2026,491,203,Bright Keepers of Riverburg,27,Sparkling Sticky Notes,office products,segA,3,43,63.21,189.63,129,60.63,8/14/2026,,,,,,,,
8/13/2026,491,203,Bright Keepers of Riverburg,100,Dazzling Legal Size Paper,copy paper,segA,31,24,27.36,848.16,744,104.16,8/14/2026,,,,,,,,
8/13/2026,491,203,  Bright Keepers of Riverburg ,110,Pristine Cardstock,copy paper,segA,,42,,982.8,756,226.8,8/14/2026,,,,,,,,
8/13/2026,491,203,Bright Keepers of Riverburg,115,Polished Glossy Photo Paper,  copy paper ,segA,3,59,90.27,270.81,177,93.81,8/14/2026,,,,,,,,
8/12/2026,523,203,Bright Keepers of Riverburg,1,Sleek Party Napkins,paper & tissue,segC,1,29,43.21,43.21,29,14.21,8/13/2026,,,,,,,,
,523,203,Bright Keepers of Riverburg,32,Bright Desk Organizers,office products,segA,5,44,60.72,303.6,220,,8/13/2026,,,,,,,,
8/12/2026,523,203,Bright Keepers of Riverburg,33,Dazzling File Folders,office products,segA,2,26,,76.44,52,24.44,8/13/2026,,,,,,,,
8/12/2026,523,203,Bright Keepers of Riverburg,35,,office products,segA,2,27,37.53,,54,21.06,8/13/2026,,,,,,,,
8/12/2026,523,203,Bright Keepers of Riverburg,37,Bright Recycled Paper,office products,segA,5,24,36.96,184.8,120,64.8,8/13/2026,,,,,,,,
8/12/2026,523,203,Bright Keepers of Riverburg,42,Polished Markers,office products,segA,1,28,41.72,41.72,,13.72,8/13/2026,,,,,,,,
8/12/2026,523,203,Bright Keepers of Riverburg,99,Glossy Letter Size Paper,copy paper,segA,3,57,76.95,230.85,171,59.85,8/13/2026,,,,,,,,
8/12/2026,523,203,Bright Keepers of Riverburg,102,Sleek Resume Paper,copy paper,segA,1,26,39,39,26,13,8/13/2026,,,,,,,,
8/12/2026,523,203,Bright Keepers of Riverburg,105,Pristine Graph Paper,copy paper,segA,1,52,77.48,77.48,52,25.48,8/13/2026,,,,,,,,
8/12/2026,523,203,Bright Keepers of Riverburg,109,Immaculate Resume Paper,copy paper,segA,2,31,40.61,81.22,,19.22,8/13/2026,,,,,,,,
8/12/2026,523,203,BrightK eepers of Riverburg,110,Pristine Cardstock,copy paper,segA,26,42,54.6,1419.6,1092,327.6,8/13/2026,,,,,,,,
8/12/2026,523,203,Bright Keepers of Riverburg,115,Polished Glossy Photo Paper,copy paper,segA,3,59,90.27,270.81,177,,8/13/2026,,,,,,,,
8/25/2026,,203,Bright Keepers of Riverburg,37,Bright Recycled Paper,office products,segA,4,24,36.96,147.84,96,51.84,9/2/2026,,,,,,,,
14/08/2026,,203,Bright Keepers of Riverburg,37,Bright Recycled Paper,offic eproducts,,5,24,36.96,184.8,120,64.8,8/17/2026,,,,,,,,
8/21/2026,322,204,Sleek Facilities of Harborhaven,22,Sparkling Pocket Tissues,paper & tissue,segC,1,41,65.19,65.19,41,24.19,8/24/2026,,,,,,,,
8/21/2026,322,204,Sleek Facilities of Harborhaven,85,  Sparkling Microwave Popcorn ,breakroom supplies,segD,1,12,,23.52,12,,8/24/2026,,,,,,,,
8/17/2026,422,204,Sleek Facilities of Harborhaven,9,Fresh Kitchen Towels,paper & tissue,segC,2,,50.82,101.64,66,35.64,8/18/2026,,,,,,,,
8/17/2026,422,204,Sleek Facilities of Harborhaven,12,Immaculate Roll Paper Towels,paper & tissue,segC,2,44,68.2,136.4,88,48.4,8/18/2026,,,,,,,,
8/17/2026,422,204,Sleek Facilities of Harborhaven,42,Polished Markers,office products,segD,2,28,51.52,103.04,56,47.04,,,,,,,,,
8/17/2026,422,204,Sleek Facilities of Harborhaven,,Glossy Recycled Paper,copy paper,segC,1,54,77.22,77.22,54,23.22,8/18/2026,,,,,,,,
8/11/2026,542,204,Sleek Facilities of Harborhaven,72,Gleaming Glass Cleaner,cleaning supplies,segC,,23,45.54,45.54,23,22.54,8/12/2026,,,,,,,,
8/11/2026,542,204,Sleek Facilities of Harborhaven,73,Spotless Creamers,breakroom supplies,sgeD,1,18,43.02,43.02,18,25.02,8/12/2026,,,,,,,,
8/11/2026,542,204,Sleek Facilities of Harborhaven,97,Sparkling Legal Size Paper,copy paper,segC,3,39,61.62,184.86,117,67.86,8/12/2026,,,,,,,,
8/27/2026,197,205,Pristine Stewards of Riverridge,10,Pristine 2-Ply Toilet Paper,paper & tissue,segA,4,,39,156,104,52,9/4/2026,,,,,,,,
8/27/2026,197,205,Pristine Stewards of Riverridge,48,Fresh Desk Organizers,office products,segC,1,29,46.4,46.4,,17.4,9/4/2026,,,,,,,,
8/27/2026,197,205,Pristine Stewards of Riverridge,59,Spotless All-Purpose Cleaner,cleaning supplies,segB,1,,81.31,81.31,47,,9/4/2026,,,,,,,,
27/08/2026,197,205,Pristine Stewards of Riverridge,,Glossy Recycled Paper,copy paper,segC,2,54,80.46,160.92,108,52.92,9/4/2026,,,,,,,,
8/27/2026,197,205,Pristine Stewards of Riverridge,117,Dazzling Graph Paper,copy paper,segC,1,51,,74.46,51,23.46,9/4/2026,,,,,,,,
8/27/2026,197,205,Pristine Stewards of Riverridge,118,Sparkling Cardstock,copy paper,segC,1,37,62.53,62.53,37,25.53,9/4/2026,,,,,,,,
8/18/2026,391,205,Pristine Stewards of Riverridge,1,Sleek Party Napkins,paper & tissue,sgeA,2,29,41.18,82.36,58,24.36,19/08/2026,,,,,,,,
8/18/2026,391,205,Pristine Stewards of Riverridge,2,Glossy Party Napkins,paper & tissue,segA,3,29,39.15,117.45,87,30.45,8/19/2026,,,,,,,,
8/18/2026,391,205,Pristine Stewards of Riverridge,9,Fresh Kitchen Towels,paper & tissue,segA,6,33,48.51,291.06,198,93.06,8/19/2026,,,,,,,,
8/18/2026,391,205,Pristine Stewards of Riverridge,23,Dazzling Roll PaperT owels,,segA,2,40,52.4,104.8,80,24.8,8/19/2026,,,,,,,,
8/18/2026,391,205,Pristine Stewards of Riverridge,24,Sparkling Pocket Tissues,paper & tissue,segA,6,18,24.66,147.96,108,39.96,8/19/2026,,,,,,,,
8/18/2026,391,205,Pristine Stewards of Riverridge,57,Glossy All-Purpose Cleaner,cleaning supplies,segB,1,51,96.39,96.39,51,45.39,8/19/2026,,,,,,,,
8/18/2026,391,205,Pristine Stewards of Riverridge,70,Sleek Air Freshener,cleaning supplies,segB,,33,59.07,59.07,33,26.07,19/08/2026,,,,,,,,
8/18/2026,391,205,Pristine Stewards of Riverridge,99,Glossy Letter Size Paper,copy paper,segC,1,57,88.35,88.35,57,31.35,8/19/2026,,,,,,,,
8/18/2026,391,205,Pristien Stewards of Riverridge,117,Dazlzing Graph Paper,copy paper,segC,1,,74.46,74.46,51,23.46,8/19/2026,,,,,,,,
8/18/2026,391,205,Pristine Stewards of Riverridge,118,Sparkling Cardstock,copy paper,  segC ,1,37,62.53,62.53,37,25.53,8/19/2026,,,,,,,,
8/28/2026,160,206,Bright Suppliers of Valleyport,5,Polished Kitchen Towels,paper & tissue,segB,1,35,50.75,50.75,35,15.75,8/31/2026,,,,,,,,
8/28/2026,160,206,Bright Suppliers of Valleyport,22,Sparkling Pocket Tissues,paper & tissue,segB,1,41,58.22,58.22,41,17.22,8/31/2026,,,,,,,,
8/28/2026,160,206,Bright Suppliers of Valleyport,32,Bright Desk Organizers,office products,segD,1,44,71.72,71.72,44,27.72,8/31/2026,,,,,,,,
28/08/2026,160,206,Bright Suppliers of Valleyport,107,Radiant Glossy Photo Paper,copy paper,segA,1,58,89.9,,58,31.9,31/08/2026,,,,,,,,
8/28/2026,160,206,Bright Suppliers of Valleyport,113,Polished Recycled Paper,copy paper,segA,3,36,47.16,141.48,108,33.48,8/31/2026,,,,,,,,
8/28/2026,160,206,Bright Suppliers of Valleyport,32,Bright Desk Organizers,office products,segD,1,44,71.72,71.72,44,27.72,8/31/2026,,,,,,,,
8/21/2026,323,206,Bright Suppliers of Valleyport,17,Glossy Lunch Napkins,paper & tissue,segB,1,31,45.57,,31,14.57,8/24/2026,,,,,,,,
8/21/2026,323,206,Bright Suppliers of Valleyport,58,Spotless Floor Cleaner,cleaning supplies,segC,1,31,60.45,60.45,31,29.45,,,,,,,,,
,323,206,Bright Suppliers of Valleyport,95,Bright Disposable Cups,breakroom supplies,segD,1,13,28.6,28.6,13,15.6,8/24/2026,,,,,,,,
8/21/2026,323,206,Bright Suppliers of Valleyport,100,Dazzling Legal Size Paper,copy paper,segA,1,24,,32.4,24,8.4,8/24/2026,,,,,,,,
8/21/2026,323,206,Bright Suppliers of Valleyport,104,Gleaming Glossy Photo Paper,copy paper,segA,3,52,80.08,240.24,156,84.24,24/08/2026,,,,,,,,
8/21/2026,323,206,Bright Suppliers of Valleyport,110,Pristine Cardstock,copy paper,segA,5,42,60.06,300.3,210,90.3,8/24/2026,,,,,,,,
8/21/2026,323,206,Bright Suppliers of Valleyport,,Glossy Recycled Paper,copy paper,segA,2,54,76.14,152.28,108,44.28,8/24/2026,,,,,,,,
8/21/2026,323,206,Bright Suppliers of Valleyport,113,Polished Recycled Paper,copy paper,segA,6,36,47.16,282.96,216,66.96,8/24/2026,,,,,,,,
8/27/2026,198,207,Polished Keepers of Lakeport,2,Glossy Party Napkins,paper & tissue,segA,3,29,39.44,118.32,87,31.32,8/28/2026,,,,,,,,
8/27/2026,198,207,  Polished Keepers of Lakeport ,15,Sparkling 2-Ply Toilet Paper,paper & tsisue,segA,1,43,63.21,63.21,43,20.21,8/28/2026,,,,,,,,
8/27/2026,198,207,Polished Keepers of Lakeport,16,Dazzling Bathroom Tissue,paper & tissue,segA,2,42,58.8,117.6,84,33.6,8/28/2026,,,,,,,,
,198,207,Polished Keepers of Lakeport,17,Glosys Lunch Napkins,paper & tissue,segA,4,31,44.64,178.56,124,54.56,8/28/2026,,,,,,,,
8/27/2026,198,207,Polished Keepers of Lakeport,32,Bright Desk Organizers,office products,  segA ,6,44,60.28,361.68,,97.68,8/28/2026,,,,,,,,
8/27/2026,198,207,Polished Keepers of Lakeport,37,Bright Recycled Paper,office products,segA,1,24,37.44,37.44,24,13.44,8/28/2026,,,,,,,,
8/27/2026,198,207,Polished Keepers of Lakeport,42,Polished Markers,office products,segA,3,28,37.24,111.72,84,27.72,8/28/2026,,,,,,,,
8/27/2026,198,207,Polished Keepers of Lakeport,46,Spotless Desk Organizers,office products,segA,1,33,46.53,46.53,33,13.53,8/28/2026,,,,,,,,
8/27/2026,198,207,Polished Keepers of Lakeport,100,Dazzling Legal Size Paper,copy paper,segD,1,24,39.84,39.84,24,15.84,28/08/2026,,,,,,,,
9/4/2026,18,209,Bright Maintainers of Lakeville,2,Glossy Party Napkins,paper & tissue,segA,13,29,40.02,520.26,377,143.26,9/7/2026,,,,,,,,
9/4/2026,18,209,Bright Maintainers of Lakeville,3,Sparkling Party Napkins,paper & tissue,segA,12,21,30.24,362.88,252,110.88,9/7/2026,,,,,,,,
9/4/2026,18,209,Bright Maintainers of Lakeville,9,Fresh Kitchen Towels,paper & tissue,segA,14,33,46.53,651.42,462,189.42,9/7/2026,,,,,,,,
9/4/2026,18,209,Bright Maintainers of Lakeville,28,Immaculate Binder Clips,office products,segA,13,29,39.15,508.95,377,131.95,9/7/2026,,,,,,,,
9/4/2026,18,209,Bright Maintainers of Lakeville,30,Immaculate Markers,office products,segA,9,28,44.24,398.16,252,146.16,9/7/2026,,,,,,,,
9/4/2026,18,209,Bright Maintainers of Lakeville,31,Polished Highlighters,office products,segA,113,17,22.1,2497.3,1921,576.3,9/7/2026,,,,,,,,
9/4/2026,18,209,Bright Maintainers of Lakeville,37,Bright Recycled Paper,,segA,232,24,30.72,7127.04,5568,1559.04,9/7/2026,,,,,,,,
9/4/2026,18,209,Bright Maintainers of Lakeville,47,Immaculate Staplers,office products,segA,8,24,35.52,284.16,,92.16,9/7/2026,,,,,,,,
9/4/2026,18,209,Bright Maintainers of Lakeville,50,Bright Glass Cleaner,cleaning supplies,segC,1,23,40.48,40.48,23,17.48,9/7/2026,,,,,,,,
9/4/2026,18,209,Bright Maintainers of Lakeville,73,Spotless Creamers,breakroom supplies,segA,3,18,30.96,92.88,54,38.88,9/7/2026,,,,,,,,
9/4/2026,18,209,Bright Maintainers of Lakeville,76,Immaculate Granola Bars,breakroom supplies,segA,3,10,20.8,62.4,30,32.4,9/7/2026,,,,,,,,
9/4/2026,18,209,Bright Maintainers of Lakeville,80,Spotless Instant Soups,breakroom supplies,segA,1,17,30.6,30.6,17,13.6,9/7/2026,,,,,,,,
9/4/2026,18,209,Bright Maintainers of Lakeville,84,Sparkling Creamers,breakroom supplies,segA,9,18,35.64,320.76,,158.76,9/7/2026,,,,,,,,
9/4/2026,18,209,Bright Maintainers of Lakeville,87,  Glossy Tea Selection ,breakroom supplies,segA,3,11,20.13,60.39,33,27.39,9/7/2026,,,,,,,,
9/4/2026,18,209,Bright Maintainers of Lakeville,89,Sparkling Disposable Cups,breakroom supplies,segA,3,21,39.27,117.81,63,54.81,7/9/2026,,,,,,,,
4/9/2026,18,209,Bright Maintainers of Lakeville,91,Glossy Microwave Popcorn,breakroom supplies,segA,2,29,53.94,107.88,58,49.88,9/7/2026,,,,,,,,
9/4/2026,18,209,  Bright Maintainers of Lakeville ,92,Glossy Instant Soups,,segA,3,24,42.48,127.44,72,55.44,9/7/2026,,,,,,,,
9/4/2026,18,209,Bright Maintainers of Lakeville,97,Sparkling Legal Size Paper,copy paper,segA,16,39,56.94,911.04,624,287.04,9/7/2026,,,,,,,,
9/4/2026,18,209,Bright Maintainers of Lakeville,100,Dazzling Legal Size Paper,copy paper,segA,,24,31.44,220.08,168,52.08,9/7/2026,,,,,,,,
9/4/2026,18,209,Bright Maintainers of Lakeville,110,  Pristine Cardstock ,copy paper,segA,11,42,63.42,697.62,462,235.62,7/9/2026,,,,,,,,
9/4/2026,18,209,Bright Maintainers of Lakeville,118,Sparkling Cardstock,copy paper,segA,10,37,51.06,510.6,370,140.6,9/7/2026,,,,,,,,
9/4/2026,18,209,Bright Maintainers of Lakeville,120,Sparkling Letter Size Paper,copy paper,segA,7,45,65.25,456.75,315,141.75,9/7/2026,,,,,,,,
,119,209,Bright Maintainers of Lakeville,3,Sparkling Party Napkins,paper & tissue,segA,12,21,30.24,362.88,252,110.88,9/1/2026,,,,,,,,
8/31/2026,119,209,Bright Maintainers of Lakeville,5,,paper & tissue,segA,126,35,40.6,5115.6,4410,705.6,9/1/2026,,,,,,,,
8/31/2026,119,209,Bright Maintainers of Lakeville,15,Sparkling 2-Ply Toilet Paper,paper & tissue,segA,9,43,58.48,526.32,,139.32,1/9/2026,,,,,,,,
8/31/2026,119,209,Bright Maintainers of Lakeville,16,,paper & tissue,segA,15,42,58.38,875.7,630,245.7,9/1/2026,,,,,,,,
31/08/2026,119,209,Bright Maintainers of Lakeville,,Glossy Facial Tissues,paper & tissue,segA,9,47,66.74,600.66,423,177.66,9/1/2026,,,,,,,,
8/31/2026,119,209,Bright Maintainers of Lakeville,23,Dazzling Roll Paper Towels,paper & tissue,segA,5,40,53.2,266,200,66,9/1/2026,,,,,,,,
8/31/2026,119,209,Bright Maintainers of Lakeville,28,Immaculate Binder Clips,office products,segA,14,29,39.15,548.1,406,142.1,9/1/2026,,,,,,,,
8/31/2026,119,209,Bright Maintainers of Lakeville,29,Dazzling Paper Clips,office products,segA,7,37,52.17,365.19,259,106.19,9/1/2026,,,,,,,,
,119,209,Bright Maintainers of Lakeville,30,Immaculate Markers,office products,segA,12,28,44.24,530.88,336,194.88,9/1/2026,,,,,,,,
8/31/2026,119,209,Bright Maintainers of Lakeville,40,Immaculate Markers,office products,segA,23,34,53.38,1227.74,782,445.74,9/1/2026,,,,,,,,
8/31/2026,119,209,Bright Maintainers of Lakeville,43,Fresh File Folders,office products,segA,12,50,68,816,600,216,9/1/2026,,,,,,,,
8/31/2026,119,209,Bright Maintainers of Lakeville,44,Gleaming Recycled Paper,office products,segA,8,,47.26,378.08,272,106.08,9/1/2026,,,,,,,,
8/31/2026,119,209,Bright Maintainers of Lakeville,75,  Fresh Microwave Popcorn ,breakroom supplies,,2,18,33.48,66.96,36,30.96,9/1/2026,,,,,,,,
8/31/2026,119,209,Bright Maintainers of Lakeville,77,Sleek Disposable Cups,breakroom supplies,segA,5,25,45.5,227.5,125,102.5,9/1/2026,,,,,,,,
8/31/2026,119,209,Bright Maintainers of Lakeville,85,Sparkling Microwave Popcorn,breakroom supplies,segA,3,12,21.96,65.88,36,29.88,9/1/2026,,,,,,,,
8/31/2026,119,209,Bright Maintainers of Lakeville,87,Glossy Tea Selection,breakroom supplies,segA,3,11,20.13,60.39,,27.39,9/1/2026,,,,,,,,
31/08/2026,119,209,Bright Maintainers of Lakeville,88,Gleaming Coffee Beans,breakroom supplies,segA,5,18,37.44,187.2,90,97.2,1/9/2026,,,,,,,,
8/31/2026,119,209,Bright Maintainers of Lakeville,97,Sparkling Legal Size Paper,copy paper,segA,11,39,56.94,626.34,429,197.34,9/1/2026,,,,,,,,
8/31/2026,119,209,Bright Maintainers of Lakeville,104,Gleaming Glossy Photo Paper,copy paper,segA,14,52,83.2,1164.8,728,436.8,9/1/2026,,,,,,,,
8/31/2026,119,209,Bright Maintainers of Lakeville,110,Pristine Cardstock,copy paper,segA,7,42,63.42,443.94,294,149.94,9/1/2026,,,,,,,,
8/26/2026,229,209,Bright Maintainers of Lakeville,2,Glossy Party Napkins,paper & tissue,sgeA,11,29,40.02,440.22,319,121.22,9/10/2026,,,,,,,,
8/26/2026,229,209,Bright Maintainers of Lakeville,3,Sparkling Party Napkins,paper & tissue,,10,21,30.24,302.4,210,92.4,9/10/2026,,,,,,,,
,229,209,Bright Maintainers of Lakeville,4,Bright Bathroom Tissue,paper & tissue,esgA,9,26,37.96,341.64,234,107.64,9/10/2026,,,,,,,,
8/26/2026,229,209,Bright Maintainers of Lakeville,7,Gleaming Bathroom Tissue,paper & tissue,segA,13,16,20.96,272.48,208,64.48,9/10/2026,,,,,,,,
8/26/2026,229,209,Bright Maintainers of Lakeville,9,Fresh Kitchen Towels,paper & tissue,segA,12,33,46.53,558.36,396,162.36,9/10/2026,,,,,,,,
8/26/2026,229,209,Bright Maintainers of Lakeville,15,Sparkling 2-Ply Toilet Paper,paper & tissue,segA,4,43,58.48,233.92,172,61.92,9/10/2026,,,,,,,,
26/08/2026,229,209,Bright Maintainers of Lakeville,17,Glossy Lunch Napkins,paper & tissue,segA,9,31,42.47,382.23,279,103.23,9/10/2026,,,,,,,,
8/26/2026,229,209,Bright Maintainers of Lakeville,23,Dazzling Roll Paper Towels,paper & tissue,segA,5,40,53.2,266,200,66,9/10/2026,,,,,,,,
8/26/2026,229,209,Bright Maintainers of Lakeville,31,Polished Highlighters,office products,segA,95,17,22.1,2099.5,1615,484.5,9/10/2026,,,,,,,,
8/26/2026,229,209,Bright Maintainers of Lakeville,35,Dazzling Staplers,office products,segA,17,27,,683.91,459,224.91,9/10/2026,,,,,,,,
8/26/2026,229,209,Bright Maintainers of Lakeville,38,Radiant Pens,office products,segA,17,17,23.29,395.93,289,106.93,9/10/2026,,,,,,,,
8/26/2026,229,209,Bright Maintainers of Lakeville,44,Gleaming Recycled Paper,office products,segA,4,34,47.26,189.04,136,53.04,9/10/2026,,,,,,,,
8/26/2026,229,209,Bright Maintainers of Lakeville,50,Bright Glass Cleaner,cleanin gsupplies,segC,1,23,,40.48,23,17.48,9/10/2026,,,,,,,,
8/26/2026,229,209,Bright Maintainers of Lakeville,63,Polished Glass Cleaner,cleaning supplies,segC,1,,77.28,77.28,42,35.28,9/10/2026,,,,,,,,
8/26/2026,229,209,Bright Maintainers of Lakeville,77,Sleek Disposable Cups,breakroom supplies,segA,8,25,45.5,364,200,164,9/10/2026,,,,,,,,
8/26/2026,229,209,Bright Maintainers of Lakeville,84,Sparkling Creamers,breakroom supplies,segA,9,18,35.64,320.76,162,,9/10/2026,,,,,,,,
8/26/2026,229,209,Bright Maintainers of Laekville,85,Sparkling Microwave Popcorn,breakroom supplies,segA,3,12,21.96,65.88,36,,9/10/2026,,,,,,,,
8/26/2026,229,209,Bright Maintainers of Lakeville,86,Dazzling Instant Soups,breakroom supplies,segA,9,16,31.04,279.36,144,135.36,9/10/2026,,,,,,,,
8/26/2026,229,209,Bright Maintainers of Lakeville,87,Glossy Tea Selection,breakroom supplies,segA,1,11,20.13,20.13,11,9.13,9/10/2026,,,,,,,,
8/26/2026,229,209,Bright Maintainers of Lakeville,97,Sparkling Legal Size Paper,  copy paper ,segA,16,39,56.94,911.04,624,287.04,9/10/2026,,,,,,,,
8/26/2026,229,209,Bright Maintainers of Lakeville,100,Dazzling Legal Size Paper,copy paper,segA,10,24,,314.4,240,74.4,9/10/2026,,,,,,,,
8/26/2026,229,209,Bright Maintainers of Lakeville,115,,copy paper,segA,28,59,84.96,2378.88,1652,726.88,9/10/2026,,,,,,,,
8/26/2026,229,209,Bright Maintainers of Lakeville,118,Sparkling Cardstock,copy paper,segA,9,37,51.06,459.54,333,126.54,9/10/2026,,,,,,,,
8/26/2026,229,209,Bright Maintainers of Lakeville,120,Sparkling Letter Size Paper,copy paper,segA,11,45,65.25,717.75,495,222.75,9/10/2026,,,,,,,,
8/25/2026,263,209,  Bright Maintainers of Lakeville ,3,Sparkling Party Napkins,paper & tissue,segA,7,21,30.24,211.68,147,64.68,8/26/2026,,,,,,,,
8/25/2026,263,209,Bright Maintainers of Lakeville,16,Dazzling Bathroom Tissue,paper & tissue,segA,8,42,58.38,467.04,336,131.04,8/26/2026,,,,,,,,
25/08/2026,263,209,Bright Maintainers of Lakeville,21,Glossy Facial Tissues,paper & tissue,segA,12,47,66.74,800.88,564,236.88,26/08/2026,,,,,,,,
8/25/2026,263,209,Bright Maintainers of Lakeville,23,Dazzling Roll Paper Towels,paper & tissue,segA,4,40,,212.8,160,52.8,8/26/2026,,,,,,,,
8/25/2026,263,209,Bright Maintainers of Lakeville,29,Dazzling Paper Clips,office products,segA,10,37,52.17,521.7,370,151.7,8/26/2026,,,,,,,,
8/25/2026,263,209,Bright Maintainers of Lakeville,30,Immaculate Markers,office products,  segA ,11,28,44.24,486.64,308,,8/26/2026,,,,,,,,
8/25/2026,263,209,Bright Maintainers of Lakeville,37,Bright Recycled Paper,office products,segA,220,24,30.72,6758.4,5280,1478.4,8/26/2026,,,,,,,,
8/25/2026,263,209,Bright Maintainers of Lakeville,40,Immaculate Markers,office products,segA,14,34,53.38,747.32,476,271.32,8/26/2026,,,,,,,,
8/25/2026,263,209,Bright Maintainers of Lakeville,77,Sleek Disposable Cups,breakroom supplies,segA,7,25,45.5,318.5,175,143.5,8/26/2026,,,,,,,,
8/25/2026,263,209,  Bright Maintainers of Lakeville ,,Spotless Instant Soups,breakroom supplies,segA,1,17,30.6,30.6,17,13.6,8/26/2026,,,,,,,,
8/25/2026,263,209,Bright Maintainers of Lakeville,84,Sparkling Creamers,breakroom supplies,segA,6,18,35.64,213.84,108,105.84,8/26/2026,,,,,,,,
8/25/2026,263,209,Bright Maintainers of Lakeville,85,Sparkling Microwave Popcorn,breakroom supplies,esgA,6,12,21.96,131.76,72,59.76,8/26/2026,,,,,,,,
8/25/2026,263,209,Bright Maintainers of Lakeville,86,Dazzling Instant Soups,breakroom supplies,segA,,16,31.04,,112,105.28,8/26/2026,,,,,,,,
8/25/2026,263,209,Bright Maintainers of Lakeville,87,Glossy Tea Seelction,breakroom supplies,segA,1,11,20.13,20.13,11,9.13,8/26/2026,,,,,,,,
8/25/2026,263,209,Bright Maintainers of Lakeville,88,Gleaming Coffee Beans,breakroom supplies,  segA ,4,18,37.44,149.76,,77.76,8/26/2026,,,,,,,,
8/25/2026,263,209,Bright Maintainers of Lakeville,99,Glossy Letter Size Paper,copy paper,segA,14,57,78.09,1093.26,798,295.26,8/26/2026,,,,,,,,
8/25/2026,263,209,Bright Maintainers of Lakeville,109,Immaculate Resume Paper,copy paper,segA,27,31,49.29,1330.83,837,493.83,8/26/2026,,,,,,,,
8/25/2026,263,209,Bright Maintainers of Lakeville,115,Polished Glossy Photo Paper,copy paper,segA,28,59,84.96,,1652,726.88,8/26/2026,,,,,,,,
8/25/2026,263,209,Bright Maintainers of Lakeville,30,Immaculate Markers,office products,  segA ,11,28,44.24,486.64,308,,8/26/2026,,,,,,,,
8/20/2026,352,209,Bright Maintainers of Lakeville,2,Glossy Party Napkins,paper & tissue,segA,11,29,40.02,440.22,319,121.22,8/21/2026,,,,,,,,
8/20/2026,352,209,Bright Maintainers of Lakeville,4,Bright Bathroom Tissue,paper & tissue,segA,11,26,37.96,417.56,,131.56,8/21/2026,,,,,,,,
8/20/2026,352,209,Bright Maintainers of Lakeville,9,Fresh Kitchen Towels,paper & tissue,segA,16,33,46.53,744.48,528,216.48,8/21/2026,,,,,,,,
8/20/2026,352,209,Bright Maintainers of Lakeville,17,Glossy Lunch Napkins,paper & tissue,segA,10,31,42.47,424.7,310,114.7,8/21/2026,,,,,,,,
8/20/2026,352,209,Bright Maintainers of Lakeville,21,Glossy Facial Tissues,paper & tissue,segA,9,47,66.74,600.66,,177.66,8/21/2026,,,,,,,,
8/20/2026,352,209,Bright Maintainers of Lakeville,31,Polished Highlighters,office products,segA,123,17,22.1,2718.3,2091,627.3,21/08/2026,,,,,,,,
8/20/2026,352,209,Bright Maintainers of Lakeville,40,Immaculate Markers,office products,segA,13,34,53.38,693.94,442,251.94,8/21/2026,,,,,,,,
8/20/2026,352,209,Bright Maintainers of Lakeville,46,Spotless Desk Organizers,office products,segA,15,33,,737.55,495,242.55,8/21/2026,,,,,,,,
8/20/2026,352,209,Bright Maintainers of Lakeville,80,Spotless Instant Soups,breakroom supplies,,3,17,30.6,91.8,51,40.8,8/21/2026,,,,,,,,
8/20/2026,352,209,Bright Maintainers of Lakeville,87,Glossy Tea Selection,breakroom supplies,segA,1,11,20.13,20.13,11,9.13,8/21/2026,,,,,,,,
8/20/2026,352,209,Bright Maintainers of Lakeville,88,Gleaming Coffee Beans,breakroom supplies,segA,4,18,37.44,149.76,72,77.76,8/21/2026,,,,,,,,
8/20/2026,352,209,Bright Maintainers of Lakeville,97,,copy paper,segA,18,39,56.94,,702,322.92,8/21/2026,,,,,,,,
8/20/2026,352,209,Bright Maintainers of Lakeville,100,Dazzling Legal Size Paper,copy paper,segA,8,24,31.44,251.52,192,59.52,8/21/2026,,,,,,,,
8/20/2026,352,209,Bright Maintainers of Lakeville,108,Dazzling Cardsotck,copy paper,segA,14,21,28.35,396.9,294,102.9,8/21/2026,,,,,,,,
8/20/2026,352,209,Bright Maintainers of Lakeville,110,Pristine Cardstock,copy paper,segA,14,42,63.42,887.88,588,299.88,8/21/2026,,,,,,,,
8/20/2026,352,209,Bright Maintainers of Lakeville,115,Polished Glossy Photo Paper,,segA,26,59,84.96,2208.96,1534,674.96,8/21/2026,,,,,,,,
8/20/2026,352,209,Bright Maintainers of Lakeville,120,Sparkling Letter Size Paper,  copy paper ,segA,9,45,65.25,587.25,405,182.25,8/21/2026,,,,,,,,
8/20/2026,352,209,Bright Maintainers of Lakeville,115,Polished Glossy Photo Paper,,segA,26,59,84.96,2208.96,1534,674.96,8/21/2026,,,,,,,,
8/14/2026,458,209,Bright Maintainers of Lakeville,4,Bright Bathroom Tissue,paper & tissue,segA,17,26,37.96,645.32,442,203.32,8/17/2026,,,,,,,,
8/14/2026,458,209,Bright Maintainers of Lakeville,28,Immaculate Binder Clips,office products,segA,9,29,39.15,352.35,261,91.35,8/17/2026,,,,,,,,
8/14/2026,458,209,Bright Maintainers of Lakeville,40,Immaculate Markers,office products,segA,17,34,53.38,907.46,578,329.46,8/17/2026,,,,,,,,
8/14/2026,458,209,Bright Maintainers of Lakeville,77,Sleek Disposable Cups,breakroom supplies,  segA ,8,,45.5,364,200,164,8/17/2026,,,,,,,,
8/14/2026,458,209,Bright Maintainers of Lakeville,84,Sparkling Creamers,breakroom supplies,segA,8,18,35.64,285.12,144,141.12,8/17/2026,,,,,,,,
8/14/2026,458,209,Bright Maintainers of Lakeville,85,Sparkling Microwave Popcorn,breakroom supplies,segA,4,12,21.96,87.84,48,39.84,8/17/2026,,,,,,,,
8/14/2026,458,209,Bright Maintainers of Lakeville,88,Gleaming Coffee Beans,berakroom supplies,segA,,18,37.44,112.32,54,58.32,8/17/2026,,,,,,,,
8/14/2026,458,209,Bright Maintainers of Lakeville,89,Sparkling Disposable Cups,breakroom supplies,segA,5,21,39.27,196.35,105,91.35,,,,,,,,,
8/14/2026,458,209,Bright Maintainers of Lakeville,92,Glossy Instant Soups,,segA,5,24,42.48,212.4,120,92.4,8/17/2026,,,,,,,,
14/08/2026,458,209,Bright Maintainers of Lakeville,105,Pristine Graph Paper,copy paper,segA,24,52,69.16,1659.84,1248,411.84,8/17/2026,,,,,,,,
8/14/2026,458,209,Bright Maintainers of Lakeville,110,  Pristine Cardstock ,copy paper,segA,11,42,63.42,697.62,462,235.62,8/17/2026,,,,,,,,
8/14/2026,458,209,Bright Maintainers of Lakeville,118,Sparkling Cardstock,copy paper,segA,12,37,51.06,612.72,444,168.72,8/17/2026,,,,,,,,
8/12/2026,524,209,Bright Maintainers of Lakeville,4,,paper & tissue,segA,15,26,37.96,569.4,390,,8/13/2026,,,,,,,,
8/12/2026,524,209,Bright Maintainers of Lakeville,10,Pristine 2-Ply Toilet Paper,paper & tissue,segA,12,26,35.1,421.2,312,109.2,8/13/2026,,,,,,,,
8/12/2026,524,209,Bright Maintainers of Lakeville,17,Glossy Lunch Napkins,paper & tissue,segA,6,31,42.47,254.82,,68.82,8/13/2026,,,,,,,,
8/12/2026,524,209,Bright Maintainers of Lakeville,23,Dazzling Roll Paper Towels,paper & tissue,segA,4,40,53.2,212.8,160,52.8,8/13/2026,,,,,,,,
8/12/2026,524,209,Bright Maintainers of Lakeville,28,Immaculate Binder Clips,office products,segA,18,29,39.15,704.7,522,,,,,,,,,,
8/12/2026,524,209,Bright Maintainers of Lakeville,29,Dazzling Paper Clips,office products,segA,7,37,52.17,365.19,259,106.19,8/13/2026,,,,,,,,
8/12/2026,524,209,Bright Maintainers of Lakeville,31,Polished Highlighters,office products,segA,105,17,22.1,2320.5,,535.5,8/13/2026,,,,,,,,
8/12/2026,524,209,Bright Maintainers of Lakeville,78,Glossy Craemers,,segA,8,27,49.41,395.28,216,,8/13/2026,,,,,,,,
8/12/2026,524,209,Bright Maintainers of Lakeville,84,Sparkling Creamers,breakroom supplies,segA,4,18,35.64,142.56,72,70.56,8/13/2026,,,,,,,,
12/8/2026,524,209,Bright Maintainers of Lakeville,85,Sparkling Microwave Pocporn,breakroom supplies,segA,3,12,21.96,65.88,36,29.88,13/08/2026,,,,,,,,
8/12/2026,524,209,Bright Maintainers of Lakeville,86,Dazzling Instatn Soups,breakroom supplies,segA,7,16,31.04,217.28,112,105.28,8/13/2026,,,,,,,,
8/12/2026,524,209,Bright Maintainers of Lakeville,97,Sparkling Legal Size Paper,copy paper,segA,14,39,56.94,797.16,546,251.16,8/13/2026,,,,,,,,
8/12/2026,524,209,Bright Maintainers of Lakeville,104,Gleamnig Glossy Photo Paper,copy paper,segA,19,52,83.2,1580.8,988,592.8,8/13/2026,,,,,,,,
8/12/2026,524,209,Bright Maintainers of Lakeville,105,Pristine Graph Paper,copy paper,segA,,52,,1659.84,1248,411.84,8/13/2026,,,,,,,,
8/12/2026,524,209,Bright Maintainers of Lakeville,118,Sparkling Cardstock,copy paper,segA,12,37,51.06,612.72,,168.72,8/13/2026,,,,,,,,
8/12/2026,524,209,Bright Maintainers of Lakeville,120,Sparkling Letter Size Paper,copy paper,segA,7,45,65.25,456.75,315,141.75,8/13/2026,,,,,,,,
8/12/2026,524,209,Bright Maintainers of Lakeville,10,Pristine 2-Ply Toilet Paper,paper & tissue,segA,12,26,35.1,421.2,312,109.2,8/13/2026,,,,,,,,
8/26/2026,,209,Bright Maintainers of Lakeville,80,  Spotless Instant Soups ,breakroom supplies,segA,2,17,,61.2,34,27.2,9/10/2026,,,,,,,,
8/20/2026,,209,Bright Maintainers of Lakeville,29,Dazzling Paper Clips,office products,segA,12,37,52.17,626.04,444,182.04,8/21/2026,,,,,,,,
8/14/2026,,209,Bright Maintainers of Lakeville,29,Dazzling Paper Clips,office products,,8,37,52.17,417.36,296,121.36,8/17/2026,,,,,,,,
8/13/2026,492,210,Pristine Providers of Lakeburg,47,Immaculate Staplers,office products,segB,1,24,38.16,38.16,24,14.16,8/14/2026,,,,,,,,
8/13/2026,492,210,Bright Maintainers of Lakeville,81,Polished Stirrers,breakroom supplies,segA,52,22,33,1716,1144,572,8/14/2026,,,,,,,,
13/08/2026,492,210,Pristine Providers of Lakeburg,87,Glossy Tea Selection,breakroom supplies,segA,1,11,22.22,22.22,11,11.22,8/14/2026,,,,,,,,
8/13/2026,492,210,Pristine Providers of Lakeburg,88,Gleaming Coffee Beans,breakroom supplies,segA,29,18,27,783,522,261,8/14/2026,,,,,,,,
8/13/2026,492,210,Pristine Providers of Lakeburg,90,Dazzling Instant Soups,breakroom supplies,segA,1,24,48.96,48.96,24,24.96,8/14/2026,,,,,,,,
8/13/2026,492,210,Pristine Providers of Lakeburg,93,Gleaming Microwave Popcorn,breakroom supplies,segA,1,20,41.2,41.2,20,21.2,8/14/2026,,,,,,,,
8/13/2026,492,210,  Pristine Providers of Lakeburg ,95,Bright Disposable Cups,breakroom supplies,segA,1,13,26.91,26.91,13,13.91,14/08/2026,,,,,,,,
8/10/2026,572,210,Pristine Providers of Lakeburg,64,Bright Glass Cleaner,cleaning supplies,segD,1,32,64.64,64.64,32,32.64,8/11/2026,,,,,,,,
8/10/2026,572,210,Pristine Providers of Lakeburg,,Polished Stirrers,breakroom supplies,segA,46,22,33,1518,1012,506,,,,,,,,,
8/10/2026,572,210,Pristine Providers of Lakeburg,87,Glossy Tea Selection,breakroom supplies,segA,1,11,22.22,22.22,,11.22,,,,,,,,,
10/8/2026,572,210,Pristine Providers of Lakeburg,88,Gleaming Coffee Beans,breakroom supplies,segA,29,18,27,783,522,261,8/11/2026,,,,,,,,
8/10/2026,572,210,Pristine Providers of Lakeburg,90,Dazzling Instant Soups,breakroom supplies,segA,1,24,,48.96,24,24.96,8/11/2026,,,,,,,,
8/10/2026,572,210,Pristine Providers of Lakeburg,94,Pristine Instant Soups,breakroom supplies,segA,2,7,12.53,25.06,14,11.06,8/11/2026,,,,,,,,
8/13/2026,,210,Pristine Providers of Lakeburg,94,Pristine Instant Soups,breakroom supplies,segA,2,7,12.53,25.06,14,11.06,8/14/2026,,,,,,,,
8/26/2026,230,211,Sparkling Providers of Bayton,25,Dazzling Binder Clips,,segA,7,45,51.75,362.25,315,47.25,8/27/2026,,,,,,,,
8/26/2026,230,211,Sparkling Providers of Bayton,31,Polished Highlighters,office products,segA,3,17,25.16,75.48,51,24.48,8/27/2026,,,,,,,,
8/26/2026,230,211,Sparkling Providers of Bayton,39,Immaculate Sticky Notes,office products,segA,1,34,46.58,46.58,34,12.58,8/27/2026,,,,,,,,
8/26/2026,230,211,Sparkling Providers of Bayton,41,Dazzling File Folders,office products,segA,9,46,51.06,459.54,414,45.54,8/27/2026,,,,,,,,
8/26/2026,230,211,Sparkling Providers of Bayton,94,Pristine Instant Soups,breakroom supplies,segB,1,7,15.33,15.33,7,8.33,8/27/2026,,,,,,,,
8/11/2026,543,211,Sparkling Providers of Bayton,28,Immaculate Binder Clips,office products,segA,1,29,41.76,41.76,29,12.76,8/12/2026,,,,,,,,
8/11/2026,543,211,Sparkling Providers of Bayton,32,Bright Desk Organizers,office products,segA,3,44,60.72,182.16,132,50.16,,,,,,,,,
8/11/2026,543,211,Sparkling Providers of Bayton,34,Radiant Staplers,office products,segA,46,24,31.2,1435.2,1104,331.2,8/12/2026,,,,,,,,
,543,211,Sparkling Providers of Bayton,40,Immaculate Markers,office products,segA,4,34,47.26,189.04,136,53.04,8/12/2026,,,,,,,,
8/11/2026,543,211,Sparkling Providers of Bayton,114,Glossy Recycled Paper,copy paper,segD,1,32,49.92,49.92,32,17.92,8/12/2026,,,,,,,,
8/28/2026,161,212,Fresh Suppliers of Cedarhaven,4,Bright Bathroom Tissue,paper & tissue,segD,1,26,45.24,45.24,26,19.24,8/31/2026,,,,,,,,
8/28/2026,161,212,Fresh Suppliers of Cedarhaven,77,Sleek Disposable Cups,breakroom supplies,segA,1,25,48.5,48.5,25,23.5,8/31/2026,,,,,,,,
8/28/2026,161,212,Fresh Suppliers of Cedarhaven,80,Spotless Instant Soups,breakroom supplies,segA,1,17,30.43,30.43,17,13.43,8/31/2026,,,,,,,,
8/28/2026,161,212,Fresh Suppliers of Cedarhaven,84,Sparkling Creamers,breakroom supplise,segA,1,18,36.54,36.54,18,18.54,8/31/2026,,,,,,,,
8/28/2026,161,212,Fresh Suppliers of Cedarhaven,94,Pristine Instant Soups,breakroom supplies,segA,1,7,,12.04,7,5.04,8/31/2026,,,,,,,,
8/28/2026,161,212,Fresh Suppliers of Cedarhaven,110,Pristine Cardstock,copy paper,segB,1,42,62.16,62.16,42,20.16,8/31/2026,,,,,,,,
8/28/2026,161,212,Fresh Suppliers of Cedarhaven,112,Sparkling Letter Size Paper,copy paper,segB,1,46,65.32,65.32,46,19.32,,,,,,,,,
8/28/2026,161,212,Fresh Suppliers of Cedarhaven,113,Polished Recycled Paper,copy paper,segB,1,36,55.8,55.8,36,19.8,8/31/2026,,,,,,,,
,392,212,Fresh Suppliers of Cedarhaven,12,Immaculate Roll Paper Toewls,  paper & tissue ,segD,1,44,68.64,68.64,44,24.64,8/19/2026,,,,,,,,
8/18/2026,392,212,Fresh Suppliers of Cedarhaven,86,Dazzling Instant Soups,breakroom supplies,segA,2,16,33.28,66.56,32,34.56,8/19/2026,,,,,,,,
8/18/2026,392,212,Fresh Suppliers of Cedarhaven,87,Glossy Tea Selection,breakroom supplies,segA,1,,19.25,19.25,11,8.25,8/19/2026,,,,,,,,
8/18/2026,392,212,Fresh Suppliers of Cedarhaven,90,Dazzling Instant Soups,breakroom supplies,segA,2,24,41.52,83.04,48,35.04,8/19/2026,,,,,,,,
18/08/2026,392,212,Fresh Suppliers of Cedarhaven,91,Glossy Microwave Popcorn,breakroom supplies,segA,36,29,43.5,1566,1044,522,8/19/2026,,,,,,,,
8/28/2026,,212,Fresh Suppliers of Cedarhaven,83,Spotless Energy Drinks,breakroom supplies,segA,1,26,54.6,54.6,26,28.6,8/31/2026,,,,,,,,
8/11/2026,544,214,Spotless Cleaners of Harborfield,31,Polished Highlighters,office products,segA,44,17,23.12,1017.28,748,269.28,8/19/2026,,,,,,,,
8/11/2026,544,214,Spotless Cleaners of Harborfield,43,Fresh File Folders,office products,esgA,15,50,75.5,1132.5,750,382.5,8/19/2026,,,,,,,,
8/11/2026,544,214,Spotless Cleaners of Harborfield,44,Gleaming Recycled Paper,office products,segA,15,34,44.88,673.2,510,163.2,8/19/2026,,,,,,,,
11/8/2026,544,214,Spotless Cleaners of Harborfield,48,Fresh Desk Organizers,office products,segA,72,29,40.6,2923.2,2088,835.2,8/19/2026,,,,,,,,
8/11/2026,544,214,Spotless Cleaners of Harborfield,86,Dazzling Instant Soups,breakroom supplies,segB,6,16,31.52,189.12,96,93.12,8/19/2026,,,,,,,,
8/11/2026,544,214,Spotless Cleaners of Harborfield,90,Dazzling Instant Soups,breakroom supplies,segB,3,24,44.64,133.92,72,61.92,8/19/2026,,,,,,,,
9/4/2026,19,215,Sparkling Suppliers of Gardenfield,49,Sparkling Disinfectant Wipes,cleaning supplies,segA,1,21,33.6,33.6,21,12.6,9/7/2026,,,,,,,,
9/4/2026,19,215,Sparkling Suppliers of Gardenfield,51,Bright Glass Cleaner,cleaning supplies,segA,3,26,46.28,138.84,78,60.84,9/7/2026,,,,,,,,
9/4/2026,19,215,Sparkling Suppliers of Gardenfield,57,Glossy All-Purpose Cleaner,cleaning supplies,segA,1,51,81.6,81.6,51,30.6,9/7/2026,,,,,,,,
9/4/2026,19,215,Sparkling Suppliers of Gardenfield,59,Spotless All-Purpose Cleaner,cleaning supplies,segA,1,47,,81.78,47,34.78,9/7/2026,,,,,,,,
,19,215,Sparkling Suppliers of Gardenfield,60,Polished Degreaser,cleaning supplies,segA,1,26,42.64,42.64,26,16.64,,,,,,,,,
9/4/2026,19,215,Sparkling Suppliers of Gardenfield,66,Radiant Glass Cleaner,  cleaning supplies ,seAg,1,21,38.64,38.64,21,17.64,9/7/2026,,,,,,,,
9/4/2026,19,215,Sparkling Suppliers of Gardenfield,73,Spotless Creamers,breakroom supplies,segA,1,18,38.52,38.52,18,,9/7/2026,,,,,,,,
9/4/2026,19,215,Sparkling Suppliers of Gardenfield,82,Pristine Granola Bars,breakroom supplies,segA,1,26,54.08,54.08,26,28.08,9/7/2026,,,,,,,,
9/4/2026,19,215,Sparkling Suppliers of Gardenfield,84,Sparkling Creamers,breakorom supplies,segA,1,18,37.8,37.8,18,19.8,9/7/2026,,,,,,,,
9/4/2026,19,215,Sparkling Suppliers of Gardenfield,108,Dazzling Cardstock,copy paper,segD,1,21,35.28,35.28,21,14.28,9/7/2026,,,,,,,,
9/4/2026,19,215,Sparkling Suppliers of Gardenfield,82,Pristine Granola Bars,breakroom supplies,segA,1,26,54.08,54.08,26,28.08,9/7/2026,,,,,,,,
8/20/2026,353,215,Sparkling Suppliers of Gardenfield,10,Pristine 2-Ply Toilet Paper,paper & tissue,segC,1,,37.44,37.44,26,11.44,8/21/2026,,,,,,,,
8/20/2026,353,215,Sparkling Suppliers of Gardenfield,19,Fresh Party Napkins,paper & tissue,sgeC,2,,68.85,137.7,90,47.7,8/21/2026,,,,,,,,
8/20/2026,353,215,Sparkling Suppliers of Gardenfield,49,Sparkling Disinfectant Wipes,cleaning supplies,segA,1,21,33.6,33.6,21,12.6,8/21/2026,,,,,,,,
8/20/2026,353,215,Sparkling Suppliers of Gardenfield,50,Bright Glass Cleaner,cleaning supplies,,1,23,37.72,37.72,23,14.72,8/21/2026,,,,,,,,
8/20/2026,353,215,Sparkling Suppliers of Gardenfield,51,  Bright Glass Cleaner ,cleaning supplies,segA,2,26,46.28,92.56,52,40.56,8/21/2026,,,,,,,,
8/20/2026,353,215,Sparkling Suppliers of Gardenfield,52,Spotless Air Freshener,cleaning supplies,segA,1,49,80.85,80.85,49,31.85,8/21/2026,,,,,,,,
8/20/2026,353,215,Sparkling Suppliers of Gardenfield,57,Glossy All-Purpose Cleaner,cleaning supplies,segA,1,51,81.6,81.6,51,30.6,8/21/2026,,,,,,,,
8/20/2026,353,215,Sparkling Suppliers of Gardenfield,73,Spotless Creamers,breakroom supplies,segA,1,18,38.52,38.52,18,20.52,8/21/2026,,,,,,,,
8/20/2026,353,215,Sparkling Suppliers of Gardenfield,75,Fresh Microwave Popcorn,breakroom supplies,segA,1,18,33.48,33.48,18,15.48,8/21/2026,,,,,,,,
8/20/2026,353,215,Sparkling Suppliers of Gardenfield,82,Pristine Granola Bars,breakroom supplies,segA,1,26,54.08,54.08,26,28.08,8/21/2026,,,,,,,,
8/20/2026,353,215,Sparkling Suppliers of Gardenfield,92,Glossy Instant Soups,breakroom supplies,segA,2,24,50.64,101.28,48,53.28,8/21/2026,,,,,,,,
8/20/2026,353,215,Sparkling Suppliers of Gardenfield,97,Sparkling Legal Size Paper,copy paper,segD,1,39,60.84,60.84,39,21.84,8/21/2026,,,,,,,,
8/20/2026,353,215,Sparkling Suppliers of Gardenfield,103,Spotless Colored Paper,copy paper,segD,1,45,76.05,76.05,,31.05,8/21/2026,,,,,,,,
8/10/2026,573,215,Sparkling Suppliers of Gardenfield,25,Dazzling Binder Clips,office products,segD,1,45,76.95,76.95,45,31.95,8/11/2026,,,,,,,,
8/10/2026,573,215,Sparkling Suppliers of Gardenfield,50,Bright Glass Cleaner,cleaning supplies,,2,23,37.72,75.44,46,29.44,8/11/2026,,,,,,,,
8/10/2026,573,215,Sparkling Suppliers of Gardenfield,51,Bright Glass Cleaner,  cleaning supplies ,segA,2,26,46.28,92.56,52,,8/11/2026,,,,,,,,
8/10/2026,573,215,Sparkling Suppliers of Gardenfield,57,  Glossy All-Purpose Cleaner ,cleaning supplies,segA,1,51,81.6,81.6,51,30.6,,,,,,,,,
8/10/2026,573,215,Sparkling Suppliers of Gardenfield,60,Polished Degreaser,cleaning supplies,segA,1,26,42.64,42.64,26,16.64,8/11/2026,,,,,,,,
8/10/2026,573,215,Sparkling Suppliers of Gardenfield,66,Radiant Glass Cleaner,cleaning supplies,segA,1,21,38.64,38.64,21,17.64,8/11/2026,,,,,,,,
8/10/2026,573,215,Sparkling Suppliers of Gardenfield,75,Fresh Microwave Popcorn,breakroom supplies,segA,1,18,33.48,33.48,18,15.48,8/11/2026,,,,,,,,
10/8/2026,573,215,Sparkling Suppliers of Gardenfield,82,Pristine Granola Bars,breakroom supplies,segA,1,26,54.08,54.08,26,28.08,8/11/2026,,,,,,,,
8/10/2026,573,215,Sparkling Suppliers of Gardenfield,84,Sparkling Creamers,breakroom supplies,segA,1,18,37.8,37.8,18,19.8,8/11/2026,,,,,,,,
8/10/2026,573,215,Sparkling Suppliers of Gardenfield,91,Glossy Microwave Popcorn,breakroom supplies,segA,1,29,57.42,57.42,29,28.42,11/8/2026,,,,,,,,
8/10/2026,,215,Sparkling Suppliers of Gardenfield,,Sparkling Microwave Popcorn,breakroom supplies,segA,1,12,,22.56,12,10.56,8/11/2026,,,,,,,,
9/4/2026,20,216,Radiant Maintainers of Harborhaven,2,Glossy Party Napkins,paper & tissue,segA,1,29,37.7,37.7,29,8.7,9/21/2026,,,,,,,,
9/4/2026,20,216,Radiant Maintainers of Harborhaven,3,Sparkling Party Napkins,paper & tissue,segA,3,21,31.29,93.87,63,30.87,9/21/2026,,,,,,,,
9/4/2026,20,216,  Radiant Maintainers of Harborhaven ,4,Bright Bathroom Tissue,paper & tissue,segA,1,26,35.88,35.88,26,9.88,9/21/2026,,,,,,,,
9/4/2026,20,216,Radiant Maintainers of Harborhaven,8,Bright Party Napkins,paper & tissue,segA,3,50,68,204,150,,9/21/2026,,,,,,,,
9/4/2026,20,216,Radiant Maintainers of Harborhaven,9,Fresh Kitchen Towels,paper & tissue,,6,33,46.86,281.16,198,,9/21/2026,,,,,,,,
9/4/2026,20,216,Radiant Maintainers of Harborhaven,11,Fresh Lunch Napkins,paper & tissue,segA,2,21,30.24,60.48,42,18.48,9/21/2026,,,,,,,,
9/4/2026,20,216,Radiant Maintainers of Harborhaven,13,Pristine Party Napkins,paper & tissue,segA,6,45,66.15,396.9,270,,9/21/2026,,,,,,,,
9/4/2026,20,216,Radiant Maintainers of Harborhaven,20,Gleaming Roll Paper Towels,paper & tissue,segA,5,28,37.24,,140,46.2,9/21/2026,,,,,,,,
9/4/2026,20,216,Radiant Maintainers of Harborhaven,23,,paper & tissue,segA,2,40,60,120,80,40,9/21/2026,,,,,,,,
9/4/2026,20,216,Radiant Maintainers of Harborhaven,25,Dazzling Binder Clips,office products,segA,5,45,69.75,348.75,225,123.75,9/21/2026,,,,,,,,
9/4/2026,20,216,Radiant Maintainers of Harborhaven,32,Bright Desk Organizers,office products,segA,1,44,60.72,60.72,44,16.72,9/21/2026,,,,,,,,
9/4/2026,20,216,Radiant Maintainers of Harborhaven,35,Dazzling Staplers,office products,segA,3,27,37.26,111.78,81,30.78,9/21/2026,,,,,,,,
9/4/2026,20,216,Radiant Maintainers of Harborhaven,37,Bright Recycled Paper,office products,segA,4,24,35.52,142.08,96,46.08,9/21/2026,,,,,,,,
9/4/2026,20,216,Radiant Maintainers of Harborhaven,44,Gleaming Recycled Paper,office products,segA,48,34,44.2,2121.6,1632,489.6,9/21/2026,,,,,,,,
9/4/2026,20,216,Radiant Maintainers of Harborhaven,47,Immaculate Staplers,office products,segA,1,24,37.92,37.92,24,13.92,9/21/2026,,,,,,,,
9/4/2026,20,216,Radiant Maintainers of Harborhaven,54,Dazzling Floor Cleaner,cleaning supplies,segA,12,45,67.5,810,540,270,9/21/2026,,,,,,,,
9/4/2026,20,216,Radiant Maintainers of Harborhaven,57,Glossy All-Purpose Cleaner,cleaning supplies,seAg,1,51,96.9,96.9,51,45.9,9/21/2026,,,,,,,,
9/4/2026,20,216,Radiant Maintainers of Harborhaven,61,Pristine Degreaser,cleaning supplies,segA,3,50,86,258,150,108,9/21/2026,,,,,,,,
9/4/2026,20,216,Radiant Maintainers of Harborhaven,64,Bright Glass Cleaner,cleaning supplies,segA,,32,58.56,58.56,32,26.56,9/21/2026,,,,,,,,
9/4/2026,20,216,Radiant Maintainers of Harborhaven,67,Sleek Citrus Cleaner,cleaning supplies,segA,1,39,73.71,73.71,39,34.71,9/21/2026,,,,,,,,
9/2/2026,70,216,Radiant Maintainers of Harborhaven,2,Glossy Party Napkins,paper & tissue,segA,2,29,37.7,75.4,58,17.4,9/3/2026,,,,,,,,
9/2/2026,70,216,Radiant Maintainers of Harborhaven,8,Bright Party Napkins,paper & tissue,segA,3,50,68,204,150,54,9/3/2026,,,,,,,,
9/2/2026,70,216,Radiant Maintainers of Harborhaven,9,Fresh Kitchen Towels,paper & tissue,segA,5,33,46.86,234.3,165,69.3,9/3/2026,,,,,,,,
,70,216,Radiant Maintainers of Harborhaven,10,Pristine 2-Ply Toilet Paper,paper & tissue,segA,1,26,37.96,,26,11.96,9/3/2026,,,,,,,,
9/2/2026,70,216,Radiant Maintainers of Harborhaven,12,Immaculate Roll Paper Towels,paper & tissue,segA,3,44,58.08,174.24,132,42.24,9/3/2026,,,,,,,,
2/9/2026,70,216,Radiant Maintainers of Harborhaven,23,Dazzling Roll Paper Towels,paper & tissue,,2,40,60,120,80,40,9/3/2026,,,,,,,,
9/2/2026,70,216,Radiant Maintainers of Harborhaven,25,Dazzling Binder Clips,  office products ,segA,4,45,69.75,279,180,99,9/3/2026,,,,,,,,
9/2/2026,70,216,Radiant Maintainers of Harborhaven,28,Immaculate Binder Clips,office products,segA,2,29,40.31,80.62,58,22.62,9/3/2026,,,,,,,,
9/2/2026,70,216,Radiant Maintainers of Harborhaven,32,Bright Desk Organizers,  office products ,segA,2,44,60.72,121.44,88,33.44,9/3/2026,,,,,,,,
9/2/2026,70,216,Radiant Maintainers of Harborhaven,37,Bright Recycled Paper,  office products ,segA,2,24,35.52,71.04,48,23.04,3/9/2026,,,,,,,,
9/2/2026,70,216,Radiant Maintainers of Harborhaven,44,Gleaming Recycled Paper,office products,segA,30,34,44.2,1326,1020,306,9/3/2026,,,,,,,,
9/2/2026,70,216,  Radiant Maintainers of Harborhaven ,47,Immaculate Staplers,office products,segA,1,24,37.92,37.92,24,13.92,,,,,,,,,
9/2/2026,70,216,Radiant Maintainers of Harborhaven,54,Dazzling Floor Cleaner,cleaning supplies,seAg,8,45,67.5,540,360,180,9/3/2026,,,,,,,,
9/2/2026,70,216,Radiant Maintainers of Harborhaven,61,Pristine Degreaser,cleaning supplies,segA,3,50,86,258,150,108,9/3/2026,,,,,,,,
9/2/2026,70,216,  Radiant Maintainers of Harborhaven ,64,Bright Glass Cleaner,cleaning supplies,segA,1,32,58.56,58.56,32,26.56,,,,,,,,,
9/2/2026,70,216,Radiant Maintainers of Harborhaven,32,Bright Desk Organizers,  office products ,segA,2,44,60.72,121.44,88,33.44,9/3/2026,,,,,,,,
8/25/2026,264,216,  Radiant Maintainers of Harborhaven ,3,Sparkling Party Napkins,paper & tissue,segA,2,21,31.29,62.58,42,20.58,8/26/2026,,,,,,,,
8/25/2026,264,216,Radiant Maintainers of Harborhaven,8,Bright Party Napkins,paper & tissue,segA,6,50,68,408,300,108,8/26/2026,,,,,,,,
8/25/2026,264,216,Radiant Maintainers of Harborhaven,12,Immaculate Roll Paper Towels,paper & tissue,  segA ,2,44,58.08,116.16,88,28.16,8/26/2026,,,,,,,,
8/25/2026,264,216,Radiant Maintainers of Harborhaven,17,Glossy Lunch Napkins,paper & tissue,esgA,5,31,45.26,226.3,,71.3,8/26/2026,,,,,,,,
8/25/2026,264,216,Radiant Maintainers of Harborhaven,18,Pristine Lunch Napkins,paper & tissue,segA,4,20,26.8,107.2,80,,8/26/2026,,,,,,,,
8/25/2026,264,216,Radiant Maintainers of Harborhaven,22,,paper & tissue,segA,3,41,54.12,162.36,123,39.36,8/26/2026,,,,,,,,
25/08/2026,264,216,Radiant Maintainers of Harborhaven,23,Dazzling Roll Paper Towels,paper & tissue,segA,2,,60,120,80,40,8/26/2026,,,,,,,,
8/25/2026,264,216,Radiant Maintainers of Harborhaven,25,Dazzling Binder Clips,office products,segA,6,45,69.75,418.5,270,148.5,8/26/2026,,,,,,,,
8/25/2026,264,216,Radiant Maintainers of Harborhaven,26,Radiant Sticky Notes,office products,segA,3,,50.32,150.96,102,48.96,8/26/2026,,,,,,,,
25/08/2026,264,216,Radiant Maintainers of Harborhaven,28,Immaculate Binder Clips,office products,,3,29,40.31,120.93,87,33.93,8/26/2026,,,,,,,,
8/25/2026,264,216,Radiant Maintainers of Harborhaven,32,Bright Desk Organizers,office products,segA,1,44,60.72,60.72,44,16.72,8/26/2026,,,,,,,,
8/25/2026,264,216,Sparkling Suppliers of Gardenfield,47,Immaculate Staplers,,segA,1,,37.92,37.92,24,13.92,8/26/2026,,,,,,,,
8/25/2026,264,216,Radiant Maintainers of Harborhaven,49,Sparkling Disinfectant Wipes,cleaning supplies,segA,3,21,33.81,101.43,63,38.43,8/26/2026,,,,,,,,
8/25/2026,264,216,Radiant Maintainers of Harborhaven,54,Dazzling Floor Cleaner,cleaning supplies,segA,8,45,67.5,540,360,180,8/26/2026,,,,,,,,
8/25/2026,264,216,Radiant Maintainers of Harborhaven,57,Glossy All-Purpose Cleaner,cleaning supplies,segA,1,51,96.9,96.9,51,45.9,8/26/2026,,,,,,,,
8/25/2026,264,216,Radiant Maintainers of Harborhaven,60,Polished Degreaser,cleaning supplies,segA,1,26,47.06,47.06,26,21.06,,,,,,,,,
8/25/2026,264,216,Radiant Maintainers of Harborhaven,61,Pristine Degreaser,cleaning supplies,seAg,3,50,86,258,150,108,8/26/2026,,,,,,,,
8/25/2026,264,216,Radiatn Maintainers of Harborhaven,64,Bright Glass Cleaner,cleaning supplies,segA,1,32,58.56,58.56,32,26.56,8/26/2026,,,,,,,,
8/25/2026,264,216,Radiant Maintainers of Harborhaven,65,Sparkling Citrus Cleaner,cleaning supplies,segA,1,20,33.6,33.6,20,13.6,8/26/2026,,,,,,,,
25/08/2026,264,216,Radiant Maintainers of Harborhaven,67,Sleek Citrus Cleaner,cleaning supplies,esgA,3,39,73.71,221.13,117,104.13,8/26/2026,,,,,,,,
8/25/2026,264,216,Radiant Maintainers of Harborhaven,69,Gleaming Degreaser,cleaning supplies,segA,2,27,44.28,88.56,54,34.56,8/26/2026,,,,,,,,
8/25/2026,264,216,Radiant Maintainers of Harborhaven,78,Glossy Creamers,breakroom supplies,segD,1,27,62.1,62.1,27,35.1,8/26/2026,,,,,,,,
8/24/2026,291,216,Radiant Maintainers of Harborhaven,3,Sparkling Party Napkins,paper & tissue,segA,3,21,31.29,93.87,63,30.87,8/25/2026,,,,,,,,
8/24/2026,291,216,Radiant Maintainers of Harborhaven,5,Polished Kitchen Towels,paper & tissue,segA,4,35,51.8,207.2,140,67.2,8/25/2026,,,,,,,,
8/24/2026,291,216,Radiant Maintainers of Harborhaven,8,Bright Party Napkins,paper & tissue,segA,6,50,68,408,300,108,8/25/2026,,,,,,,,
8/24/2026,291,216,Radiant aMintainers of Harborhaven,9,Fresh Kitchen Towels,paper & tissue,segA,3,33,46.86,140.58,99,41.58,8/25/2026,,,,,,,,
8/24/2026,291,216,Radiant Maintainers of Harborhaven,15,Sparkling 2-Ply Toilet Paper,ppaer & tissue,segA,3,43,59.77,179.31,129,50.31,8/25/2026,,,,,,,,
8/24/2026,291,216,Radiant Maintainers of Harborhaven,17,Glossy Lunch Napkins,paper & tissue,segA,4,31,45.26,181.04,124,57.04,8/25/2026,,,,,,,,
8/24/2026,291,216,Radiant Maintainers of Harborhaven,18,Pristine Lunch Napkins,paper & tissue,segA,,20,26.8,160.8,120,,8/25/2026,,,,,,,,
8/24/2026,291,216,Radiant Maintainers of Harborhaven,23,Dazzling Roll Paper Towels,,segA,2,40,60,120,80,40,8/25/2026,,,,,,,,
8/24/2026,291,216,Radiant Maintainers of Harborhaven,25,Dazzling Binder Clips,office products,segA,3,45,69.75,209.25,135,74.25,8/25/2026,,,,,,,,
8/24/2026,291,216,Radiant Maintainers of Harborhaven,26,Radiant Sticky Notes,office products,segA,3,34,50.32,150.96,102,48.96,8/25/2026,,,,,,,,
8/24/2026,291,216,Radiant Maintianers of Harborhaven,28,Immaculate Binder Clips,office products,  segA ,2,29,40.31,80.62,58,22.62,8/25/2026,,,,,,,,
,291,216,Radiant Maintainers of Harborhaven,37,Bright Recycled Paper,office products,segA,3,24,35.52,106.56,72,34.56,8/25/2026,,,,,,,,
8/24/2026,291,216,Radiant Maintainers of Harborhaven,44,Gleaming Recycled Paper,,segA,50,34,44.2,2210,1700,510,8/25/2026,,,,,,,,
8/24/2026,291,216,  Radiant Maintainers of Harborhaven ,47,Immaculate Staplers,office products,segA,1,24,37.92,37.92,24,13.92,,,,,,,,,
8/24/2026,291,216,Radiant Maintainers of Harborhaven,57,Glossy All-Purpose Cleaner,cleaning supplies,segA,1,51,96.9,96.9,51,45.9,8/25/2026,,,,,,,,
8/24/2026,291,216,Radiant Maintainers of Harborhaven,61,Pristine Degreaser,cleaning supplies,,3,50,86,258,150,,8/25/2026,,,,,,,,
8/24/2026,291,216,Radiant Maintainers of Harborhaven,62,Glossy Air Freshener,cleaning supplies,segA,1,20,33.6,33.6,20,13.6,8/25/2026,,,,,,,,
8/24/2026,291,216,Radiant Maintainers of Harborhaven,65,Sparkling Citrus Cleaner,cleaning supplies,segA,3,20,33.6,100.8,60,40.8,8/25/2026,,,,,,,,
8/24/2026,291,216,Radiant Maintainers of Harborhaven,69,Gleaming Degreaser,cleaning supplies,segA,2,27,44.28,88.56,54,34.56,25/08/2026,,,,,,,,
8/25/2026,,216,Radiant Maintainers of Harborhaven,11,Fresh Lunch Napkins,paper & tissue,segA,2,21,30.24,60.48,42,18.48,8/26/2026,,,,,,,,
8/24/2026,,216,Radiant Maintainers of Harborhaven,54,Dazzling Floor Cleaner,cleaning supplies,segA,7,45,67.5,472.5,315,157.5,8/25/2026,,,,,,,,
9/3/2026,50,217,Sparkling Custodians of Canyonwood,1,Sleek Party Napkins,,segA,4,29,37.99,151.96,116,35.96,9/11/2026,,,,,,,,
9/3/2026,50,217,Sparkling Custodians of Canyonwood,2,Glossy Party Napkins,paper & tissue,segA,2,29,38.86,77.72,58,19.72,9/11/2026,,,,,,,,
9/3/2026,50,217,Sparkling Custodians of Canyonwood,4,Bright Bathroom Tissue,paper & tissue,segA,1,26,36.14,36.14,26,10.14,11/9/2026,,,,,,,,
9/3/2026,50,217,Sparkling Custodians of Canyonwood,7,Gleaming Bathroom Tissue,paper & tissue,segA,4,16,21.6,86.4,64,22.4,9/11/2026,,,,,,,,
9/3/2026,50,217,Sparkling Custodians of Canyonwood,20,Gleaming Roll Paper Towels,paper & tissue,segA,,,37.52,150.08,112,38.08,9/11/2026,,,,,,,,
9/3/2026,50,217,Sparkling Custodians of Canyonwood,22,Sparkling Pocket Tissues,paper & tissue,segA,2,41,,123,82,41,9/11/2026,,,,,,,,
9/3/2026,50,217,Sparkling Custodians of Canyonwood,49,Sparkling Disinfectant Wipes,cleaning supplies,segC,1,21,39.27,39.27,21,,9/11/2026,,,,,,,,
9/3/2026,50,217,Sparkling Custodians of Canyonwood,73,Spotless Creamers,  breakroom supplies ,,1,18,34.56,34.56,,16.56,9/11/2026,,,,,,,,
9/3/2026,50,217,Sparkling Custodians of Canyonwood,79,Immaculate Microwave Popcorn,breakroom supplies,segA,1,25,46.5,46.5,25,21.5,9/11/2026,,,,,,,,
9/3/2026,50,217,Sparkling Custodians of Canyonwood,95,Bright Disposable Cups,breakroom supplies,segA,2,13,24.96,49.92,26,23.92,9/11/2026,,,,,,,,
9/3/2026,50,217,Sparkling Custodians of Canyonwood,96,Dazzling Disposable Cups,breakroom supplies,segA,1,19,34.96,34.96,19,15.96,9/11/2026,,,,,,,,
9/3/2026,50,217,Sparkling Custodians of Canyonwood,104,Gleaming Glossy Photo Paper,copy paper,segA,1,52,77.48,77.48,52,25.48,9/11/2026,,,,,,,,
9/3/2026,50,217,Sparkling Custodians of Canyonwood,112,Sparkling Letter Size Paper,copy paper,segA,4,46,59.8,239.2,184,55.2,9/11/2026,,,,,,,,
9/3/2026,50,217,Sparkling Custodians of Canyonwood,114,Glossy Recycled Paper,copy paper,segA,3,32,42.56,127.68,96,31.68,9/11/2026,,,,,,,,
9/3/2026,50,217,Sparkling Custodians of Canyonwood,115,Polished Glossy Photo Paper,copy paper,segA,4,59,90.86,363.44,236,127.44,,,,,,,,,
9/3/2026,50,217,Sparkling Custodians of Canyonwood,116,Immaculate Legal Size Paper,copy paper,segA,7,59,83.19,582.33,413,169.33,9/11/2026,,,,,,,,
9/3/2026,50,217,Sparkling Custodians of Canyonwood,117,Dazzling Graph Paper,copy paper,segA,2,51,66.81,133.62,102,31.62,9/11/2026,,,,,,,,
9/3/2026,50,217,Sparkling Custodians of Canyonwood,120,Sparkling Letter Size Paper,copy paper,segA,3,45,,206.55,135,71.55,9/11/2026,,,,,,,,
1/9/2026,97,217,Sparkling Custodians of Canyonwood,1,Sleek Party Napkins,paper & tissue,segA,3,29,37.99,113.97,87,26.97,9/2/2026,,,,,,,,
9/1/2026,97,217,Sparkling Custodians of Canyonwood,2,Glossy Party Napkins,paper & tisseu,segA,4,29,38.86,155.44,116,39.44,9/2/2026,,,,,,,,
9/1/2026,97,217,Sparkling Custodians of Canyonwood,4,Bright Bathroom Tissue,paper & tissue,segA,1,26,36.14,36.14,26,10.14,9/2/2026,,,,,,,,
9/1/2026,97,217,Sparkling Custodians of Canyonwood,5,Polished Kitchen Towels,paper & tissue,segA,3,35,45.85,137.55,105,32.55,9/2/2026,,,,,,,,
9/1/2026,97,217,Sparkling Custodians of Canyonwood,7,Gleaming Bathroom Tissue,paper & tissue,segA,4,16,21.6,86.4,64,22.4,9/2/2026,,,,,,,,
9/1/2026,97,217,Sprakling Custodians of Canyonwood,16,Dazzling Bathroom Tissue,paper & tissue,segA,3,42,55.86,167.58,126,41.58,9/2/2026,,,,,,,,
9/1/2026,97,217,Sparkling Custodians of Canyonwood,20,Gleaming Roll Paper Towels,,segA,3,28,37.52,112.56,84,28.56,9/2/2026,,,,,,,,
9/1/2026,97,217,Sparkling Custodians of Canyonwood,22,Sparkling Pocket Tissues,paper & tissue,segA,4,41,,246,164,82,9/2/2026,,,,,,,,
9/1/2026,97,217,Sparkling Custodians of Canyonwood,63,Polished Glass Cleaner,cleaning supplies,segC,1,42,75.18,75.18,42,33.18,9/2/2026,,,,,,,,
9/1/2026,97,217,Sparkling Custodians of Canyonwood,73,Spotless Creamers,breakroom supplies,segA,1,18,34.56,34.56,18,16.56,9/2/2026,,,,,,,,
9/1/2026,97,217,Sparkling Custodians of Canyonwood,86,Dazzling Instant Soups,breakroom supplies,segA,1,16,,27.68,16,11.68,9/2/2026,,,,,,,,
9/1/2026,97,217,Sparkling Custodians of Canyonwood,95,Bright Disposable Cups,breakroom supplies,segA,1,13,24.96,24.96,13,11.96,9/2/2026,,,,,,,,
9/1/2026,97,217,Sparkling Custodians of Canynowood,98,Radiant Glossy Photo Paper,copy paper,segA,2,23,36.57,73.14,46,27.14,9/2/2026,,,,,,,,
9/1/2026,97,217,Sparkling Custodians of Canyonwood,104,Gleaming Glossy Photo Paper,copy paper,segA,2,52,77.48,154.96,104,50.96,9/2/2026,,,,,,,,
9/1/2026,97,217,Sparkling Custodians of Canyonwood,106,Sleek Resume Paper,copy paper,sgeA,2,48,62.4,124.8,96,28.8,9/2/2026,,,,,,,,
9/1/2026,97,217,Sparkling Custodians of Canyonwood,107,Radiant Glossy Photo Paper,copy paper,segA,5,,90.48,452.4,290,162.4,9/2/2026,,,,,,,,
9/1/2026,97,217,Sparkling Custodians of Canyonwood,110,Pristine Cardstock,copy paper,segA,,42,57.12,171.36,126,,9/2/2026,,,,,,,,
9/1/2026,97,217,Sparkling Custodians ofC anyonwood,115,Polished Glossy Photo Paper,copy paper,segA,4,59,90.86,363.44,236,127.44,9/2/2026,,,,,,,,
9/1/2026,97,217,Sparkling Custodians of Canyonwood,119,Immaculate Letter Size Paper,copy paper,segA,4,44,69.96,279.84,176,103.84,9/2/2026,,,,,,,,
,199,217,Sparkling Custodians of Canyonwood,4,Bright Bathroom Tissue,paper & tissue,segA,2,26,36.14,72.28,52,20.28,9/11/2026,,,,,,,,
8/27/2026,199,217,Sparkling Custodians of Canyonwood,5,Polished Kitchen Towels,paper & tissue,segA,3,35,45.85,137.55,105,32.55,9/11/2026,,,,,,,,
8/27/2026,199,217,Sparkling Custodians of Canyonwood,7,Gleaming Bathroom Tissue,paper & tissue,segA,2,16,21.6,43.2,32,11.2,9/11/2026,,,,,,,,
8/27/2026,199,217,Sparkling Custodians of Canyonwood,16,Dazzling Bathroom Tissue,paper & tissue,segA,2,42,55.86,111.72,84,27.72,9/11/2026,,,,,,,,
8/27/2026,199,217,Sparkling Custodians of Canyonwood,23,Dazzling Roll Paper Towels,paper & tissue,segA,1,40,53.2,53.2,40,13.2,9/11/2026,,,,,,,,
8/27/2026,199,217,Sparkling Custodians of Canyonwood,24,Sparkling Pocket Tissues,paper & tissue,segA,1,18,26.1,26.1,18,8.1,9/11/2026,,,,,,,,
8/27/2026,199,217,Sparkling Custodians of Canyonwood,68,Dazzling Disinfectant Wipes,cleaning supplies,segC,1,54,96.66,96.66,,42.66,9/11/2026,,,,,,,,
8/27/2026,199,217,Sparkling Custodians of Canyonwood,73,Spotless Creamers,breakroom supplies,segA,1,18,34.56,34.56,18,16.56,9/11/2026,,,,,,,,
8/27/2026,199,217,Sparkling Custodians of Canyonwood,87,Glossy Tea Selection,  breakroom supplies ,segA,1,11,23.65,23.65,11,12.65,9/11/2026,,,,,,,,
,199,217,Sparkling Custodians of Canyonwood,90,Dazzling Instant Soups,breakroom supplies,  segA ,1,24,48.24,48.24,24,24.24,9/11/2026,,,,,,,,
27/08/2026,199,217,Sparkling Custodians of Canyonwood,96,Dazzling Disposable Cups,breakroom supplies,segA,1,19,34.96,34.96,19,15.96,9/11/2026,,,,,,,,
8/27/2026,199,217,Sparkling Custodians of Canyonwood,98,Radiant Glossy Photo Paper,copy paper,sgeA,4,23,36.57,146.28,92,54.28,9/11/2026,,,,,,,,
8/27/2026,199,217,Sparkling Custodians of Canyonwood,99,Glossy Letter Size Paper,copy paper,segA,3,57,79.23,237.69,171,66.69,9/11/2026,,,,,,,,
8/27/2026,199,217,Sparkling Custodians of Canyonwood,101,Radiant Colored Paper,copy paper,segA,1,60,89.4,89.4,60,29.4,9/11/2026,,,,,,,,
8/27/2026,199,217,Sparkling Custodians of Canyonwood,104,lGeaming Glossy Photo Paper,copy paper,segA,2,52,77.48,154.96,104,50.96,,,,,,,,,
8/27/2026,199,217,Sparkling Custodians of Canyonwood,106,Sleek Resume Paper,copy paper,segA,1,48,62.4,62.4,48,14.4,9/11/2026,,,,,,,,
8/27/2026,199,217,Sparkling Custodians of Canyonwood,107,Radiant Glossy Photo Paper,copy paper,segA,5,58,,452.4,290,162.4,9/11/2026,,,,,,,,
27/08/2026,199,217,Sparkling Custodians of Canyonwood,112,Sparkling Letter Size Paper,copy paper,segA,2,46,59.8,119.6,92,27.6,9/11/2026,,,,,,,,
8/27/2026,199,217,Sparkling Custodians of Canyonwood,113,Polished Recycled Paper,copy paper,segA,3,36,,165.24,108,57.24,9/11/2026,,,,,,,,
8/27/2026,199,217,Sparkling Csutodians of Canyonwood,117,,copy paper,segA,1,51,66.81,66.81,51,15.81,9/11/2026,,,,,,,,
8/25/2026,265,217,Sparkling Csutodians of Canyonwood,4,Bright Bathroom Tissue,paper & tissue,segA,2,26,36.14,72.28,52,20.28,8/26/2026,,,,,,,,
8/25/2026,265,217,Sparkling Custodians of Canyonwood,5,Polished Kitchen Towels,paper & tissue,segA,2,35,45.85,91.7,70,21.7,8/26/2026,,,,,,,,
8/25/2026,265,217,Sparkling Custodians of Canyonwood,6,Pristine Bathroom Tissue,paper & tissue,segA,3,19,26.6,,57,22.8,,,,,,,,,
8/25/2026,265,217,Sparkling Custodians of Canyonwood,7,Gleaming Bathroom Tissue,paper & tissue,segA,5,16,21.6,108,80,28,8/26/2026,,,,,,,,
8/25/2026,265,217,Sparkling Custodians of Canyonwood,20,Gleaming Roll Paper Towels,paper & tissue,segA,5,28,37.52,187.6,140,47.6,8/26/2026,,,,,,,,
8/25/2026,265,217,Sparkling Custodians of Canyonwood,23,Dazzling Roll Paper Towels,paper & tissue,segA,3,,53.2,159.6,120,39.6,8/26/2026,,,,,,,,
8/25/2026,265,217,Sparkling Custodinas of Canyonwood,24,Sparkling Pocket Tissues,paper & tissue,,2,18,26.1,52.2,36,16.2,8/26/2026,,,,,,,,
8/25/2026,265,217,Sparkling Custodians of Canyonwood,73,Spotless Creamers,breakroom supplies,segA,1,18,34.56,34.56,18,16.56,8/26/2026,,,,,,,,
8/25/2026,265,217,Sparkling Custodians of Canyonwood,77,Sleek Disposable Cups,breakroom supplies,segA,1,25,49,49,25,24,8/26/2026,,,,,,,,
8/25/2026,265,217,Sparkling Csutodians of Canyonwood,89,Sparkling Disposable Cups,breakroom supplies,segA,1,,42.42,42.42,21,21.42,8/26/2026,,,,,,,,
8/25/2026,265,217,Sparkling Custodians of Canyonwood,93,Gleaming Microwave Popcorn,breakroom supplies,esgA,1,20,38.2,38.2,20,,8/26/2026,,,,,,,,
8/25/2026,265,217,Sparkling Custodians of Canyonwood,96,Dazzling Disposable Cups,breakroom supplies,segA,1,19,34.96,34.96,19,15.96,8/26/2026,,,,,,,,
8/25/2026,265,217,Sparkling Custodians of Canyonwood,97,Sparkling Legal Size Paper,copy paper,segA,1,39,59.67,59.67,39,20.67,8/26/2026,,,,,,,,
8/25/2026,265,217,Sparkling Custodians of Canyonwood,104,Gleaming Glossy Photo Paper,copy paper,segA,2,52,77.48,154.96,104,50.96,8/26/2026,,,,,,,,
25/08/2026,265,217,Sparkling Custodians of Canyonwood,113,Polished Recycled Paper,copy paper,segA,4,36,55.08,220.32,144,76.32,8/26/2026,,,,,,,,
8/25/2026,265,217,Sparkling uCstodians of Canyonwood,119,Immaculate Letter Size Paper,copy paper,segA,,44,,489.72,308,181.72,8/26/2026,,,,,,,,
8/25/2026,265,217,Sparkling Custodians of Canyonwood,120,,  copy paper ,segA,5,45,68.85,344.25,225,119.25,8/26/2026,,,,,,,,
8/13/2026,493,217,Sparkling Custodians of Canyonwood,4,Bright Bathroom Tissue,paper & tissue,segA,2,26,36.14,72.28,52,20.28,8/14/2026,,,,,,,,
8/13/2026,493,217,Sparkling Custodians of Canyonwood,5,Polished Kitchen Towels,paper & tissue,segA,5,35,45.85,229.25,175,54.25,8/14/2026,,,,,,,,
8/13/2026,493,217,Sparkling Custodians of Canyonwood,7,,paper & tissue,segA,2,16,21.6,43.2,32,11.2,8/14/2026,,,,,,,,
8/13/2026,493,217,Sparkling Custodians of Canyonwood,16,Dazzling Bathroom Tissue,paper & tissue,segA,1,42,55.86,55.86,42,13.86,8/14/2026,,,,,,,,
8/13/2026,493,217,Sparkling Custodians of Canyonwood,22,Sparkling Pocket Tissues,paper & tissue,segA,4,41,61.5,246,164,82,8/14/2026,,,,,,,,
8/13/2026,493,217,Sparkling Custodians of Canyonwood,24,Sparkling Pocket Tissues,paper & tissue,segA,1,18,26.1,26.1,18,8.1,8/14/2026,,,,,,,,
8/13/2026,493,217,Sparkling Custodians of Canyonwood,60,Ploished Degreaser,cleaning supplies,segC,1,26,44.98,44.98,26,18.98,8/14/2026,,,,,,,,
8/13/2026,493,217,Sparkling Custodians of Canyonwood,77,Sleek Disposable Cups,breakroom supplies,segA,1,25,49,49,25,,8/14/2026,,,,,,,,
8/13/2026,493,217,Sparkling Custodians of Canyonwood,82,Pristine Granola Bars,breakroom supplies,segA,2,26,53.04,106.08,52,54.08,8/14/2026,,,,,,,,
8/13/2026,493,217,Sparkling Custodians of Canyonwood,86,Dazzling Instant Soups,breakroom supplies,segA,1,16,27.68,27.68,16,11.68,8/14/2026,,,,,,,,
13/08/2026,493,217,Sparkling Custodians of Canyonwood,87,Glossy Tea Selection,breakroom supplies,segA,1,11,23.65,23.65,11,12.65,8/14/2026,,,,,,,,
8/13/2026,493,217,Sparkling Custodians of Canyonwood,96,Dazzling Disposable Cups,breakroom supplies,segA,1,19,34.96,34.96,19,15.96,8/14/2026,,,,,,,,
8/13/2026,493,217,Sparkling Custodians of Canyonwood,98,Radiant Glossy Photo Paper,copy paper,segA,2,,36.57,73.14,46,27.14,8/14/2026,,,,,,,,
8/13/2026,493,217,Sparkling Custodians of Canyonwood,99,Glossy Letter Size Paper,copy paper,segA,4,57,79.23,316.92,228,88.92,8/14/2026,,,,,,,,
8/13/2026,493,217,Sparkling Custodians of Canyonwood,107,Radiant Glossy Photo Paper,copy paper,segA,4,58,90.48,361.92,232,129.92,8/14/2026,,,,,,,,
8/13/2026,493,217,Sparkling Custodians of Canyonwood,,Glossy Recycled Paper,copy paper,segA,5,54,79.92,399.6,270,129.6,8/14/2026,,,,,,,,
8/13/2026,493,217,Sparkling Custodians of Canyonwood,114,Glossy Recycled Paper,copy paper,segA,4,32,42.56,170.24,128,42.24,8/14/2026,,,,,,,,
8/13/2026,493,217,Sparkling Custodians of Canyonwood,115,Polished Glossy Photo Paper,copy paper,segA,3,59,90.86,272.58,177,95.58,8/14/2026,,,,,,,,
8/13/2026,493,217,Sparkling Custodians of Canyonwood,117,Dazzling Graph Paper,copy paper,segA,1,51,66.81,66.81,51,15.81,8/14/2026,,,,,,,,
8/13/2026,493,217,Sparkling Custodians of Canyonwood,119,Immaculate Letter Size Paper,copy paper,segA,4,44,69.96,279.84,176,103.84,8/14/2026,,,,,,,,
8/13/2026,493,217,Sparkling Custodians of Canyonwood,120,Sparkling Letter Size Paper,,segA,7,45,68.85,481.95,315,166.95,8/14/2026,,,,,,,,
8/27/2026,,217,Sparkling Custodians of Canyonwood,22,Sparkling Pocket Tissues,paper & tissue,segA,4,41,61.5,246,164,82,9/11/2026,,,,,,,,
8/25/2026,,217,Sparkling Custodians of Canyonwood,116,Immaculate Legal Size Paper,copy paper,segA,6,59,83.19,499.14,354,145.14,8/26/2026,,,,,,,,
8/13/2026,,217,Sparkling Custodians of Canyonwood,20,Gleaming Roll Paper Towels,paper & tissue,segA,6,28,37.52,225.12,168,57.12,8/14/2026,,,,,,,,
8/13/2026,494,218,Dazzling Sanitizers of Bayhaven,21,Glossy Facial Tissues,paper & tissue,segD,1,47,75.67,75.67,47,28.67,8/14/2026,,,,,,,,
8/13/2026,494,218,Dazzling Sanitizers of Bayhaven,97,Sparkling Legal Size Paper,copy paper,segA,4,39,58.5,234,156,78,8/14/2026,,,,,,,,
8/13/2026,494,218,Dazzling Sanitizers of Bayhaven,100,Dazzling Legal Size Paper,copy paper,segA,1,24,31.2,31.2,24,7.2,8/14/2026,,,,,,,,
8/13/2026,494,218,Dazzling Sanitizers of Bayhaven,117,Dazzling Graph Paper,copy paper,segA,,51,80.07,80.07,,29.07,8/14/2026,,,,,,,,
8/13/2026,494,218,Dazzling Sanitizers of Bayhaven,120,Sparkling Letter Size Paper,copy paper,segA,5,45,,353.25,225,128.25,8/14/2026,,,,,,,,
8/13/2026,494,218,Dazzling Sanitizers of Bayhaven,21,Glossy Facial Tissues,paper & tissue,segD,1,47,75.67,75.67,47,28.67,8/14/2026,,,,,,,,
8/26/2026,231,219,Gleaming Servicers of Cedarport,26,Radiant Sticky Notes,office products,segA,5,34,54.06,270.3,170,100.3,,,,,,,,,
8/26/2026,231,219,Gleaming Servicers of Cedarport,28,Immaculate Binder Clips,office products,segA,3,29,45.82,137.46,87,50.46,8/27/2026,,,,,,,,
8/26/2026,231,219,Gleaming Servicers of Cedarport,29,,office products,segA,3,37,58.46,175.38,111,64.38,8/27/2026,,,,,,,,
8/26/2026,231,219,Gleaming Servicers of Cedarport,30,Immaculate Markers,office products,segA,1,,42.28,42.28,28,14.28,8/27/2026,,,,,,,,
8/26/2026,231,219,Gleaming Servicers of Cedarport,31,Polished Highlighters,office products,segA,3,17,22.95,68.85,51,17.85,8/27/2026,,,,,,,,
8/26/2026,231,219,Gleaming Servicers of Cedarport,36,Glossy Staplers,office products,segA,1,50,80,80,50,30,8/27/2026,,,,,,,,
8/26/2026,231,219,Gleaming Servicers of Cedarport,48,Fresh Desk Organizers,office products,segA,1,29,42.34,,29,13.34,8/27/2026,,,,,,,,
8/26/2026,231,219,Gleaming Servicers of Cedarport,55,Spotless Floor Cleaner,cleaning supplies,segA,2,29,49.59,99.18,58,41.18,8/27/2026,,,,,,,,
8/26/2026,231,219,Gleaming Servicers of Cedarport,64,Bright Glass Cleaner,cleaning supplies,segA,1,32,51.52,51.52,32,19.52,,,,,,,,,
8/26/2026,231,219,Gleaming Servicers of Cedarport,70,Sleek Air Freshener,cleaning supplies,segA,20,33,49.5,990,660,330,8/27/2026,,,,,,,,
8/19/2026,369,219,Gleaming Servicers of Cedarport,1,Sleek Party Napkins,paper & tissue,segB,1,29,44.66,44.66,29,15.66,8/20/2026,,,,,,,,
8/19/2026,369,219,Gleaming Servicers of Cedarport,28,Immaculate Binder Clips,office products,segA,1,29,45.82,45.82,29,16.82,8/20/2026,,,,,,,,
,369,219,Gleaming Servicers of Cedarport,29,Dazzling Paper Clips,office products,segA,2,37,58.46,116.92,74,42.92,8/20/2026,,,,,,,,
8/19/2026,369,219,Gleaming Servicers of Cedarport,30,Immaculate Markers,office proudcts,segA,1,28,42.28,42.28,28,14.28,8/20/2026,,,,,,,,
8/19/2026,369,219,Gleaming Servicers of Cedarport,33,Dazzling File Folders,office products,segA,5,26,40.82,204.1,130,74.1,8/20/2026,,,,,,,,
8/19/2026,369,219,Gleaming Servicers of Cedarport,,Fresh File Folders,offiec products,segA,1,50,69,69,50,19,8/20/2026,,,,,,,,
8/19/2026,369,219,Gleaming Servicers of Cedarport,48,Fresh Desk Organizers,office products,segA,3,29,42.34,127.02,87,40.02,8/20/2026,,,,,,,,
8/19/2026,369,219,Gleaming Servicers of Cedarport,49,Sparkling Disinfectant Wipes,cleaning supplies,segA,1,21,36.96,36.96,21,15.96,,,,,,,,,
,369,219,Gleaming Servicers of Cedarport,57,Glossy All-Purpose Cleaner,cleaning supplies,segA,37,51,75.48,2792.76,1887,905.76,8/20/2026,,,,,,,,
8/19/2026,369,219,Gleaming Servicers of Cedarport,62,Glossy Air Freshener,cleaning supplies,segA,3,20,33.4,100.2,60,40.2,8/20/2026,,,,,,,,
8/19/2026,369,219,Gleaming Servicers of Cedarport,63,Polished Glass Cleaner,cleaning supplies,segA,2,42,77.28,154.56,84,70.56,8/20/2026,,,,,,,,
8/19/2026,369,219,Gleaming Servicers of Cedarport,69,Gleaming Degreaser,cleaning supplies,segA,3,27,47.52,142.56,81,61.56,8/20/2026,,,,,,,,
8/19/2026,369,219,Gleaming Servicers of Cedarport,70,Sleek Air Freshener,cleaning supplies,segA,13,33,49.5,643.5,429,214.5,8/20/2026,,,,,,,,
8/19/2026,369,219,Gleaming Servicers of Cedarport,72,Gleaming Glass Cleaner,cleaning supplies,segA,3,23,37.26,111.78,69,42.78,8/20/2026,,,,,,,,
8/19/2026,369,219,Gleaming Servicers of Cedarport,80,Spotless Instant Soups,breakroom supplies,segD,1,17,33.49,33.49,17,16.49,8/20/2026,,,,,,,,
8/26/2026,,219,Gleaming Servicers of Cedarport,40,Immaculate Markers,office products,segA,1,34,46.92,46.92,34,12.92,8/27/2026,,,,,,,,
8/19/2026,,219,Gleaming Servicers of Cedarport,55,Spotless Floor Cleaner,cleaning supplies,segA,2,29,49.59,99.18,58,41.18,8/20/2026,,,,,,,,
8/25/2026,266,220,Fresh Servicers of Cedarwood,8,Bright Party Napkins,  paper & tissue ,segC,10,50,78.5,,500,285,9/9/2026,,,,,,,,
8/25/2026,266,220,Fresh Servicers of Cedarwood,34,,office products,segD,1,24,41.28,41.28,24,17.28,9/9/2026,,,,,,,,
8/25/2026,266,220,Fresh Servicers of Cedarwood,79,Immaculate Microwave Popcorn,breakroom supplies,  segC ,1,25,54.75,54.75,25,29.75,9/9/2026,,,,,,,,
8/25/2026,266,220,Fresh Servicers of Cedarwood,97,Sparkling Legal Size Paper,copy paper,segD,1,39,71.76,71.76,39,32.76,9/9/2026,,,,,,,,
8/27/2026,200,221,Spotless Cleaners of Lakefield,35,Dazzling Staplers,office products,segC,3,27,44.55,133.65,81,52.65,8/28/2026,,,,,,,,
8/27/2026,200,221,Spotless Cleaners of Lakefield,52,Spotless Air Freshener,cleaning supplies,segB,1,49,92.12,92.12,49,43.12,8/28/2026,,,,,,,,
8/27/2026,200,221,Spotless Cleaners of Lakefield,72,Gleaming Glass Cleaner,cleaning supplies,segB,4,,39.1,156.4,92,64.4,8/28/2026,,,,,,,,
8/27/2026,200,221,Spotless Cleaners of Lakefield,100,Dazzling Legal Size Paper,copy paper,segA,,24,35.52,745.92,504,241.92,8/28/2026,,,,,,,,
8/27/2026,200,221,Spotless Cleaners of Lakefield,119,,copy paper,segA,16,44,58.52,936.32,704,232.32,8/28/2026,,,,,,,,
8/11/2026,545,221,Spotless Cleaners of Lakefield,19,Fresh Party Napkins,paper & tissue,segD,1,45,77.4,77.4,45,32.4,8/19/2026,,,,,,,,
8/11/2026,545,221,Spotless Cleaners of Lakefield,92,Glossy Instant Soups,breakroom supplies,segD,1,24,53.04,53.04,24,29.04,19/08/2026,,,,,,,,
8/11/2026,545,221,  Spotless Cleaners of Lakefield ,98,Radiant Glossy Photo Paper,copy paper,segA,18,23,31.74,571.32,414,157.32,8/19/2026,,,,,,,,
8/11/2026,545,221,  Spotless Cleaners of Lakefield ,103,Spotless Colored Paper,copy paper,segA,5,45,70.65,353.25,225,128.25,8/19/2026,,,,,,,,
8/11/2026,545,221,Spotless Cleaners of Lakefield,109,Immaculate Resume Paper,copy paper,segA,11,31,44.02,484.22,341,143.22,8/19/2026,,,,,,,,
8/11/2026,545,221,Spotless Cleaners of Lakefield,119,Immaculate Letter Size Paper,copy paper,segA,29,44,58.52,1697.08,1276,421.08,8/19/2026,,,,,,,,
8/27/2026,,221,Spotless Cleaners of Lakefield,,Glossy Recycled Paper,copy paper,segA,8,54,86.4,691.2,432,259.2,8/28/2026,,,,,,,,
8/31/2026,120,223,Sparkling Sanitizers of Forestdale,73,Spotless Creamers,breakroom supplies,segA,526,18,27,14202,,4734,9/1/2026,,,,,,,,
8/31/2026,120,223,Sparkling Sanitizers of Forestdale,81,Polished Stirrers,breakroom supplies,segA,14,22,46.2,646.8,308,338.8,9/1/2026,,,,,,,,
8/31/2026,120,223,Sparkling Sanitizers of Forestdale,83,Spotless Energy Drinks,breakroom supplies,segA,,26,50.96,,832,798.72,9/1/2026,,,,,,,,
8/31/2026,120,223,Sparkling Sanitizers of Forestdale,90,Dazzling Instant Soups,breakroom supplies,segA,45,24,44.4,1998,1080,918,9/1/2026,,,,,,,,
8/28/2026,162,223,Sparkling Sanitizers of Forestdale,7,Gleaming Bathroom Tissue,paper & tissue,segC,6,16,24.32,145.92,96,49.92,8/31/2026,,,,,,,,
8/28/2026,162,223,Sparkling Sanitizers of Forestdale,28,Immaculate Binder Clips,office products,segD,7,29,46.4,324.8,203,121.8,8/31/2026,,,,,,,,
28/08/2026,162,223,Sparkling Sanitizers of Forestdale,63,Polished Glass Cleaner,,segA,45,42,70.56,3175.2,1890,1285.2,8/31/2026,,,,,,,,
8/28/2026,162,223,Sparkling Sanitizers of Forestdale,66,Radiant Glass Cleaner,cleaning supplies,segA,7,21,37.59,263.13,147,116.13,8/31/2026,,,,,,,,
8/28/2026,162,223,Sparkling Sanitizers of Forestdale,69,Gleaming Degreaser,cleaning supplies,segA,17,27,51.3,872.1,459,,8/31/2026,,,,,,,,
8/28/2026,162,223,Sparkling Sanitizers of Forestdale,73,  Spotless Creamers ,breakroom supplies,segA,486,18,27,13122,8748,,8/31/2026,,,,,,,,
8/28/2026,162,223,Sparkling Sanitizers of Forestdale,74,Pristine Energy Drinks,breakroom supplies,segA,33,15,26.7,881.1,495,386.1,8/31/2026,,,,,,,,
8/28/2026,162,223,Sparkling Sanitizers of Forestdale,77,Sleek Disposable Cups,breakroom supplies,segA,45,25,45.5,2047.5,1125,922.5,8/31/2026,,,,,,,,
8/28/2026,162,223,Sparkling Sanitizers of Forestdale,80,Spotless Instant Soups,breakroom supplies,segA,36,17,33.15,1193.4,612,581.4,8/31/2026,,,,,,,,
8/28/2026,162,223,Sparkling Sanitizers of Forestdale,81,Polished Stirrers,breakroom supplies,segA,14,22,46.2,646.8,308,338.8,8/31/2026,,,,,,,,
8/28/2026,162,223,Sparkling Sanitizers of Forestdale,90,Dazzling Instant Soups,breakroom supplies,esgA,38,24,44.4,,912,775.2,8/31/2026,,,,,,,,
8/28/2026,162,223,Sparkling Sanitizers of Forestdale,,Glossy Microwave Popcorn,breakroom supplies,segA,34,29,52.2,1774.8,986,788.8,8/31/2026,,,,,,,,
8/28/2026,162,223,Sparkling Sanitizers of Forestdale,100,Dazzling Legal Size Paper,,segB,39,24,34.56,1347.84,936,411.84,8/31/2026,,,,,,,,
8/28/2026,162,223,Sparkling Sanitizers of Forestdale,106,Sleek Resume Paper,copy paper,segB,18,48,69.12,1244.16,864,380.16,8/31/2026,,,,,,,,
8/21/2026,324,223,Sparkling Sanitizers of Forestdale,7,Gleaming Bathroom Tissue,paper & tissue,segC,6,16,24.32,145.92,96,49.92,8/24/2026,,,,,,,,
8/21/2026,324,223,Sparkling Sanitizers of Forestdale,73,  Spotless Creamers ,breakroom supplies,segA,,18,27,13041,8694,4347,8/24/2026,,,,,,,,
,324,223,Sparkling Sanitizers of Forestdale,75,Fresh Microwave Popcorn,breakroom supplies,segA,571,18,27,15417,10278,5139,8/24/2026,,,,,,,,
8/21/2026,324,223,Sparkling Sanitizers of Forestdale,77,Sleek Disposable Cups,breakroom supplies,segA,27,25,45.5,1228.5,675,553.5,8/24/2026,,,,,,,,
8/21/2026,324,223,Sparkling Sanitizers of Forestdale,91,Glossy Microwave Popcorn,breakroom supplies,segA,,29,52.2,1357.2,754,603.2,8/24/2026,,,,,,,,
8/21/2026,324,223,Sparkling Sanitizers of Forestdale,77,Sleek Disposable Cups,breakroom supplies,segA,27,25,45.5,1228.5,675,553.5,8/24/2026,,,,,,,,
8/20/2026,354,223,Sparkling Sanitizers of Forestdale,65,,cleaning supplies,segA,27,20,36.6,988.2,540,448.2,8/21/2026,,,,,,,,
8/20/2026,354,223,Sparkling Sanitizers of Forestdale,73,Spotless Creamers,breakroom supplies,segA,632,18,27,17064,11376,5688,8/21/2026,,,,,,,,
8/20/2026,354,223,Sparkling Sanitizers of Forestdale,77,Sleek Disposable Cups,breakroom supplies,segA,41,25,45.5,1865.5,1025,840.5,8/21/2026,,,,,,,,
8/20/2026,354,223,Sparkling Sanitizers of Forestdale,80,Spotless Instant Soups,breakroom supplies,segA,32,17,33.15,1060.8,544,516.8,8/21/2026,,,,,,,,
8/20/2026,354,223,Sparkling Sanitizers of Forestdale,86,Dazzling Instant Soups,breakroom supplies,segA,41,16,29.92,1226.72,656,,21/08/2026,,,,,,,,
8/20/2026,354,223,  Sparkling Sanitizers of Forestdale ,87,Glossy Tea Selection,breakroom supplies,segA,39,11,21.89,853.71,429,424.71,8/21/2026,,,,,,,,
8/20/2026,354,223,Sparkling Sanitizers of Forestdale,90,Dazzling Instant Soups,breakroom supplies,segA,29,24,44.4,1287.6,696,591.6,8/21/2026,,,,,,,,
8/13/2026,495,223,Sparkling Sanitizers of Forestdale,39,Immaculate Sticky Notes,office products,segD,6,34,62.56,375.36,204,,8/14/2026,,,,,,,,
8/13/2026,495,223,Sparkling Sanitizers of Forestdale,51,Bright Glass Cleaner,cleaning supplies,segA,850,26,39,33150,22100,11050,8/14/2026,,,,,,,,
8/13/2026,495,223,Sparkling Sanitizers of Forestdale,53,Glossy Glass Cleaner,cleaning supplies,segA,41,36,66.6,2730.6,1476,1254.6,8/14/2026,,,,,,,,
8/13/2026,495,223,Sparkling Sanitizers of Forestdale,70,Sleek Air Freshener,cleaning supplies,segA,21,33,53.13,1115.73,693,422.73,14/08/2026,,,,,,,,
8/13/2026,495,223,Sparkling Sanitizers of Forestdale,73,Spotless Creamers,breakroom supplies,segA,459,18,27,12393,8262,4131,8/14/2026,,,,,,,,
8/13/2026,495,223,Sparkling Sanitizers of Forestdale,81,Polished Stirrers,breakroom supplies,segA,7,22,46.2,323.4,154,169.4,8/14/2026,,,,,,,,
8/13/2026,495,223,Sparkling Sanitizers of Forestdale,86,Dazzling Instant Soups,breakroom supplies,esgA,38,16,29.92,1136.96,608,528.96,8/14/2026,,,,,,,,
8/13/2026,495,223,Sparkling Sanitizers of Forestdale,87,Glossy Tea Selection,breakroom supplies,segA,33,11,21.89,722.37,363,359.37,8/14/2026,,,,,,,,
8/13/2026,495,223,Sparkling Sanitizers of Forestdale,90,Dazzling Instant Soups,breakroom supplies,segA,42,24,44.4,1864.8,1008,856.8,8/14/2026,,,,,,,,
8/13/2026,495,223,Sparkling Sanitizers of Forestdale,91,Glossy Microwave Popcorn,breakroom supplies,segA,25,29,52.2,1305,725,580,8/14/2026,,,,,,,,
13/08/2026,495,223,Sparkling Sanitizers of Forestdale,100,Dazzling Legal Size Paper,copy paper,,23,24,34.56,,552,242.88,8/14/2026,,,,,,,,
8/13/2026,495,223,Sparkling Sanitizers of Forestdale,116,Immaculate Legal Size Paper,copy paper,segB,33,59,,3134.67,1947,1187.67,8/14/2026,,,,,,,,
,525,223,Sparkling Sanitizers of Forestdale,7,Gleaming Bathroom Tissue,paper & tissue,segC,6,16,24.32,145.92,96,49.92,8/13/2026,,,,,,,,
8/12/2026,525,223,Sparkling Sanitizers of Forestdale,70,Sleek Air Freshener,cleaning supplies,segA,24,33,53.13,1275.12,792,483.12,8/13/2026,,,,,,,,
8/12/2026,525,223,Sparkling Sanitizers of Forestdale,,Sleek Disposable Cups,breakroom supplies,segA,31,,45.5,1410.5,775,635.5,8/13/2026,,,,,,,,
8/12/2026,525,223,Sparkling Sanitizers of Forestdale,90,Dazzling Instant Soups,breakroom supplies,segA,45,24,44.4,1998,1080,918,8/13/2026,,,,,,,,
8/12/2026,,223,Sparkling Sanitizers of Forestdale,91,Glossy Microwave Popcorn,breakroom supplies,segA,36,29,52.2,1879.2,1044,835.2,8/13/2026,,,,,,,,
8/28/2026,163,224,Glossy Wholesalers of Gardenburg,3,Sparkling Party Napkins,  paper & tissue ,segA,19,21,,534.66,399,135.66,8/31/2026,,,,,,,,
8/28/2026,163,224,Glossy Wholesalers of Gardenburg,5,Polished Kitchen Towels,paper & tissue,segA,30,35,48.65,1459.5,1050,409.5,8/31/2026,,,,,,,,
8/28/2026,163,224,Glossy Wholesalers of Gardenburg,6,Pristine Bathroom Tissue,paper & tissue,segA,21,19,25.46,534.66,399,135.66,8/31/2026,,,,,,,,
8/28/2026,163,224,Glossy Wholesalers of Gardenburg,11,Fresh Lunch Napkins,  paper & tissue ,segA,11,21,28.14,309.54,231,78.54,8/31/2026,,,,,,,,
8/28/2026,163,224,Glossy Wholesalers of Gardenburg,15,Sparkling 2-Ply Toilet Paper,paper & tissue,segA,14,43,64.5,,602,301,8/31/2026,,,,,,,,
8/28/2026,163,224,Glossy Wholesalers of Gardenburg,18,Pristine Lunch Napkins,  paper & tissue ,segA,20,20,30,600,400,200,8/31/2026,,,,,,,,
8/28/2026,163,224,Glossy Wholesalers of Gardenburg,23,Dazzling Roll Paper Towels,paper & tissue,  segA ,16,40,52.8,844.8,640,204.8,8/31/2026,,,,,,,,
8/28/2026,163,224,Glossy Wholesalers of Gardenburg,50,Bright Glass Cleaner,cleaning supplies,,4,23,39.79,159.16,92,67.16,8/31/2026,,,,,,,,
8/28/2026,163,224,Glossy Wholesalers of Gardenburg,55,Spotless Floor Cleaner,cleaning supplies,segB,1,29,56.55,56.55,29,27.55,8/31/2026,,,,,,,,
8/28/2026,163,224,Glossy Wholesalers of Gardenburg,80,Spotless Instant Soups,breakroom supplies,segD,,17,39.1,,17,22.1,8/31/2026,,,,,,,,
8/17/2026,423,224,Glossy Wholesalers of Gardenburg,6,Pristine Bathroom Tissue,paper & tissue,segA,14,19,25.46,356.44,266,90.44,9/1/2026,,,,,,,,
8/17/2026,423,224,Glossy Wholesalers of Gardenburg,8,Bright Party Napkins,paper & tissue,segA,11,50,65,715,550,165,9/1/2026,,,,,,,,
8/17/2026,423,224,Glossy Wholesalers of Gardenburg,13,Pristine Party Napkins,paper & tissue,segA,22,45,59.85,1316.7,,326.7,9/1/2026,,,,,,,,
8/17/2026,423,224,Glossy Wholesalers of Gardenburg,19,Fresh Party Napkins,paper & tissue,segA,14,45,58.5,819,630,189,9/1/2026,,,,,,,,
8/17/2026,423,224,Glossy Wholesalers of Gardenburg,20,Gleaming Roll Paper Towels,paper & tissue,segA,11,28,41.44,455.84,308,147.84,9/1/2026,,,,,,,,
8/17/2026,423,224,Glossy Wholesalers of Gardenburg,58,Spotless Floor Cleaner,cleaning supplies,segB,1,31,60.45,60.45,31,29.45,9/1/2026,,,,,,,,
8/18/2026,393,226,Spotless Cleaners of Forestburg,32,Bright Desk Organizers,office products,segA,2,44,62.04,124.08,88,36.08,9/2/2026,,,,,,,,
8/18/2026,393,226,Spotless Cleaners of Forestburg,34,Radiant Staplers,office products,segA,1,24,33.12,33.12,24,9.12,9/2/2026,,,,,,,,
8/18/2026,393,226,Spotless Cleaners of Forestburg,35,Dazzling Staplers,,segA,,27,39.15,,,24.3,9/2/2026,,,,,,,,
8/18/2026,393,226,Spotless Cleaners of Forestburg,36,Glossy Staplers,office products,segA,2,,66,132,100,32,9/2/2026,,,,,,,,
8/18/2026,393,226,Spotless Cleaners of Forestburg,38,Radiant Pens,office products,segA,6,17,23.46,140.76,102,38.76,9/2/2026,,,,,,,,
8/18/2026,393,226,Spotless Cleaners of Forestburg,42,Polished Markers,office products,segA,4,28,38.08,152.32,112,40.32,9/2/2026,,,,,,,,
8/18/2026,393,226,Spotless Cleaners of Forestburg,46,Spotless Desk Organizers,office products,segA,3,33,45.21,135.63,99,36.63,2/9/2026,,,,,,,,
8/18/2026,393,226,Spotless Cleaners of Forestburg,48,Fresh Desk Organizers,office products,segA,3,29,46.4,139.2,87,52.2,9/2/2026,,,,,,,,
8/18/2026,,226,Spotless Cleaners of Forestburg,44,Gleaming Recycled Paper,office products,segA,25,34,43.52,1088,850,238,9/2/2026,,,,,,,,
9/4/2026,21,227,Fresh Maintainers of Valleyville,79,Immaculate Microwave Popcorn,breakroom supplies,segA,2,25,53.25,106.5,50,56.5,9/7/2026,,,,,,,,
9/4/2026,21,227,Fresh Maintainers of Valleyville,86,Dazzling Instant Soups,breakroom supplies,segA,1,16,32.8,32.8,16,16.8,9/7/2026,,,,,,,,
9/4/2026,21,227,Fresh Maintainers of Valleyville,87,Glossy Tea Selection,breakroom supplies,,1,11,23.1,23.1,11,12.1,9/7/2026,,,,,,,,
9/4/2026,21,227,Fresh Maintainers of Valleyville,90,Dazzling Instant Soups,breakroom supplies,segA,1,24,50.16,50.16,24,26.16,7/9/2026,,,,,,,,
9/4/2026,21,227,Fresh Maintainers of Valleyville,91,Glossy Microwave Popcorn,breakroom supplies,segA,1,29,51.62,51.62,29,22.62,9/7/2026,,,,,,,,
9/4/2026,21,227,Fresh Maintainers of Valleyville,94,,breakroom supplies,segA,1,7,14.35,,7,7.35,9/7/2026,,,,,,,,
9/4/2026,21,227,Fresh Maintainers of Valleyville,95,Bright Disposable Cups,breakroom supplies,segA,1,13,23.14,23.14,13,10.14,9/7/2026,,,,,,,,
9/4/2026,21,227,Fresh Maintainers of Valleyville,96,Dazzling Disposable Cups,breakroom supplies,segA,1,19,36.29,36.29,19,17.29,9/7/2026,,,,,,,,
9/4/2026,21,227,Fresh Maintainers of Valleyville,99,Glossy Letter Size Paper,copy paper,segA,4,57,78.66,314.64,228,86.64,9/7/2026,,,,,,,,
9/4/2026,21,227,Fresh Maintainers of Valleyville,102,Sleek Resume Paper,,segA,10,26,32.76,327.6,260,67.6,9/7/2026,,,,,,,,
9/4/2026,21,227,Fresh Maintainers of Valleyville,103,Spotless Colored Paper,copy paper,segA,3,45,61.2,183.6,135,48.6,,,,,,,,,
9/4/2026,21,227,Fresh Maintainers of Valleyville,112,Sparkling Letter Size Paper,copy paper,segA,6,46,66.24,,,121.44,9/7/2026,,,,,,,,
9/4/2026,21,227,Fresh Maintainers of Valleyville,115,  Polished Glossy Photo Paper ,cpoy paper,segA,4,59,90.86,363.44,236,127.44,9/7/2026,,,,,,,,
9/4/2026,21,227,Fresh Maintainers of Valleyville,119,Immaculate Letter Size Paper,copy paper,segA,1,44,65.12,65.12,44,21.12,9/7/2026,,,,,,,,
9/4/2026,21,227,Fresh Maintainers of Valleyville,120,Sparkling Letter Size Paper,copy paper,segA,13,45,56.7,737.1,585,152.1,9/7/2026,,,,,,,,
8/18/2026,394,227,Fresh Maintainers of Valleyville,49,Sparkling Disinfectant Wipes,cleaning supplies,segD,1,21,44.52,44.52,21,23.52,8/19/2026,,,,,,,,
8/18/2026,394,227,Fresh Maintainers of Valleyville,78,Glossy Creamers,breakroom uspplies,segA,1,27,50.49,50.49,27,23.49,,,,,,,,,
8/18/2026,394,227,Fresh Maintainers of Valleyville,83,Spotless Energy Drinks,breakroom supplies,segA,1,26,52.78,52.78,,26.78,8/19/2026,,,,,,,,
8/18/2026,394,227,Fresh Maintainers of Valleyville,92,Glossy Instant Soups,breakroom supplies,segA,1,24,46.56,,24,22.56,8/19/2026,,,,,,,,
18/08/2026,394,227,Fresh Maintainers of Valleyville,94,Pristine Instant Soups,breakroom supplies,segA,1,7,14.35,14.35,7,7.35,8/19/2026,,,,,,,,
8/18/2026,394,227,Fresh Maintainers of Valleyville,103,Spotless Colored Paper,copy paper,segA,3,45,61.2,183.6,135,48.6,8/19/2026,,,,,,,,
8/18/2026,394,227,Fresh Maintainers of Valleyville,105,Pristine Graph Paper,copy paper,segA,1,52,74.88,74.88,52,22.88,8/19/2026,,,,,,,,
8/18/2026,394,227,Fresh Maintainers of Valleyville,,Glossy Recycled Paper,copy paper,,1,54,85.32,85.32,54,31.32,8/19/2026,,,,,,,,
8/18/2026,394,227,Fresh Maintainers of Valleyville,112,Sparkling Letter Size Paper,copy paper,segA,4,46,66.24,264.96,184,80.96,8/19/2026,,,,,,,,
8/18/2026,394,227,Fresh Maintainers of Valleyville,115,Polished Glossy Photo Paper,copy paper,segA,4,59,90.86,363.44,236,127.44,8/19/2026,,,,,,,,
8/18/2026,394,227,Fresh Maintainers of Valleyville,116,Immaculate Legal Size Paper,copy paper,segA,3,59,87.32,261.96,177,84.96,8/19/2026,,,,,,,,
8/18/2026,394,227,Fresh Maintainers of Valleyville,119,Immaculate Letter Size Paper,copy paper,segA,1,44,65.12,65.12,44,21.12,8/19/2026,,,,,,,,
8/11/2026,546,227,Fresh Maintainers of Valleyville,19,Fresh Party Napkins,paper & tissue,segD,1,45,69.75,69.75,45,24.75,8/12/2026,,,,,,,,
8/11/2026,546,227,Fresh Maintainers of Valleyville,74,Pristine Energy Drinks,breakroom supplies,segA,1,15,28.2,28.2,15,13.2,8/12/2026,,,,,,,,
8/11/2026,546,227,Fresh Maintainers of Valleyville,81,Polished Stirrers,breakroom supplies,segA,1,22,37.4,37.4,22,15.4,12/8/2026,,,,,,,,
8/11/2026,546,227,Fresh Maintainers of Valleyville,83,,breakroom supplies,segA,1,26,52.78,52.78,26,26.78,8/12/2026,,,,,,,,
8/11/2026,546,227,Fresh Maintainers of Valleyville,90,Dazzling Instant Soups,breakroom supplies,segA,1,24,50.16,50.16,24,26.16,8/12/2026,,,,,,,,
8/11/2026,546,227,Fresh Maintainers of Valleyville,93,Gleaming Microwave Popcorn,breakroom supplies,segA,1,20,,42.2,20,22.2,8/12/2026,,,,,,,,
8/11/2026,546,227,Fresh Maintainers of Valleyville,94,Pristine Instant Soups,breakroom supplies,segA,1,7,14.35,14.35,7,7.35,8/12/2026,,,,,,,,
8/11/2026,546,227,Fresh Maintainers of Valleyville,98,Radiant Glossy Photo Paper,copy paper,segA,3,23,33.81,101.43,69,32.43,8/12/2026,,,,,,,,
8/11/2026,546,227,Fresh Maintainers of Valleyville,105,Pristine Graph Paper,copy paper,segA,1,52,74.88,74.88,52,22.88,8/12/2026,,,,,,,,
8/11/2026,546,227,Fresh Maintainers of Valleyville,108,Dazzling Cardstock,copy paper,segA,4,21,29.4,117.6,84,33.6,8/12/2026,,,,,,,,
8/11/2026,546,227,Fresh Maintainers of Valleyville,,Glossy Recycled Paper,copy paper,segA,2,54,85.32,170.64,108,62.64,8/12/2026,,,,,,,,
,546,227,Fresh Maintainers of Valleyville,115,Polished Glossy Photo Paper,copy paper,segA,2,59,90.86,181.72,118,63.72,8/12/2026,,,,,,,,
8/11/2026,546,227,Fresh Maintainers of Valleyville,120,Sparkling Letter Size Paper,copy paper,segA,14,45,56.7,793.8,630,163.8,8/12/2026,,,,,,,,
8/11/2026,,227,Fresh Maintainers of Valleyville,119,Immaculate Letter Size Paper,copy paper,segA,1,44,65.12,65.12,44,21.12,8/12/2026,,,,,,,,
8/27/2026,201,228,Fresh Custodians of Mapleville,,Fresh Lunch Napkins,paper & tissue,segC,2,21,32.13,64.26,42,22.26,9/4/2026,,,,,,,,
8/27/2026,201,228,Fresh Custodians of Mapleville,12,Immaculate Roll Paper Towels,paper & tissue,segC,3,44,70.4,211.2,132,79.2,9/4/2026,,,,,,,,
8/25/2026,267,228,Fresh Custodians of Mapleville,34,Radiant Staplers,office products,segC,,24,39.36,78.72,48,30.72,8/26/2026,,,,,,,,
8/25/2026,267,228,Fresh Custodians of Mapleville,114,Glossy Recycled Paper,copy paper,segB,3,32,48.96,146.88,96,50.88,8/26/2026,,,,,,,,
8/25/2026,267,228,Fresh Custodians of Mapleville,116,Immaculate Legal Size Paper,copy paper,segB,208,59,82.6,17180.8,12272,4908.8,8/26/2026,,,,,,,,
8/24/2026,292,228,Fresh Custodians of Mapleville,16,Dazzling Bathroom Tissue,paper & tissue,segC,4,42,60.9,243.6,168,75.6,8/25/2026,,,,,,,,
8/24/2026,292,228,Fresh Custodians of Mapleville,23,Dazzling Roll Paper Towels,paper & tissue,segC,2,40,58,116,80,36,8/25/2026,,,,,,,,
8/24/2026,292,228,Fresh Custodians of Mapleville,28,Immaculate Binder Clips,office products,segC,1,29,47.27,47.27,29,18.27,8/25/2026,,,,,,,,
8/24/2026,292,228,Fresh Custodians of Mapleville,35,Dazzling Staplers,office products,segC,4,27,44.01,176.04,108,68.04,8/25/2026,,,,,,,,
8/24/2026,292,228,Fresh Custodians of Mapleville,57,Glossy All-Purpose Cleaner,cleaning supplies,segC,1,51,99.45,99.45,51,48.45,8/25/2026,,,,,,,,
9/3/2026,51,230,Spotless Servicers of Forestfield,8,Bright Party Napkins,paper & tissue,segD,1,50,83,83,50,33,9/4/2026,,,,,,,,
9/3/2026,51,230,Spotless Servicers of Forestfield,98,Radiant Glossy Photo Paper,copy paper,segA,14,23,32.89,460.46,322,138.46,9/4/2026,,,,,,,,
9/3/2026,51,230,Spotless Servicers of Forestfield,99,Glossy Letter Size Paper,copy paper,segA,13,57,83.22,1081.86,741,340.86,9/4/2026,,,,,,,,
9/3/2026,51,230,Spotless Servicers of Forestfield,,Glossy Recycled Paper,copy paper,segA,12,54,79.92,959.04,648,311.04,9/4/2026,,,,,,,,
9/3/2026,51,230,Spotless Servicers of Forestfield,112,Sparkling Letter Size Paper,copy paper,segA,6,46,66.7,400.2,276,124.2,9/4/2026,,,,,,,,
3/9/2026,51,230,Spotless Servicers of Forestfield,114,Glossy Recycled Paper,,segA,,32,47.68,1048.96,704,,9/4/2026,,,,,,,,
9/3/2026,51,230,Spotless Servicers of Forestfield,118,Sparkling Cardstock,,segA,19,37,56.61,1075.59,703,372.59,9/4/2026,,,,,,,,
9/1/2026,98,230,Spotless Servicers of Forestfield,5,Polished Kitchen Towels,paper & tissue,segD,3,35,58.8,176.4,105,71.4,9/2/2026,,,,,,,,
9/1/2026,98,230,Spotless Servicers of Forestfield,99,Glossy Letter Size Paper,copy paper,segA,15,57,83.22,1248.3,855,393.3,9/2/2026,,,,,,,,
9/1/2026,98,230,Spotless Servicers of Forestfield,100,Dazzling Legal Size Paper,copy paper,segA,12,24,32.16,385.92,288,97.92,9/2/2026,,,,,,,,
9/1/2026,98,230,Spotless Servicers of Forestfield,,Glossy Recycled Paper,copy paper,segA,8,54,79.92,639.36,432,207.36,9/2/2026,,,,,,,,
9/1/2026,98,230,Spotless Servicers of Forestfield,112,Sparkling Letter Size Paper,copy paper,segA,7,46,66.7,466.9,322,144.9,9/2/2026,,,,,,,,
9/1/2026,98,230,Spotless Servicers of Forestfield,114,Glossy Recycled Paper,copy paper,segA,18,32,47.68,858.24,576,282.24,9/2/2026,,,,,,,,
8/19/2026,370,230,Spotless Servicers of Forestfield,5,Polished Kitchen Towels,  paper & tissue ,segD,5,35,58.8,294,,119,8/27/2026,,,,,,,,
8/19/2026,370,230,Spotless Servicers of Forestfield,48,Fresh Desk Organizers,office products,segD,,29,46.69,46.69,29,17.69,8/27/2026,,,,,,,,
8/19/2026,370,230,Spotless Servicers of Forestfield,82,  Pristine Granola Bars ,breakroom supplies,segD,1,26,57.72,57.72,26,31.72,8/27/2026,,,,,,,,
8/19/2026,370,230,Spotless Servicers of Forestfield,100,Dazzling Legal Size Paper,copy paper,segA,7,24,32.16,225.12,168,57.12,8/27/2026,,,,,,,,
8/19/2026,370,230,Spotless Servicers of Forestfield,104,Gleaming Glossy Photo Paper,copy paper,  segA ,10,52,82.68,826.8,520,306.8,8/27/2026,,,,,,,,
8/19/2026,370,230,Spotless Servicers of Forestfield,112,Sparkling Letter Size Paper,copy paper,segA,5,46,66.7,333.5,230,103.5,8/27/2026,,,,,,,,
8/19/2026,370,230,Spotless Servicers of Forestfield,114,  Glossy Recycled Paper ,copy paper,segA,17,32,47.68,810.56,544,266.56,8/27/2026,,,,,,,,
8/19/2026,370,230,Spotless Servicers of Forestfield,115,Polished Glossy Photo Paper,copy paper,segA,15,59,83.19,1247.85,885,362.85,27/08/2026,,,,,,,,
8/19/2026,,230,Spotless Servicers of Forestfield,103,Spotless Colored Paper,copy paper,  segA ,12,45,58.5,702,540,162,8/27/2026,,,,,,,,
8/31/2026,121,231,Fresh Facilities of Mountwood,9,Fresh Kitchen Towels,paper & tissue,segB,1,33,46.86,46.86,33,13.86,9/1/2026,,,,,,,,
31/08/2026,121,231,Fresh Facilities of Mountwood,16,Dazzling Bathroom Tissue,paper & tissue,segB,2,42,61.32,122.64,84,38.64,9/1/2026,,,,,,,,
8/31/2026,121,231,Fresh Facilities of Mountwood,23,Dazzling Roll Paper Towels,paper & tissue,segB,1,40,60,60,40,20,9/1/2026,,,,,,,,
8/31/2026,121,231,Fresh Facilities of Mountwood,24,Sparkling Pocket Tissues,paper & tissue,segB,2,18,28.08,56.16,36,20.16,9/1/2026,,,,,,,,
8/31/2026,121,231,Fresh Facilities of Mountwood,75,Fresh Microwave Popcorn,breakroom supplies,segC,1,18,,33.66,18,15.66,9/1/2026,,,,,,,,
8/31/2026,121,231,Fresh Facilities of Mountwood,91,Glossy Microwave Popcorn,breakroom supplies,segC,1,29,59.45,59.45,29,30.45,9/1/2026,,,,,,,,
8/31/2026,121,231,Fresh Facilities of Mountwood,100,Dazzling Legal Size Paper,copy paper,seBg,1,24,37.68,,24,13.68,9/1/2026,,,,,,,,
8/31/2026,121,231,Fresh Facilities of Mountwood,24,Sparkling Pocket Tissues,paper & tissue,segB,2,18,28.08,56.16,36,20.16,9/1/2026,,,,,,,,
8/20/2026,355,231,Fresh Facilities of Mountwood,,Gleaming Bathroom Tissue,paper & tissue,segB,13,16,20.8,270.4,208,62.4,8/21/2026,,,,,,,,
,355,231,Fresh Facilities of Mountwood,14,Spotless Pocket Tissues,paper & tissue,segB,1,20,30.8,30.8,20,10.8,21/08/2026,,,,,,,,
8/20/2026,355,231,Fresh Facilities of Moutnwood,101,Radiant Colored Paper,copy paper,,1,60,84,84,60,24,8/21/2026,,,,,,,,
8/20/2026,355,231,Fresh Facilities of Mountwood,117,Dzazling Graph Paper,copy paper,segB,2,51,72.93,145.86,102,43.86,8/21/2026,,,,,,,,
8/19/2026,371,231,Fresh Facilities of Mountwood,14,Spotless Pocket Tissues,paper & tissue,segB,1,20,30.8,30.8,20,10.8,8/27/2026,,,,,,,,
8/19/2026,371,231,Fresh Facilities of Mountwood,23,Dazzling Roll Paper Towels,paper & tissue,segB,1,40,60,60,40,20,8/27/2026,,,,,,,,
8/19/2026,371,231,Fresh Facilities of Mountwood,90,Dazzling Instant Soups,breakroom supplies,segC,1,24,48,48,24,24,8/27/2026,,,,,,,,
8/19/2026,371,231,Fresh Facilities of Mountwood,101,Radiant Colored Paper,copy paper,segB,1,60,84,84,60,24,8/27/2026,,,,,,,,
8/19/2026,371,231,Fresh Facilities of Mountwood,114,Glosys Recycled Paper,copy paper,segB,1,32,45.44,45.44,32,13.44,8/27/2026,,,,,,,,
8/20/2026,,231,Fresh Facilities of Mountwood,18,Pristine Lunch Napkins,paper & tissue,segB,1,20,32,32,20,12,8/21/2026,,,,,,,,
,,231,Fresh Facilities of Mountwood,6,Pristine Bathroom Tissue,paper & tissue,segB,1,19,27.93,27.93,19,8.93,8/27/2026,,,,,,,,
8/31/2026,122,236,Gleaming Suppliers of Canyonwood,14,Spotless Pocket Tissues,paper & tissue,segD,1,20,33.8,33.8,20,13.8,9/1/2026,,,,,,,,
8/31/2026,122,236,Gleaming Suppliers of Canyonwood,90,Dazzling Instant Soups,breakroom supplies,segB,1,24,44.88,44.88,24,20.88,9/1/2026,,,,,,,,
8/31/2026,122,236,Gleaming Suppliers of Canyonwood,93,Gleaming Microwave Popcorn,breakroom supplies,segB,1,20,43.6,43.6,20,23.6,9/1/2026,,,,,,,,
8/31/2026,122,236,Gleaming Suppliers of Canyonwood,94,Pristine Instant Soups,breakroom supplies,segB,1,7,13.58,13.58,7,6.58,9/1/2026,,,,,,,,
8/24/2026,293,236,Gleaming Suppliers of Canyonwood,74,Pristine Energy Drinks,breakroom supplies,segB,1,15,,29.25,15,14.25,8/25/2026,,,,,,,,
8/24/2026,293,236,Gleaming Suppliers of Canyonwood,92,Glossy Instant Soups,breakroom supplies,segB,1,24,45.6,45.6,24,21.6,,,,,,,,,
8/24/2026,293,236,Gleaming Suppliers of Canyonwood,,Glossy Recycled Paper,copy paper,segD,1,54,97.74,97.74,54,43.74,8/25/2026,,,,,,,,
8/17/2026,424,237,Fresh Custodians of Cedarton,25,Dazzling Paper Clips,office products,segC,1,37,62.53,62.53,37,25.53,8/25/2026,,,,,,,,
8/17/2026,424,237,Fresh Custodians of Cedarton,67,Sleek Citrus Cleaner,cleaning supplies,segD,1,39,81.51,81.51,39,42.51,8/25/2026,,,,,,,,
8/17/2026,424,237,Fresh Custodians of Cedarton,103,Spotless Colored Paper,copy paper,segB,1,45,68.4,68.4,45,23.4,8/25/2026,,,,,,,,
8/17/2026,424,237,Fresh Custodians of Cedarton,116,Immaculate Legal Size Paper,copy paper,segB,1,59,96.76,96.76,59,37.76,25/08/2026,,,,,,,,
8/25/2026,268,238,Sparkling Suppliers of Harborwood,11,Fresh Lunch Napkins,paper & tissue,segC,1,21,29.4,29.4,21,8.4,8/26/2026,,,,,,,,
8/25/2026,268,238,Sparkling Suppliers of Harborwood,15,Sparkling 2-Ply Toilet Paper,paper & tissue,segC,1,43,67.08,67.08,43,24.08,8/26/2026,,,,,,,,
8/25/2026,268,238,Sparkling Suppliers of Harborwood,25,Dazzling Binder Clips,office products,segA,2,45,62.55,125.1,90,35.1,8/26/2026,,,,,,,,
8/25/2026,268,238,Sparkling Suppliers of Harborwood,33,Dazzling File Folders,office products,segA,1,26,35.1,35.1,26,9.1,8/26/2026,,,,,,,,
8/25/2026,268,238,Sparkling Suppliers of Harborwood,36,  Glossy Staplers ,office products,segA,3,50,65,195,150,45,8/26/2026,,,,,,,,
25/08/2026,268,238,Sparkling Suppliers of Harborwood,37,Bright Recycled Paper,office products,segA,28,24,31.2,873.6,672,201.6,8/26/2026,,,,,,,,
8/25/2026,268,238,Sparkling Suppliers of Harborwood,40,Immaculate Markers,office products,segA,5,34,,,170,79.9,8/26/2026,,,,,,,,
8/25/2026,268,238,Sparkling Suppliers of Harborwood,43,Fresh File Folders,,segA,3,50,65.5,196.5,150,46.5,8/26/2026,,,,,,,,
8/25/2026,268,238,Sparkling Suppliers of Harborwood,58,Spotless Floor Cleaner,cleaning supplies,segB,1,31,60.76,60.76,31,29.76,8/26/2026,,,,,,,,
8/25/2026,268,238,Sparkling Suppliers of Harborwood,73,Spotless Creamers,breakroom supplies,segA,1,18,38.52,38.52,18,20.52,8/26/2026,,,,,,,,
8/25/2026,268,238,Sparkling Suppliers of Harborwood,77,Sleek Disposable Cups,breakroom supplies,segA,1,25,44,44,25,19,8/26/2026,,,,,,,,
8/25/2026,268,238,Sparkling Suppliers of Harborwood,81,Polished Stirrers,breakroom supplies,segA,1,22,41.14,41.14,22,19.14,8/26/2026,,,,,,,,
8/25/2026,268,238,Sparkling Suppliers of Harborwood,94,Pristine Instant Soups,rbeakroom supplies,segA,1,7,12.04,12.04,7,5.04,8/26/2026,,,,,,,,
8/25/2026,268,238,Sparkling Suppliers of Harborwood,98,Radiant Glossy Photo Paper,copy paper,segB,1,23,32.66,32.66,23,9.66,8/26/2026,,,,,,,,
8/25/2026,268,238,Sparkling Suppliers of Harborwood,107,Radiant Glossy Photo Paper,copy paper,segB,2,58,90.48,180.96,116,64.96,8/26/2026,,,,,,,,
8/25/2026,268,238,Sparkling Suppliers of Harborwood,108,Dazzling Cardstock,copy paper,segB,1,21,34.65,34.65,21,13.65,8/26/2026,,,,,,,,
8/18/2026,395,238,Sparkling Suppliers of Harborwood,7,Gleaming Bathroom Tissue,paper & tissue,segC,1,16,24.8,24.8,16,8.8,,,,,,,,,
8/18/2026,395,238,Sparkling Suppliers of Harborwood,36,Glossy Staplers,office products,segA,3,50,65,195,150,,8/19/2026,,,,,,,,
8/18/2026,395,238,Sparkling Suppliers of Harborwood,37,Bright Recycled Paper,office products,segA,48,24,31.2,1497.6,1152,345.6,8/19/2026,,,,,,,,
8/18/2026,395,238,Sparkling Suppliers of Harborwood,38,Radiant Pens,office products,segA,2,17,22.61,45.22,34,11.22,8/19/2026,,,,,,,,
8/18/2026,395,238,Sparkling Suppliers of Harborwood,44,Gleaming Recycled Paper,office products,segA,3,34,48.62,145.86,102,43.86,8/19/2026,,,,,,,,
8/18/2026,395,238,Sparkling Suppliers of Harborwood,45,Immaculate Staplers,office products,segA,2,50,75.5,151,100,51,8/19/2026,,,,,,,,
8/18/2026,395,238,Sparkling Suppliers of Harborwood,58,Spotless Floor Cleaner,cleaning supplies,segB,1,31,60.76,60.76,31,29.76,8/19/2026,,,,,,,,
8/18/2026,395,238,Sparkling Suppliers of Harborwood,73,Spotless Creamers,breakroom supplies,segA,1,18,38.52,38.52,18,20.52,8/19/2026,,,,,,,,
8/18/2026,395,238,Sparkling Suppliers of Harborwood,74,Pristine Energy Drinks,breakroom supplies,segA,1,15,30.45,30.45,15,15.45,8/19/2026,,,,,,,,
8/18/2026,395,238,Sparkling Suppliers of Harborwood,80,Spotless Instant Soups,breakroom supplies,segA,,17,30.26,30.26,17,13.26,8/19/2026,,,,,,,,
8/18/2026,395,238,Sparkling Suppliers of Harborwood,81,Polished Stirrers,breakroom supplies,segA,2,22,41.14,82.28,44,38.28,19/08/2026,,,,,,,,
8/18/2026,395,238,Sparkling Suppliers of Harborwood,90,Dazzling Instant Soups,breakroom supplies,segA,1,24,46.08,46.08,24,22.08,8/19/2026,,,,,,,,
8/18/2026,395,238,Sparkling Suppliers of Harborwood,94,Pristine Instant Soups,breakroom supplies,segA,1,7,12.04,12.04,7,5.04,8/19/2026,,,,,,,,
8/18/2026,395,238,Sparkling Suppliers of Harborwood,104,Gleaming Glossy Photo Paper,copy paper,segB,1,52,86.84,86.84,52,34.84,8/19/2026,,,,,,,,
8/18/2026,395,238,Sparkling Suppliers of Harborwood,108,Dazzling Cardstock,copy paper,segB,2,21,34.65,69.3,42,27.3,8/19/2026,,,,,,,,
8/18/2026,395,238,Sparkling Suppliers of Harborwood,109,Immaculate Resume Paper,copy paper,segB,2,31,46.81,93.62,62,31.62,19/08/2026,,,,,,,,
8/11/2026,547,238,Sparkling Suppliers of Harborwood,33,Dazzling File Folders,office products,segA,2,26,35.1,70.2,52,18.2,8/12/2026,,,,,,,,
8/11/2026,547,238,Sparkling Suppliers of Harborwood,36,,office products,segA,3,50,65,195,150,45,12/8/2026,,,,,,,,
8/11/2026,547,238,Sparkling Suppliers of Harborwood,37,Bright Recycled Paper,office products,segA,33,24,31.2,1029.6,792,237.6,8/12/2026,,,,,,,,
8/11/2026,547,238,Sparkling Suppliers of Harborwood,44,Gleaming Recycled Paper,office products,segA,5,34,48.62,243.1,170,73.1,8/12/2026,,,,,,,,
8/11/2026,547,238,Sparkling Suppliers of Harborwood,58,Spotless Floor Cleaner,cleaning supplies,segB,1,31,60.76,60.76,31,29.76,8/12/2026,,,,,,,,
8/11/2026,547,238,Sparkling Spupliers of Harborwood,68,Dazzling Disinfectant Wipes,cleaning supplies,,1,54,106.38,106.38,54,52.38,8/12/2026,,,,,,,,
8/11/2026,547,238,Sparkling Suppliers of Harborwood,,Sleek Disposable Cups,breakroom supplies,segA,1,25,44,44,25,19,8/12/2026,,,,,,,,
8/11/2026,547,238,Sparkling Suppliers of Harborwood,84,Sparkling Creamers,breakroom supplies,segA,1,18,36.72,36.72,18,18.72,8/12/2026,,,,,,,,
8/11/2026,547,238,Sparkling Suppliers of Harborwood,85,Sparkling Microwave Popcorn,breakroom supplies,segA,1,12,24.72,,,12.72,8/12/2026,,,,,,,,
8/11/2026,547,238,Sparkling Suppliers of Harborwood,88,Gleaming Coffee Beans,breakroom supplies,segA,55,18,27,1485,990,495,8/12/2026,,,,,,,,
8/11/2026,547,238,Sparkling Suppliers of Harborwood,90,Dazzling Instant Soups,breakroom supplies,segA,1,24,46.08,46.08,24,22.08,8/12/2026,,,,,,,,
,547,238,Sparkling Suppliers of Harborwood,94,Pristine Instant Soups,breakroom supplies,segA,2,7,12.04,24.08,14,10.08,8/12/2026,,,,,,,,
,547,238,Sparkling Suppliers of Harborwood,110,Pristine Cardstock,copy paper,segB,1,42,70.56,70.56,42,28.56,8/12/2026,,,,,,,,
8/18/2026,,238,Sparkling Suppliers of Harborwood,40,Immaculate Markers,office products,segA,5,34,49.98,249.9,170,79.9,8/19/2026,,,,,,,,
8/11/2026,,238,Sparkling Suppliers of Harborwood,80,Spotless Instant Soups,breakroom supplies,segA,1,17,30.26,30.26,17,13.26,8/12/2026,,,,,,,,
8/31/2026,123,239,Dazzling Custodians of Canyonton,6,Pristine Bathroom Tissue,paper & tissue,segA,5,19,,133.95,95,38.95,9/1/2026,,,,,,,,
8/31/2026,123,239,Dazzling Custodians of Canyonton,7,Gleaming Bathroom Tissue,paper & tissue,segA,6,16,20.96,125.76,96,29.76,9/1/2026,,,,,,,,
31/08/2026,123,239,Dazzling Custodians of Canyonton,8,Bright Party Napkins,,segA,6,50,68.5,411,300,111,9/1/2026,,,,,,,,
8/31/2026,123,239,Dazzling Custodians of Canyonton,10,Pristine 2-Ply Toilet Paper,paper & tissue,segA,2,26,34.84,69.68,52,17.68,9/1/2026,,,,,,,,
8/31/2026,123,239,Dazzling Custodians of Canyonton,16,Dazzling Bathroom Tissue,paper & tissue,segA,3,42,63,189,126,63,9/1/2026,,,,,,,,
8/31/2026,123,239,Dazzling Custodians of Canyonton,25,Dazzling Binder Clips,office products,segA,1,45,61.2,61.2,45,,,,,,,,,,
8/31/2026,123,239,Dazzling Custodians of Canyonton,31,Polished Highlighters,office products,segA,2,17,25.5,51,34,17,9/1/2026,,,,,,,,
8/31/2026,123,239,Dazzling Custodians of Canyonton,40,Immaculate Markers,office products,  segA ,4,34,54.4,217.6,136,81.6,9/1/2026,,,,,,,,
8/31/2026,123,239,Dazzling Custodians of Canyonton,43,Fresh File Folders,office products,segA,3,50,74,222,150,72,9/1/2026,,,,,,,,
8/31/2026,123,239,Dazzling Custodians of Canyonton,44,Gleaming Recycled Paper,office products,segA,5,34,47.26,236.3,170,66.3,9/1/2026,,,,,,,,
8/31/2026,123,239,Dazzling Custodians of Canyonton,48,Fresh Desk Organizers,office products,segA,4,29,40.6,162.4,116,46.4,9/1/2026,,,,,,,,
8/10/2026,574,239,Dazzling Custodians of Canyonton,6,Pristine Bathroom Tissue,paper & tissue,segA,5,19,26.79,133.95,95,38.95,8/11/2026,,,,,,,,
8/10/2026,574,239,Dazzling Custodians of Canyonton,10,Pristine 2-Ply Toilet Paper,paper & tissue,segA,2,26,34.84,69.68,52,17.68,8/11/2026,,,,,,,,
8/10/2026,574,239,Dazzling Custodians of Canyonton,25,Dazzling Binder Clips,office products,segA,,45,61.2,61.2,45,16.2,8/11/2026,,,,,,,,
10/8/2026,574,239,Dazzling Custodians of Canyonton,26,Radiant Sticky Notes,,segA,1,,49.3,49.3,34,,8/11/2026,,,,,,,,
8/10/2026,574,239,Dazzling Custodians of Canyonton,32,Bright Desk Organizers,,segA,14,44,57.2,800.8,616,184.8,,,,,,,,,
8/10/2026,574,239,Dazzling Custodians of Canyonton,40,Immaculate Markers,office products,segA,2,34,54.4,108.8,68,40.8,8/11/2026,,,,,,,,
8/10/2026,574,239,Dazzling Custodians of Canyonton,104,Gleaming Glossy Photo Paper,copy paper,segC,1,52,82.68,82.68,52,30.68,8/11/2026,,,,,,,,
8/31/2026,124,240,Fresh Stewards of Gardenfield,14,Spotless Pocket Tissues,paper & tissue,segB,1,20,31.6,31.6,20,11.6,9/1/2026,,,,,,,,
8/31/2026,124,240,Fresh Stewards of Gardenfield,27,Sparkling Sticky Notes,office products,segC,1,43,70.95,70.95,43,27.95,9/1/2026,,,,,,,,
8/31/2026,124,240,Fresh Stewards of Gardenfield,83,Spotless Energy Drinks,breakroom supplies,segD,1,26,60.06,60.06,26,,9/1/2026,,,,,,,,
8/20/2026,356,241,Dazzling Suppliers of Graniteton,21,Glossy Facial Tissues,  paper & tissue ,segD,1,47,79.9,79.9,47,32.9,8/21/2026,,,,,,,,
8/20/2026,356,241,Dazzling Suppliers of Graniteton,27,Sparkling Sticky Notes,office products,segC,1,43,63.64,63.64,43,20.64,8/21/2026,,,,,,,,
8/20/2026,356,241,Dazzling Suppliers of Graniteton,51,Bright Glass Cleaner,cleaning supplies,segA,1,26,41.6,41.6,26,15.6,8/21/2026,,,,,,,,
8/20/2026,356,241,Dazzling Suppliers of Graniteton,53,Glossy Glass Cleaner,cleaning supplies,,,36,67.68,67.68,36,31.68,8/21/2026,,,,,,,,
8/20/2026,356,241,Dazzling Suppliers of Graniteton,55,Spotless Floor Cleaner,cleaning supplies,segA,1,29,51.62,51.62,29,22.62,8/21/2026,,,,,,,,
8/20/2026,356,241,Dazzling Suppliers of Graniteton,61,Pristine Degreaser,cleaning supplies,segA,3,50,89.5,268.5,150,118.5,8/21/2026,,,,,,,,
8/20/2026,356,241,Dazzling Suppliers of Graniteton,72,Gleaming Glass Cleaner,cleaning supplies,segA,1,23,42.78,,23,19.78,8/21/2026,,,,,,,,
8/20/2026,356,241,Dazzling Suppliers of Graniteton,79,Immaculate Microwave Popcorn,breakroom supplies,segA,1,25,48,48,25,23,8/21/2026,,,,,,,,
,356,241,Dazzling Suppliers of Graniteton,80,Spotless Instant Soups,breakroom supplies,segA,1,17,32.81,32.81,17,15.81,8/21/2026,,,,,,,,
8/20/2026,356,241,Dazzling Suppliers of Graniteton,88,Gleaming Coffee Beans,  breakroom supplies ,segA,2,18,37.98,75.96,36,39.96,8/21/2026,,,,,,,,
,356,241,Dazzling Suppliers of Graniteton,90,Dazzling Instant Soups,breakroom supplies,segA,17,24,36,612,408,204,8/21/2026,,,,,,,,
8/20/2026,356,241,Dazzling Suppliers of Graniteton,100,Dazzling Legal Size Paper,copy paper,segA,4,24,37.2,148.8,96,52.8,8/21/2026,,,,,,,,
8/20/2026,356,241,Dazzling Suppliers of Graniteton,101,Radiant Colored Paper,copy paper,segA,6,,84,504,360,144,8/21/2026,,,,,,,,
8/20/2026,356,241,Dazzling Suppliers of Graniteton,102,Sleek Resume Paper,copy paper,segA,4,26,40.56,162.24,104,58.24,8/21/2026,,,,,,,,
8/20/2026,356,241,  Dazzling Suppliers of Graniteton ,104,Gleaming Glossy Photo Paper,copy paper,segA,3,52,79.56,238.68,156,82.68,8/21/2026,,,,,,,,
8/20/2026,356,241,Dazzling Suppliers of Graniteton,105,Pristine Graph Paper,copy paper,segA,2,52,77.48,154.96,104,50.96,8/21/2026,,,,,,,,
8/20/2026,356,241,Dazzling Suppliers of Graniteton,108,Dazzling Cardstock,copy paper,segA,3,21,28.14,84.42,63,21.42,8/21/2026,,,,,,,,
8/20/2026,356,241,Dazzling Suppliers of Graniteton,,Glossy Recycled Paper,copy paper,segA,5,54,83.7,418.5,270,148.5,8/21/2026,,,,,,,,
8/20/2026,356,241,Dazzling Suppliers of Graniteton,113,Polished Recycled Paper,copy paper,segA,6,36,56.16,336.96,216,120.96,8/21/2026,,,,,,,,
8/17/2026,425,241,Dazzling Suppliers of Graniteton,42,Polished Markers,office products,segC,1,28,44.52,44.52,28,16.52,,,,,,,,,
8/17/2026,425,241,Dazzling Suppliers of Graniteton,50,  Bright Glass Cleaner ,cleaning supplies,segA,1,23,39.56,39.56,23,16.56,8/18/2026,,,,,,,,
8/17/2026,425,241,Dazzling Suppliers of Graniteton,50,Bright Glass Cleaner,cleaning supplies,segA,2,26,,83.2,52,31.2,8/18/2026,,,,,,,,
8/17/2026,425,241,Dazzling Suppliers of Graniteton,55,Spotless Floor Cleaner,cleaning supplies,segA,1,,51.62,51.62,29,22.62,8/18/2026,,,,,,,,
8/17/2026,425,241,Dazzling Suppliers of Graniteton,56,Pristine Citrus Cleaner,cleaning supplies,segA,1,48,89.76,89.76,48,41.76,8/18/2026,,,,,,,,
8/17/2026,425,241,Dazzling Suppliers of Graniteton,,,cleaning supplies,segA,3,50,89.5,268.5,150,118.5,,,,,,,,,
8/17/2026,425,241,Dazzling Suppliers of Graniteton,71,Spotless Glass Cleaner,cleaning supplies,segA,2,31,50.22,100.44,62,38.44,8/18/2026,,,,,,,,
8/17/2026,425,241,Dazzling Suppliers of Graniteton,72,Gleaming Glass Cleaner,cleaning supplies,segA,1,23,42.78,42.78,23,19.78,8/18/2026,,,,,,,,
8/17/2026,425,241,Dazzling Suppliers of Graniteton,74,Pristine Energy Drinks,breakroom supplies,segA,34,15,22.5,765,510,255,8/18/2026,,,,,,,,
8/17/2026,425,241,Dazzling Suppliers of Graniteton,76,Immaculate Granola Bars,breakroom supplies,segA,1,10,19.6,19.6,10,9.6,8/18/2026,,,,,,,,
,425,241,Dazzling Suppliers of Graniteton,80,Spotless Instant Soups,breakroom supplies,segA,1,17,32.81,32.81,17,15.81,8/18/2026,,,,,,,,
8/17/2026,425,241,Dazzling Suppliers of Graniteton,87,Glossy Tea Selection,breakroom supplies,segA,2,11,20.13,40.26,22,18.26,8/18/2026,,,,,,,,
8/17/2026,425,241,Dazzling Suppliers of Graniteton,88,Gleaming Coffee Beans,breakroom supplies,segA,1,18,37.98,37.98,18,19.98,18/08/2026,,,,,,,,
8/17/2026,425,241,Dazzling Suppliers of Graniteton,93,Gleaming Microwave Popcorn,breakroom supplies,segA,1,20,35.4,35.4,20,15.4,8/18/2026,,,,,,,,
8/17/2026,425,241,Dazzling Suppliers of Graniteton,98,Radinat Glossy Photo Paper,cpoy paper,segA,1,23,33.81,33.81,23,10.81,8/18/2026,,,,,,,,
8/17/2026,425,241,  Dazzling Suppliers of Graniteton ,101,Radiant Colored Paper,copy paper,segA,3,60,84,252,180,72,8/18/2026,,,,,,,,
8/17/2026,425,241,Dazzling Suppliers of Graniteton,102,Sleek Resume Paper,copy paper,segA,2,26,40.56,81.12,52,29.12,8/18/2026,,,,,,,,
8/17/2026,425,241,Dazzling Suppliers of Graniteton,104,Gleaming Glossy Photo Paper,copy paper,seAg,5,52,79.56,397.8,260,137.8,8/18/2026,,,,,,,,
8/17/2026,425,241,Dazzling Suppliers of Graniteton,106,Sleek Resume Paper,copy paper,segA,1,48,73.44,73.44,48,25.44,8/18/2026,,,,,,,,
8/17/2026,425,241,Dazzling Suppliers of Graniteton,113,Polished Recycled Paper,copy paper,segA,4,36,56.16,224.64,144,80.64,8/18/2026,,,,,,,,
8/17/2026,425,241,  Dazzling Suppliers of Graniteton ,116,Immaculate Legal Size Paper,copy paper,segA,2,59,81.42,162.84,118,44.84,8/18/2026,,,,,,,,
8/14/2026,459,241,Dazzling Suppliers of Graniteton,21,Glossy Facial Tissues,paper & tissue,segD,1,47,79.9,79.9,47,32.9,8/17/2026,,,,,,,,
8/14/2026,459,241,Dazzling Suppliers of Graniteton,53,Glossy Glass Cleaner,cleaning supplies,segA,1,36,67.68,67.68,36,31.68,8/17/2026,,,,,,,,
8/14/2026,459,241,Dazzling Suppliers of Graniteton,55,Spotless Floor Cleaner,  cleaning supplies ,segA,2,29,51.62,103.24,58,45.24,8/17/2026,,,,,,,,
8/14/2026,459,241,Dazzling Suppliers of Graniteton,56,Pristine Citrus Cleaner,cleaning supplies,segA,1,48,89.76,89.76,,41.76,8/17/2026,,,,,,,,
8/14/2026,459,241,Dzazling Suppliers of Graniteton,76,Immaculate Granola Bars,breakroom supplies,segA,1,10,19.6,19.6,10,9.6,8/17/2026,,,,,,,,
8/14/2026,459,241,Dzazling Suppliers of Graniteton,79,Immaculate Microwave Popcorn,breakroom supplies,segA,1,25,48,48,25,23,17/08/2026,,,,,,,,
8/14/2026,459,241,Dazzling Suppliers of Graniteton,86,Dazzling Instant Soups,breakroom supplies,segA,1,16,31.84,31.84,16,15.84,8/17/2026,,,,,,,,
8/14/2026,459,241,Dazzling Suppliers of Graniteton,87,Glossy Tea Selection,breakroom supplies,segA,,11,20.13,40.26,22,18.26,8/17/2026,,,,,,,,
8/14/2026,459,241,Dazzling Suppliers of Graniteton,90,  Dazzling Instant Soups ,breakroom supplies,segA,25,24,36,900,600,300,8/17/2026,,,,,,,,
8/14/2026,459,241,Dazzling Suppliers of Graniteton,93,Gleaming Microwave Popcorn,breakroom supplies,segA,2,20,35.4,70.8,40,30.8,,,,,,,,,
8/14/2026,459,241,Dazzling Suppliers of Graniteton,101,Radiant Colored Paper,copy paper,segA,4,60,84,336,240,96,8/17/2026,,,,,,,,
8/14/2026,459,241,Dazzling Suppliers of Graniteton,102,Sleek Resume Paper,copy paper,segA,4,26,40.56,162.24,104,58.24,8/17/2026,,,,,,,,
8/14/2026,459,241,Dazzling Suppliers of Graniteton,104,Gleaming Glossy Photo Paper,copy paper,segA,6,52,79.56,477.36,312,165.36,8/17/2026,,,,,,,,
8/14/2026,459,241,Dazzling Suppliers of Graniteton,105,Pristine Graph Paper,copy paper,segA,2,52,77.48,154.96,,50.96,8/17/2026,,,,,,,,
8/14/2026,459,241,Dazzling Suppliers of Graniteton,108,Dazzling Cardstock,copy paper,segA,5,21,28.14,140.7,105,35.7,17/08/2026,,,,,,,,
8/12/2026,526,241,Dazzling Suppliers of Graniteton,49,Sparkling Disinfectant Wipes,cleaning supplies,  segA ,3,21,38.85,116.55,63,53.55,8/13/2026,,,,,,,,
8/12/2026,526,241,Dazzling Suppliers of Graniteton,51,Bright Glass Cleaner,cleaning supplies,segA,2,26,,83.2,52,31.2,8/13/2026,,,,,,,,
8/12/2026,526,241,Dazzling Suppliers of Graniteton,55,Spotless Floor Cleaner,cleaning supplies,segA,1,,51.62,51.62,29,22.62,,,,,,,,,
8/12/2026,526,241,Dazzling Suppliers of Graniteton,72,Gleaming Glass Cleaner,cleaning supplies,segA,1,23,42.78,42.78,23,19.78,8/13/2026,,,,,,,,
8/12/2026,526,241,Dazzling Suppliers of Graniteton,74,Pristine Energy Drinks,breakroom supplies,segA,27,15,22.5,607.5,405,,8/13/2026,,,,,,,,
8/12/2026,526,241,Dazzling Suppliers of Graniteton,79,Immaculate Microwave Popcorn,breakroom supplies,segA,2,25,48,96,50,46,8/13/2026,,,,,,,,
8/12/2026,526,241,Dazzling Suppliers of Graniteton,80,Spotless Instant Soups,breakroom supplies,segA,1,17,32.81,32.81,17,15.81,13/08/2026,,,,,,,,
8/12/2026,526,241,Dazzling Suppliers of Graniteton,86,Dazzling Instant Soups,breakroom supplies,segA,1,16,31.84,31.84,16,15.84,8/13/2026,,,,,,,,
8/12/2026,526,241,Dazzling Suppliers of Graniteton,90,Dazzling Instant Soups,breakroom supplies,segA,23,24,36,828,552,276,8/13/2026,,,,,,,,
8/12/2026,526,241,Dazzling Suppliers of Graniteton,98,Radiant Glossy Photo Paper,copy paper,segA,1,23,33.81,,23,10.81,8/13/2026,,,,,,,,
8/12/2026,526,241,Dazzling Suppliers of Graniteton,100,Dazzling Legal Size Paper,copy paper,segA,3,24,37.2,111.6,72,39.6,8/13/2026,,,,,,,,
8/12/2026,526,241,Dazzling Suppliers of Graniteton,102,Sleek Resume Paper,copy paper,segA,3,26,40.56,121.68,78,43.68,8/13/2026,,,,,,,,
8/12/2026,526,241,Dazzling Suppliers of Graniteton,108,Dazzling Cardstock,copy paper,segA,4,21,28.14,112.56,84,28.56,8/13/2026,,,,,,,,
8/12/2026,526,241,Dazzling Suppliers of Graniteton,,Glossy Recycled Paper,copy paper,segA,3,54,83.7,251.1,162,89.1,8/13/2026,,,,,,,,
8/12/2026,526,241,Dazzling Suppliers of Graniteton,116,Immaculate Legal Size Paper,copy paper,,1,59,81.42,81.42,59,22.42,8/13/2026,,,,,,,,
8/17/2026,,241,Dazzling Suppliers of Graniteton,108,Dazzling Cardstock,copy paper,segA,2,21,28.14,56.28,42,14.28,8/18/2026,,,,,,,,
8/12/2026,,241,Dazzling Suppliers of Graniteton,88,Gleaming Coffee Beans,breakroom supplies,esgA,1,18,37.98,37.98,18,19.98,8/13/2026,,,,,,,,
8/28/2026,164,242,Radiant Facilities of Bayport,52,Spotless Air Freshener,  cleaning supplies ,segA,1,49,87.22,87.22,49,38.22,8/31/2026,,,,,,,,
8/28/2026,164,242,Radiant Facilities of Bayport,53,Glossy Glass Cleaner,cleaning supplies,segA,6,36,65.16,390.96,216,174.96,8/31/2026,,,,,,,,
8/28/2026,164,242,Radiant Facilities of Bayport,58,Spotless Floor Cleaner,cleaning supplies,segA,8,31,57.35,458.8,248,210.8,8/31/2026,,,,,,,,
8/28/2026,164,242,Radiant Facilities of Bayport,63,Polished Glass Cleaner,cleaning supplies,,3,42,68.04,204.12,126,78.12,8/31/2026,,,,,,,,
8/28/2026,164,242,Radiant Facilities of Bayport,,Gleaming Degreaser,cleaning supplies,segA,3,27,45.36,136.08,81,55.08,8/31/2026,,,,,,,,
8/28/2026,164,242,Radiant Facilities of Bayport,71,Spotless Glass Cleaner,cleaning supplies,segA,13,31,50.53,656.89,403,253.89,,,,,,,,,
8/28/2026,164,242,Radiant Facilities of Bayport,72,Gleaming Glass Cleaner,cleaning supplies,segA,8,23,40.25,322,184,138,8/31/2026,,,,,,,,
8/28/2026,164,242,Radiant Facilities of Bayport,,Gleaming Degreaser,cleaning supplies,segA,3,27,45.36,136.08,81,55.08,8/31/2026,,,,,,,,
9/1/2026,99,243,Glossy Sanitizers of Mapleton,26,Radiant Sticky Notes,office products,segA,4,34,45.9,,136,47.6,9/2/2026,,,,,,,,
9/1/2026,99,243,Glossy Sanitizers of Mapleton,36,Glossy Staplers,office products,seAg,3,50,68,204,150,54,9/2/2026,,,,,,,,
9/1/2026,99,243,Glossy Sanitizers of Mapleton,42,Polished Markers,office products,segA,25,28,34.72,868,700,168,2/9/2026,,,,,,,,
9/1/2026,99,243,Glossy Sanitizers of Mapleton,98,Radiant Glossy Photo Paper,copy paper,segA,1,23,35.42,35.42,23,12.42,9/2/2026,,,,,,,,
9/1/2026,99,243,Glossy Sanitizers of Mapleton,99,Glossy Letter Size Paper,copy paper,segA,2,57,79.8,159.6,114,45.6,9/2/2026,,,,,,,,
9/1/2026,99,243,Glossy Sanitizers of Mapleton,105,Pristine Graph Paper,copy paper,segA,4,52,82.16,328.64,208,120.64,9/2/2026,,,,,,,,
9/1/2026,99,243,Glossy Sanitizers of Mapleton,106,Sleek Resume Paper,copy paper,segA,5,48,62.88,314.4,240,74.4,9/2/2026,,,,,,,,
9/1/2026,99,243,Glossy Sanitizers of Mapleton,107,Radiant Glossy Photo Paper,copy paper,segA,4,58,78.88,315.52,232,83.52,9/2/2026,,,,,,,,
9/1/2026,99,243,Glossy Sanitizers of Mapleton,110,Pristine Cardstock,copy paper,segA,6,42,62.16,372.96,252,120.96,9/2/2026,,,,,,,,
9/1/2026,99,243,Glossy Sanitizers of Mapleton,115,Polished Glossy Photo Paper,copy paper,segA,4,59,87.32,349.28,236,113.28,9/2/2026,,,,,,,,
,99,243,Glossy Sanitizers of Mapleton,,Immaculate Legal Size Paper,copy paper,segA,5,59,,430.7,295,135.7,9/2/2026,,,,,,,,
9/1/2026,99,243,Glossy Sanitizers of Mapleton,117,Dazzling Graph Paper,copy apper,segA,2,51,74.97,149.94,102,47.94,9/2/2026,,,,,,,,
9/1/2026,99,243,Glossy Sanitizers of Mapleton,,Sparkling Letter Size Paper,copy paper,segA,1,45,69.75,69.75,45,24.75,9/2/2026,,,,,,,,
8/31/2026,125,244,Bright Cleaners of Forestridge,19,Fresh Party Napkins,paper & tissue,segD,1,45,77.4,77.4,45,32.4,9/1/2026,,,,,,,,
8/31/2026,125,244,Bright Cleaners of Forestridge,25,Dazzling Binder Clips,office products,segA,2,45,64.35,128.7,90,38.7,9/1/2026,,,,,,,,
8/31/2026,125,244,Bright Cleaners of Forestridge,27,Sparkling Sticky Notes,office products,segA,2,,59.34,118.68,86,32.68,9/1/2026,,,,,,,,
8/31/2026,125,244,Bright Cleaners of Forestridge,28,Immaculate Binder Clips,office products,segA,1,29,38.28,38.28,29,9.28,9/1/2026,,,,,,,,
8/31/2026,125,244,Bright Cleaners of Forestridge,32,Bright Desk Organizers,office products,segA,1,44,70.4,,44,26.4,9/1/2026,,,,,,,,
8/31/2026,125,244,Bright Cleaners of Forestridge,38,Radiant Pens,office products,segA,4,17,22.27,89.08,68,21.08,9/1/2026,,,,,,,,
8/31/2026,125,244,Bright Cleaners of Forestridge,40,Immaculate Markers,office products,segA,1,34,45.56,45.56,34,11.56,9/1/2026,,,,,,,,
8/31/2026,125,244,Bright Cleaners of Forestridge,53,Glossy Glass Cleaner,cleaning supplies,segA,1,36,68.4,68.4,36,32.4,9/1/2026,,,,,,,,
8/31/2026,125,244,Bright Cleaners of Forestridge,62,Glossy Air Freshener,cleaning supplies,segA,1,20,35,35,20,15,9/1/2026,,,,,,,,
8/31/2026,125,244,Bright Cleaners of Forestridge,63,Polished Glass Cleaner,cleaning supplies,,2,42,76.86,153.72,84,69.72,9/1/2026,,,,,,,,
8/31/2026,125,244,Bright Cleaners of Forestridge,70,Sleek Air Freshener,cleaning supplies,sgeA,1,33,53.13,53.13,33,20.13,9/1/2026,,,,,,,,
8/31/2026,125,244,Bright Cleaners of Forestridge,72,Gleaming Glass Cleaner,cleaning supplies,segA,36,23,32.43,1167.48,828,339.48,9/1/2026,,,,,,,,
8/31/2026,125,244,Bright Cleaners of Forestridge,80,Spotless Instant Soups,breakroom supplies,segA,8,17,25.5,204,136,68,9/1/2026,,,,,,,,
8/31/2026,125,244,Bright Cleaners of Forestridge,81,Polished Stirrers,breakroom supplies,segA,16,22,33,528,352,176,9/1/2026,,,,,,,,
8/31/2026,125,244,Bright Cleaners of Forestridge,84,Sparkling Creamers,breakroom supplies,segA,2,18,32.4,64.8,36,28.8,9/1/2026,,,,,,,,
31/08/2026,125,244,Bright Cleaners of Forestridge,85,Sparkling Microwave Popcorn,breakroom supplies,segA,1,12,23.52,23.52,12,11.52,9/1/2026,,,,,,,,
8/19/2026,372,244,Bright Cleaners of Forestridge,25,Dazzling Binder Clips,office products,segA,2,45,64.35,,90,38.7,8/20/2026,,,,,,,,
8/19/2026,372,244,Bright Cleaners of Forestridge,26,Radiant Sticky Notes,office products,segA,6,34,54.4,326.4,204,122.4,8/20/2026,,,,,,,,
8/19/2026,372,244,Bright Cleaners of Forestridge,29,Dazzling Paper Clips,office products,segA,2,37,53.65,107.3,74,33.3,8/20/2026,,,,,,,,
8/19/2026,372,244,Bright Cleaners of Forestridge,37,Bright Recycled Paper,office products,segA,8,24,29.52,236.16,192,44.16,8/20/2026,,,,,,,,
8/19/2026,372,244,Bright Cleaners of Forestridge,41,Dazzling File Folders,office products,segA,2,46,65.78,131.56,92,39.56,8/20/2026,,,,,,,,
8/19/2026,372,244,Bright Cleaners of Forestridge,45,Immaculate Staplers,office products,segA,3,50,71.5,214.5,150,64.5,8/20/2026,,,,,,,,
8/19/2026,372,244,Bright Cleaners of Forestridge,48,Fresh Desk Organizers,  office products ,segA,1,29,40.31,40.31,29,11.31,8/20/2026,,,,,,,,
8/19/2026,372,244,Bright Cleaners of Forestridge,53,Glossy Glass Cleaner,cleaning supplies,segA,2,36,68.4,136.8,72,64.8,8/20/2026,,,,,,,,
8/19/2026,372,244,Bright Cleaners of Forestridge,58,Spotless Floor Cleaner,cleaning supplies,segA,37,31,46.5,1720.5,1147,573.5,8/20/2026,,,,,,,,
8/19/2026,372,244,Bright Cleaners of Forestridge,61,Pristine Degreaser,cleaning supplies,segA,23,50,75,,1150,575,8/20/2026,,,,,,,,
8/19/2026,372,244,Bright Cleaners of Forestridge,62,Glossy Air Freshener,cleaning supplies,segA,1,20,35,35,20,15,8/20/2026,,,,,,,,
8/19/2026,372,244,Bright Cleaners of Forestridge,65,Sparkling Citrus Cleaner,cleaning supplies,segA,1,20,38,38,20,18,8/20/2026,,,,,,,,
8/19/2026,372,244,Bright Cleaners of Forestridge,67,,cleaning supplies,segA,1,39,71.76,71.76,39,32.76,8/20/2026,,,,,,,,
8/19/2026,372,244,Bright Cleaners of Forestridge,72,Gleaming Glass Cleaner,cleaning supplies,segA,34,23,32.43,1102.62,782,320.62,8/20/2026,,,,,,,,
8/19/2026,372,244,Bright Cleaners of Forestridge,78,Glossy Creamers,breakroom supplies,segA,1,27,52.65,52.65,27,25.65,8/20/2026,,,,,,,,
8/19/2026,372,244,Bright Cleaners of Forestridge,80,Spotless Instant Soups,breakroom supplies,segA,7,17,25.5,178.5,119,59.5,8/20/2026,,,,,,,,
,372,244,Bright Cleaners of Forestridge,86,Dazzling Instant Soups,breakroom supplies,segA,1,16,29.44,29.44,16,13.44,8/20/2026,,,,,,,,
8/19/2026,372,244,Bright Cleaners of Forestridge,96,Dazzling Disposable Cups,breakroom supplies,segA,1,19,40.28,40.28,19,21.28,8/20/2026,,,,,,,,
10/8/2026,575,244,Bright Cleaners of Forestridge,25,Dazzling Binder Clips,office products,segA,1,45,64.35,64.35,45,19.35,8/25/2026,,,,,,,,
8/10/2026,575,244,Bright Cleaners of Forestridge,28,Immaculate Binder Clips,office products,segA,1,29,38.28,38.28,29,9.28,8/25/2026,,,,,,,,
8/10/2026,575,244,Bright Cleaners of Forestridge,31,Polished Highlighters,office products,segA,31,17,19.89,,527,89.59,8/25/2026,,,,,,,,
8/10/2026,575,244,Bright Cleaners of Forestridge,32,Bright Desk Organizers,office products,,1,44,70.4,70.4,44,26.4,8/25/2026,,,,,,,,
8/10/2026,575,244,Bright Cleaners of Forestridge,40,Immaculate Markers,office products,segA,1,34,45.56,45.56,34,11.56,8/25/2026,,,,,,,,
8/10/2026,575,244,Bright Cleaners of Forestridge,42,Polished Markers,office products,segA,3,28,36.96,110.88,84,26.88,8/25/2026,,,,,,,,
8/10/2026,575,244,Bright Cleaners of Forestridge,51,Bright Glass Cleaner,cleaning supplies,segA,2,,37.49,74.98,46,28.98,8/25/2026,,,,,,,,
8/10/2026,575,244,Bright Cleaners of Forestridge,78,Glossy Creamers,breakroom supplies,segA,1,27,52.65,52.65,27,25.65,8/25/2026,,,,,,,,
8/10/2026,575,244,Bright Cleaners of Forestridge,87,Glossy Tea Selection,breakroom supplies,segA,1,11,20.79,20.79,11,9.79,8/25/2026,,,,,,,,
8/10/2026,575,244,Bright Cleaners of Forestridge,,,copy paper,segD,1,37,58.83,58.83,37,21.83,8/25/2026,,,,,,,,
8/19/2026,,244,Bright Cleaners of Forestridge,38,Radiant Pens,office products,segA,3,17,,66.81,51,15.81,8/20/2026,,,,,,,,
8/19/2026,,244,Bright Cleaners of Forestridge,84,Sparkling Creamers,breakroom supplies,,2,18,32.4,64.8,,28.8,8/20/2026,,,,,,,,
31/08/2026,126,245,Dazzling Keepers of Canyonfield,13,Pristine Party Napkins,paper & tissue,segA,1,45,60.75,60.75,45,15.75,9/1/2026,,,,,,,,
8/31/2026,126,245,Dazzling Keepers of Canyonfield,15,Sparkling 2-Ply Toilet Paper,paper & tissue,segA,2,43,62.35,124.7,86,38.7,9/1/2026,,,,,,,,
8/31/2026,126,245,Dazzling Keepers of Canyonfield,20,Gleaming Roll Paper Towels,paper & tissue,segA,2,28,38.92,77.84,56,21.84,9/1/2026,,,,,,,,
8/31/2026,126,245,Dazzling Keepers of Canyonfield,22,Sparkling Pocket Tissues,paper & tissue,  segA ,3,41,55.35,166.05,123,43.05,9/1/2026,,,,,,,,
31/08/2026,126,245,Dazzling eKepers of Canyonfield,23,Dazzling Roll Paper Towels,,segA,3,40,55.6,166.8,120,46.8,9/1/2026,,,,,,,,
8/31/2026,126,245,Dazzling Keepers of Canyonfield,42,Polished Markers,office products,segD,1,28,44.52,44.52,,16.52,9/1/2026,,,,,,,,
8/31/2026,126,245,Dazzling Keepers of Canyonfield,80,Spotless Instant Soups,breakroom supplies,segA,1,17,31.79,31.79,17,,9/1/2026,,,,,,,,
8/31/2026,126,245,Dazzling Keepers of Canyonfield,84,Sparkling Creamers,breakroom supplies,segA,1,18,37.8,37.8,18,19.8,9/1/2026,,,,,,,,
8/31/2026,126,245,Dazzling Keepers of Canyonfield,90,Dazzling Instant Soups,breakroom supplies,segA,1,24,41.76,41.76,24,17.76,9/1/2026,,,,,,,,
8/31/2026,126,245,Dazzling Keepers of Canyonfield,92,Glossy Instant Soups,breakroom supplies,segA,1,24,44.64,,24,20.64,9/1/2026,,,,,,,,
8/31/2026,126,245,Dazzling Keepers of Canyonfield,93,Gleaming Microwave Popcorn,breakroom supplies,segA,1,20,40.6,40.6,20,20.6,9/1/2026,,,,,,,,
,126,245,Dazzling Keepers of Canyonfield,107,Radiant Glossy Photo Paper,ocpy paper,segA,2,58,75.98,151.96,116,35.96,9/1/2026,,,,,,,,
8/31/2026,126,245,Dazzling Keepers of Canyonfield,109,Immaculate Resume Paper,copy paper,segA,2,,42.78,,62,23.56,9/1/2026,,,,,,,,
8/31/2026,126,245,Dazzling Keepers of Canyonfield,,Glossy Recycled Paper,copy paper,segA,6,54,86.4,,324,194.4,9/1/2026,,,,,,,,
8/31/2026,126,245,Dazzling Keepers of Canyonfield,116,Immaculate Legal Size Paper,copy paper,  segA ,3,59,86.73,260.19,177,83.19,9/1/2026,,,,,,,,
8/31/2026,126,245,Dazzling Keepers of Canyonfield,120,Sparkling Letter Size Paper,copy paper,segA,7,45,67.95,475.65,315,160.65,9/1/2026,,,,,,,,
8/27/2026,202,245,Dazzling Keepers of Canyonfield,13,Pristine Party Napkins,paper & tissue,segA,1,45,60.75,60.75,45,15.75,8/28/2026,,,,,,,,
8/27/2026,202,245,Dazzling Keepers of Canyonfield,15,Sparkling 2-Ply Toilet Paper,paper & tissue,segA,2,43,62.35,124.7,86,38.7,8/28/2026,,,,,,,,
8/27/2026,202,245,Dazzling Keepers of Canyonfield,17,Glossy Lunch Napkins,paper & tissue,segA,6,31,41.23,247.38,186,61.38,8/28/2026,,,,,,,,
8/27/2026,202,245,Dazzling Keepers of Canyonfield,18,Pristine Lunc hNapkins,paper & tissue,segA,5,20,29,145,100,45,8/28/2026,,,,,,,,
8/27/2026,202,245,  Dazzling Keepers of Canyonfield ,22,Sparkling Pocket Tissues,paper &t issue,segA,3,41,55.35,166.05,123,43.05,8/28/2026,,,,,,,,
8/27/2026,202,245,Dazzling Keepers of Canyonfield,24,Sparkling Pocket Tissues,,segA,1,18,25.56,25.56,18,7.56,8/28/2026,,,,,,,,
8/27/2026,202,245,Dazzling Keepers of Canyonfield,43,Fresh File Folders,office products,seDg,1,50,83,83,50,33,8/28/2026,,,,,,,,
8/27/2026,202,245,Dazzling Keepers of Canyonfield,80,Spotless Instant Soups,breakroom supplies,segA,1,17,31.79,31.79,17,14.79,8/28/2026,,,,,,,,
8/27/2026,202,245,Dazzling Keepers of Canyonfield,84,Sparkling Creamers,breakroom supplies,segA,1,18,37.8,37.8,18,19.8,8/28/2026,,,,,,,,
8/27/2026,202,245,Dazzling Keepers of Canyonfield,91,Glossy Microwave Popcorn,breakroom supplies,segA,1,29,60.9,60.9,29,31.9,8/28/2026,,,,,,,,
8/27/2026,202,245,Dazzling Keepers of Canyonfield,107,Radiant Glossy Photo Paper,copy paper,segA,1,58,75.98,75.98,58,17.98,8/28/2026,,,,,,,,
8/27/2026,202,245,Dazzling Keepers of Canyonfield,110,Pristine Cardstock,  copy paper ,segA,4,42,,252,168,84,8/28/2026,,,,,,,,
8/27/2026,202,245,Dazzling Keepers of Canyonfield,,Glossy Recycled Paper,copy paper,segA,4,54,86.4,345.6,216,129.6,8/28/2026,,,,,,,,
8/27/2026,202,245,Dazzling Keepers of Canyonfield,116,Immaculate Legal Size Paper,copy paper,segA,2,59,86.73,173.46,118,55.46,8/28/2026,,,,,,,,
8/27/2026,202,245,Dazzling Keepers of Canyonfield,119,Immaculate Letter Size Paper,copy paper,segA,2,44,69.08,138.16,88,50.16,8/28/2026,,,,,,,,
8/27/2026,202,245,  Dazzling Keepers of Canyonfield ,120,Sparkling Letter Size Paper,copy paper,segA,7,45,67.95,475.65,315,160.65,8/28/2026,,,,,,,,
8/27/2026,202,245,Dazzling Keepers of Canyonfield,43,Fresh File Folders,office products,seDg,1,50,83,83,50,33,8/28/2026,,,,,,,,
8/20/2026,357,245,Dazzling Keepers of Canyonfield,15,Sparkling 2-Ply Toilet Paper,paper & tissue,segA,1,43,62.35,62.35,43,,8/21/2026,,,,,,,,
8/20/2026,357,245,Dazzling Keepers of Canyonfield,17,Glossy Lunch Napkins,paper & tissue,segA,4,31,41.23,164.92,124,40.92,8/21/2026,,,,,,,,
8/20/2026,357,245,Dazzling Keepers of Canyonfield,20,Gleaming Roll Paper Towels,paper & tissue,segA,1,28,38.92,38.92,28,10.92,8/21/2026,,,,,,,,
8/20/2026,357,245,Dazzling Keepers of Canyonfield,22,Sparkling Pocket Tissues,paper & tissue,,3,41,55.35,166.05,123,43.05,8/21/2026,,,,,,,,
8/20/2026,357,245,Dazzling Keepers of Canyonfield,24,Sparkling Pocket Tissues,paper & tissue,segA,3,18,25.56,76.68,54,22.68,8/21/2026,,,,,,,,
8/20/2026,357,245,Dazzling Keepers of Canyonfield,25,Dazzling Binder Clips,office products,segD,1,45,73.35,73.35,45,28.35,8/21/2026,,,,,,,,
8/20/2026,357,245,Dazzling Keepers of Canyonfield,74,Pristine Energy Drinks,breakroom supplies,segA,1,15,25.5,25.5,15,10.5,21/08/2026,,,,,,,,
8/20/2026,357,245,Dazzling Keepers of Canyonfield,78,Glossy Creamers,breakroom supplies,segA,24,27,40.5,972,648,324,8/21/2026,,,,,,,,
8/20/2026,357,245,Dazzling Keepers of Canyonfield,80,Spotless Instatn Soups,breakroom supplies,segA,1,17,31.79,31.79,17,14.79,8/21/2026,,,,,,,,
8/20/2026,357,245,Dazzling Keepers of Canyonfield,101,Radiant Cloored Paper,copy paper,segA,,60,92.4,554.4,360,194.4,,,,,,,,,
8/20/2026,357,245,Dazzling Keepers of Canyonfield,109,Immaculate Resume Paper,cpoy paper,segA,1,31,42.78,42.78,31,11.78,8/21/2026,,,,,,,,
8/20/2026,357,245,Dazzling Keepers of Canyonfield,114,Glossy Recycled Paper,,segA,3,32,46.4,139.2,96,43.2,8/21/2026,,,,,,,,
8/20/2026,357,245,Dazzling Keepers of Canyonfield,116,Immaculate Legal Size Paper,copy paper,segA,2,59,86.73,173.46,118,55.46,8/21/2026,,,,,,,,
,357,245,Dazzling Keepers of Canyonfield,120,Sparkling Letter Size Paper,copy paper,,6,45,67.95,407.7,270,137.7,8/21/2026,,,,,,,,
8/17/2026,426,245,Dazzling Keepers of Canyonfield,,Pristine Bathroom Tissue,paper & tissue,segA,3,19,27.74,83.22,57,26.22,8/18/2026,,,,,,,,
8/17/2026,426,245,Dazzling Keepers of Canyonfield,10,  Pristine 2-Ply Toilet Paper ,paper & tissue,segA,1,26,34.32,34.32,26,8.32,8/18/2026,,,,,,,,
17/08/2026,426,245,Dazzling Keepers of Canyonfield,15,Sparkling 2-Ply Toilet Paper,paper & tissue,segA,2,43,62.35,124.7,86,38.7,8/18/2026,,,,,,,,
8/17/2026,426,245,Dazzling Keepers of Canyonfield,21,Glossy Facial Tissues,paper & tissue,segA,2,47,62.04,124.08,94,30.08,8/18/2026,,,,,,,,
8/17/2026,426,245,Dazzling Keepers of Canyonfield,22,Sparkling Pocket Tissues,paper & tissue,segA,3,41,55.35,166.05,123,43.05,8/18/2026,,,,,,,,
8/17/2026,426,245,Dazzling Keepers of Canyonfield,24,Sparkling Pocket Tissues,paper & tissue,segA,1,18,25.56,25.56,18,7.56,8/18/2026,,,,,,,,
8/17/2026,426,245,Dazzling Keepers of Canyonfield,78,Glossy Creamers,breakroom supplies,segA,13,27,40.5,526.5,351,175.5,8/18/2026,,,,,,,,
8/17/2026,426,245,Dazzling Keepers of Canyonfield,90,Dazzling Instant Soups,breakroom supplies,segA,1,24,41.76,41.76,24,17.76,8/18/2026,,,,,,,,
8/17/2026,426,245,Dazzling Keepers of Canyonfield,,Glossy Recycled Paper,copy paper,segA,5,54,86.4,432,270,162,8/18/2026,,,,,,,,
8/17/2026,426,245,Dazzling Keepers of Canyonfield,,Sparkling Letter Size Paper,copy paper,segA,4,46,67.16,268.64,184,84.64,18/08/2026,,,,,,,,
8/17/2026,426,245,Dazzling Keepers of Canyonfield,114,Glossy Recycled Paper,copy paper,,3,32,46.4,139.2,96,43.2,8/18/2026,,,,,,,,
,426,245,Dazzling Keepers of Canyonfield,120,Sparkling Letter Size Paper,copy paper,segA,5,45,67.95,339.75,225,114.75,8/18/2026,,,,,,,,
8/17/2026,426,245,Dazzling Keepers of Canyonfield,,Glossy Recycled Paper,copy paper,segA,5,54,86.4,432,270,162,8/18/2026,,,,,,,,
8/27/2026,,245,Dazzling Keepers of Canyonfield,90,Dazzling Instant Soups,breakroom supplies,segA,1,24,41.76,,24,17.76,28/08/2026,,,,,,,,
8/20/2026,,245,Dazzling Keepers of Canyonfield,21,Glossy Facial Tissues,paper & tissue,segA,2,47,,124.08,94,30.08,8/21/2026,,,,,,,,
8/25/2026,269,246,Glossy Maintainers of Harborridge,26,Radiant Sticky Notes,office products,segC,2,34,50.66,101.32,68,33.32,8/26/2026,,,,,,,,
25/08/2026,269,246,Glossy Maintainers of Harborridge,31,Polished Highlighters,office products,segC,1,17,28.56,28.56,17,11.56,8/26/2026,,,,,,,,
25/08/2026,269,246,Glossy Maintainers of Harborridge,38,Radiant Pens,office products,segC,1,17,28.9,28.9,17,11.9,,,,,,,,,
8/25/2026,269,246,Glossy Maintainers of Harborridge,42,Polished Markers,office products,segC,1,28,,46.48,28,18.48,8/26/2026,,,,,,,,
8/25/2026,269,246,Glossy Maintainers of Harborridge,87,Glossy Tea Selection,breakroom supplies,segB,1,11,20.9,,11,9.9,8/26/2026,,,,,,,,
8/31/2026,127,247,,28,Immaculate Binder Clips,office products,segA,21,29,40.89,858.69,609,249.69,9/1/2026,,,,,,,,
,127,247,,33,Dazzling File Folders,office products,segA,3,26,40.04,120.12,78,42.12,9/1/2026,,,,,,,,
8/31/2026,127,247,Pristine Sanitizers of Mapleport,44,Gleaming Recycled Paper,office products,segA,17,34,53.04,901.68,578,323.68,9/1/2026,,,,,,,,
8/31/2026,127,247,Pristine Sanitizers of Mapleport,45,Immaculate Staplers,office products,segA,15,50,67,1005,750,255,9/1/2026,,,,,,,,
8/31/2026,127,247,Pristine Sanitizers of Mapleport,46,Spotless Desk Organizers,office products,segA,9,33,51.48,463.32,297,166.32,1/9/2026,,,,,,,,
8/31/2026,127,247,Pristine Sanitizers of Mapleport,86,Dazzling Instant Soups,breakroom supplies,segC,1,16,,30.88,16,14.88,9/1/2026,,,,,,,,
8/31/2026,127,247,Pristine Sanitizers of Mapleport,100,Dazzling Legal Size Paper,copy paper,segA,7,24,34.56,241.92,168,73.92,9/1/2026,,,,,,,,
8/31/2026,127,247,,101,Radiant Colored Paper,copy paper,segA,15,60,84,1260,900,360,9/1/2026,,,,,,,,
8/31/2026,127,247,Pristine Sanitizers of Mapleport,102,Sleek Resume Paper,copy paper,segA,17,26,36.92,627.64,442,185.64,9/1/2026,,,,,,,,
8/31/2026,127,247,Pristine Sanitizers of Mapleport,103,Spotless Colored Paper,copy paper,segA,9,45,63.45,571.05,405,166.05,9/1/2026,,,,,,,,
8/31/2026,127,247,Pristine Sanitizers of Mapleport,104,  Gleaming Glossy Photo Paper ,copy paper,segA,6,52,81.12,486.72,312,174.72,9/1/2026,,,,,,,,
8/31/2026,127,247,Pristine Sanitizers of Mapleport,112,Sparkling Letter Size Paper,copy paper,segA,13,46,60.26,783.38,598,185.38,1/9/2026,,,,,,,,
8/31/2026,127,247,Pristine Sanitizers of Mapleport,119,Immaculate Letter Size Paper,copy paper,segA,18,44,57.64,1037.52,792,245.52,9/1/2026,,,,,,,,
28/08/2026,165,247,Pristine Sanitizers of Mapleport,8,Bright Party Napkins,paper & tissue,,1,50,85.5,85.5,50,35.5,8/31/2026,,,,,,,,
8/28/2026,165,247,Pristine Sanitizers of Mapleport,28,Immaculate Binder Clips,office products,segA,15,29,40.89,613.35,435,178.35,8/31/2026,,,,,,,,
8/28/2026,165,247,Pristine Sanitizers of Mapleport,30,Immaculate Markers,office products,segA,6,28,37.24,,168,55.44,8/31/2026,,,,,,,,
8/28/2026,165,247,Pristine Sanitizers of Mapleport,42,Polished Markers,office products,segA,86,28,36.4,3130.4,2408,722.4,8/31/2026,,,,,,,,
8/28/2026,165,247,Pristine Sanitizers of Mapleport,44,Gleaming Recycled Paper,office products,segA,10,34,53.04,530.4,340,190.4,8/31/2026,,,,,,,,
8/28/2026,165,247,Pristine Sanitizers of Mapleport,45,Immaculate Staplers,office products,segA,13,50,67,871,650,221,8/31/2026,,,,,,,,
8/28/2026,165,247,Pristine Sanitizers of Mapleport,48,Fresh Desk Organizers,,segA,4,29,46.11,184.44,116,68.44,8/31/2026,,,,,,,,
8/28/2026,165,247,Pristine Sanitizers of Mapleport,103,Spotless Colored Paper,copy paper,segA,7,45,63.45,,315,129.15,8/31/2026,,,,,,,,
8/28/2026,165,247,Pristine Sanitizers of Mapleport,109,Immaculate Resume Paper,copy paper,segA,4,31,49.29,197.16,124,73.16,8/31/2026,,,,,,,,
8/28/2026,165,247,,112,Sparkling Letter Size Paper,,segA,9,46,60.26,542.34,414,128.34,8/31/2026,,,,,,,,
8/28/2026,165,247,Pristine Sanitizers of Mapleport,114,Glossy Recycled Paper,copy paper,segA,11,,42.56,468.16,352,116.16,8/31/2026,,,,,,,,
8/28/2026,165,247,Pristine Sanitizers of Mapleport,119,Immaculate Letter Size Paper,copy paper,segA,23,44,57.64,1325.72,1012,313.72,8/31/2026,,,,,,,,
8/21/2026,325,247,Pristine Sanitizers of Mapleport,28,Immaculate Binder Clips,office products,segA,17,29,40.89,695.13,493,202.13,8/24/2026,,,,,,,,
8/21/2026,325,247,Pristine Sanitizers of Mapleport,44,Gleaming Recycled Paper,office products,segA,15,34,53.04,795.6,510,285.6,,,,,,,,,
8/21/2026,325,247,Pristine Sanitizers of Mapleport,45,Immaculate Staplers,,segA,11,50,67,737,550,187,8/24/2026,,,,,,,,
8/21/2026,325,247,Pristine Sanitizers of Mapleport,46,,office products,segA,11,33,51.48,566.28,363,203.28,8/24/2026,,,,,,,,
8/21/2026,325,247,Pristine Sanitizers of Mapleport,48,Fresh Desk Organizers,office products,segA,5,29,46.11,230.55,145,,8/24/2026,,,,,,,,
8/21/2026,325,247,Pristine Sanitizers of Mapleport,62,Glossy Air Freshener,cleaning supplies,  segC ,3,20,40,120,60,60,8/24/2026,,,,,,,,
8/21/2026,325,247,Pristine Sanitizers of Mapleport,99,Glossy Letter Size Paper,,segA,13,57,79.23,1029.99,741,288.99,8/24/2026,,,,,,,,
8/21/2026,325,247,Pristine Sanitizers of Mapleport,101,Radiant Colored Paper,copy paper,segA,13,60,84,1092,780,312,8/24/2026,,,,,,,,
8/21/2026,325,247,Pristine Sanitizers of Mapleport,112,Sparkling Letter Size Paper,copy paper,segA,13,46,60.26,783.38,598,185.38,8/24/2026,,,,,,,,
8/21/2026,325,247,Pristine Sanitizers of Mapleport,114,Glossy Recycled Paper,copy paper,segA,15,32,42.56,638.4,480,158.4,8/24/2026,,,,,,,,
8/21/2026,325,247,Pristine Sanitizers of Mapleport,119,Immaculate Letter Size Paper,copy paper,segA,14,44,57.64,806.96,616,190.96,8/24/2026,,,,,,,,
8/17/2026,427,247,Pristine Sanitizers of Mapleport,20,Gleaming Roll Paper Towels,paper & tissue,segD,2,28,44.8,89.6,56,33.6,8/18/2026,,,,,,,,
8/17/2026,427,247,Pristine Sanitiezrs of Mapleport,28,Immaculate Binder Clips,office products,segA,18,29,40.89,736.02,522,214.02,8/18/2026,,,,,,,,
8/17/2026,427,247,Pristine Sanitizers of Mapleport,42,Polished Markers,office products,segA,92,28,36.4,3348.8,2576,772.8,8/18/2026,,,,,,,,
8/17/2026,427,247,Pristine Sanitizers of Mapleport,44,,office products,segA,18,34,53.04,954.72,612,342.72,8/18/2026,,,,,,,,
8/17/2026,427,247,Pristine Sanitizers of Mapleport,45,Immaculate Staplers,office products,segA,10,50,67,670,500,170,8/18/2026,,,,,,,,
8/17/2026,427,247,Pristine Sanitizers of Mapleport,46,Spotless Desk Organizers,  office products ,segA,7,33,51.48,360.36,231,129.36,8/18/2026,,,,,,,,
8/17/2026,427,247,Pristine Sanitizers of Mapleport,48,Fresh Desk Organizers,office products,segA,3,29,46.11,138.33,87,51.33,8/18/2026,,,,,,,,
8/17/2026,427,247,  Pristine Sanitizers of Mapleport ,62,Glossy Air Freshener,cleaning spuplies,segC,2,20,40,80,40,40,8/18/2026,,,,,,,,
8/17/2026,427,247,Pristine Sanitizers of Mapleport,99,Glossy Letter Size Paper,copy paper,segA,21,57,79.23,1663.83,1197,466.83,8/18/2026,,,,,,,,
8/17/2026,427,247,Pristine Sanitizers of Mapleport,100,Dazzling Legal Size Paper,copy paper,segA,9,24,34.56,311.04,216,95.04,8/18/2026,,,,,,,,
8/17/2026,427,247,Pristine Sanitizers of Mapleport,102,Sleek Resume Paper,copy paper,segA,11,26,36.92,406.12,286,120.12,8/18/2026,,,,,,,,
8/17/2026,427,247,Pristine Sanitizers of Mapleport,104,Gleaming Glossy Photo Paper,copy paper,segA,7,52,81.12,567.84,364,203.84,8/18/2026,,,,,,,,
8/17/2026,427,247,Pristine Sanitizers of Mapleport,118,Sparkling Cardstock,copy paper,seAg,47,37,41.07,1930.29,1739,191.29,8/18/2026,,,,,,,,
8/17/2026,,247,Pristine Sanitizers of Mapleport,119,Immaculate Letter Size Paper,copy paper,segA,15,44,57.64,864.6,660,204.6,8/18/2026,,,,,,,,
8/28/2026,166,248,Dazzling Providers of Mountton,10,Pristine 2-Ply Toilet Paper,paper & tissue,segB,1,,38.48,38.48,26,12.48,8/31/2026,,,,,,,,
8/28/2026,166,248,Dazzling Porviders of Mountton,31,Polished Highlighters,office products,segA,3,17,23.97,71.91,51,20.91,8/31/2026,,,,,,,,
8/28/2026,166,248,Dazzling Providers of Mountton,32,Bright Desk Organizers,office products,segA,4,44,57.64,230.56,176,54.56,8/31/2026,,,,,,,,
8/28/2026,166,248,Dazzilng Providers of Mountton,35,Dazzling Staplers,office products,segA,6,27,41.04,246.24,162,84.24,8/31/2026,,,,,,,,
8/28/2026,166,248,Dazzling Providers of Mountton,37,,office products,segA,1,24,37.92,37.92,24,13.92,8/31/2026,,,,,,,,
8/28/2026,166,248,Dazzling Providers of Mountton,40,Immaculate Markers,office products,segA,3,34,52.02,156.06,,,8/31/2026,,,,,,,,
8/28/2026,166,248,Dazzling Providers of Mountton,43,Fresh File Folders,office products,segA,4,50,76,304,200,104,8/31/2026,,,,,,,,
8/28/2026,166,248,Dazzling Providers of Mountton,44,Gleaming Recycled Paper,office products,segA,1,34,54.4,54.4,34,20.4,8/31/2026,,,,,,,,
8/28/2026,166,248,Dazzling Providers of Mountton,48,Fresh Desk Organizers,office products,,3,29,44.37,133.11,87,46.11,8/31/2026,,,,,,,,
8/28/2026,166,248,Dazzling Providers of Mountton,58,Spotless Floor Cleaner,cleaning supplies,segA,2,31,49.91,99.82,62,37.82,8/31/2026,,,,,,,,
8/28/2026,166,248,Dazzling Providers of Mountton,61,Pristine Degreaser,cleaning supplies,segA,1,50,80.5,80.5,50,30.5,8/31/2026,,,,,,,,
8/28/2026,166,248,Dazzling Providers of Mountton,62,Glossy Air Freshener,cleaning supplies,segA,2,20,36.2,72.4,40,32.4,,,,,,,,,
8/28/2026,166,248,Dazzling Providers of Mountton,63,Polished Glass Cleaner,cleaning supplies,segA,1,42,70.56,70.56,42,28.56,8/31/2026,,,,,,,,
8/28/2026,166,248,Dazzling Providers of Mountton,64,Bright Glass Cleaner,cleaning supplies,segA,1,32,59.2,59.2,32,27.2,31/08/2026,,,,,,,,
8/28/2026,166,248,Dazzling Providers of Mountton,73,Spotless Creamers,breakroom supplies,segA,31,18,27,837,558,279,8/31/2026,,,,,,,,
8/28/2026,166,248,Dazzling Providers of Mountton,79,Immaculate Microwave Popcorn,breakroom supplies,segA,1,25,52.25,52.25,25,27.25,8/31/2026,,,,,,,,
8/28/2026,166,248,Dazzling Providers of Mountton,81,Polished Stirrers,breakroom supplies,segA,1,22,37.4,37.4,22,15.4,8/31/2026,,,,,,,,
8/28/2026,166,248,Dazzling Providers of Mountton,82,Pristien Granola Bars,breakroom supplies,segA,1,26,47.58,47.58,26,21.58,8/31/2026,,,,,,,,
8/28/2026,166,248,Dazzling Providers of Mountton,89,Sparkling Disposable Cups,breakroom supplies,segA,2,21,40.11,80.22,42,38.22,8/31/2026,,,,,,,,
8/28/2026,166,248,Dazzling Providers of Mountton,95,Bright Disposable Cups,breakroom supplies,segA,1,13,27.43,27.43,13,14.43,8/31/2026,,,,,,,,
8/28/2026,166,248,,106,Sleek Resume Paper,copy paper,  segD ,1,48,88.8,,48,40.8,8/31/2026,,,,,,,,
8/27/2026,203,248,Dazzling Providers of Mountton,10,Pristine 2-Ply Toilet Paper,paper & tissue,segB,1,26,38.48,38.48,26,12.48,8/28/2026,,,,,,,,
8/27/2026,203,248,Dazzling Providers of Mountton,21,Glossy Facial Tissues,paper & tissue,segB,1,47,74.73,74.73,47,27.73,8/28/2026,,,,,,,,
8/27/2026,203,248,Dazzling Providers of Mountton,37,Bright Recycled Paper,office products,segA,1,,37.92,37.92,24,13.92,8/28/2026,,,,,,,,
8/27/2026,203,248,Dazzling Providers of Mountton,39,Immaculate Sticky Notes,office products,segA,1,34,51.34,51.34,34,17.34,,,,,,,,,
8/27/2026,203,248,Dazzling Providers of Mountton,40,Immaculate Markers,office products,segA,4,34,52.02,208.08,136,72.08,8/28/2026,,,,,,,,
8/27/2026,203,248,  Dazzling Providers of Mountton ,51,Bright Glass Cleaner,cleaning supplies,segA,1,26,47.32,47.32,26,21.32,8/28/2026,,,,,,,,
8/27/2026,203,248,Dazzling Providers of Mountton,54,Dazzling Floor Cleaner,cleaning supplies,segA,,45,74.25,222.75,135,87.75,28/08/2026,,,,,,,,
8/27/2026,203,248,  Dazzling Providers of Mountton ,58,Spotless Floor Cleaner,cleaning supplies,segA,3,31,49.91,149.73,93,56.73,8/28/2026,,,,,,,,
8/27/2026,203,248,Dazzling Providers of Mountton,63,Polished Glass Cleaner,cleaning supplies,segA,1,42,70.56,70.56,42,28.56,8/28/2026,,,,,,,,
8/27/2026,203,248,Dazzling Providers of Mountton,77,Sleek Disposable Cups,breakroom supplies,segA,1,25,45.25,45.25,25,20.25,8/28/2026,,,,,,,,
8/27/2026,203,248,Dazzling Providers of Mountton,81,Polished Stirrers,breakroom supplies,segA,1,22,37.4,37.4,22,15.4,8/28/2026,,,,,,,,
8/27/2026,203,248,Dazzling Providers of Mountton,83,Spotless Energy Drinks,breakroom supplies,segA,1,26,51.22,51.22,26,25.22,8/28/2026,,,,,,,,
8/27/2026,203,248,Dazzling Providers of Mountton,85,Sparkling Microwave Popcorn,breakroom supplies,segA,1,12,22.2,22.2,,10.2,8/28/2026,,,,,,,,
8/27/2026,203,248,Dazzling Providers of Mountton,101,Radiant Colored Paper,copy paper,segD,1,60,94.8,94.8,60,34.8,8/28/2026,,,,,,,,
8/21/2026,326,248,Dazzling Providers of Mountton,10,Pristine 2-Ply Toilet Paper,paper & tissue,segB,1,26,38.48,38.48,26,12.48,24/08/2026,,,,,,,,
8/21/2026,326,248,Dazzling Providers of Mountton,37,Bright Recycled Paper,office products,seAg,1,24,37.92,37.92,24,13.92,8/24/2026,,,,,,,,
8/21/2026,326,248,Dazzling Providers of Mountton,38,Radiant Pens,,segA,2,17,22.78,45.56,34,11.56,8/24/2026,,,,,,,,
8/21/2026,326,248,,44,Gleaming Recycled Paper,office products,segA,2,34,,108.8,68,40.8,8/24/2026,,,,,,,,
8/21/2026,326,248,Dazzling Providers of Mountton,45,Immaculate Staplers,office products,,3,50,66,198,150,48,8/24/2026,,,,,,,,
21/08/2026,326,248,Dazzling Providers of Mountton,48,Fresh Desk Organizers,office products,segA,4,29,44.37,177.48,116,61.48,8/24/2026,,,,,,,,
8/21/2026,326,248,Dazzling Providers of Mountton,49,Sparkling Disinfectant Wipes,cleaning supplies,segA,1,21,38.85,38.85,21,17.85,8/24/2026,,,,,,,,
8/21/2026,326,248,Dazzling Providers of Mountton,58,Spotless Floor Cleaner,cleaning supplies,segA,1,31,49.91,49.91,31,,8/24/2026,,,,,,,,
8/21/2026,326,248,Dazzling Providers of Mountton,63,Polished Glass Cleaner,cleaning supplies,segA,1,42,70.56,,42,28.56,8/24/2026,,,,,,,,
8/21/2026,326,248,Dazzling Providers of Mountton,64,Bright Glass Cleaner,cleaning suppleis,segA,1,32,59.2,59.2,32,27.2,8/24/2026,,,,,,,,
8/21/2026,326,248,Dazzling Providers of Mountton,67,Sleek Citrus Cleaner,cleainng supplies,segA,1,39,68.25,,39,29.25,8/24/2026,,,,,,,,
8/21/2026,326,248,Dazzling Providers of Mountton,68,Dazzling Disinfectant Wipes,cleaning supplies,segA,1,54,98.82,98.82,54,44.82,8/24/2026,,,,,,,,
8/21/2026,326,248,Dazzling Providers of Mountton,81,Polished Stirrers,breakroom supplies,segA,1,22,37.4,37.4,22,15.4,8/24/2026,,,,,,,,
8/21/2026,326,248,Dazzling Providers of Mountton,82,Pristine Granola Bars,breakroom supplies,segA,1,26,,47.58,26,21.58,8/24/2026,,,,,,,,
8/21/2026,326,248,Dazzling Providers of Mountton,95,Bright Disposable Cups,breakroom supplies,segA,1,13,27.43,27.43,13,14.43,8/24/2026,,,,,,,,
8/19/2026,373,248,Dazzling Providers of Mountton,21,Glossy Faical Tissues,paper & tissue,segB,1,47,74.73,74.73,47,,8/20/2026,,,,,,,,
8/19/2026,373,248,Dazzling Providers of Mountton,25,Dazzling Binder Clips,office products,segA,2,45,70.2,140.4,90,50.4,8/20/2026,,,,,,,,
8/19/2026,373,248,Dazzling Providers of Mountton,34,Radiant Staplers,,segA,1,24,33.36,33.36,24,9.36,8/20/2026,,,,,,,,
8/19/2026,373,248,Dazzling Providers of Mountton,40,Immaculate Markers,office products,segA,3,34,52.02,156.06,102,54.06,8/20/2026,,,,,,,,
8/19/2026,373,248,Dazzling Providers of Mountton,42,Polished Markers,office products,  segA ,6,28,36.68,220.08,168,52.08,8/20/2026,,,,,,,,
8/19/2026,373,248,Dazzling Providers of Mountton,44,Gleaming Recycled Paper,,segA,1,34,54.4,54.4,34,20.4,8/20/2026,,,,,,,,
8/19/2026,373,248,Dazzling Providers of Mountton,48,Fresh Desk Organizers,office products,segA,4,29,44.37,177.48,116,61.48,8/20/2026,,,,,,,,
8/19/2026,373,248,Dazzling Providers of Mountton,54,Dazzling Floor Cleaner,cleaning supplies,segA,2,45,74.25,148.5,90,58.5,8/20/2026,,,,,,,,
8/19/2026,373,248,Dazzling Providers of Mountton,,Pristine Citrus Cleaner,  cleaning supplies ,segA,1,48,85.44,85.44,48,37.44,8/20/2026,,,,,,,,
8/19/2026,373,248,Dazzling Providers of Mountton,67,,,segA,1,39,68.25,68.25,39,29.25,20/08/2026,,,,,,,,
8/19/2026,373,248,Dazzling Providers of Mountton,68,Dazzling Disinfectant Wipes,cleaning supplies,segA,1,54,98.82,98.82,54,44.82,8/20/2026,,,,,,,,
8/19/2026,373,248,Dazzling Providers of Mountton,76,Immaculate Granola Bars,breakroom supplies,segA,1,10,19.6,19.6,10,9.6,8/20/2026,,,,,,,,
8/19/2026,373,248,  Dazzling Providers of Mountton ,77,,breakroom supplies,segA,1,25,45.25,45.25,25,20.25,8/20/2026,,,,,,,,
8/19/2026,373,248,Dazzling Providers of Mountton,81,Polished Stirrers,breakroom supplies,segA,1,22,37.4,37.4,22,15.4,20/08/2026,,,,,,,,
8/19/2026,373,248,Dazzling Providers of Mountton,85,Sparkling Microwave Popcorn,breakroom supplies,segA,1,12,22.2,22.2,12,10.2,8/20/2026,,,,,,,,
8/19/2026,373,248,Dazzling Providers of Mountton,89,Sparkling Disposable Cups,breakroom supplies,segA,2,21,40.11,80.22,42,38.22,8/20/2026,,,,,,,,
8/19/2026,373,248,Dazzling Providers of Mountton,95,,breakroom supplies,segA,1,13,27.43,27.43,13,14.43,8/20/2026,,,,,,,,
8/19/2026,373,248,Dazzling Providers of Mountton,117,Dazzling Graph Paper,copy paper,segD,1,51,94.35,94.35,51,43.35,8/20/2026,,,,,,,,
8/11/2026,548,248,Dazzling Providers of Mountton,4,Bright Bathroom Tissue,paper & tissue,segB,1,26,40.82,40.82,26,14.82,8/12/2026,,,,,,,,
8/11/2026,548,248,Dazzling Providers of Mountton,10,Pristine 2-Ply Toilet Paper,paper & tissue,segB,1,26,38.48,38.48,26,12.48,8/12/2026,,,,,,,,
8/11/2026,548,248,Dazzling Providers of Mountton,27,Sparkling Sticky Notes,office products,segA,3,43,59.77,179.31,129,50.31,8/12/2026,,,,,,,,
8/11/2026,548,248,Dazzling Providers of Mountton,31,Polished Highlighters,office products,segA,1,17,,23.97,17,6.97,8/12/2026,,,,,,,,
8/11/2026,548,248,Dazzling Providers of Mountton,34,Radiant Staplers,office products,segA,1,24,33.36,33.36,24,9.36,8/12/2026,,,,,,,,
8/11/2026,548,248,Dazzling Providers of Mountton,37,Bright Recycled Paper,office products,segA,2,24,37.92,75.84,48,27.84,8/12/2026,,,,,,,,
8/11/2026,548,248,Dazzling Providers of Mountton,38,Radiant Pens,office products,segA,2,17,22.78,45.56,34,11.56,8/12/2026,,,,,,,,
8/11/2026,548,248,Dazzling Providers of Mountton,41,Dazzling File Folders,office products,segA,3,46,64.86,194.58,138,56.58,8/12/2026,,,,,,,,
8/11/2026,548,248,Dazzling Providers of Mountton,42,,office products,segA,6,28,36.68,220.08,168,52.08,8/12/2026,,,,,,,,
8/11/2026,548,248,Dazzling Providers of Mountton,44,Gleaming Recycled Paper,office products,segA,2,34,54.4,108.8,68,40.8,8/12/2026,,,,,,,,
8/11/2026,548,248,Dazzling Providers of Mountton,48,Fresh Desk Organizers,office products,segA,4,,44.37,177.48,116,61.48,8/12/2026,,,,,,,,
8/11/2026,548,248,Dazzling Providers of Mountton,49,Sparkling Disinfectant Wipes,cleaning supplies,segA,2,21,38.85,77.7,42,35.7,8/12/2026,,,,,,,,
8/11/2026,548,248,Dazzling Providers of Mountton,54,Dazzling Floor Cleaner,cleaning supplies,segA,1,45,74.25,74.25,45,29.25,8/12/2026,,,,,,,,
8/11/2026,548,248,Dazzling Providers of Mountton,56,Pristine Citrus Cleaner,cleaning supplies,segA,1,48,85.44,85.44,48,37.44,8/12/2026,,,,,,,,
8/11/2026,548,248,Dazzling Providers of Mountton,64,Bright Glass Cleaner,cleaning supplies,,1,32,59.2,59.2,32,27.2,8/12/2026,,,,,,,,
8/11/2026,548,248,Dazzling Providers of Mountton,67,Sleek Citrus Cleaner,cleaning supplies,segA,1,39,68.25,68.25,39,29.25,8/12/2026,,,,,,,,
8/11/2026,548,248,Dazzling Providers of Mountton,73,Spotless Creamers,,segA,37,18,27,999,666,333,8/12/2026,,,,,,,,
8/11/2026,548,248,Dazzling Providers of Mountton,79,Immaculate Microwave Popcorn,,segA,1,25,52.25,52.25,25,27.25,8/12/2026,,,,,,,,
8/11/2026,548,248,Dazzling Providers of Mountton,81,Polished Stirrers,breakroom supplies,segA,1,22,37.4,37.4,22,15.4,8/12/2026,,,,,,,,
8/11/2026,548,248,Dazzling Providers of Mountton,82,Pristine Granola Bars,breakroom supplies,segA,1,26,47.58,47.58,26,21.58,8/12/2026,,,,,,,,
8/11/2026,548,248,Dazzling Providers of Mountton,83,Spotless Energy Drinks,breakroom supplies,segA,1,26,51.22,51.22,26,25.22,8/12/2026,,,,,,,,
8/11/2026,548,248,Dazzling Providers of Mountton,85,Sparkling Microwave Popcorn,breakroom supplies,segA,1,12,22.2,22.2,12,10.2,8/12/2026,,,,,,,,
8/11/2026,548,248,Dazzling Providers of Mountton,95,Bright Disposable Cups,breakroom supplies,segA,1,13,27.43,27.43,13,14.43,12/8/2026,,,,,,,,
8/21/2026,,248,Dazzling Providers of Mountton,43,Fresh File Folders,office products,segA,2,50,76,152,100,52,8/24/2026,,,,,,,,
8/19/2026,,248,Dazzling Providers of Mountton,,Immaculate Staplers,office products,segA,3,50,66,,150,48,20/08/2026,,,,,,,,
8/11/2026,,248,Dazzling Providers of Mountton,3,Sparkling Party Napkins,paper & tissue,segB,1,21,33.18,33.18,21,12.18,8/12/2026,,,,,,,,
9/2/2026,71,249,Glossy Custodians of Maplefield,1,Sleek Party Napkins,paper & tissue,segA,6,29,,238.38,174,64.38,9/17/2026,,,,,,,,
9/2/2026,71,249,Glossy Custodians of Maplefield,3,Sparkling Party Napkins,paper & tissue,segA,4,21,27.3,109.2,84,25.2,9/17/2026,,,,,,,,
9/2/2026,71,249,Glossy Custodians of Maplefield,5,Polished Kitchen Towels,paper & tissue,segA,5,35,47.25,236.25,175,61.25,9/17/2026,,,,,,,,
9/2/2026,71,249,Glossy Custodians of Maplefield,8,Bright Party Napkins,paper & tissue,segA,18,50,60,1080,900,180,9/17/2026,,,,,,,,
9/2/2026,71,249,Glossy Custodians of Maplefield,9,Fresh Kitchen Towels,paper & tissue,segA,3,33,45.21,135.63,99,36.63,9/17/2026,,,,,,,,
9/2/2026,71,249,Glossy Custodians of Maplefield,11,,paper & tissue,segA,1,21,29.4,29.4,21,8.4,9/17/2026,,,,,,,,
,71,249,Glossy Custodians of Maplefield,14,,paper & tissue,segA,6,20,29,174,120,54,9/17/2026,,,,,,,,
9/2/2026,71,249,Glossy Custodians of Maplefield,15,Sparkling 2-Ply Toilet Paper,paper & tissue,segA,5,43,61.92,309.6,215,94.6,9/17/2026,,,,,,,,
9/2/2026,71,249,Glossy Custodians of Maplefield,20,Gleaming Roll Paper Towels,paper & tissue,segA,50,28,33.6,1680,1400,280,9/17/2026,,,,,,,,
9/2/2026,71,249,Glossy Custodians of Maplefield,23,Dazzling Roll Paper Towels,paper & tissue,segA,3,40,52,156,120,36,9/17/2026,,,,,,,,
9/2/2026,71,249,Glossy Custodians of Maplefield,40,Immaculate Markers,office products,sgeB,1,34,47.94,47.94,34,,9/17/2026,,,,,,,,
9/2/2026,71,249,  Glossy Custodians of Maplefield ,56,Pristine Citrus Cleaner,,segD,1,48,100.32,100.32,48,52.32,9/17/2026,,,,,,,,
9/2/2026,72,251,Immaculate Suppliers of Riverburg,19,Fresh Party Napkins,paper & tissue,segC,1,45,64.8,64.8,45,19.8,9/3/2026,,,,,,,,
9/2/2026,72,251,Immaculate Suppliers of Riverburg,26,Radiant Sticky Notes,office products,segA,4,34,49.3,197.2,136,61.2,9/3/2026,,,,,,,,
9/2/2026,72,251,Immaculate Suppliers of Riverburg,29,,office products,segA,2,37,55.13,110.26,74,36.26,9/3/2026,,,,,,,,
9/2/2026,72,251,Immaculate Suppliers of Riverburg,41,Dazzling File Folders,office products,segA,10,46,59.8,598,460,138,9/3/2026,,,,,,,,
9/2/2026,72,251,Immaculate Suppliers of Riverburg,42,Polished Markers,office products,segA,8,28,36.4,291.2,224,67.2,9/3/2026,,,,,,,,
9/2/2026,72,251,Immaculate Suppliers of Riverburg,43,Fresh Fiel Folders,office products,segA,40,50,63.5,2540,2000,540,9/3/2026,,,,,,,,
9/2/2026,72,251,Immaculate Suppliers of Riverburg,44,Gleaming Recycled Paper,office products,segA,3,34,45.22,135.66,102,33.66,9/3/2026,,,,,,,,
9/2/2026,72,251,Immaculate Suppliers of Riverburg,45,Immaculate Staplers,office products,segA,1,,69.5,69.5,50,19.5,9/3/2026,,,,,,,,
9/2/2026,72,251,Immaculate Suppliers of Riverburg,46,Spotless Desk Organizers,office products,segA,1,33,49.83,49.83,33,16.83,9/3/2026,,,,,,,,
9/2/2026,72,251,Immaculate Suppliers of Riverburg,55,Spotless Floor Cleaner,cleaning supplies,segA,1,29,54.23,54.23,29,25.23,9/3/2026,,,,,,,,
9/2/2026,72,251,Immaculate Suppliers of Riverburg,58,,cleaning supplies,,1,31,50.22,50.22,31,19.22,9/3/2026,,,,,,,,
9/2/2026,72,251,Immaculate Suppliers of Riverburg,63,Polished Glass Cleaner,cleaning supplies,segA,1,42,78.12,78.12,42,36.12,9/3/2026,,,,,,,,
9/2/2026,72,251,,66,Radiant Glass Cleaner,cleaning supplies,segA,1,21,33.6,33.6,21,,9/3/2026,,,,,,,,
9/2/2026,72,251,Immaculate Suppliers of Riverburg,69,Gleaming Degreaser,  cleaning supplies ,segA,1,27,49.95,49.95,27,22.95,9/3/2026,,,,,,,,
9/2/2026,72,251,Immaculate Suppliers of Riverburg,74,Pristine Energy Drinks,,segB,1,15,27.45,27.45,15,12.45,9/3/2026,,,,,,,,
9/2/2026,72,251,Immaculate Suppliers of Riverburg,91,Glossy Microwave Popcorn,  breakroom supplies ,segB,1,29,53.65,,29,24.65,9/3/2026,,,,,,,,
9/2/2026,72,251,Immaculate Suppliers of Riverburg,100,Dazzling Legal Size Paper,copy paper,segA,4,24,37.44,149.76,96,53.76,9/3/2026,,,,,,,,
9/2/2026,72,251,,101,Radiant Colored Paper,copy paper,segA,4,60,83.4,333.6,240,93.6,9/3/2026,,,,,,,,
9/2/2026,72,251,Immaculate Suppliers of Riverburg,109,Immaculate Resume Paper,copy paper,segA,2,31,43.4,86.8,62,24.8,9/3/2026,,,,,,,,
9/2/2026,72,251,Immaculate Suppliers of Riverburg,112,Sparklnig Letter Size Paper,copy paper,,5,46,71.3,356.5,230,126.5,9/3/2026,,,,,,,,
8/26/2026,232,251,Immaculate Suppliers of Riverburg,26,Radiant Sticky Notes,office products,segA,4,34,49.3,197.2,136,61.2,8/27/2026,,,,,,,,
8/26/2026,232,251,Immaculate Suppliers of Riverburg,28,Immaculate Binder Clips,office products,segA,1,29,45.24,45.24,29,16.24,8/27/2026,,,,,,,,
8/26/2026,232,251,Immaculate Suppliers of Riverburg,29,Dazzling Paper Clips,office products,segA,1,37,55.13,55.13,37,18.13,8/27/2026,,,,,,,,
8/26/2026,232,251,Immaculate Suppliers of Riverburg,30,Immaculate Markers,office products,segA,1,28,36.4,36.4,28,8.4,8/27/2026,,,,,,,,
8/26/2026,232,251,Immaculate Suppliers of Riverburg,31,Polished Highlighters,office products,segA,4,17,22.27,89.08,68,21.08,8/27/2026,,,,,,,,
8/26/2026,232,251,Immaculate Suppliers of Riverburg,35,Dazzling Staplers,office products,segA,13,27,30.51,396.63,351,,8/27/2026,,,,,,,,
8/26/2026,232,251,Immaculate Suppliers of Riverburg,43,Fresh File Folders,office products,segA,41,50,63.5,2603.5,2050,553.5,8/27/2026,,,,,,,,
8/26/2026,232,251,Immaculate Suppliers of Riverburg,44,Gleaming Recycled Paper,office products,segA,2,34,45.22,90.44,68,22.44,8/27/2026,,,,,,,,
8/26/2026,232,251,Immaculate Suppliers of Riverburg,45,Immaculate Staplers,office products,segA,2,50,69.5,139,100,39,8/27/2026,,,,,,,,
8/26/2026,232,251,Immaculate Suppliers of Riverburg,46,Spotless Desk Organizers,office products,segA,1,33,49.83,49.83,33,16.83,8/27/2026,,,,,,,,
8/26/2026,232,251,Immaculate Suppliers of Riverburg,55,Spotless Floor Cleaner,cleaning supplies,segA,1,29,54.23,54.23,29,25.23,8/27/2026,,,,,,,,
8/26/2026,232,251,Immaculate Suppliers of Riverburg,57,Glossy All-Purpose Cleaner,cleaning supplies,segA,1,51,95.88,95.88,51,44.88,8/27/2026,,,,,,,,
8/26/2026,232,251,Immaculate Suppliers of Riverburg,60,Polished Degreaser,cleaning supplies,segA,1,26,43.16,43.16,26,17.16,8/27/2026,,,,,,,,
8/26/2026,232,251,Immaculate Suppliers of Riverburg,62,Glossy Air Freshener,cleaning supplies,segA,1,20,34.4,34.4,20,14.4,8/27/2026,,,,,,,,
8/26/2026,232,251,Immaculate Suppliers of Riverburg,66,Radiant Glass Cleaner,cleaning supplies,segA,1,21,33.6,33.6,21,12.6,8/27/2026,,,,,,,,
8/26/2026,232,251,Immaculate Suppliers of Riverburg,67,Sleek Citrus Cleaner,cleaning supplies,segA,1,39,73.71,73.71,39,34.71,8/27/2026,,,,,,,,
8/26/2026,232,251,Immaculate Suppliers of Riverburg,89,,breakroom supplies,segB,1,21,45.99,45.99,21,24.99,8/27/2026,,,,,,,,
8/26/2026,232,251,Immaculate Suppliers of Riverburg,118,Sparkling Cardstock,copy paper,segA,3,37,54.02,162.06,111,51.06,8/27/2026,,,,,,,,
8/24/2026,294,251,  Immaculate Suppliers of Riverburg ,3,Sparkling Party Napkins,paper & tissue,segC,1,21,29.61,29.61,21,8.61,8/25/2026,,,,,,,,
8/24/2026,294,251,Immaculate Suppliers of Riverburg,12,Immaculate Roll Paper Towels,paper & tissue,segC,1,44,63.8,63.8,44,19.8,8/25/2026,,,,,,,,
8/24/2026,294,251,Immaculate Suppliers of Riverburg,27,Sparkling Sticky Notes,office products,segA,3,43,65.79,197.37,129,68.37,8/25/2026,,,,,,,,
8/24/2026,294,251,Immaculate Suppliers of Riverburg,28,Immaculate Binder Clips,  office products ,segA,1,29,45.24,45.24,29,16.24,8/25/2026,,,,,,,,
8/24/2026,294,251,Immaculate Suppliers of Riverburg,29,Dazzling Paper Clips,office products,segA,3,37,55.13,165.39,111,54.39,8/25/2026,,,,,,,,
8/24/2026,294,251,Immaculate Suppliers of Riverburg,31,Polished Highlighters,office products,segA,4,17,22.27,89.08,68,21.08,8/25/2026,,,,,,,,
8/24/2026,294,251,Immaculate Suppliers of Riverburg,42,Polished Markers,office products,segA,12,28,36.4,436.8,336,100.8,8/25/2026,,,,,,,,
8/24/2026,294,251,Immaculate Suppliers of Riverburg,46,,office products,segA,1,33,49.83,49.83,33,16.83,8/25/2026,,,,,,,,
8/24/2026,294,251,Immaculate Suppliers of Riverburg,50,Bright Glass Cleaner,cleaning supplies,segA,1,23,39.79,39.79,23,16.79,8/25/2026,,,,,,,,
8/24/2026,294,251,Immaculate Suppliers of Riverburg,60,Polished Degreaser,cleaning supplies,segA,1,26,43.16,43.16,,17.16,8/25/2026,,,,,,,,
,294,251,Immaculate Suppliers of Riverburg,82,Pristine Granola Bars,breakroom supplies,segB,1,26,53.56,53.56,26,27.56,8/25/2026,,,,,,,,
8/24/2026,294,251,Immaculate Suppliers of Riverburg,89,Sparkling Disposable Cups,,segB,1,21,45.99,45.99,21,24.99,8/25/2026,,,,,,,,
8/24/2026,294,251,Immaculate Suppliers of Riverburg,90,Dazzling Instant Soups,breakroom supplies,segB,1,24,50.16,50.16,24,26.16,8/25/2026,,,,,,,,
8/24/2026,294,251,Immaculate Suppliers of Riverburg,104,Gleaming Glossy Photo Paper,copy paper,segA,1,52,72.28,72.28,52,20.28,8/25/2026,,,,,,,,
8/24/2026,294,251,Immaculate Suppliers of Riverburg,115,Polished Glossy Photo Paper,,segA,21,59,69.62,1462.02,1239,223.02,8/25/2026,,,,,,,,
8/24/2026,294,251,Immaculate Suppliers of Riverburg,118,Sparkling Cardstock,  copy paper ,segA,2,37,54.02,108.04,74,34.04,,,,,,,,,
8/20/2026,358,251,Immaculate Suppliers of Riverburg,2,Glossy Party Napkins,paper & tissue,segC,1,29,40.6,40.6,29,11.6,8/21/2026,,,,,,,,
8/20/2026,358,251,Immaculate Suppliers of Riverburg,27,Sparkling Sticky Notes,office products,segA,3,43,65.79,197.37,129,68.37,8/21/2026,,,,,,,,
8/20/2026,358,251,Immaculate Suppliers of Riverburg,32,Bright Desk Organizers,office products,segA,4,44,66.88,267.52,176,91.52,8/21/2026,,,,,,,,
8/20/2026,358,251,Immaculate Suppliers of Riverburg,41,Dazzling File Folders,office products,segA,12,46,59.8,717.6,552,165.6,8/21/2026,,,,,,,,
8/20/2026,358,251,Immaculate Suppliers of Riverburg,42,Polished Markers,offiec products,segA,11,28,36.4,400.4,308,92.4,8/21/2026,,,,,,,,
8/20/2026,358,251,Immaculate Suppliers of Riverburg,43,Fresh File Folders,office products,segA,55,50,63.5,3492.5,2750,742.5,8/21/2026,,,,,,,,
8/20/2026,358,251,Immaculate Suppliers of Riverburg,48,Fresh Desk Organizers,office products,segA,2,29,42.92,85.84,58,27.84,8/21/2026,,,,,,,,
8/20/2026,358,251,Immaculate Suppliers of Riverburg,50,Bright Glass Cleaner,cleaning supplies,segA,1,23,39.79,39.79,23,16.79,8/21/2026,,,,,,,,
8/20/2026,358,251,Immaculate Suppliers of Riverburg,57,Glossy All-Purpose Cleaner,cleaning supplies,segA,2,51,95.88,191.76,102,89.76,8/21/2026,,,,,,,,
8/20/2026,358,251,Immaculate Suppliers of Riverburg,58,Spotless Floor Cleaenr,cleaning supplies,segA,1,31,50.22,50.22,31,19.22,8/21/2026,,,,,,,,
8/20/2026,358,251,Immaculate Suppliers of Riverburg,60,Polished Degreaser,cleaning supplies,segA,1,26,43.16,43.16,26,17.16,8/21/2026,,,,,,,,
8/20/2026,358,251,Immaculate Suppliers of Riverburg,64,Bright Glass Cleaner,cleaning supplies,segA,1,32,51.52,51.52,32,19.52,8/21/2026,,,,,,,,
8/20/2026,358,251,Immaculate Suppliers of Riverburg,66,Radiant Glass Cleaner,cleaning supplies,segA,1,21,33.6,33.6,21,12.6,8/21/2026,,,,,,,,
8/20/2026,358,251,Immaculate Suppliers of Riverburg,71,Spotless Glass Cleaner,cleaning supplies,  segA ,2,31,50.22,100.44,62,38.44,8/21/2026,,,,,,,,
8/20/2026,358,251,Immaculate Suppliers of Riverburg,97,Sparkling Legal Size Paper,copy paper,segA,3,39,58.89,176.67,117,59.67,8/21/2026,,,,,,,,
8/20/2026,358,251,Immaculate Suppliers of Riverburg,99,Glossy Letter Size Paper,copy paper,segA,3,57,90.06,270.18,171,99.18,8/21/2026,,,,,,,,
8/20/2026,358,251,Immaculate Suppliers of Riverburg,100,Dazzling Legal Size Paper,copy paper,segA,5,24,37.44,187.2,120,67.2,8/21/2026,,,,,,,,
8/20/2026,358,251,Immaculate Suppliers of Riverburg,101,Radiant Colored Paper,copy paper,segA,6,60,83.4,500.4,360,140.4,8/21/2026,,,,,,,,
8/20/2026,358,251,Immaculate Suppliers of Riverburg,110,Pristine Cardstock,copy paper,segA,1,42,57.12,57.12,42,15.12,8/21/2026,,,,,,,,
8/17/2026,428,251,  Immaculate Suppliers of Riverburg ,28,Immaculate Binder Clips,office products,segA,3,29,45.24,135.72,87,48.72,8/18/2026,,,,,,,,
8/17/2026,428,251,Immaculate Suppliers of Riverburg,41,Dazzling File Folders,office products,segA,10,46,59.8,598,460,138,8/18/2026,,,,,,,,
8/17/2026,428,251,Immaculate Suppliers of Riverburg,42,Polished Markers,office products,segA,8,28,36.4,291.2,224,67.2,8/18/2026,,,,,,,,
8/17/2026,428,251,Immaculate Suppliers of Riverburg,43,Fresh File Folders,office products,segA,32,50,63.5,2032,1600,432,8/18/2026,,,,,,,,
8/17/2026,428,251,Immaculate Suppliers of Riverburg,44,Gleaming Recycled Paper,office products,,3,34,45.22,135.66,102,33.66,8/18/2026,,,,,,,,
8/17/2026,428,251,Immaculate Suppliers of Riverburg,57,Glossy All-Purpose Cleaner,cleaning supplies,segA,2,51,95.88,191.76,102,89.76,,,,,,,,,
8/17/2026,428,251,Immaculate Suppliers of Riverburg,60,Polished Degreaser,cleaning supplies,segA,1,26,43.16,43.16,26,17.16,8/18/2026,,,,,,,,
8/17/2026,428,251,  Immaculate Suppliers of Riverburg ,67,Sleek Citrus Cleaner,cleaning supplies,segA,,39,73.71,73.71,39,34.71,8/18/2026,,,,,,,,
8/17/2026,428,251,Immaculate Suppliers of Riverburg,94,Pristine Instant Soups,,segB,1,7,13.72,13.72,7,6.72,8/18/2026,,,,,,,,
8/17/2026,428,251,Immaculate Suppliers of Riverburg,99,Glossy Letter Size Paper,copy paper,segA,6,57,90.06,540.36,342,198.36,8/18/2026,,,,,,,,
8/17/2026,428,251,Immaculate Suppliers of Riverburg,100,Dazzling Legal Size Paper,copy paper,segA,3,24,37.44,112.32,72,40.32,8/18/2026,,,,,,,,
8/17/2026,428,251,Immaculate Suppliers of Riverburg,101,Radiant Colored Paper,copy paper,segA,6,60,,500.4,360,140.4,,,,,,,,,
8/17/2026,428,251,Immaculate Suppliers of Riverburg,104,Gleaming Glossy Photo Paper,copy paper,segA,3,52,72.28,216.84,156,60.84,8/18/2026,,,,,,,,
8/17/2026,428,251,Immaculate Suppliers of Riverburg,106,Sleek Resume Paper,copy paper,segA,3,48,72.48,217.44,144,73.44,8/18/2026,,,,,,,,
8/17/2026,428,251,Immaculate Suppliers of Riverburg,108,  Dazzling Cardstock ,copy paper,  segA ,6,21,28.77,172.62,126,46.62,8/18/2026,,,,,,,,
8/17/2026,428,251,Immaculate Suppliers of Riverburg,112,Sparkling Letter Size Paper,copy paper,segA,3,46,71.3,213.9,138,75.9,8/18/2026,,,,,,,,
8/17/2026,428,251,Immaculate Suppliers of Riverburg,118,Sparkling Cardstock,copy paper,segA,,37,54.02,216.08,148,68.08,18/08/2026,,,,,,,,
9/2/2026,,251,Immaculate Suppliers of Riverburg,61,Pristine Degreaser,cleaning supplies,segA,3,,88,264,150,114,9/3/2026,,,,,,,,
8/24/2026,,251,Immaculate Suppliers of Riverburg,58,Spotless Floor Cleaner,cleaning supplies,segA,1,31,50.22,50.22,31,19.22,8/25/2026,,,,,,,,
8/20/2026,,251,Immaculate Suppliers of Riverburg,83,Spotless Energy Drinks,breakroom supplies,segB,19,26,41.6,790.4,494,296.4,,,,,,,,,
8/17/2026,,251,Immaculate Suppliers of Riverburg,66,Radiant Glass Cleaner,cleaning supplies,segA,1,21,33.6,33.6,21,12.6,8/18/2026,,,,,,,,
8/17/2026,,251,,109,Immaculate Resume Paper,copy paper,segA,1,31,43.4,43.4,31,12.4,18/08/2026,,,,,,,,
8/13/2026,496,253,Immaculate Facilities of Mountwood,10,Pristine 2-Ply Toilet Paper,paper & tissue,segA,,26,34.84,104.52,78,26.52,8/14/2026,,,,,,,,
8/13/2026,496,253,Immaculate Facilities of Mountwood,20,Gleaming Roll Paper Towels,paper & tissue,segA,3,28,37.52,112.56,84,28.56,8/14/2026,,,,,,,,
8/13/2026,496,253,Immaculate Facilities of Mountwood,59,Spotless All-Purpose Cleaner,cleaning supplies,segA,21,47,66.27,1391.67,987,404.67,8/14/2026,,,,,,,,
8/13/2026,496,253,Immaculate Facilities of Mountwood,60,Polished Degreaser,lceaning supplies,segA,1,26,49.14,49.14,26,23.14,8/14/2026,,,,,,,,
8/13/2026,496,253,Immaculate Facilities of Mountwood,62,Glossy Air Freshener,cleaning supplies,segA,1,20,35,35,20,15,8/14/2026,,,,,,,,
8/13/2026,496,253,Immaculate Facilities of Mountwood,70,Sleek Air Freshener,cleaning supplies,segA,2,33,61.71,123.42,66,57.42,8/14/2026,,,,,,,,
8/13/2026,496,253,Immaculate Facilities of Mountwood,71,Spotless Glass Cleaner,cleaning supplies,segA,1,31,58.9,58.9,31,27.9,8/14/2026,,,,,,,,
8/13/2026,496,253,Immaculate Facilities of Mountwood,72,Gleaming Glass Cleaner,cleaning supplies,segA,1,23,38.64,38.64,23,,8/14/2026,,,,,,,,
8/13/2026,496,253,Immaculate Facilities of Mountwood,118,Sparkling Cardstock,copy paper,segC,1,37,59.94,,37,22.94,8/14/2026,,,,,,,,
8/13/2026,,253,Immaculate Facilities of Mountwood,23,Dazzling Roll Paper Towels,paper & tissue,segA,4,40,58.4,233.6,160,73.6,8/14/2026,,,,,,,,
8/13/2026,,253,Immaculate Facilities of Mountwood,52,Spotless Air Freshener,cleaning supplies,segA,8,49,72.52,580.16,,188.16,8/14/2026,,,,,,,,
9/2/2026,73,254,Fresh Custodians of Cedarville,13,Pristine Party Napkins,paper & tissue,segC,2,45,66.15,132.3,90,42.3,9/3/2026,,,,,,,,
9/2/2026,73,254,Fresh Custodians of Cdearville,33,,office products,segB,1,26,40.56,40.56,26,14.56,9/3/2026,,,,,,,,
9/2/2026,73,254,Fresh Custodians of Cedarville,35,Dazzling Staplers,office products,segB,2,27,42.12,84.24,54,30.24,9/3/2026,,,,,,,,
9/2/2026,73,254,Fresh Custodians of Cedarville,50,Bright Glass Cleaner,cleaning supplies,segC,,23,45.77,45.77,23,22.77,9/3/2026,,,,,,,,
2/9/2026,73,254,Fresh Custodians of Cedarville,65,Sparkling Citrus Cleaner,cleaning supplies,segC,1,20,39.8,39.8,20,19.8,9/3/2026,,,,,,,,
9/2/2026,73,254,Fresh Custodians of Cedarville,71,Spotless Glass Cleaner,cleaning supplies,segC,1,31,60.45,60.45,31,29.45,9/3/2026,,,,,,,,
8/24/2026,295,254,Fresh Custodians of Cedarville,4,Bright Bathroom Tissue,paper & tissue,segC,1,26,36.4,36.4,26,10.4,8/25/2026,,,,,,,,
8/24/2026,295,254,Fresh Custodians of Cedarville,19,Fresh Party Napkins,paper & tissue,segC,,45,64.35,64.35,45,19.35,8/25/2026,,,,,,,,
8/24/2026,295,254,Fresh Custodians of Cedarville,24,Sparkling Pocket Tissues,paper & tissue,segC,1,18,28.26,28.26,18,10.26,8/25/2026,,,,,,,,
8/24/2026,295,254,Fresh Custodians of Cedarville,48,Fresh Desk Organizers,office products,segB,1,29,45.82,45.82,29,16.82,8/25/2026,,,,,,,,
24/08/2026,295,254,Fresh Custodians of Cedarville,50,Bright Glass Cleaner,cleaning supplies,segC,1,23,45.77,45.77,23,22.77,8/25/2026,,,,,,,,
8/24/2026,295,254,Fresh Custodians of Cedarville,120,Sparkling Letter Size Paper,copy paper,segB,1,45,70.2,70.2,,25.2,8/25/2026,,,,,,,,
8/13/2026,497,254,Fresh Custodians of Cedarville,2,,paper & tissue,segC,1,29,44.95,44.95,29,15.95,8/14/2026,,,,,,,,
8/13/2026,497,254,,4,Bright Bathroom Tissue,paper & tissue,,1,26,36.4,36.4,26,10.4,8/14/2026,,,,,,,,
8/13/2026,497,254,Fresh Custodians of Cedarville,24,Sparkling Pocket Tissues,paper & tissue,segC,1,18,28.26,28.26,18,10.26,14/08/2026,,,,,,,,
8/13/2026,497,254,Fresh Custodians of Cedarville,33,Dazzling File Folders,office products,segB,1,26,40.56,40.56,26,14.56,8/14/2026,,,,,,,,
13/08/2026,497,254,Fresh Custodians of Cedarville,35,Dazzling Staplers,office products,segB,2,27,42.12,84.24,54,30.24,8/14/2026,,,,,,,,
8/13/2026,497,254,Fresh Custodians of Cedarville,50,Bright Glass Cleaner,cleaning supplies,segC,1,23,45.77,45.77,23,22.77,8/14/2026,,,,,,,,
8/13/2026,497,254,Fresh Custodians of Cedarville,73,Spotless Creamers,breakroom supplies,segB,1,18,36.36,36.36,18,,8/14/2026,,,,,,,,
8/13/2026,497,254,Fresh Custodians of Cedarville,101,Radiant Colored Paper,copy paper,segB,1,60,100.2,100.2,60,40.2,8/14/2026,,,,,,,,
8/20/2026,359,255,Sleek Facilities of Bayhaven,62,Glossy Air Freshener,,segA,1,20,34.4,34.4,20,14.4,8/21/2026,,,,,,,,
8/20/2026,359,255,Sleek Facilities of Bayhaven,64,Bright Glass Cleaner,cleaning supplies,,1,32,53.12,53.12,32,21.12,8/21/2026,,,,,,,,
8/21/2026,328,256,Pristine Custodians of Canyonridge,54,,cleaning supplies,,1,45,87.3,87.3,45,42.3,8/24/2026,,,,,,,,
8/21/2026,328,256,Pristine Custodians of Canyonridge,55,Spotless Floor Cleaner,cleaning supplies,segC,1,29,49.59,49.59,,20.59,8/24/2026,,,,,,,,
8/21/2026,328,256,Pristine Custodians of Canyonridge,75,Fresh Microwave Popcorn,breakroom supplies,segA,10,18,27,270,180,90,,,,,,,,,
8/21/2026,328,256,  Pristine Custodians of Canyonridge ,76,Immaculate Granola Bars,breakroom supplies,segA,12,10,15,180,120,60,8/24/2026,,,,,,,,
21/08/2026,328,256,Pristine Custodians of Canyonridge,81,Polished Stirrers,breakroom supplies,segA,1,22,38.94,38.94,,16.94,8/24/2026,,,,,,,,
21/08/2026,328,256,Pristine Custodians of Canyonridge,85,Sparkling Microwave Popcorn,breakroom supplies,segA,1,12,24.72,24.72,12,12.72,8/24/2026,,,,,,,,
8/31/2026,128,257,Polished Cleaners of Riverdale,24,Sparkling Pocket Tissues,paper & tissue,segC,1,18,26.64,26.64,18,8.64,1/9/2026,,,,,,,,
8/31/2026,128,257,Polished Cleaners of Riverdale,31,Polished Highlighters,office products,segC,1,17,28.9,28.9,17,11.9,9/1/2026,,,,,,,,
8/31/2026,128,257,Polished Cleaners of Riverdale,39,Immaculate Sticky Notes,office products,segC,1,34,53.72,53.72,34,19.72,,,,,,,,,
8/31/2026,128,257,Polished Cleaners of Riverdale,82,Pristine Granola Bars,breakroom supplies,segB,1,26,49.92,49.92,26,23.92,9/1/2026,,,,,,,,
8/31/2026,128,257,Polished Cleaners of Riverdale,84,Sparkling Creamers,breakroom supplies,segB,1,18,38.34,38.34,18,20.34,9/1/2026,,,,,,,,
8/31/2026,128,257,Polished Cleaners of Riverdale,88,Gleaming Coffee Beans,breakroom supplies,segB,1,18,40.14,40.14,18,22.14,9/1/2026,,,,,,,,
8/31/2026,128,257,Polished Cleaners of Riverdale,98,Radiant Glossy Photo Paper,copy ppaer,segB,2,23,35.65,71.3,46,25.3,9/1/2026,,,,,,,,
8/31/2026,128,257,Polished Cleaners of Riverdale,108,Dazzling Cardstock,copy paper,segB,1,21,31.92,31.92,21,10.92,9/1/2026,,,,,,,,
8/31/2026,128,257,Polished Cleaners of Riverdale,116,Immaculate Legal Size Paper,copy paper,segB,1,59,93.81,93.81,59,34.81,9/1/2026,,,,,,,,
8/31/2026,128,257,Polished Cleaners of Riverdale,39,Immaculate Sticky Notes,office products,segC,1,34,53.72,53.72,34,19.72,,,,,,,,,
8/25/2026,270,257,Polished Cleaners of Riverdale,24,Sparkling Pocket Tissues,paper & tissue,segC,1,18,26.64,26.64,18,8.64,8/26/2026,,,,,,,,
8/25/2026,270,257,Polished Cleaners of Riverdale,43,Fresh File Folders,office products,segC,1,50,83.5,83.5,50,33.5,8/26/2026,,,,,,,,
8/25/2026,270,257,Polished Cleaners of Riverdale,82,Pristine Granola Bars,breakroom supplies,segB,1,26,49.92,49.92,26,23.92,8/26/2026,,,,,,,,
,270,257,Polished Cleaners of Riverdale,97,Sparkling Legal Size Paper,copy paper,segB,35,39,54.6,1911,1365,546,8/26/2026,,,,,,,,
8/25/2026,270,257,Polished Cleaners of Riverdale,99,,copy paper,segB,1,57,84.93,84.93,57,27.93,8/26/2026,,,,,,,,
8/25/2026,270,257,Polished Cleaners of Riverdale,105,Pristine Graph Paper,copy paper,  segB ,1,52,73.84,73.84,52,21.84,8/26/2026,,,,,,,,
8/25/2026,270,257,Polished Cleaners of Riverdale,106,Sleek Resume Paper,copy paper,segB,1,48,68.64,,48,20.64,8/26/2026,,,,,,,,
8/25/2026,270,257,Polished Cleaners of Riverdale,116,Immaculate Legal Size Paper,copy paper,segB,1,59,93.81,93.81,59,34.81,8/26/2026,,,,,,,,
8/21/2026,329,257,Polished Cleaners of Riverdale,6,,paper & tissue,segC,2,19,27.17,54.34,38,16.34,8/24/2026,,,,,,,,
8/21/2026,329,257,Polished Cleaners of Riverdale,13,Pristine Party Napkins,paper & tissue,segC,1,45,69.3,69.3,45,24.3,8/24/2026,,,,,,,,
8/21/2026,329,257,Polished Cleaners of Riverdale,24,Sparkling Pocket Tissues,paper & tissue,,1,18,26.64,26.64,18,8.64,8/24/2026,,,,,,,,
8/21/2026,329,257,Polished Cleaners of Riverdale,31,,office products,segC,,17,28.9,,17,11.9,8/24/2026,,,,,,,,
8/21/2026,329,257,Polished Cleaners of Riverdale,84,Sparkling Creamers,breakroom supplies,segB,1,18,38.34,38.34,18,20.34,8/24/2026,,,,,,,,
8/21/2026,329,257,Polished Cleaners of Riverdale,99,Glossy Letter Size Paper,copy paper,segB,2,57,84.93,169.86,114,55.86,8/24/2026,,,,,,,,
8/21/2026,329,257,Polished Cleaners of Riverdale,114,Glossy Recycled Paper,copy papre,segB,1,32,45.76,45.76,32,13.76,8/24/2026,,,,,,,,
8/21/2026,329,257,Polished Cleaners of Riverdale,116,Immaculate Legal Size Paper,copy paper,segB,1,59,93.81,93.81,59,34.81,8/24/2026,,,,,,,,
8/21/2026,329,257,Polished Cleaners of Riverdale,6,,paper & tissue,segC,2,19,27.17,54.34,38,16.34,8/24/2026,,,,,,,,
8/18/2026,396,257,  Polished Cleaners of Riverdale ,6,Pristine Bathroom Tissue,paper & tissue,segC,2,19,27.17,54.34,38,16.34,8/19/2026,,,,,,,,
8/18/2026,396,257,Polished Cleaners of Riverdale,17,Glossy Lunch Napkins,,segC,1,31,44.33,44.33,31,13.33,8/19/2026,,,,,,,,
8/18/2026,396,257,Polished Cleaners of Riverdale,31,Polished Highlighters,office products,segC,1,17,28.9,28.9,17,11.9,8/19/2026,,,,,,,,
8/18/2026,396,257,Polished Cleaners of Riverdale,43,Fresh File Folders,office products,segC,1,50,83.5,83.5,50,33.5,8/19/2026,,,,,,,,
8/18/2026,396,257,Polished Cleaners of Riverdale,77,Sleek Disposable Cups,breakroom supplies,segB,1,25,47.75,47.75,25,22.75,8/19/2026,,,,,,,,
8/18/2026,396,257,Polished Cleaners of Riverdale,97,Sparkling Legal Size Paper,copy paper,segB,60,39,54.6,3276,2340,936,8/19/2026,,,,,,,,
8/31/2026,,257,Polished Cleaners of Riverdale,97,Sparkling Legal Size Paper,copy paper,segB,61,39,,3330.6,2379,951.6,9/1/2026,,,,,,,,
8/28/2026,167,259,Gleaming Stewards of Harborburg,7,Gleaming Bathroom Tissue,  paper & tissue ,segC,8,16,22.4,179.2,128,51.2,9/7/2026,,,,,,,,
8/28/2026,167,259,Gleaming Stewards of Harborburg,13,,paper & tissue,segC,10,45,68.4,684,450,234,9/7/2026,,,,,,,,
8/28/2026,167,259,Gleaming Stewards of Harborburg,19,Fresh Party Napkins,paper & tissue,segC,2,45,66.6,133.2,90,43.2,9/7/2026,,,,,,,,
8/28/2026,167,259,Gleaming Stewards of Harborburg,52,Spotless Air Freshener,cleaning supplies,segA,10,49,82.81,828.1,490,338.1,9/7/2026,,,,,,,,
8/28/2026,167,259,Gleaming Stewards of Harborburg,54,Dazzling Floor Cleaner,  cleaning supplies ,segA,2,45,80.55,161.1,,71.1,9/7/2026,,,,,,,,
8/28/2026,167,259,lGeaming Stewards of Harborburg,61,Pristine Degreaser,cleaning supplies,segA,3,,89.5,268.5,,118.5,9/7/2026,,,,,,,,
8/28/2026,167,259,Gleaming Stewards of Harborburg,62,Glossy Air Freshener,cleaning supplies,  segA ,10,20,32.2,322,200,122,9/7/2026,,,,,,,,
8/28/2026,167,259,Gleaming Stewards of Harborburg,67,Sleek Citrus Cleaner,cleaning supplies,segA,7,39,63.57,444.99,273,171.99,9/7/2026,,,,,,,,
8/11/2026,549,259,Gleaming Stewards of Harborburg,1,Sleek Party Napkins,paper & tissue,segC,4,29,44.95,179.8,116,63.8,8/12/2026,,,,,,,,
8/11/2026,549,259,Gleaming Stewards of Harborburg,49,Sparkling Disinfectant Wipes,cleaning supplies,segA,8,21,35.7,285.6,168,117.6,8/12/2026,,,,,,,,
8/11/2026,549,259,Gleaming Stewards of Harborburg,54,Dazzling Floor Cleaner,cleaning supplies,segA,3,45,80.55,241.65,135,106.65,8/12/2026,,,,,,,,
8/11/2026,549,259,,62,Glosys Air Freshener,cleaning supplies,segA,11,20,32.2,354.2,220,,8/12/2026,,,,,,,,
8/11/2026,549,259,Gleaming Stewards of Harborburg,67,Sleek Citrus Cleaner,cleaning supplies,  segA ,15,39,63.57,953.55,585,368.55,8/12/2026,,,,,,,,
8/11/2026,549,259,Gleaming Stewards of Harborburg,68,,cleaning supplies,segA,154,54,77.76,11975.04,8316,3659.04,8/12/2026,,,,,,,,
8/11/2026,549,259,Gleaming Stewards of Harborburg,117,Dazzling Graph Paper,copy paper,segC,6,51,81.09,486.54,306,180.54,8/12/2026,,,,,,,,
8/11/2026,,259,Gleaming Stewards of Harborburg,69,Gleaming Degreaser,cleaning supplies,segA,9,27,47.52,427.68,243,184.68,8/12/2026,,,,,,,,
8/11/2026,,259,Gleaming Stewards of Harborburg,86,Dazzling Instant Soups,breakroom supplies,segD,1,16,37.12,37.12,16,21.12,8/12/2026,,,,,,,,
8/31/2026,129,260,Radiant Servicers of Mountfield,6,Pristine Bathroom Tissue,paper & tissue,segA,4,19,26.79,107.16,76,31.16,9/15/2026,,,,,,,,
8/31/2026,129,260,,17,Glossy Lunch Napkins,paper & tissue,segA,1,31,46.5,46.5,31,15.5,9/15/2026,,,,,,,,
8/31/2026,129,260,Radiant Servicers of Mountfield,21,Glossy Facial Tissues,paper & tissue,,7,47,54.52,381.64,329,52.64,9/15/2026,,,,,,,,
8/31/2026,129,260,Radiant Servicers of Mountfield,75,Fresh Microwave Popcorn,breakroom supplies,esgC,1,18,38.34,38.34,18,20.34,9/15/2026,,,,,,,,
8/31/2026,129,260,Radiant Servicers of Mountfield,87,Glossy Tea Selection,breakroom supplies,segC,1,,21.89,21.89,11,10.89,9/15/2026,,,,,,,,
8/31/2026,129,260,Radiant Servicers of Mountfield,106,Sleek Resume Paper,copy paper,segB,1,48,80.16,80.16,48,32.16,9/15/2026,,,,,,,,
8/31/2026,129,260,Radiant Servicers of Mountfield,107,Radiant Glossy Photo Paper,copy paper,segB,1,58,83.52,83.52,58,25.52,9/15/2026,,,,,,,,
8/27/2026,204,260,Radiant Servicers of Mountfield,2,,paper & tissue,segA,2,29,40.02,80.04,58,22.04,8/28/2026,,,,,,,,
8/27/2026,204,260,Radiant Servicers of Mountfield,8,Bright Party Napkins,paper & tissue,segA,2,50,65,130,100,30,28/08/2026,,,,,,,,
8/27/2026,204,260,Radiant Servicers of Mountfield,10,Pristine 2-Ply Toilet Paper,paper & tissue,segA,3,26,33.8,101.4,78,23.4,8/28/2026,,,,,,,,
8/27/2026,204,260,Radiant Servicers of Mountfield,17,Glossy Lunch Napkins,paper & tissue,segA,1,31,46.5,46.5,31,15.5,8/28/2026,,,,,,,,
8/27/2026,204,260,Radiant Servicers of Mountfield,21,Glossy Facial Tissues,paper & tissue,segA,6,47,54.52,327.12,282,45.12,8/28/2026,,,,,,,,
8/27/2026,204,260,Radiant Servicers of Mountfield,72,Gleaming Glass Cleaner,cleaning supplies,segD,1,23,45.77,45.77,23,22.77,8/28/2026,,,,,,,,
8/27/2026,204,260,Radiant Servicers of Mountfield,75,Fresh Microwave Popcorn,breakroom supplies,segC,1,18,38.34,38.34,18,20.34,8/28/2026,,,,,,,,
8/27/2026,204,260,Radiant Servicers of Mountfield,102,Sleek Resume Paper,copy paper,segB,1,26,42.38,,,16.38,8/28/2026,,,,,,,,
8/18/2026,397,260,Radiant Servicers of Mountfield,5,Polished Kitchen Towels,paper & tissue,segA,3,35,51.8,155.4,105,50.4,8/26/2026,,,,,,,,
8/18/2026,397,260,Radiant Servicers of Mountfield,6,Pristine Bathroom Tissue,paper & tissue,segA,3,19,,80.37,57,23.37,8/26/2026,,,,,,,,
8/18/2026,397,260,Radiant Servicers of Mountfield,18,Pristine Lunch Napkins,,segA,3,20,28.6,85.8,60,25.8,8/26/2026,,,,,,,,
8/18/2026,397,260,Radiant Servicers of Mountfield,21,  Glossy Facial Tissues ,paper & tissue,segA,9,47,54.52,490.68,423,67.68,8/26/2026,,,,,,,,
8/18/2026,397,260,Radiant Servicers of Mountfield,61,Pristine Degreaser,cleaning supplies,segD,1,50,98.5,98.5,50,48.5,26/08/2026,,,,,,,,
8/18/2026,397,260,Radiant Servicers of Mountfield,75,Fresh Microwave Popcorn,breakroom supplies,segC,1,18,38.34,38.34,18,20.34,8/26/2026,,,,,,,,
8/18/2026,397,260,Radiant Servicers of Mountfield,87,Glossy Tea Selection,breakroom supplies,segC,1,11,21.89,,11,10.89,8/26/2026,,,,,,,,
8/18/2026,397,260,Radiant Servicers of Mountfield,94,Pristine Instant Soups,breakroom supplies,segC,1,7,14.07,14.07,7,7.07,8/26/2026,,,,,,,,
8/18/2026,398,261,Bright Janitors of Cedarton,41,Dazzling File Folders,office products,segC,4,46,76.82,307.28,184,123.28,8/19/2026,,,,,,,,
8/18/2026,398,261,Bright Janitors of Cedarton,46,Spotless Desk Organizers,office products,segC,6,33,54.12,324.72,198,126.72,8/19/2026,,,,,,,,
8/18/2026,398,261,Bright Janitors of Cedarton,,Polished Degreaser,cleaning supplies,segC,1,26,51.48,51.48,26,25.48,8/19/2026,,,,,,,,
8/18/2026,398,261,Bright Janitors of Cedarton,69,Gleaming Degreaser,,segC,2,,49.14,98.28,54,44.28,8/19/2026,,,,,,,,
8/11/2026,550,261,Bright Janitors of Cedarton,60,Polished Degreaser,cleaning supplies,segC,1,26,51.48,51.48,26,25.48,8/12/2026,,,,,,,,
8/11/2026,550,261,Bright Janitors of Cedarton,101,Radiant Colored Paper,copy paper,segC,3,60,84,252,180,72,8/12/2026,,,,,,,,
8/18/2026,399,262,Immaculate Cleaners of Valleyridge,8,Bright Party Napkins,paper & tissue,segA,10,50,65,650,500,150,8/26/2026,,,,,,,,
8/18/2026,399,262,Immaculate Cleaners of Valleyridge,32,Bright Desk Organizers,office products,segB,2,44,65.12,130.24,88,42.24,8/26/2026,,,,,,,,
8/18/2026,399,262,Immaculate Cleaners of Valleyridge,52,Spotless Air Freshener,  cleaning supplies ,segB,3,49,89.67,269.01,147,122.01,8/26/2026,,,,,,,,
,399,262,Immaculate Cleaners of Valleyridge,64,Bright Glass Cleaner,cleaning supplies,segB,1,32,63.68,63.68,32,31.68,8/26/2026,,,,,,,,
8/18/2026,399,262,Immaculate Cleaners of Valleyridge,114,Glossy Recycled Paper,copy paper,segC,3,32,47.36,142.08,96,46.08,8/26/2026,,,,,,,,
9/1/2026,100,263,Polished Custodians of Graniteburg,22,Sparkling Pocket Tissues,paper & tissue,sgeB,1,,57.4,57.4,,16.4,9/2/2026,,,,,,,,
9/1/2026,100,263,Polished Custodians of Graniteburg,52,Spotless Air Freshener,,segB,1,49,92.61,92.61,49,43.61,9/2/2026,,,,,,,,
9/1/2026,100,263,Polished Custodians of Graniteburg,80,Spotless Instant Soups,breakroom supplies,segA,1,,35.87,35.87,17,18.87,9/2/2026,,,,,,,,
9/1/2026,100,263,Polished Custodians of Graniteburg,82,Pristine Granola Bars,breakroom supplies,segA,1,26,,47.06,26,21.06,9/2/2026,,,,,,,,
9/1/2026,100,263,Polished Custodians of Graniteburg,84,Sparkling Creamers,breakroom supplies,segA,1,18,32.4,32.4,18,14.4,9/2/2026,,,,,,,,
9/1/2026,100,263,Polished Custodians of Graniteburg,86,,breakroom supplies,segA,1,16,28.16,28.16,16,12.16,9/2/2026,,,,,,,,
9/1/2026,100,263,Polished Custodians of Graniteburg,90,Dazzling Instant Soups,breakroom supplies,segA,1,24,51.12,51.12,24,27.12,9/2/2026,,,,,,,,
9/1/2026,100,263,Polished Custodians of Graniteburg,91,Glossy Microwave Popcorn,breakroom supplies,segA,1,29,59.45,59.45,29,30.45,9/2/2026,,,,,,,,
9/1/2026,100,263,Polished Custodians of Graniteburg,99,Glossy Letter Size Paper,copy paper,segA,4,,75.81,303.24,228,75.24,9/2/2026,,,,,,,,
9/1/2026,100,263,Polished Custodians of Graniteburg,102,,copy ppaer,segA,1,26,36.92,36.92,26,10.92,9/2/2026,,,,,,,,
9/1/2026,100,263,Polished Custodians of Graniteburg,113,Polished Recycled Paper,copy paper,segA,3,36,52.92,158.76,108,50.76,9/2/2026,,,,,,,,
9/1/2026,100,263,Polished Custodians of Graniteburg,117,Dazzling Graph Paper,copy paper,segA,3,51,69.87,,153,56.61,9/2/2026,,,,,,,,
9/1/2026,100,263,Polished Custodians of Graniteburg,118,Sparkling Cardstock,copy paper,segA,4,37,48.1,192.4,148,44.4,9/2/2026,,,,,,,,
8/11/2026,551,263,Polished Custodians of Graniteburg,16,Dazzling Bathroom Tissue,paper & tissue,segB,1,42,60.48,60.48,,18.48,8/12/2026,,,,,,,,
8/11/2026,551,263,Polished Custodians of Graniteburg,52,Spotless Air Freshener,cleaning supplies,segB,1,49,92.61,92.61,49,43.61,8/12/2026,,,,,,,,
11/8/2026,551,263,Polished Custodian sof Graniteburg,64,Bright Glass Cleaner,cleaning supplies,esgB,1,32,55.36,55.36,32,23.36,8/12/2026,,,,,,,,
8/11/2026,551,263,Polished Custodians of Graniteburg,81,Polished Stirrers,breakrooms upplies,segA,8,22,33,264,176,88,8/12/2026,,,,,,,,
8/11/2026,551,263,Polished Custodians of Graniteburg,83,Spotless Energy Drinks,,segA,1,26,52.78,52.78,26,26.78,8/12/2026,,,,,,,,
8/11/2026,551,263,Polished Custodians of Graniteburg,85,Sparkling Microwave Popcorn,breakroom supplies,segA,,12,18,216,144,72,8/12/2026,,,,,,,,
8/11/2026,551,263,Polished Custodians of Graniteburg,89,Sparkling Disposable Cups,breakroom supplies,segA,2,21,40.95,81.9,42,39.9,8/12/2026,,,,,,,,
8/11/2026,551,263,Polished Custodians of Graniteburg,102,Sleek Resume Paper,copy paper,segA,2,26,36.92,73.84,52,21.84,8/12/2026,,,,,,,,
8/11/2026,551,263,Polished Custodians of Graniteburg,,Glossy Recycled Paper,copy paper,segA,2,,75.6,151.2,108,43.2,8/12/2026,,,,,,,,
8/11/2026,551,263,Polished Custodians of Graniteburg,113,Polished Recycled Paper,copy paper,segA,5,36,52.92,264.6,180,84.6,8/12/2026,,,,,,,,
8/11/2026,551,263,Polished Custodians of Graniteburg,118,Sparkling Cardstock,copy paper,segA,3,37,48.1,144.3,111,33.3,8/12/2026,,,,,,,,
26/08/2026,233,264,Dazzling Stewards of Graniteburg,5,Polished Kitchen Towels,paper & tissue,segA,2,35,52.15,104.3,70,34.3,8/27/2026,,,,,,,,
,233,264,Dazzling Stewards of Graniteburg,8,Bright Party Napkins,paper & tissue,segA,6,50,68,408,300,108,8/27/2026,,,,,,,,
8/26/2026,233,264,Dazzling Stewards of Graniteburg,19,Fresh Party Napkins,paper & tissue,segA,2,45,64.8,129.6,90,39.6,8/27/2026,,,,,,,,
8/26/2026,233,264,Dazzling Stewards of Graniteburg,35,Dazzling Staplers,office products,segA,4,27,36.18,144.72,108,36.72,8/27/2026,,,,,,,,
8/26/2026,233,264,Dazzling Stewards of Graniteburg,37,Bright Recycled Paper,office products,segA,5,,37.92,189.6,120,69.6,8/27/2026,,,,,,,,
,233,264,Dazzling Stewards of Graniteburg,38,Radiant Pens,office products,seAg,1,17,23.12,23.12,17,6.12,8/27/2026,,,,,,,,
8/26/2026,233,264,Dazzling Stewards of Graniteburg,39,Immaculate Sticky Notse,office products,segA,3,34,52.36,157.08,102,55.08,8/27/2026,,,,,,,,
8/17/2026,429,264,Dazzling Stewards of Graniteburg,2,Glossy Party Napkins,paper & tissue,segA,4,29,42.34,169.36,116,53.36,8/18/2026,,,,,,,,
17/08/2026,429,264,,3,Sparkling Party Napkins,paper & tissue,segA,3,21,28.98,86.94,63,23.94,8/18/2026,,,,,,,,
8/17/2026,429,264,Dazzling Stewards of Graniteburg,5,Polished Kitchen Towels,paper & tissue,segA,4,35,52.15,208.6,140,68.6,8/18/2026,,,,,,,,
8/17/2026,429,264,Dazzling Stewards of Graniteburg,10,Pristine 2-Ply Toilet Ppaer,paper & tissue,segA,4,26,38.74,154.96,104,50.96,8/18/2026,,,,,,,,
,429,264,Dazzling Stewards of Graniteburg,19,Fresh Party Napkins,paper & tissue,,2,45,64.8,129.6,90,39.6,8/18/2026,,,,,,,,
8/17/2026,429,264,Dazzling Stewards of Graniteburg,35,Dazzling Staplers,office products,segA,3,27,36.18,108.54,81,27.54,8/18/2026,,,,,,,,
8/17/2026,429,264,Dazzling Stewards of Graniteburg,36,Glossy Staplers,office products,segA,3,50,66.5,199.5,150,49.5,8/18/2026,,,,,,,,
8/17/2026,429,264,Dazzling Stewards of Graniteburg,37,Bright Recycled Paper,  office products ,,3,24,37.92,113.76,72,41.76,8/18/2026,,,,,,,,
8/17/2026,429,264,Dazzling Stewards of Graniteburg,39,Immaculate Sticky Notes,office products,segA,6,34,52.36,314.16,204,110.16,8/18/2026,,,,,,,,
8/17/2026,429,264,,41,Dazzling File Folders,office products,segA,8,46,53.82,430.56,368,62.56,8/18/2026,,,,,,,,
8/17/2026,429,264,Dazzling Stewards of Graniteburg,43,Fresh File Folders,office products,segA,2,50,74.5,149,100,49,,,,,,,,,
8/17/2026,429,264,Dazzling Stewards of Graniteburg,70,Sleek Air Freshener,cleaning supplies,segB,57,33,52.8,3009.6,1881,1128.6,8/18/2026,,,,,,,,
9/3/2026,52,265,Gleaming Wholesalers of Mountcrest,58,  Spotless Floor Cleaner ,cleaning supplies,segB,1,31,58.9,58.9,31,27.9,9/4/2026,,,,,,,,
9/3/2026,52,265,Gleaming Wholeslaers of Mountcrest,59,Spotless All-Purpose Cleaner,cleaning supplies,segB,1,47,79.9,79.9,47,32.9,9/4/2026,,,,,,,,
9/3/2026,52,265,Gleaming Wholesalers of Mountcrest,64,Bright Glass Cleaner,cleaning supplies,segB,1,32,56.32,56.32,32,24.32,9/4/2026,,,,,,,,
9/3/2026,52,265,Gleaming Wholesalers of Mountcrest,78,Glossy Creamers,breakroom supplies,segB,1,27,59.4,59.4,27,32.4,9/4/2026,,,,,,,,
9/3/2026,52,265,Gleaming Wholesalers of Mountcrest,79,Immaculate Microwave Popcorn,breakroom supplies,,1,25,48.75,48.75,25,23.75,9/4/2026,,,,,,,,
9/3/2026,52,265,Gleaming Wholesalers of Mountcrest,115,Polished Glossy Photo Paper,copy paper,segD,1,59,101.48,101.48,59,42.48,9/4/2026,,,,,,,,
8/26/2026,234,266,Sparkling Facilities of Valleyburg,14,Spotless Pocket Tissues,paper & tissue,segC,1,20,30.2,30.2,,10.2,8/27/2026,,,,,,,,
8/26/2026,234,266,Sparkling Facilities of Valleyburg,25,Dazzling Binder Clips,office products,segA,2,45,63.45,126.9,90,36.9,8/27/2026,,,,,,,,
8/26/2026,234,266,  Sparkling Facilities of Valleyburg ,26,Radiant Sticky Notes,office products,segA,1,34,47.94,47.94,34,13.94,8/27/2026,,,,,,,,
8/26/2026,234,266,Sparkling Facilities of Valleyburg,28,Immaculate Binder Clips,office products,segA,2,29,42.05,84.1,58,26.1,8/27/2026,,,,,,,,
8/26/2026,234,266,Sparkling Facilities of Valleyburg,30,Immaculate Markers,office prodcuts,segA,2,28,39.2,78.4,56,22.4,8/27/2026,,,,,,,,
8/26/2026,234,266,Sparkling Facilities of Valleyburg,31,Polished Highlighters,office products,segA,5,17,24.65,123.25,85,38.25,8/27/2026,,,,,,,,
8/26/2026,234,266,Sparkling Facilities of Valleyburg,34,Radiant Staplers,office products,segA,2,24,31.92,,48,15.84,8/27/2026,,,,,,,,
8/26/2026,234,266,Sparkling Facilities of Valleyburg,36,Glossy Staplers,office products,segA,3,50,80,240,150,90,8/27/2026,,,,,,,,
,234,266,Sparkling Facilities of Valleyburg,37,Bright Recycled Paper,office products,segA,2,24,35.52,71.04,48,23.04,8/27/2026,,,,,,,,
8/26/2026,234,266,Sparkling Facilities fo Valleyburg,39,Immaculate Sticky Notes,office products,segA,3,34,44.2,132.6,102,30.6,8/27/2026,,,,,,,,
8/26/2026,234,266,Sparkling Facilities of Valleyburg,42,Polished Markers,office products,segA,5,28,40.6,203,140,63,8/27/2026,,,,,,,,
8/26/2026,234,266,Sparkling Facilities of Valleyburg,46,  Spotless Desk Organizers ,office products,,,33,51.81,103.62,66,37.62,8/27/2026,,,,,,,,
,234,266,Sparkling Facilities of Valleyburg,61,Pristine Degreaser,cleaning supplies,segC,1,50,88,88,50,38,8/27/2026,,,,,,,,
8/26/2026,234,266,Sparkling Facilities of Valleyburg,85,Sparkling Microwave Popcorn,rbeakroom supplies,segD,1,12,27.96,27.96,12,15.96,8/27/2026,,,,,,,,
8/18/2026,400,266,Sparkling Facilities of Valleyburg,14,Spotless Pocket Tissues,paper & tissue,segC,1,20,30.2,30.2,20,10.2,8/19/2026,,,,,,,,
8/18/2026,400,266,Sparkling Facilities of Valleyburg,17,Glossy Lunch Napkins,paper & tissue,segC,1,31,48.05,48.05,31,17.05,,,,,,,,,
8/18/2026,400,266,Sparkling Facilities of Valleyburg,23,Dazzling Roll Paper Towels,paper & tissue,segC,1,40,57.2,57.2,40,17.2,8/19/2026,,,,,,,,
8/18/2026,400,266,Sparkling Facilities of Valleyburg,25,Dazzling Binder Clips,office products,segA,2,45,63.45,126.9,90,36.9,8/19/2026,,,,,,,,
8/18/2026,400,266,Sparkling Facilities of Valleyburg,26,Radiant Sticky Notes,office products,segA,1,34,47.94,47.94,34,13.94,8/19/2026,,,,,,,,
8/18/2026,400,266,Sparkling Facilities of Valleyburg,28,Immaculate Binder Clips,office products,segA,2,29,42.05,84.1,58,26.1,,,,,,,,,
8/18/2026,400,266,Sparkling Facilities of Valleyburg,30,Immaculate Markers,office products,segA,4,28,39.2,156.8,112,44.8,8/19/2026,,,,,,,,
18/08/2026,400,266,Sparkling Facilities of Valleyburg,32,Bright Desk Organizers,office products,segA,3,44,57.64,172.92,,40.92,8/19/2026,,,,,,,,
8/18/2026,400,266,Sparkling Facilities of Valleyburg,41,Dazzling File Folders,office products,segA,1,46,63.02,63.02,46,17.02,8/19/2026,,,,,,,,
8/18/2026,400,266,Sparkling Facilities of Valleyburg,113,Polished Recycled Paper,copy paper,segD,1,36,57.6,57.6,36,21.6,8/19/2026,,,,,,,,
8/12/2026,527,266,Sparkling Facilities of Valleyburg,25,Dazzling Binder Clips,office products,segA,2,45,63.45,126.9,90,36.9,13/08/2026,,,,,,,,
8/12/2026,527,266,,26,Radiant Sticky Notes,office products,seAg,1,34,47.94,47.94,34,13.94,8/13/2026,,,,,,,,
8/12/2026,527,266,Sparkling Facilities of Valleyburg,28,Immaculate Binder Clips,office products,segA,2,29,42.05,84.1,58,26.1,8/13/2026,,,,,,,,
8/12/2026,527,266,Sparkling Facilities of Valleyburg,32,Bright Desk Organizers,office products,segA,4,44,57.64,230.56,176,54.56,8/13/2026,,,,,,,,
8/12/2026,527,266,Sparkling Facilities of Valleyburg,55,Spotless Floor Cleaner,cleaning supplies,  segC ,1,29,55.1,,29,26.1,8/13/2026,,,,,,,,
8/12/2026,527,266,Sparkling Facilities of Valleyburg,106,Sleek Resume Paper,copy paper,segD,1,48,78.72,78.72,48,30.72,8/13/2026,,,,,,,,
8/10/2026,576,267,Glossy Suppliers of Cedarport,10,Pristine 2-Ply Toilet Paper,paper & tissue,segA,4,26,38.22,152.88,104,48.88,8/11/2026,,,,,,,,
8/10/2026,576,267,Glossy Suppliers of Cedarport,12,Immaculate Roll Paper Towels,paper & tissue,segA,2,44,58.96,117.92,88,29.92,8/11/2026,,,,,,,,
8/10/2026,576,267,Glossy Suppliers of Cedarport,19,Fresh Party Napkins,paper & tissue,segA,4,45,58.5,234,180,54,8/11/2026,,,,,,,,
8/10/2026,576,267,Glossy Suppliers of Cedarport,21,Glossy Facial Tissues,pape r& tissue,segA,3,47,70.5,211.5,141,70.5,8/11/2026,,,,,,,,
8/10/2026,576,267,Glossy Suppliers of Cedarport,22,Sparkling Pocket Tissues,paper & tissue,segA,5,41,59.04,295.2,205,90.2,8/11/2026,,,,,,,,
8/10/2026,576,267,Glossy Suppliers of Cedarport,35,Dazzling Staplers,office products,segA,1,27,37.53,37.53,,10.53,8/11/2026,,,,,,,,
8/10/2026,576,267,Glossy Suppliers of Cedarport,36,Glossy Staplers,office products,segA,2,50,79,158,100,58,8/11/2026,,,,,,,,
8/10/2026,576,267,Glossy Suppliers of Cedarport,37,  Bright Recycled Paper ,office products,,4,24,32.64,130.56,96,34.56,8/11/2026,,,,,,,,
8/10/2026,576,267,Glossy Suppliers of Cedarport,43,Fresh File Folders,office products,segA,2,50,70,140,100,40,8/11/2026,,,,,,,,
10/8/2026,576,267,Glossy Suppliers of Cedarport,46,Spotless Desk Organizers,office products,,3,33,43.56,130.68,99,31.68,8/11/2026,,,,,,,,
,576,267,Glossy Suppliers of Cedarport,55,Spotless Floor Cleaner,cleaning supplies,segC,1,29,55.39,55.39,29,26.39,8/11/2026,,,,,,,,
8/10/2026,576,267,Glossy Suppliers of Cedarport,,Gleaming Glass Cleaner,cleaning supplies,segC,1,23,43.01,43.01,23,20.01,8/11/2026,,,,,,,,
8/10/2026,576,267,Glossy Suppliers of Cedarport,73,Spotless Creamers,breakroom supplies,segA,2,18,33.48,66.96,36,30.96,8/11/2026,,,,,,,,
8/10/2026,576,267,Glossy Suppliers of Cedarport,78,Glossy Creamers,breakroom supplies,segA,1,27,55.35,55.35,27,28.35,8/11/2026,,,,,,,,
8/10/2026,576,267,Glossy Suppliers of Cedarport,80,Spotless Instant Soups,,sgeA,2,17,36.04,72.08,34,38.08,8/11/2026,,,,,,,,
,576,267,Glossy Suppliers of Cedarport,81,Polished Stirrers,breakroom supplies,segA,1,22,42.02,42.02,22,20.02,8/11/2026,,,,,,,,
8/10/2026,576,267,Glossy Suppliers of Cedarport,101,Radiant Colored Paper,copy paper,segD,1,60,102.6,102.6,60,,8/11/2026,,,,,,,,
9/4/2026,22,268,Sleek Stewards of Mapleburg,1,Sleek Party Napkins,paper & tissue,segA,3,29,38.57,115.71,87,,9/7/2026,,,,,,,,
9/4/2026,22,268,Sleek Stewards of Mapleburg,6,Pristine Bathroom Tissue,paper & tissue,segA,24,19,22.8,547.2,456,91.2,9/7/2026,,,,,,,,
9/4/2026,22,268,Sleek Stewards of Mapleburg,12,Immaculate Roll Paper Towels,paper & tissue,segA,5,44,58.08,290.4,220,70.4,9/7/2026,,,,,,,,
9/4/2026,22,268,Sleek Stewards of Mapleburg,18,Pristine Lunch Napkins,paper & tissue,segA,49,20,23.8,1166.2,980,186.2,9/7/2026,,,,,,,,
9/4/2026,22,268,Sleek Stewards of Mapleburg,22,Sparkling Pocket Tissues,paper & tissue,segA,2,41,58.63,117.26,82,35.26,7/9/2026,,,,,,,,
9/4/2026,22,268,Sleek Stewards of Mapleburg,49,Sparkling Disinfectant Wipes,cleaning supplies,segA,1,21,34.02,34.02,21,13.02,9/7/2026,,,,,,,,
9/4/2026,22,268,Sleek Stewards of Mapleburg,53,Golssy Glass Cleaner,cleaning supplies,segA,2,36,64.8,129.6,72,,9/7/2026,,,,,,,,
9/4/2026,22,268,Sleek Stewards of Mapleburg,54,Dazzling Floor Cleaner,cleaning supplies,segA,1,45,78.3,,45,33.3,9/7/2026,,,,,,,,
4/9/2026,22,268,Sleek Stewards of Mapleburg,59,Spotless All-Purpose Cleaner,cleaning supplies,,1,47,75.2,75.2,47,28.2,9/7/2026,,,,,,,,
4/9/2026,22,268,Sleek Stewards of Mapleburg,61,Pristine Degreaser,cleaning supplies,segA,1,50,94,94,50,44,9/7/2026,,,,,,,,
9/4/2026,22,268,Sleek Stewards of Mapleburg,72,Gleaming Glass Cleaner,cleaning supplies,segA,1,23,38.18,38.18,23,15.18,9/7/2026,,,,,,,,
9/4/2026,22,268,Sleek Stewards of Mapleburg,82,Pristine Granola Bars,breakroom supplies,segB,,26,57.2,57.2,26,31.2,9/7/2026,,,,,,,,
8/31/2026,130,268,Sleek Steawrds of Mapleburg,1,Sleek Party Napkins,paper & tissue,segA,5,29,38.57,192.85,145,47.85,9/1/2026,,,,,,,,
8/31/2026,130,268,Sleek Stewards of Mapleburg,4,Bright Bathroom Tissue,paper & tissue,segA,1,,36.66,36.66,26,10.66,9/1/2026,,,,,,,,
8/31/2026,130,268,Sleek Stewards of Mapleburg,8,Bright Party Napkins,paper & tissue,segA,5,50,65,325,250,75,9/1/2026,,,,,,,,
8/31/2026,130,268,Sleek Stewards of Mapleburg,13,Pristine Party Napkins,paper & tissue,segA,6,,63.45,380.7,270,110.7,9/1/2026,,,,,,,,
8/31/2026,130,268,Sleek Stewards of Mapleburg,15,Sparkling 2-Ply Toilet Paper,paper & tissue,segA,1,43,61.49,61.49,43,18.49,9/1/2026,,,,,,,,
8/31/2026,130,268,Sleek Stewards of Mapleburg,22,Sparkling Pocket Tissues,paper & tissue,segA,3,41,58.63,175.89,123,52.89,9/1/2026,,,,,,,,
,130,268,Sleek Stewards of Mapleburg,49,Sparkling Disinfectant Wipes,cleaning supplies,segA,3,21,34.02,102.06,63,39.06,9/1/2026,,,,,,,,
8/31/2026,130,268,Sleek Stewards of Mapleburg,51,Bright Glass Cleaner,cleaning supplies,segA,1,26,46.28,46.28,26,20.28,9/1/2026,,,,,,,,
8/31/2026,130,268,Sleek Stewards of Mapleburg,54,Dazzling Floor Cleaner,cleaning supplies,segA,1,45,78.3,78.3,,33.3,9/1/2026,,,,,,,,
8/31/2026,130,268,Sleek Stewards of Mapleburg,59,Spotless All-Purpose Cleaner,cleaning supplies,segA,1,47,75.2,,47,28.2,9/1/2026,,,,,,,,
8/31/2026,130,268,Sleek Stewards of Mapleburg,68,Dazzling Disinfectant Wipes,cleaning supplies,segA,1,54,100.44,100.44,54,46.44,9/1/2026,,,,,,,,
8/31/2026,130,268,Sleek Stewards of Mapleburg,72,Gleaming Glass Cleaner,cleaning supplies,segA,1,23,38.18,38.18,23,15.18,9/1/2026,,,,,,,,
8/31/2026,130,268,Sleek Stewards of Mapleburg,91,Glossy Microwave Popcorn,breakroom supplies,segB,1,29,58.87,58.87,,29.87,9/1/2026,,,,,,,,
8/31/2026,130,268,Sleek tSewards of Mapleburg,96,Dazzling Disposable Cups,breakroom supplies,segB,1,19,37.81,37.81,19,18.81,9/1/2026,,,,,,,,
,130,268,Sleek Stewards of Mapleburg,49,Sparkling Disinfectant Wipes,cleaning supplies,segA,3,21,34.02,102.06,63,39.06,9/1/2026,,,,,,,,
8/28/2026,168,268,Sleek Stewards of Mapleburg,4,Bright Bathroom Tissue,paper & tissue,segA,2,26,36.66,73.32,52,21.32,8/31/2026,,,,,,,,
8/28/2026,168,268,Sleek Stewards of Mapleburg,6,Pristine Bathroom Tissue,paper & tissue,segA,30,19,22.8,684,570,114,8/31/2026,,,,,,,,
8/28/2026,168,268,Sleek Stewards of Mapleburg,7,Gleaming Bathroom Tissue,paper & tissue,segA,5,16,23.2,116,80,36,8/31/2026,,,,,,,,
8/28/2026,168,268,Sleek Stewards of Mapleburg,13,Pristine Party Napkins,paper & tissue,segA,5,45,63.45,317.25,225,92.25,8/31/2026,,,,,,,,
8/28/2026,168,268,Sleek Stewards of Mapleburg,14,Spotless Pocket Tissues,paper & tissue,segA,2,20,29.6,59.2,40,19.2,,,,,,,,,
8/28/2026,168,268,Sleek Stewards of Mapleburg,15,Sparkling 2-Ply Toilet Paper,paper & tissue,segA,3,43,61.49,184.47,129,55.47,8/31/2026,,,,,,,,
,168,268,Sleek Stewards of Mapleburg,21,  Glossy Facial Tissues ,paper & tissue,segA,16,47,51.7,827.2,752,75.2,8/31/2026,,,,,,,,
8/28/2026,168,268,Sleek Stewards of Mapleburg,54,Dazzling Floor Cleaner,cleaning supplies,segA,1,45,78.3,78.3,45,33.3,,,,,,,,,
8/28/2026,168,268,Sleek Stewards of Mapleburg,59,Spotless All-Purpose Cleaner,cleaning supplies,segA,3,47,75.2,225.6,141,84.6,8/31/2026,,,,,,,,
8/28/2026,168,268,Sleek Stewards of Mapleburg,68,Dazzling Disinfectant Wipes,cleaning supplies,segA,1,54,100.44,100.44,54,46.44,8/31/2026,,,,,,,,
8/28/2026,168,268,Sleek Stewards of Mapleburg,72,Gleaming Glass Cleaner,cleaning supplies,segA,1,23,38.18,38.18,23,15.18,8/31/2026,,,,,,,,
8/12/2026,528,268,Sleek Stewards of Mapleburg,2,Glossy Party Napkins,paper & tissue,segA,60,29,34.8,2088,1740,348,8/13/2026,,,,,,,,
8/12/2026,528,268,,5,Polished Kitchen Towels,paper & tissue,segA,4,35,48.3,193.2,140,53.2,8/13/2026,,,,,,,,
8/12/2026,528,268,,6,,paper & tissue,segA,25,19,22.8,570,475,95,8/13/2026,,,,,,,,
8/12/2026,528,268,Sleek Stewards of Mapleburg,12,Immaculate Roll Paper Towels,  paper & tissue ,segA,3,44,58.08,174.24,132,42.24,8/13/2026,,,,,,,,
8/12/2026,528,268,Sleek Stewards of Mapleburg,54,Dazzling Floor Cleaner,cleaning supplies,segA,1,45,78.3,78.3,45,33.3,8/13/2026,,,,,,,,
8/12/2026,528,268,Sleek Stewards of Mapleburg,56,Pristine Citrus Cleaner,cleaning supplies,segA,3,48,89.76,269.28,144,125.28,8/13/2026,,,,,,,,
8/12/2026,528,268,,61,Pristine Degreaser,cleaning supplies,segA,1,50,94,94,50,44,8/13/2026,,,,,,,,
8/12/2026,528,268,,67,Sleek Citrus Cleaner,cleaning supplies,segA,3,39,67.08,201.24,117,84.24,8/13/2026,,,,,,,,
8/12/2026,528,268,Sleek Stewards of Mapleburg,84,Sparkling Creamers,breakroom supplies,segB,1,18,38.34,38.34,18,20.34,13/08/2026,,,,,,,,
9/4/2026,,268,Sleek Stewards of Mapleburg,21,Glossy Facial Tissues,paper & tissue,segA,23,47,51.7,1189.1,1081,108.1,9/7/2026,,,,,,,,
8/31/2026,,268,Sleek Stewards of Mapleburg,75,Fresh Microwave Popcorn,breakroom supplies,segB,12,18,28.8,345.6,216,129.6,9/1/2026,,,,,,,,
8/31/2026,,268,Sleek Stewards of Mapleburg,115,Polished Glossy Photo Paper,copy paper,segD,1,,92.63,92.63,59,33.63,9/1/2026,,,,,,,,
8/12/2026,,268,Sleek Stewards of Mapleburg,75,Fresh Microwave Popcorn,breakroom supplies,segB,18,18,28.8,518.4,324,194.4,8/13/2026,,,,,,,,
8/18/2026,401,269,Sleek Providers of Lakeville,5,Polishe dKitchen Towels,paper & tissue,segA,5,35,48.3,241.5,175,66.5,8/19/2026,,,,,,,,
18/08/2026,401,269,Sleek Providers of Lakeville,13,Pristine Party Napkins,paper & tissue,segA,1,45,60.3,60.3,45,15.3,8/19/2026,,,,,,,,
8/18/2026,401,269,Sleek Providers of Lakeville,21,Glossy Facial Tissues,paper & tissue,segA,2,47,70.5,141,94,47,8/19/2026,,,,,,,,
8/18/2026,401,269,Sleek Providers of Lakeville,36,Glossy Staplers,office products,segC,30,,64.5,1935,1500,435,8/19/2026,,,,,,,,
8/18/2026,401,269,Sleek Providers of Lakeville,47,Immaculate Staplers,office products,,1,24,36.24,36.24,24,12.24,19/08/2026,,,,,,,,
8/18/2026,401,269,Sleek Providers of Lakeville,63,Polished Glass Cleaner,cleaning supplies,  segB ,1,42,78.96,78.96,42,36.96,8/19/2026,,,,,,,,
8/18/2026,401,269,Sleek Providers of Lakeville,78,Glossy Creamers,breakroom supplies,segA,1,27,48.87,48.87,27,21.87,8/19/2026,,,,,,,,
8/18/2026,401,269,Sleek Providers of Lakeville,82,Pristine Granola Bars,breakroom supplies,sgeA,1,26,46.02,46.02,26,20.02,8/19/2026,,,,,,,,
8/18/2026,401,269,Sleek Providers of Lakeville,93,Gleaming Microwave Popcorn,breakroom supplies,segA,1,20,39.6,39.6,20,19.6,8/19/2026,,,,,,,,
8/18/2026,401,269,Sleek Providers of Lakeville,96,Dazzling Disposable Cups,breakroom supplies,segA,1,19,35.72,35.72,19,16.72,8/19/2026,,,,,,,,
8/18/2026,401,269,Sleek Providers of Lakeville,103,Spotless Colored Paper,copy paper,  segB ,1,45,72,,45,27,8/19/2026,,,,,,,,
8/18/2026,401,269,Sleek Providers of Lakeville,106,Sleek Resume Paper,copy paper,segB,1,48,72,72,48,24,8/19/2026,,,,,,,,
8/31/2026,131,270,  Dazzling Wholesalers of Valleyburg ,25,Dazzling Binder Clips,office products,  segC ,1,45,65.7,65.7,45,20.7,9/1/2026,,,,,,,,
8/31/2026,131,270,Dazzling Wholesalers of Valleyburg,44,Gleaming Recycled Paper,office products,segC,1,34,55.76,,34,21.76,9/1/2026,,,,,,,,
31/08/2026,131,270,Dazzling Wholesalers of Valleyburg,57,Glossy All-Purpose Cleaner,cleaning supplies,segB,1,51,92.82,,51,41.82,9/1/2026,,,,,,,,
8/31/2026,131,270,Dazzling Wholesalers of Valleyburg,62,,,segB,1,20,38.8,38.8,20,18.8,9/1/2026,,,,,,,,
8/31/2026,131,270,Dazzling Wholesalers of Valleyburg,79,Immaculate Microwave Popcorn,breakroom supplise,segB,1,25,47,47,25,22,9/1/2026,,,,,,,,
8/31/2026,131,270,Dazzling Wholesalers of Valleyburg,83,Spotless Energy Drinks,breakroom supplies,segB,1,26,47.84,47.84,26,21.84,9/1/2026,,,,,,,,
8/31/2026,131,270,Dazzling Wholesalers of Valleyburg,85,Sparkling Microwave Popcorn,breakroom supplies,  segB ,1,12,25.56,25.56,12,13.56,9/1/2026,,,,,,,,
8/31/2026,131,270,Dazzling Wholesalers of Valleyburg,86,Dazzling Instant Soups,breakroom supplies,esgB,1,16,31.68,31.68,16,15.68,9/1/2026,,,,,,,,
8/28/2026,169,270,Dazzling Wholesalers of Valleyburg,44,Gleaming Recycled Paper,office products,segC,1,34,55.76,55.76,34,21.76,9/14/2026,,,,,,,,
8/28/2026,169,270,Dazzling Wholesalers of Valleyburg,64,Bright Glass Cleaner,cleaning supplies,segB,1,32,60.8,60.8,32,28.8,9/14/2026,,,,,,,,
8/28/2026,169,270,Dazzling Wholesalers of Valleyburg,86,Dazzling Instant Soups,breakroom supplies,,1,16,31.68,31.68,16,15.68,9/14/2026,,,,,,,,
8/28/2026,169,270,,87,Glossy Tea Selection,breakroom supplies,segB,1,11,22.44,22.44,11,,9/14/2026,,,,,,,,
8/28/2026,169,270,Dazzling Wohlesalers of Valleyburg,96,Dazzling Disposable Cups,breakroom supplies,segB,1,19,38,38,19,19,,,,,,,,,
8/24/2026,296,270,Dazzling Wholesalers of Valleyburg,71,Spotless Glass Cleaner,cleaning supplies,segB,1,31,53.32,53.32,31,22.32,8/25/2026,,,,,,,,
8/24/2026,296,270,Dazzling Wholesalers of Valleyburg,72,Gleaming Glass Cleaner,cleaning supplies,segB,1,23,46,46,23,23,8/25/2026,,,,,,,,
8/24/2026,296,270,,76,Immaculate Granola Bars,breakroom supplies,segB,1,10,19.9,19.9,10,9.9,8/25/2026,,,,,,,,
8/24/2026,296,270,Dazzling Wholesalers of Valleyburg,79,Immaculate Microwave Popcorn,breakroom supplies,segB,1,25,47,47,25,22,8/25/2026,,,,,,,,
8/24/2026,296,270,  Dazzling Wholesalers of Valleyburg ,83,Spotless Energy Drinks,breakroom supplies,segB,1,26,47.84,47.84,26,21.84,8/25/2026,,,,,,,,
8/24/2026,296,270,Dazzling Wholesalers of Valleyburg,87,Glossy Tea Selection,breakroom supplies,segB,1,11,22.44,22.44,11,11.44,8/25/2026,,,,,,,,
8/13/2026,498,270,Dazzling Wholesalers of Valleyburg,62,Glossy Air Freshener,cleaning supplies,segB,1,20,38.8,38.8,20,18.8,8/14/2026,,,,,,,,
8/13/2026,498,270,Dazzling Wholesalers of Valleyburg,63,Polished Glass Cleaner,cleaning supplies,segB,1,42,82.74,82.74,42,40.74,8/14/2026,,,,,,,,
8/13/2026,498,270,Dazzling Wholesalers of Valleyburg,82,Pristine Granola Bars,breakroom supplies,segB,1,26,55.9,55.9,26,29.9,8/14/2026,,,,,,,,
8/13/2026,498,270,Dazzling Wholesalers of Valleyburg,83,Spotless Energy Drinks,breakroom supplies,segB,1,26,47.84,47.84,26,21.84,8/14/2026,,,,,,,,
8/28/2026,170,271,Glossy Servicers of Mapledale,47,Immaculate Staplers,  office products ,segC,1,24,34.08,34.08,24,10.08,8/31/2026,,,,,,,,
8/28/2026,170,271,Glossy Servicers of Mapledale,51,Bright Glass Cleaner,cleaning supplies,segB,1,26,45.76,45.76,26,19.76,8/31/2026,,,,,,,,
8/28/2026,170,271,Glossy Servicers of Mapledale,83,Spotless Energy Drinks,breakroom supplies,segC,1,26,57.46,57.46,26,,8/31/2026,,,,,,,,
8/28/2026,170,271,Glossy Servicers of Mapledale,94,Pristine Instant Soups,breakroom supplies,segC,1,7,14.63,14.63,7,7.63,8/31/2026,,,,,,,,
8/28/2026,170,271,Glossy Servicers of Mapledale,103,Spotless Colored Paper,copy paper,segA,6,45,58.5,351,270,81,,,,,,,,,
8/28/2026,170,271,  Glossy Servicers of Mapledale ,106,  Sleek Resume Paper ,copy paper,segA,1,48,70.08,70.08,48,22.08,8/31/2026,,,,,,,,
8/28/2026,170,271,Glossy Servicers of Mapledale,108,Dazzling Cardstock,copy paper,,2,21,28.56,57.12,42,15.12,8/31/2026,,,,,,,,
8/28/2026,170,271,Glossy Servicers of Mapledale,116,  Immaculate Legal Size Paper ,,segA,7,59,83.78,586.46,413,173.46,8/31/2026,,,,,,,,
8/27/2026,205,271,Glossy Servicers of Mapledale,103,Spotless Colored Paper,copy paper,segA,3,45,58.5,175.5,135,40.5,8/28/2026,,,,,,,,
8/27/2026,205,271,Glossy Servicers of Mapledale,106,Sleek Resume Paper,copy paper,segA,1,48,70.08,70.08,48,22.08,8/28/2026,,,,,,,,
8/27/2026,205,271,  Glossy Servicers of Mapledale ,108,Dazzling Cardstock,copy paper,segA,3,21,28.56,85.68,63,22.68,,,,,,,,,
8/27/2026,205,271,Glossy Servicers of Mapledale,116,Immaculate Legal Size Paper,copy paper,segA,7,59,83.78,586.46,413,173.46,8/28/2026,,,,,,,,
8/27/2026,205,271,Glossy Servicers of Mapledale,120,Sparkling Letter Size Paper,copy paper,,2,45,58.5,117,90,27,8/28/2026,,,,,,,,
8/26/2026,235,271,Glossy Servicers of Mapledale,65,Sparkling Citrus Cleaner,cleaning supplies,segB,1,20,36.8,36.8,20,16.8,8/27/2026,,,,,,,,
8/26/2026,235,271,Glossy Servicers of Mapledale,72,Gleaming Glass Cleaner,cleaning supplies,segB,37,23,36.8,1361.6,851,510.6,8/27/2026,,,,,,,,
26/08/2026,235,271,  Glossy Servicers of Mapledale ,103,Spotless Colored Paper,copy paper,segA,4,45,58.5,234,180,54,,,,,,,,,
8/26/2026,235,271,Glossy Servicers of Mapledale,106,Sleek Resume Paper,  copy paper ,segA,3,48,70.08,210.24,144,66.24,8/27/2026,,,,,,,,
8/26/2026,235,271,Glossy Servicers of Mapledale,107,Radiant Glossy Photo Paper,copy paper,segA,2,58,78.88,157.76,116,41.76,8/27/2026,,,,,,,,
8/26/2026,235,271,Glossy Servicers of Mapledale,108,Dazzling Cardstock,copy paper,segA,1,21,28.56,28.56,21,7.56,8/27/2026,,,,,,,,
8/26/2026,235,271,Glossy Servicers of Mapledale,116,Immaculate Legal Size Paper,copy paper,segA,5,59,83.78,418.9,295,123.9,8/27/2026,,,,,,,,
8/26/2026,235,271,Glossy Servicers of Mapledale,120,Sparkling Letter Size Paper,copy paper,segA,1,45,58.5,58.5,45,13.5,8/27/2026,,,,,,,,
8/21/2026,330,271,Glossy Servicers of Mapledale,46,Spotless Desk Organizers,office products,segC,1,33,50.16,50.16,33,17.16,,,,,,,,,
8/21/2026,330,271,Glossy Servicers of Mapledale,72,,cleaning supplies,segB,41,23,36.8,1508.8,943,565.8,8/31/2026,,,,,,,,
8/21/2026,330,271,Glossy Servicers of Mapledale,94,Pristine Instant Soups,breakroom supplies,segC,1,7,14.63,14.63,7,7.63,8/31/2026,,,,,,,,
8/21/2026,330,271,Glossy Servicers of Mapledale,99,Glossy Letter Size Paper,copy paper,segA,2,57,77.52,155.04,114,41.04,8/31/2026,,,,,,,,
8/21/2026,330,271,Glossy Servicers of Mapledale,103,Spotless Colored Paper,copy paper,,4,45,,234,180,54,8/31/2026,,,,,,,,
8/21/2026,330,271,Glossy Servicers of Mapledale,106,Sleek Resume Paper,copy paper,segA,2,48,70.08,140.16,,44.16,8/31/2026,,,,,,,,
8/21/2026,330,271,Glossy Servicers of Mapledale,108,Dazzling Cardstock,copy paper,segA,2,21,28.56,57.12,42,15.12,8/31/2026,,,,,,,,
8/21/2026,330,271,Glossy Servicers of Mapledale,120,Sparkling Letter Size Paper,copy paper,segA,1,45,58.5,58.5,45,13.5,8/31/2026,,,,,,,,
8/21/2026,330,271,Glossy Servicers of Mapledale,99,Glossy Letter Size Paper,copy paper,segA,2,57,77.52,155.04,114,41.04,8/31/2026,,,,,,,,
8/21/2026,,271,Glossy Servicers of Mapledale,76,Immaculate Granola Bars,breakroom supplies,segC,1,10,22.4,22.4,10,12.4,8/31/2026,,,,,,,,
9/4/2026,23,273,Immaculate Suppliers of Mapleburg,45,Immaculate Staplers,office products,segD,1,50,85,85,50,35,9/14/2026,,,,,,,,
9/4/2026,23,273,Immaculate Suppliers of Mapleburg,56,Pristine Citrus Cleaner,cleaning supplies,,1,48,89.28,89.28,48,41.28,9/14/2026,,,,,,,,
9/4/2026,23,273,Immaculate Suppliers of Mapleburg,73,Spotless Creamers,breakroom supplies,segA,5,18,36.36,181.8,90,91.8,9/14/2026,,,,,,,,
9/4/2026,23,273,Immaculate Suppliers of Mapleburg,75,Fresh Microwave Popcorn,breakroom supplies,segA,5,18,33.3,166.5,90,76.5,9/14/2026,,,,,,,,
9/4/2026,23,273,Immaculate Suppliers of Mapleburg,76,Immaculate Granola Bars,breakroom supplies,segA,31,10,15,465,310,155,9/14/2026,,,,,,,,
9/4/2026,23,273,Immaculate Suppliers of Mapleburg,83,Spotless Energy Drinks,breakroom supplies,segA,5,26,53.04,265.2,130,135.2,9/14/2026,,,,,,,,
9/4/2026,23,273,Immaculate Suppliers of Mapleburg,93,Gleaming Microwave Popcorn,breakroom supplies,segA,152,20,30,4560,3040,1520,9/14/2026,,,,,,,,
9/4/2026,23,273,Immaculate Suppliers of Mapleburg,101,Radiant Colored Paper,copy paper,segA,14,60,,1327.2,840,487.2,9/14/2026,,,,,,,,
9/4/2026,23,273,Immaculate Suppliers of Mapleburg,104,Gleaming Glossy Photo Paper,copy paper,segA,16,52,69.16,1106.56,832,274.56,9/14/2026,,,,,,,,
9/4/2026,23,273,Immaculate Suppliers of Mapleburg,110,Pristine Cardstock,copy paper,segA,14,42,61.32,858.48,588,270.48,9/14/2026,,,,,,,,
9/4/2026,23,273,Immaculate Suppliers of Mapleburg,118,Sparkling Cardstock,copy paper,seAg,12,37,58.83,705.96,444,261.96,14/09/2026,,,,,,,,
8/18/2026,402,273,Immaculate Suppliers of Mapleburg,74,Pristine Energy Drinks,  breakroom supplies ,segA,3,15,31.2,93.6,45,48.6,8/19/2026,,,,,,,,
8/18/2026,402,273,Immaculate Suppliers of Mapleburg,77,Sleek Disposable Cups,breakroom supplies,segA,5,25,48.75,243.75,125,118.75,8/19/2026,,,,,,,,
8/18/2026,402,273,Immaculate Suppliers of Mapleburg,80,Spotless Instant Soups,breakroom supplies,segA,7,17,35.02,245.14,119,126.14,8/19/2026,,,,,,,,
8/18/2026,402,273,Immaculate Suppliers of Mapleburg,85,Sparkling Microwave Popcorn,breakroom supplies,segA,9,12,25.56,230.04,108,122.04,8/19/2026,,,,,,,,
,402,273,Immaculate Suppliers of Mapleburg,93,Gleaming Microwave Popcorn,breakroom supplies,segA,197,20,30,5910,3940,1970,8/19/2026,,,,,,,,
8/18/2026,402,273,Immaculate Suppliers of Mapleburg,95,Bright Disposable Cups,breakroom supplies,segA,,13,23.79,71.37,39,32.37,8/19/2026,,,,,,,,
8/18/2026,402,273,,98,Radiant Glossy Photo Paper,copy paper,segA,19,23,30.13,572.47,437,135.47,8/19/2026,,,,,,,,
8/18/2026,402,273,Immaculate Suppliers of Mapleburg,104,Gleaming Glossy Photo Paper,copy paper,segA,13,52,69.16,899.08,676,223.08,,,,,,,,,
8/18/2026,402,273,Immaculate Suppliers of Mapleburg,106,Sleek Resume Paper,copy paper,,15,48,67.68,1015.2,720,295.2,8/19/2026,,,,,,,,
8/18/2026,402,273,Immaculate Suppliers of Mapleburg,110,Pristine Cardstock,copy paper,segA,16,42,61.32,981.12,672,309.12,8/19/2026,,,,,,,,
8/18/2026,402,273,Immaculate Suppliers of Mapleburg,115,Polished Glossy Photo Paper,copy paper,segA,15,59,76.7,1150.5,885,265.5,8/19/2026,,,,,,,,
8/11/2026,552,273,Immaculate Suppliers of Mapleburg,43,Fresh File Folders,office products,segD,4,50,79.5,318,200,118,8/12/2026,,,,,,,,
8/11/2026,552,273,Immaculate Suppliers of Mapleburg,77,Sleek Disposable Cups,breakroom supplies,,6,25,48.75,292.5,150,142.5,8/12/2026,,,,,,,,
8/11/2026,552,273,Immaculate Suppliers of Mapleburg,80,  Spotless Instant Soups ,breakroom supplies,sgeA,4,17,35.02,140.08,68,72.08,8/12/2026,,,,,,,,
8/11/2026,552,273,Immaculate Suppliers of Mapleburg,81,Polished Stirrers,breakroom supplies,segA,9,22,46.42,417.78,198,219.78,8/12/2026,,,,,,,,
8/11/2026,552,273,Immaculate Suppliers of Mapleburg,85,Sparkling Microwave Popcorn,breakroom supplies,segA,6,12,25.56,153.36,72,81.36,8/12/2026,,,,,,,,
8/11/2026,552,273,Immaculate Suppliers of Mapleburg,95,Bright Disposable Cups,breakroom supplies,segA,1,13,23.79,23.79,13,10.79,12/8/2026,,,,,,,,
8/11/2026,552,273,Immaculate Suppliers of Mapleburg,98,Radiant Glossy Photo Paper,copy paper,segA,20,23,30.13,602.6,460,142.6,8/12/2026,,,,,,,,
,552,273,Immaculate Suppliers of Mapleburg,104,Gleaming Glossy Photo Paper,copy paper,segA,9,52,69.16,622.44,468,154.44,8/12/2026,,,,,,,,
8/11/2026,552,273,Immaculate Suppliers of Mapleburg,107,Radiant Glossy Photo Paper,copy paper,segA,15,58,85.26,1278.9,870,408.9,8/12/2026,,,,,,,,
8/11/2026,552,273,Immaculate Suppliers of Mapleburg,,Glossy Recycled Paper,copy paper,segA,7,54,78.3,548.1,378,170.1,8/12/2026,,,,,,,,
8/11/2026,552,273,Immaculate Suppliers of Mapleburg,115,Polished Glossy Photo Paper,copy paper,segA,12,59,76.7,920.4,708,212.4,8/12/2026,,,,,,,,
8/11/2026,552,273,Immaculate Suppliers of Mapleburg,120,Sparkling Letter Size Paper,copy paper,segA,27,,71.1,1919.7,1215,704.7,8/12/2026,,,,,,,,
8/14/2026,460,274,Bright Janitors of Cedarport,1,Sleek Party Napkins,paper & tissue,  segA ,2,29,42.34,84.68,58,26.68,8/17/2026,,,,,,,,
14/08/2026,460,274,Bright Janitors of Cedarport,5,Polished Kitchen Towels,paper & tissue,segA,4,35,46.9,187.6,140,47.6,8/17/2026,,,,,,,,
8/14/2026,460,274,Bright Janitors of Cedarport,9,Fresh Kitchen Towels,paper & tissue,segA,2,33,47.19,94.38,66,28.38,8/17/2026,,,,,,,,
8/14/2026,460,274,Bright Janitors of Cedarport,11,Fresh Lunch Napkins,paper & tissue,segA,3,21,31.08,93.24,63,30.24,8/17/2026,,,,,,,,
8/14/2026,460,274,Bright Janitors of Cedarport,12,Immaculate Roll Paper Towels,paper & tissue,  segA ,1,44,58.96,58.96,44,14.96,8/17/2026,,,,,,,,
8/14/2026,460,274,Bright Janitors of Cedarport,17,Glossy Lunch Napkins,paper & tissue,segA,6,31,46.19,277.14,186,91.14,8/17/2026,,,,,,,,
8/14/2026,460,274,Bright Janitors of Cedarport,19,Fresh Party Napkins,paper & tissue,segA,2,45,59.4,118.8,,28.8,8/17/2026,,,,,,,,
8/14/2026,460,274,Bright Janitors of Cedarport,71,Spotless Glass Cleaner,cleaning supplies,segD,1,31,58.28,58.28,31,27.28,8/17/2026,,,,,,,,
8/14/2026,460,274,Bright Janitors of Cedarport,74,Pristine Energy Drinks,breakroom supplies,segA,1,15,28.65,,15,13.65,8/17/2026,,,,,,,,
8/14/2026,460,274,Bright Janitors of Cedarport,75,Fresh Microwave Popcorn,breakroom supplies,segA,2,18,36.72,73.44,36,37.44,8/17/2026,,,,,,,,
8/14/2026,460,274,Bright Janitors of Cedarport,88,Gleaming Coffee Beans,breakroom supplies,segA,1,18,35.82,35.82,18,17.82,8/17/2026,,,,,,,,
9/4/2026,24,275,Spotless Facilities of Mountwood,8,Bright Party Napkins,paper & tissue,segB,2,50,80,160,100,60,9/7/2026,,,,,,,,
9/4/2026,24,275,Spotless Facilities of Mountwood,58,  Spotless Floor Cleaner ,,segC,1,31,60.76,60.76,31,29.76,9/7/2026,,,,,,,,
9/4/2026,24,275,Spotless Facliities of Mountwood,,Pristine Energy Drinks,breakroom supplies,segA,1,15,31.8,31.8,15,16.8,9/7/2026,,,,,,,,
9/4/2026,24,275,Spotless Facilities of Mountwood,78,,breakroom supplies,segA,2,,51.84,103.68,54,49.68,9/7/2026,,,,,,,,
9/4/2026,24,275,Spotless Facilities of Mountwood,86,Dazzling Instant Soups,breakroom supplies,segA,47,16,24,1128,752,376,9/7/2026,,,,,,,,
9/4/2026,24,275,Spotless Facilities of Mountwood,93,Gleaming Microwave Popcorn,breakroom supplies,segA,,20,34,34,20,14,7/9/2026,,,,,,,,
8/10/2026,577,275,Spotless Facilities of Mountwood,5,Polished Kitchen Towels,paper & tissue,segB,1,35,49.7,49.7,35,14.7,,,,,,,,,
8/10/2026,577,275,Spotless Facilities of Mountwood,11,Fresh Lunch Napkins,paper & tissue,segB,1,21,31.5,31.5,21,10.5,8/18/2026,,,,,,,,
8/10/2026,577,275,Spotless Facilities of Mountwood,74,Pristine Energy Drinks,breakroom supplies,segA,1,15,31.8,31.8,15,16.8,8/18/2026,,,,,,,,
,577,275,Spotless Facilities of Mountwood,78,Glossy Creamers,breakroom supplies,segA,2,27,51.84,,54,49.68,8/18/2026,,,,,,,,
8/10/2026,577,275,Spotless Facilities of Mountwood,83,Spotelss Energy Drinks,breakroom supplies,segA,2,26,50.18,100.36,52,48.36,8/18/2026,,,,,,,,
8/10/2026,577,275,Spotless Facilities of Mountwood,84,Sparkling Creamers,breakroom supplies,segA,1,18,31.86,31.86,18,13.86,8/18/2026,,,,,,,,
8/10/2026,577,275,Spotless Facilities of Mountwood,86,Dazzling Instant Soups,breakroom supplies,segA,36,16,24,864,576,288,8/18/2026,,,,,,,,
8/10/2026,577,275,Spotless Facilities of Mountwood,93,Gleaming Microwave Popcorn,breakroom supplies,segA,1,20,34,34,20,14,8/18/2026,,,,,,,,
8/10/2026,577,275,Spotless Facilities of Mountwood,99,Glossy Letter Size Paper,copy paper,segB,1,57,87.78,87.78,57,30.78,8/18/2026,,,,,,,,
8/10/2026,577,275,Spotless Facilities of Mountwood,,Immaculate Legal Size Paper,copy paper,segB,2,,94.4,188.8,118,70.8,8/18/2026,,,,,,,,
9/4/2026,,275,Spotless Facilities of Mountwood,120,Sparkling Letter Size Paper,copy paper,segB,1,45,71.55,71.55,45,26.55,9/7/2026,,,,,,,,
9/3/2026,53,276,Dazzling Wholesalers of Gardenhaven,16,Dazzling Bathroom Tissue,paper & tissue,segC,1,42,65.52,65.52,42,23.52,9/11/2026,,,,,,,,
9/3/2026,53,276,Dazzling Wholesalers of Gardenhaven,20,Gleaming Roll Paper Towels,paper & tissue,segC,1,28,39.48,39.48,28,11.48,9/11/2026,,,,,,,,
9/3/2026,53,276,Dazzling Wholesalers of Gardenhaven,53,Glossy Glass Cleaner,cleaning supplies,segA,2,36,58.32,116.64,72,44.64,9/11/2026,,,,,,,,
9/3/2026,53,276,Dazzling Wholesalers of Gardenhaven,57,Glossy All-Purpose Cleaner,cleaning supplies,segA,1,51,82.62,82.62,51,31.62,,,,,,,,,
9/3/2026,53,276,Dazzling Wholesalers of Gardenhaven,61,Pristine Degreaser,cleaning supplies,segA,3,50,83,249,150,99,11/9/2026,,,,,,,,
9/3/2026,53,276,Dazzling Wholesalers of Gardenhaven,69,Gleaming Degreaser,cleaning supplies,segA,1,27,45.36,45.36,27,18.36,9/11/2026,,,,,,,,
9/3/2026,53,276,Dazzling Wholesalers of Gardenhaven,72,Gleaming Glass Cleaner,cleaning supplies,segA,2,23,42.09,84.18,46,38.18,9/11/2026,,,,,,,,
9/3/2026,53,276,,74,Pristine Energy Drinks,breakroom supplies,segB,1,15,32.55,32.55,15,17.55,9/11/2026,,,,,,,,
9/3/2026,53,276,Dazzling Wholesalers of Gardenhaven,79,,breakroom supplies,segB,25,25,40,1000,625,375,9/11/2026,,,,,,,,
9/3/2026,53,276,Dazzling Wholesalers of Gardenhaven,86,Dazzling Instant Soups,breakroom supplies,segB,45,16,25.6,1152,720,432,9/11/2026,,,,,,,,
9/3/2026,53,276,Dazzling Wholesalers of Gardenhaven,94,,breakroom supplies,segB,1,7,14.28,14.28,7,7.28,,,,,,,,,
8/20/2026,360,276,Dazzling Wholesalers of Gardenhaven,25,Dazzling Binder Clips,office products,segC,1,45,73.35,73.35,45,28.35,9/4/2026,,,,,,,,
8/20/2026,360,276,Dazzling Wholesalers of Gardenhaven,32,Bright Desk Organizers,office products,segC,1,44,61.6,61.6,44,17.6,9/4/2026,,,,,,,,
8/20/2026,360,276,Dazzling Wholesalers of Gardenhaven,53,Glossy Glass Cleaner,cleaning supplies,segA,2,36,58.32,116.64,72,44.64,,,,,,,,,
8/20/2026,360,276,Dazzling Wholesalers of Gardenhaven,60,Polished Degreaser,cleaning supplies,segA,1,26,46.28,,26,20.28,9/4/2026,,,,,,,,
8/20/2026,360,276,Dazzling Wholesalers of Gardenhaven,64,Bright Glass Cleaner,cleaning supplies,segA,2,32,57.28,114.56,64,50.56,9/4/2026,,,,,,,,
8/20/2026,360,276,Dazzling Wholesalers of Gardenhaven,65,Sparkling Citrus Cleaner,cleaning supplies,segA,2,20,37,74,40,,9/4/2026,,,,,,,,
8/20/2026,360,276,Dazzling Wholesalers of Gardenhaven,72,Gleaming Glass Cleaner,cleaning supplies,segA,1,23,42.09,42.09,23,19.09,9/4/2026,,,,,,,,
8/20/2026,360,276,Dazzling Wholesalers of Gardenhaven,74,Pristine Energy Drinks,breakroom supplies,segB,1,15,32.55,32.55,15,17.55,9/4/2026,,,,,,,,
8/17/2026,430,276,Dazzling Wholesalers of Gardenhaven,20,Gleaming Roll Paper Towels,paper & tissue,segC,1,28,39.48,39.48,28,11.48,8/18/2026,,,,,,,,
8/17/2026,430,276,Dazzling Wholesalers of Gardenhaven,25,Dazzling Binder Clips,office products,segC,2,45,73.35,146.7,90,56.7,8/18/2026,,,,,,,,
8/17/2026,430,276,Dazzling Wholesalers of Gardenhaven,59,Spotless All-Purpose Cleaner,cleaning supplies,segA,1,47,79.43,79.43,47,32.43,8/18/2026,,,,,,,,
8/17/2026,430,276,Dazzling Wholesalers of Gardenhaven,63,Polished Glass Cleaner,cleaning supplies,segA,1,42,71.4,71.4,42,29.4,8/18/2026,,,,,,,,
8/17/2026,430,276,Dazzling Wholesalers of Gardenhaven,67,Sleek Citrus Cleaner,cleaning supplies,segA,1,39,62.4,62.4,39,23.4,8/18/2026,,,,,,,,
8/17/2026,430,276,Dazzling Wholesalers of Gardenhaven,73,Spotless Creamers,breakroom supplies,segB,1,18,34.56,34.56,18,16.56,8/18/2026,,,,,,,,
8/17/2026,430,276,Dazzling Wholesalers of Gardenhaven,88,Gleaming Coffee Beans,breakroom supplies,segB,1,18,36.72,36.72,18,18.72,8/18/2026,,,,,,,,
8/17/2026,430,276,Dazzling Wholesalers of Gardenhaven,118,Sparkling Cardstock,copy paper,segB,1,37,56.24,56.24,37,19.24,8/18/2026,,,,,,,,
8/17/2026,430,276,,120,Sparkling Letter Size Paper,copy paper,segB,2,45,68.85,137.7,90,47.7,8/18/2026,,,,,,,,
8/24/2026,297,277,Sleek Suppliers of Valleywood,47,Immaculate Staplers,office products,segC,1,24,35.04,35.04,24,11.04,8/25/2026,,,,,,,,
8/24/2026,297,277,Sleek Suppliers of Valleywood,48,,office products,segC,1,29,40.6,40.6,29,11.6,8/25/2026,,,,,,,,
8/24/2026,297,277,  Sleek Suppliers of Valleywood ,65,Sparkling Citrus Cleaner,cleaning supplies,sgeD,1,,37,37,20,17,8/25/2026,,,,,,,,
24/08/2026,297,277,Sleek Suppliers of Valleywood,79,Immaculate Microwave Popcorn,breakroom supplies,  segC ,1,25,49.75,49.75,25,24.75,8/25/2026,,,,,,,,
8/24/2026,297,277,Sleek Suppliers of Valleywood,115,Polished Glossy Photo Paper,copy paper,segB,1,59,94.99,94.99,59,35.99,8/25/2026,,,,,,,,
8/10/2026,578,277,Sleek Suppliers of Valleywood,34,Radiant Staplers,office products,segC,1,24,,34.08,24,10.08,8/11/2026,,,,,,,,
8/10/2026,578,277,Sleek Suppliers of Valleywood,48,Fresh Desk Organizers,office products,segC,1,29,40.6,40.6,29,11.6,8/11/2026,,,,,,,,
8/10/2026,578,277,Sleek Suppliers of Valleywood,91,Glossy Microwave Popcorn,breakroom supplies,segC,1,29,59.16,59.16,29,30.16,8/11/2026,,,,,,,,
8/10/2026,578,277,Sleek Suppliers of Valleywood,95,Bright Disposable Cups,breakroom supplies,segC,1,13,27.3,27.3,13,14.3,8/11/2026,,,,,,,,
8/10/2026,578,277,  Sleek Suppliers of Valleywood ,98,Radiant Glossy Photo Paper,copy paper,segB,1,23,36.11,36.11,23,13.11,8/11/2026,,,,,,,,
8/10/2026,578,277,  Sleek Suppliers of Valleywood ,98,Radiant Glossy Photo Paper,copy paper,segB,1,23,36.11,36.11,23,13.11,8/11/2026,,,,,,,,
8/27/2026,206,278,Spotless Suppliers of Gardenport,59,Spotless All-Purpose Cleaner,cleaning supplies,segD,1,47,98.23,98.23,47,51.23,28/08/2026,,,,,,,,
8/27/2026,206,278,Spotless Suppliers of Gardenport,73,Spotless Creamers,breakroom supplies,segA,1,18,33.3,33.3,18,15.3,8/28/2026,,,,,,,,
8/27/2026,206,278,Spotless Suppliers of Gardenport,77,,breakroom supplies,segA,1,25,47.5,47.5,25,22.5,28/08/2026,,,,,,,,
,206,278,Spotless Suppliers of Gardenport,,Glossy Creamers,breakroom supplies,segA,21,27,40.5,850.5,567,283.5,8/28/2026,,,,,,,,
8/27/2026,206,278,Spotless Suppliers of Gardenport,82,Pristine Granola Bars,breakroom supplies,segA,1,26,51.22,51.22,26,25.22,8/28/2026,,,,,,,,
8/27/2026,206,278,Spotless Suppliers of Gardenport,84,,breakroom supplies,segA,1,18,35.28,35.28,18,17.28,8/28/2026,,,,,,,,
8/27/2026,206,278,Spotless Suppliers of Gardenport,89,Sparkling Disposable Cups,breakroom supplies,segA,1,21,41.16,41.16,21,20.16,8/28/2026,,,,,,,,
8/27/2026,206,278,Spotless Suppliers of Gardenport,91,Glossy Microwave Popcorn,breakroom supplies,  segA ,1,29,60.61,60.61,29,31.61,8/28/2026,,,,,,,,
,206,278,Spotless Suppliers of Gardenport,108,Dazzling Cardstock,copyp aper,,1,21,32.76,32.76,21,11.76,8/28/2026,,,,,,,,
27/08/2026,206,278,Spotless Suppliers of Gardenport,112,Sparkling Letter Size Paper,copy paper,segC,1,46,68.54,68.54,46,22.54,8/28/2026,,,,,,,,
8/27/2026,206,278,Spotless Suppliers of Gardenport,117,Dazzling Graph Paper,copy paper,segC,1,51,79.05,79.05,51,28.05,28/08/2026,,,,,,,,
8/18/2026,403,278,,73,Spotless Creamers,breakroom supplies,segA,1,18,33.3,33.3,18,15.3,8/19/2026,,,,,,,,
8/18/2026,403,278,Spotless Suppliers of Gardenport,,Immaculate Granola Bars,breakroom supplies,segA,1,10,18.9,18.9,10,8.9,8/19/2026,,,,,,,,
8/18/2026,403,278,Spotless Suppliers of Gardenport,77,Sleek Disposable Cups,breakroom supplies,  segA ,1,25,47.5,47.5,25,22.5,8/19/2026,,,,,,,,
8/18/2026,403,278,Spotless Suppliers of Gardenport,82,Pristine Granola Bars,breakroom supplies,segA,1,26,51.22,51.22,26,25.22,8/19/2026,,,,,,,,
8/18/2026,403,278,Spotless Suppliers of Gardenport,83,Spotless Energy Drinks,,segA,,26,55.12,55.12,26,29.12,8/19/2026,,,,,,,,
8/18/2026,403,278,Spotless Suppliers of Gardenport,84,Sparkling Creamers,breakroom supplies,segA,1,18,35.28,35.28,18,17.28,8/19/2026,,,,,,,,
8/18/2026,403,278,Spotless Suppliers of Gardenport,89,Sparkling Disposable Cups,breakroom supplies,,1,21,41.16,41.16,21,20.16,8/19/2026,,,,,,,,
8/18/2026,403,278,Spotless Suppliers of Gardenport,91,Glossy Microwave Popcorn,breakroom supplies,segA,1,29,60.61,60.61,29,31.61,8/19/2026,,,,,,,,
8/18/2026,403,278,Spotless Suppliers of Gardenport,94,Pristine Instant Soups,breakroom supplies,segA,1,7,14.91,14.91,7,7.91,8/19/2026,,,,,,,,
8/18/2026,403,278,Spotless Suppliers of Gardenport,95,,breakroom supplies,segA,2,13,22.88,45.76,26,19.76,8/19/2026,,,,,,,,
8/18/2026,403,278,Spotless Suppliers of Gardenport,104,Gleaming Glossy Photo Paper,copy paper,segC,1,52,78.52,78.52,52,26.52,8/19/2026,,,,,,,,
8/18/2026,403,278,Spotless Suppliers of Gardenport,116,Immaculate Legal Size Paper,copy paper,segC,1,,84.96,84.96,,25.96,19/08/2026,,,,,,,,
8/14/2026,461,278,Spotless Suppliers of Gardenport,37,  Bright Recycled Paper ,office products,segD,1,24,40.8,40.8,24,16.8,8/17/2026,,,,,,,,
8/14/2026,461,278,Spotless Suppliers of Gardenport,76,Immaculate Granola Bars,breakroom supplies,segA,1,10,18.9,18.9,10,8.9,8/17/2026,,,,,,,,
8/14/2026,461,278,Spotless Suppliers of Gardenport,77,Sleek Disposable Cups,breakroom supplies,segA,1,25,47.5,47.5,25,22.5,8/17/2026,,,,,,,,
8/14/2026,461,278,Spotless Suppliers of Gardenport,78,Glossy Creamers,breakroom supplies,segA,27,27,40.5,1093.5,729,364.5,8/17/2026,,,,,,,,
8/14/2026,461,278,Spotless Suppliers of Gardenport,82,Pristine Granola Bars,breakroom supplies,segA,1,26,51.22,51.22,26,25.22,8/17/2026,,,,,,,,
8/14/2026,461,278,Spotless Suppliers of Gardenport,83,Spotless Energy Drinks,  breakroom supplies ,segA,1,26,55.12,55.12,26,29.12,8/17/2026,,,,,,,,
8/14/2026,461,278,Spotless Suppliers of Gardenport,84,Sparkling Creamers,breakroom supplies,segA,1,18,35.28,35.28,18,17.28,8/17/2026,,,,,,,,
8/14/2026,461,278,Spotless Suplpiers of Gardenport,91,Glossy Microwave Popcorn,breakroom supplies,segA,1,29,60.61,60.61,29,31.61,8/17/2026,,,,,,,,
8/14/2026,461,278,Spotless Suppliers of Gardenport,94,Pristine Instant Soups,breakroom supplies,segA,1,7,14.91,14.91,7,7.91,8/17/2026,,,,,,,,
8/14/2026,461,278,Spotless Suppliers of Gardenport,104,Gleaming Glossy Photo Paper,copy paper,segC,1,52,78.52,78.52,52,26.52,8/17/2026,,,,,,,,
8/14/2026,461,278,Spotless Suppliers of Gardenport,108,Dazzling Cardstock,copy paper,segC,1,21,32.76,32.76,21,11.76,8/17/2026,,,,,,,,
8/14/2026,461,278,Spotless Suppliers of Gardenport,,Glossy Recycled Paper,  copy paper ,  segC ,1,54,81.54,81.54,54,27.54,8/17/2026,,,,,,,,
8/27/2026,207,280,Bright Wholesalers of Mountcrest,3,Sparkling Party Napkins,paper & tissue,segA,1,21,30.24,,21,9.24,8/28/2026,,,,,,,,
8/27/2026,207,280,Bright Wholesalers of Mountcrest,,Polished Kitchen Towels,paper & tissue,segA,,35,51.45,51.45,35,16.45,8/28/2026,,,,,,,,
8/27/2026,207,280,Bright Wholesalers of Mountcrest,6,Pristine Bathroom Tissue,paper & tissue,segA,6,19,24.89,149.34,114,35.34,8/28/2026,,,,,,,,
8/27/2026,207,280,Bright Wholesalers of Mountcrest,13,,paper & tissue,segA,5,45,61.2,306,225,81,8/28/2026,,,,,,,,
8/27/2026,207,280,Bright Wholesalers of Mountcrest,18,Pristine Lunch Napkins,paper & tissue,segA,13,,24,312,260,52,8/28/2026,,,,,,,,
8/27/2026,207,280,Bright Wholesalers of Mountcrest,31,Polished Highlighters,office products,segA,45,17,19.89,895.05,765,130.05,8/28/2026,,,,,,,,
8/27/2026,207,280,Bright Wholesalers of Mountcrest,36,Glossy Staplers,office products,segA,1,50,75.5,75.5,50,25.5,8/28/2026,,,,,,,,
8/27/2026,207,280,Bright Wholesalers of Mountcrest,39,Immaculate Sticky Notes,  office products ,segA,4,34,44.88,179.52,136,43.52,8/28/2026,,,,,,,,
,207,280,Bright Wholesalers of Mountcrest,47,Immaculate Staplers,office products,segA,1,24,36.96,36.96,24,12.96,8/28/2026,,,,,,,,
8/27/2026,207,280,Bright Wholesalers of Mountcrest,67,Sleek Citrus Claener,cleaning supplies,segD,1,39,79.17,79.17,,40.17,8/28/2026,,,,,,,,
8/27/2026,207,280,Bright Wholesalers of Mountcrest,85,Sparkling Microwave Popcorn,breakroom supplies,segD,1,12,25.68,25.68,12,13.68,8/28/2026,,,,,,,,
8/27/2026,207,280,Bright Wholesalers of Mountcrest,86,Dazzling Instant Soups,breakroom supplies,segD,1,16,34.4,34.4,16,18.4,8/28/2026,,,,,,,,
8/27/2026,207,280,Bright Wholesalers of Mountcrest,88,Gleaming Coffee Beans,breakroom supplies,segD,1,18,40.68,40.68,18,22.68,8/28/2026,,,,,,,,
,271,280,Bright Wholesalers of Mountcrest,5,Polished Kitchen Towels,,segA,1,35,51.45,51.45,35,16.45,8/26/2026,,,,,,,,
8/25/2026,271,280,Bright Wholesalers of Mountcrest,,Pristine Bathroom Tissue,paper & tissue,segA,3,19,24.89,74.67,57,17.67,8/26/2026,,,,,,,,
8/25/2026,271,280,Bright Wholesalers of Mountcrest,12,Immaculate Roll Paper Towels,paper & tissue,segA,1,44,65.12,65.12,44,21.12,8/26/2026,,,,,,,,
8/25/2026,271,280,Bright Wholesalers of Mountcrest,16,Dazzling Bathroom Tissue,paper & tissue,segA,2,42,57.96,115.92,84,31.92,8/26/2026,,,,,,,,
8/25/2026,271,280,Bright Wholesalers of Mountcrest,17,Glossy Lunch Napkins,paper & tissue,segA,2,31,40.3,80.6,62,18.6,8/26/2026,,,,,,,,
8/25/2026,271,280,Bright Wholesalers of Mountcrest,39,Immaculate Sticky Notes,office products,segA,3,34,44.88,134.64,102,32.64,8/26/2026,,,,,,,,
8/25/2026,271,280,Bright Wholesalers of Mountcrest,43,Fresh File Folders,office porducts,segA,2,50,76.5,153,100,53,8/26/2026,,,,,,,,
8/25/2026,271,280,Bright Wholesalers of Mountcrest,47,Immaculate Staplers,office products,segA,1,24,36.96,36.96,24,12.96,8/26/2026,,,,,,,,
8/18/2026,404,280,Bright Wholesalers of Mountcrest,3,Sparkling Party Napkins,paper & tissue,segA,2,21,30.24,60.48,42,18.48,8/26/2026,,,,,,,,
8/18/2026,404,280,Bright Wholesalers of Mountcrest,12,Immaculate Roll Paper Towels,paper & tissue,segA,2,44,65.12,130.24,88,42.24,8/26/2026,,,,,,,,
8/18/2026,404,280,Bright Wholesalers of Mountcrest,17,Glossy Lunch Napkins,paper & tissue,segA,4,31,40.3,161.2,124,37.2,8/26/2026,,,,,,,,
8/18/2026,404,280,Bright Wholesalers of Mountcrest,41,Dazzling File Folders,office products,segA,2,46,64.86,129.72,92,37.72,8/26/2026,,,,,,,,
18/08/2026,404,280,Bright Wholesalers of Mountcrest,42,Polished Markers,office products,segA,1,28,38.92,38.92,28,10.92,8/26/2026,,,,,,,,
8/18/2026,404,280,Bright Wholesalers of Mountcrest,47,Immaculate Staplers,office products,  esgA ,1,24,36.96,36.96,24,12.96,8/26/2026,,,,,,,,
8/18/2026,404,280,Bright Wholesalers of Mountcrest,70,Sleek Air Freshener,cleaning supplies,segD,1,33,65.34,65.34,33,32.34,8/26/2026,,,,,,,,
8/18/2026,404,280,Bright Wholesalers of Mountcrest,3,Sparkling Party Napkins,paper & tissue,segA,2,21,30.24,60.48,42,18.48,8/26/2026,,,,,,,,
8/18/2026,,280,Bright Wholesalers of Mountcrest,39,Immaculate Sticky Notes,office products,,6,34,44.88,269.28,204,65.28,8/26/2026,,,,,,,,
8/24/2026,298,281,Sparkling Maintainers of Graniteville,3,Sparkling Party Napkins,paper & tissue,segD,1,21,36.54,36.54,21,15.54,8/25/2026,,,,,,,,
8/24/2026,298,281,Sparkling Maintainers of Graniteville,53,,cleaning supplies,segC,1,36,63,63,36,27,8/25/2026,,,,,,,,
8/17/2026,431,281,Sparkling Maintainers of Graniteville,4,Bright Bathroom Tissue,paper & tissue,segD,1,26,43.68,43.68,26,17.68,8/18/2026,,,,,,,,
8/11/2026,553,281,,52,Spotless Air Freshener,cleaning supplies,segC,1,49,92.12,92.12,49,,8/26/2026,,,,,,,,
8/11/2026,,281,Sparkling Maintainers of Graniteville,53,Glossy Glass Cleaner,cleaning supplies,segC,1,36,63,63,36,,8/26/2026,,,,,,,,
8/20/2026,361,282,Sparkling Sanitizers of Harborridge,14,Spotless Pocket Tissues,paper & tissue,segC,1,20,29,29,20,9,8/28/2026,,,,,,,,
8/20/2026,361,282,Sparkling Sanitizers of Harborridge,28,Immaculate Binder Clips,office products,segB,2,29,44.95,89.9,58,31.9,8/28/2026,,,,,,,,
8/20/2026,361,282,Sparkling Sanitizers of Harborridge,102,Sleek Resume Paper,copy paper,segB,2,26,37.44,74.88,52,22.88,8/28/2026,,,,,,,,
8/20/2026,,282,Sparkling Sanitizers of Harborridge,8,Bright Party Napkins,paper & tissue,segC,1,50,,78,50,28,8/28/2026,,,,,,,,
8/20/2026,,282,Sparkling Sanitizers of Harborridge,119,Immaculate Letter Size Paper,copy paper,  segB ,1,44,67.32,67.32,44,23.32,8/28/2026,,,,,,,,
9/2/2026,74,284,Gleaming Keepers of Gardenburg,50,Bright Glass Cleaner,cleaning supplies,esgC,1,23,39.79,39.79,23,16.79,9/10/2026,,,,,,,,
9/2/2026,74,284,Gleaming Keepers of Gardenburg,72,,cleaning supplies,,1,23,42.32,42.32,23,19.32,9/10/2026,,,,,,,,
9/2/2026,74,284,Gleaming Keepers of Gardenburg,76,Immaculate Granola Bars,breakroom supplies,seAg,1,10,21.3,21.3,10,11.3,9/10/2026,,,,,,,,
9/2/2026,74,284,Gleaming Keepers of Gardenburg,,Glossy Creamers,breakroom supplies,segA,1,,57.51,57.51,27,,9/10/2026,,,,,,,,
9/2/2026,74,284,Gleaming Keepers of Gardenburg,81,Polished Stirrers,breakroom supplies,segA,1,22,44.44,44.44,22,22.44,10/9/2026,,,,,,,,
9/2/2026,74,284,Gleaming Keepers of Gardenburg,88,Gleaming Coffee Beans,breakroom supplies,segA,1,18,32.94,32.94,18,14.94,9/10/2026,,,,,,,,
9/2/2026,74,284,Gleaming Keepers of Gardenburg,94,Pristine Instant Soups,breakroom supplies,segA,1,7,12.46,12.46,7,5.46,9/10/2026,,,,,,,,
9/2/2026,74,284,Gleaming Keepers of Gardenburg,105,Pristine Graph Paper,copy paper,segD,,52,88.4,88.4,52,36.4,9/10/2026,,,,,,,,
8/26/2026,236,284,Gleaming Keepers of Gardenburg,72,Gleaming Glass Cleaner,cleaning supplies,segC,1,23,42.32,42.32,23,19.32,,,,,,,,,
8/26/2026,236,284,Gleaming Keepers of Gardenburg,76,Immaculate Granola Bars,breakroom supplies,segA,2,10,21.3,42.6,20,22.6,8/27/2026,,,,,,,,
8/26/2026,236,284,Gleaming Keepers of Gardenburg,79,Immaculate Microwave Popcorn,breakroom supplies,segA,1,25,43.25,43.25,25,18.25,8/27/2026,,,,,,,,
8/26/2026,236,284,Gleaming Keepers of Gardenburg,85,Sparkling Microwave Popcorn,breakroom supplies,segA,14,12,18,252,168,84,8/27/2026,,,,,,,,
8/26/2026,236,284,Gleaming Keeperso f Gardenburg,94,Pristine Instant Soups,breakroom supplies,segA,1,7,12.46,12.46,7,5.46,8/27/2026,,,,,,,,
8/18/2026,405,284,Gleaming Keepers of Gardenburg,37,Bright Recycled Paper,office products,segB,1,24,34.56,34.56,24,10.56,9/2/2026,,,,,,,,
18/08/2026,405,284,Gleaming Keepers of Gardenburg,44,Gleaming Recycled Paper,office products,segB,1,34,55.76,55.76,34,21.76,9/2/2026,,,,,,,,
8/18/2026,405,284,Gleaming Keepers of Gardenburg,46,Spotless Desk Organizers,office products,segB,1,33,48.84,48.84,33,15.84,9/2/2026,,,,,,,,
8/18/2026,405,284,,76,Immaculate Granola Bars,breakroom supplies,segA,1,10,21.3,21.3,10,11.3,9/2/2026,,,,,,,,
8/18/2026,405,284,Gleaming Keepers of Gardenburg,79,Immaculate Microwave Popcorn,,segA,2,25,43.25,86.5,50,36.5,9/2/2026,,,,,,,,
8/18/2026,405,284,Gleaming Keepers of Gardenburg,80,Spotless Instant Soups,breakroom supplies,segA,1,17,32.13,32.13,17,15.13,9/2/2026,,,,,,,,
8/18/2026,405,284,Gleaming Keepers of Gardenburg,94,Pristine Instant Soups,breakroom supplies,segA,1,7,12.46,12.46,7,5.46,9/2/2026,,,,,,,,
8/18/2026,405,284,Gleaming Keepers of Gardenburg,95,Bright Disposable Cups,breakroom supplies,segA,1,13,23.01,23.01,13,10.01,9/2/2026,,,,,,,,
9/2/2026,,284,Gleaming Keepers of Gardenburg,79,Immaculate Microwave Popcorn,breakroom supplies,segA,2,,43.25,86.5,50,36.5,9/10/2026,,,,,,,,
8/28/2026,171,286,Gleaming Keepers of Mapleport,14,Spotless Pocket Tissues,paper & tissue,segB,8,20,28,224,,64,8/31/2026,,,,,,,,
8/28/2026,171,286,Gleaming Keepers of Mapleport,37,Bright Recycled Paper,office products,segB,2,24,36.24,72.48,48,24.48,8/31/2026,,,,,,,,
8/28/2026,171,286,Gleaming Keepers of Mapleport,97,Sparkling Legal Size Paper,copy paper,segA,23,39,61.23,1408.29,897,511.29,8/31/2026,,,,,,,,
8/28/2026,171,286,Gleaming Keepers of Mapleport,101,Radiant Cloored Paper,copy paper,segA,20,60,90,,1200,600,8/31/2026,,,,,,,,
8/28/2026,171,286,Gleaming Keepers of Mapleport,104,Gleaming Glossy Photo Paper,copy paper,segA,27,52,80.6,2176.2,1404,772.2,8/31/2026,,,,,,,,
8/28/2026,171,286,Gleaming Keepers of Mapleport,107,Radiant Glossy Photo Paper,copy paper,,15,58,84.1,1261.5,870,391.5,8/31/2026,,,,,,,,
8/28/2026,171,286,Gleaming Keepers of Mapleport,109,Immaculate Resume Paper,copy paper,segA,13,31,48.36,628.68,403,225.68,8/31/2026,,,,,,,,
8/28/2026,171,286,,117,Dazzling Graph Paper,copy paper,segA,13,51,70.38,914.94,663,,8/31/2026,,,,,,,,
18/08/2026,406,286,Gleaming Keepers of Mapleport,24,Sparkling Pocket Tissues,paper & tissue,,4,18,28.08,112.32,72,40.32,8/19/2026,,,,,,,,
8/18/2026,406,286,Gleaming Keepers of Mapleport,27,Sparkling Sticky Notes,office products,segB,44,43,52.03,2289.32,1892,397.32,8/19/2026,,,,,,,,
8/18/2026,406,286,Gleaming Keepers of Mapleport,45,Immaculate Staplers,office rpoducts,segB,2,50,81.5,163,100,63,8/19/2026,,,,,,,,
8/18/2026,406,286,Gleaming Keepers of Mapleport,72,Gleaming Glass Cleaner,cleaning supplies,segD,1,23,43.01,43.01,23,20.01,8/19/2026,,,,,,,,
8/18/2026,406,286,Gleaming Keepers of Mapleport,104,Gleaming Glossy Photo Paper,copy paper,segA,30,52,80.6,2418,,858,8/19/2026,,,,,,,,
8/18/2026,406,286,,107,Radiant Glossy Photo Paper,copy paper,segA,13,58,84.1,1093.3,754,339.3,8/19/2026,,,,,,,,
8/18/2026,406,286,Gleaming Keepers of Mapleport,108,Dazzling Cardstock,copy paper,segA,4,21,33.18,132.72,84,48.72,8/19/2026,,,,,,,,
8/18/2026,406,286,Gleaming Keepers of Mapleport,109,Immaculate Resume Paper,copy paper,segA,18,31,48.36,,558,312.48,8/19/2026,,,,,,,,
8/18/2026,406,286,Gleaming Keepers of Mapleport,114,Glossy Recycled Paper,copy paper,segA,20,32,45.76,915.2,640,275.2,8/19/2026,,,,,,,,
8/18/2026,406,286,Gleaming Keepers of Mapleport,117,Dazzling Graph Paper,copy paper,segA,21,51,70.38,1477.98,1071,406.98,19/08/2026,,,,,,,,
8/28/2026,172,287,Gleaming Facilities of Gardencrest,1,Sleek Party Napkins,paper & tissue,segC,1,29,40.89,40.89,29,11.89,9/14/2026,,,,,,,,
8/28/2026,172,287,Gleaming Facilities of Gardencrest,3,Sparkling Party Napkins,paper & tissue,segC,1,21,,31.5,21,10.5,9/14/2026,,,,,,,,
8/28/2026,172,287,Gleaming Facilities of Gardencrest,32,Bright Desk Organizers,office products,segB,1,44,72.6,72.6,44,28.6,9/14/2026,,,,,,,,
8/28/2026,172,287,Gleaming Facilities of Gardencrest,77,Sleek Disposable Cups,  breakroom supplies ,segB,1,25,45.75,45.75,25,20.75,,,,,,,,,
8/28/2026,172,287,Gleaming Facilities of Gardencrest,93,Gleaming Microwave Popcorn,breakroom supplies,segB,1,20,38.4,38.4,20,18.4,9/14/2026,,,,,,,,
8/28/2026,172,287,Gleaming Facilities of Gardencrest,95,  Bright Disposable Cups ,breakroom supplies,segB,1,13,23.4,23.4,13,10.4,9/14/2026,,,,,,,,
8/28/2026,172,287,Gleaming Facilities of Gardencrest,117,Dazzling Graph Paper,copy paper,segB,1,51,77.01,77.01,51,26.01,9/14/2026,,,,,,,,
8/28/2026,172,287,Gleaming Facilities of Gardencrest,118,Sparkling Cardstock,copy paper,segB,1,37,59.2,59.2,37,22.2,9/14/2026,,,,,,,,
8/28/2026,172,287,Gleaming Facilities of Gardencrest,,Immaculate Letter Size Paper,copy paper,segB,1,44,61.6,61.6,44,17.6,9/14/2026,,,,,,,,
8/24/2026,299,287,Gleaming Facilities of Gardencrest,28,Immaculate Binder Clips,office products,segB,1,29,44.37,44.37,29,15.37,8/25/2026,,,,,,,,
8/24/2026,299,287,,89,Sparkling Disposable Cups,breakroom supplies,segB,1,21,44.73,,21,23.73,8/25/2026,,,,,,,,
24/08/2026,299,287,Gleaming Facilities of Gardencrest,93,Gleaming Microwave Popcorn,breakroom supplies,segB,1,20,38.4,38.4,20,18.4,8/25/2026,,,,,,,,
8/24/2026,299,287,Gleaming Facilities of Gardencrest,104,Gleaming Glossy Photo Paper,copy paper,segB,1,52,83.72,83.72,52,31.72,8/25/2026,,,,,,,,
8/24/2026,299,287,Gleaming Facilities of Gardencrest,105,Pristine Graph Paper,copy paper,segB,1,52,84.76,84.76,52,32.76,8/25/2026,,,,,,,,
8/24/2026,299,287,Gleaming Facilities of Gardencrest,119,Immaculate Letter Size Paper,copy paper,segB,1,44,61.6,61.6,44,17.6,8/25/2026,,,,,,,,
8/10/2026,579,288,Spotless Keepers of Mapleburg,57,Glossy All-Purpose Cleaner,cleaning supplies,segB,1,51,96.9,96.9,51,45.9,8/11/2026,,,,,,,,
8/10/2026,579,288,Spotless Keepers of Mapleburg,75,Fresh Microwave Popcorn,breakroom supplies,segC,1,18,39.6,39.6,18,21.6,8/11/2026,,,,,,,,
8/10/2026,579,288,Spotless Keepers of Mapleburg,87,Glossy Tea Selection,breakroom supplies,segC,1,11,21.78,21.78,11,10.78,8/11/2026,,,,,,,,
8/10/2026,579,288,Spotless Keepers of Mapleburg,106,Sleek Resume Paper,copy paper,segD,1,48,75.36,75.36,48,27.36,8/11/2026,,,,,,,,
9/2/2026,75,289,Spotless Cusotdians of Forestfield,4,Bright Bathroom Tissue,,segB,3,26,36.4,109.2,78,31.2,9/3/2026,,,,,,,,
9/2/2026,75,289,Spotless Custodians of Forestfield,10,Pristine 2-Ply Toilet Paper,paper & tissue,segB,10,26,41.34,413.4,260,153.4,9/3/2026,,,,,,,,
2/9/2026,75,289,Spotless Custodians of Forestfield,16,Dazzling Bathroom Tissue,paper & tissue,segB,8,42,60.9,487.2,336,151.2,9/3/2026,,,,,,,,
9/2/2026,75,289,Spotless Custodians of Forestfield,25,Dazzling Binder Clips,office products,segA,20,45,59.85,1197,900,297,9/3/2026,,,,,,,,
9/2/2026,75,289,Spotless Custodians of Forestfield,27,Sparkling Sticky Notes,office products,segA,5,43,60.2,301,215,86,9/3/2026,,,,,,,,
9/2/2026,75,289,Spotless Custodians of Forestfield,32,Bright Desk Organizers,office products,segA,147,44,55,8085,6468,1617,9/3/2026,,,,,,,,
9/2/2026,75,289,Spotless Custodians of Forestfield,41,Dazzling File Folders,office products,segA,12,46,63.02,756.24,552,204.24,9/3/2026,,,,,,,,
9/2/2026,75,289,Spotless Custodians of Forestfield,42,,office products,segA,14,28,39.48,552.72,392,160.72,9/3/2026,,,,,,,,
9/2/2026,75,289,Spotless Custodians of Forestfield,,Fresh File Folders,office products,segA,32,50,65,2080,1600,,9/3/2026,,,,,,,,
,75,289,Spotless Custodians of Forestfield,44,Gleaming Recycled Paper,,segA,18,34,48.28,869.04,612,257.04,9/3/2026,,,,,,,,
9/2/2026,75,289,Spotless Custodians of Forestfield,48,Fresh Desk Organizers,office products,segA,12,29,40.02,480.24,348,132.24,9/3/2026,,,,,,,,
9/2/2026,75,289,Spotless Custodians of Forestfield,67,Sleek Citrus Cleaner,cleaning supplies,segA,8,39,68.25,546,,234,9/3/2026,,,,,,,,
9/2/2026,75,289,Spotless Custodians of Forestfield,71,Spotless Glass Cleaner,cleaning supplies,segA,3,31,56.42,169.26,93,76.26,9/3/2026,,,,,,,,
9/2/2026,75,289,Spotless Custodians of Forestfield,73,Spotless Creamers,breakroom supplies,segA,4,18,35.1,140.4,72,68.4,9/3/2026,,,,,,,,
9/2/2026,75,289,Spotless Custodians of Forestfield,74,Pristine Energy Drinks,breakroom supplies,segA,7,15,30.3,212.1,105,107.1,9/3/2026,,,,,,,,
9/2/2026,75,289,Spotless Custodians of Forestfield,79,Immaculate Microawve Popcorn,breakroom supplies,segA,4,25,45,180,100,80,9/3/2026,,,,,,,,
9/2/2026,75,289,Spotless Custodians of Forestfield,90,Dazzling Instant Soups,breakroom supplies,segA,8,24,51.12,408.96,192,216.96,9/3/2026,,,,,,,,
9/2/2026,75,289,Spotless Custodians of Forestfield,91,Glossy Microwave Popcorn,breakroom supplies,segA,5,29,54.23,271.15,145,126.15,9/3/2026,,,,,,,,
9/2/2026,75,289,Spotless Custodians of Forestfield,96,Dazzling Disposable Cups,breakroom supplies,segA,6,19,39.9,239.4,114,125.4,9/3/2026,,,,,,,,
9/2/2026,75,289,Spotless Custodians of Forestfield,109,Immaculate Resume Paper,copy paper,segC,4,31,48.67,194.68,124,70.68,9/3/2026,,,,,,,,
9/2/2026,75,289,Spotless Custodians of Forestfield,113,Polished Recycled Paper,copy paper,esgC,4,36,54.72,218.88,144,74.88,9/3/2026,,,,,,,,
9/2/2026,75,289,,116,Immaculate Legal Size Paper,copy paper,segC,2,59,97.94,195.88,118,77.88,9/3/2026,,,,,,,,
8/31/2026,132,289,Spotless Custodians of Forestfield,,Polished Kitchen Towels,paper & tissue,segB,3,35,50.4,151.2,105,46.2,9/1/2026,,,,,,,,
8/31/2026,132,289,Spotless Custodians of Forestfield,10,Pristine 2-Ply Toilet Paper,paper & tissue,segB,8,26,41.34,330.72,208,122.72,9/1/2026,,,,,,,,
31/08/2026,132,289,Spotless Custodians of Forestfield,27,Sparkling Sticky Notes,office products,segA,5,43,60.2,301,215,86,9/1/2026,,,,,,,,
8/31/2026,132,289,Spotless Custodians of Forestfield,29,Dazzling Paper Clips,office products,segA,15,37,56.24,843.6,555,288.6,1/9/2026,,,,,,,,
8/31/2026,132,289,Spotless Custodians of Forestfield,32,Bright Desk Organizers,office products,segA,161,44,55,8855,7084,1771,9/1/2026,,,,,,,,
8/31/2026,132,289,Spotless Custodians of Forestfield,40,Immaculate Markers,office products,segA,15,,54.4,816,510,306,9/1/2026,,,,,,,,
8/31/2026,132,289,Spotless Custodians of Forestfield,43,Fresh File Folders,office products,segA,43,,65,2795,2150,645,9/1/2026,,,,,,,,
8/31/2026,132,289,Spotless Custodians of Forestfield,48,Fresh Desk Organizers,office products,segA,8,,40.02,320.16,232,88.16,9/1/2026,,,,,,,,
8/31/2026,132,289,Spotless Custodians of Forestfiled,52,Spotless Air Freshener,cleaning uspplies,segA,10,49,80.36,803.6,490,313.6,9/1/2026,,,,,,,,
8/31/2026,132,289,Spotless Custodians of Forestfield,65,Sparkling Citrus Cleaner,cleaning supplies,segA,3,20,37.8,113.4,60,53.4,9/1/2026,,,,,,,,
31/08/2026,132,289,Spotless Custodians of Forestfield,79,Immaculate Microwave Popcorn,breakroom supplies,segA,4,25,45,180,,80,9/1/2026,,,,,,,,
,132,289,Spotless Custodians of Forestfield,81,Polished Stirrers,breakroom supplies,segA,5,22,42.24,211.2,110,101.2,9/1/2026,,,,,,,,
8/31/2026,132,289,Spotless Custodians of Forestfield,82,Pristine Granola Bars,,segA,5,26,53.82,269.1,130,139.1,9/1/2026,,,,,,,,
8/31/2026,132,289,Spotless Custodians of Forestfield,90,Dazzling Instant Soups,breakroom supplies,segA,5,24,51.12,255.6,120,,9/1/2026,,,,,,,,
8/31/2026,132,289,Spotless Custodians of Forestfield,91,Glossy Microwave Popcorn,breakroom supplies,segA,4,29,54.23,216.92,116,100.92,9/1/2026,,,,,,,,
8/31/2026,132,289,  Spotless Custodians of Forestfield ,92,Glossy Instant Soups,breakroom supplies,segA,6,24,47.04,282.24,144,138.24,9/1/2026,,,,,,,,
8/31/2026,132,289,Spotless Custodians of Forestfield,105,Pristine Graph Paper,  copy paper ,segC,1,52,79.04,79.04,52,27.04,9/1/2026,,,,,,,,
8/31/2026,132,289,Spotless Custodians of Forestfield,113,Polished Recycled Paper,copy paper,segC,2,36,54.72,109.44,,37.44,9/1/2026,,,,,,,,
8/18/2026,407,289,Spotless Custodians of Forestfield,5,Polished Kitchen Towels,paper & tissue,segB,4,35,50.4,201.6,,61.6,8/19/2026,,,,,,,,
8/18/2026,407,289,Spotless Custodians of Forestfield,31,Polished iHghlighters,office products,segA,18,17,24.99,449.82,306,143.82,8/19/2026,,,,,,,,
,407,289,Spotless Custodians of Forestfield,34,Radiant Staplers,office products,segA,6,24,37.68,226.08,144,82.08,8/19/2026,,,,,,,,
8/18/2026,407,289,Spotless Custodians of Forestfield,40,Immaculate Markers,office products,segA,8,34,54.4,435.2,272,163.2,19/08/2026,,,,,,,,
8/18/2026,407,289,Spotless Custodians of Forestfield,42,  Polished Markers ,office products,segA,17,28,39.48,671.16,476,195.16,8/19/2026,,,,,,,,
8/18/2026,407,289,Spotless Custodians of Forestfield,45,,office products,segA,3,50,75,225,150,75,8/19/2026,,,,,,,,
8/18/2026,407,289,Spotless Custodians of Forestfield,48,Fresh Desk Organizers,office products,segA,6,29,40.02,240.12,174,66.12,8/19/2026,,,,,,,,
8/18/2026,407,289,Spotless Custodians of Forestfield,52,Spotless Air Freshener,cleaning supplies,seAg,14,49,80.36,1125.04,686,439.04,8/19/2026,,,,,,,,
8/18/2026,407,289,Spotless Custodians of Forestfield,58,Spotless Floor Cleaner,cleaning supplies,segA,13,31,58.9,765.7,403,362.7,8/19/2026,,,,,,,,
,407,289,Spotless Custodians of Forestfield,72,,cleaning supplies,segA,3,23,39.56,118.68,69,49.68,8/19/2026,,,,,,,,
8/18/2026,407,289,Spotless Custodians of Forestfield,79,Immaculate Microwave Popcorn,breakroom supplies,  seAg ,5,25,45,225,125,100,8/19/2026,,,,,,,,
8/18/2026,407,289,Spotless Custodians of Forestfield,81,,breakroom supplies,segA,8,22,42.24,337.92,176,161.92,8/19/2026,,,,,,,,
8/18/2026,407,289,Spotless Custodians of Forestfield,82,Pristine Granola Bars,breakroom supplies,segA,6,26,,322.92,156,166.92,8/19/2026,,,,,,,,
8/18/2026,407,289,Spotless Custodians of Forestfield,83,Spotless Energy Drinks,breakroom supplies,segA,5,26,44.98,224.9,130,94.9,8/19/2026,,,,,,,,
8/18/2026,407,289,Spotless Custodians of Forestfield,84,Sparkling Creamers,breakroom supplies,segA,6,18,33.66,201.96,108,93.96,8/19/2026,,,,,,,,
8/18/2026,407,289,Spotless Custodians of Forestfield,85,Sparkling Microwave Popcorn,breakroom supplies,segA,48,12,18,864,576,288,8/19/2026,,,,,,,,
8/18/2026,407,289,Spotless Custodians of Forestfield,90,Dazzling Instant Soups,breakroom supplies,segA,6,24,51.12,306.72,144,162.72,8/19/2026,,,,,,,,
18/08/2026,407,289,  Spotless Custodians of Forestfield ,91,Glossy Microwave Popcorn,breakroom supplies,segA,4,29,54.23,216.92,116,100.92,8/19/2026,,,,,,,,
8/18/2026,407,289,Spotless Custodians of Forestfield,96,Dazzling Disposable Cups,breakroom supplies,segA,6,19,39.9,239.4,114,125.4,8/19/2026,,,,,,,,
8/17/2026,432,289,Spotless Custodians of Forestfield,25,Dazzling Binder Clips,office products,segA,,45,59.85,718.2,540,178.2,9/1/2026,,,,,,,,
8/17/2026,432,289,,27,Sparkling Sticky Notes,office products,segA,8,43,60.2,481.6,344,137.6,1/9/2026,,,,,,,,
8/17/2026,432,289,Spotless Custodians of Forestfield,29,  Dazzling Paper Clips ,office products,segA,14,37,56.24,,518,269.36,9/1/2026,,,,,,,,
8/17/2026,432,289,Spotless Custodians of Forestfield,41,Dazzling File Folders,office products,segA,15,46,63.02,945.3,690,255.3,9/1/2026,,,,,,,,
8/17/2026,432,289,Spotless Custodians of Forestfield,44,Gleaming Recycled Paper,office products,segA,9,34,48.28,434.52,306,128.52,9/1/2026,,,,,,,,
8/17/2026,432,289,Spotless Custodians of Forestfield,48,Fresh Desk Organizers,office products,segA,12,29,40.02,480.24,,132.24,9/1/2026,,,,,,,,
8/17/2026,432,289,Spotless Custodians of Forestfield,55,Spotless Floor Cleaner,cleaning supplise,segA,9,29,51.62,464.58,261,203.58,9/1/2026,,,,,,,,
8/17/2026,432,289,Spotless Custodians of Forestfield,58,Spotless Floor Cleaner,cleaning supplies,segA,13,31,58.9,765.7,403,362.7,9/1/2026,,,,,,,,
8/17/2026,432,289,Spotless Custodians of Forestfield,64,Bright Glass Cleaner,cleaning supplies,,2,32,59.84,119.68,64,55.68,9/1/2026,,,,,,,,
17/08/2026,432,289,Spotless Custodians of Forestfield,67,Sleek Citrus Cleaner,cleaning supplies,segA,8,39,68.25,546,312,234,9/1/2026,,,,,,,,
8/17/2026,432,289,Spotless Custodians of Forestfield,71,Spotless Glass Cleaner,cleaning supplies,segA,6,31,56.42,338.52,186,,9/1/2026,,,,,,,,
8/17/2026,432,289,Spotless Custodians of Forestfield,,Gleaming Glass Cleaner,cleaning supplies,segA,3,23,39.56,118.68,69,49.68,9/1/2026,,,,,,,,
8/17/2026,432,289,Spotless Custodians of Forestfield,73,Spotless Creamers,breakroom supplies,segA,5,18,35.1,175.5,90,85.5,9/1/2026,,,,,,,,
8/17/2026,432,289,Spotless Custodians of Forestfield,74,Pristine Energy Drinks,breakroom supplies,segA,4,15,30.3,121.2,60,61.2,9/1/2026,,,,,,,,
8/17/2026,432,289,Spotless Custodians of Forestfield,79,Immaculate Microwave Popcorn,breakroom supplies,segA,6,25,45,270,150,120,9/1/2026,,,,,,,,
8/17/2026,432,289,Spotless Custodians of Forestfield,81,Polished Stirrers,breakroom supplies,segA,9,22,42.24,380.16,198,182.16,9/1/2026,,,,,,,,
8/17/2026,432,289,Spotless Custodians of Foerstfield,,Pristine Granola Bars,breakroom supplies,segA,5,26,53.82,269.1,130,139.1,9/1/2026,,,,,,,,
8/17/2026,432,289,Spotless Custodians of Forestfield,85,Sparkling Microwave Popcorn,breakroom supplies,segA,34,12,18,612,408,204,9/1/2026,,,,,,,,
8/17/2026,432,289,Spotless Custodians of Forestfield,91,Glossy Microwave Popcorn,breakroom suplpies,segA,4,29,54.23,216.92,116,100.92,9/1/2026,,,,,,,,
8/17/2026,432,289,Soptless Custodians of Forestfield,96,Dazzling Disposable Cups,breakroom supplies,segA,5,19,39.9,199.5,,104.5,9/1/2026,,,,,,,,
9/2/2026,,289,Spotless Custodians of Forestfield,82,Pristine Granola Bars,breakroom supplies,segA,4,26,53.82,215.28,104,111.28,9/3/2026,,,,,,,,
8/17/2026,,289,Spotless Custodians of Forestfield,52,Spotless Air Freshener,cleaning supplies,,8,49,80.36,642.88,392,250.88,9/1/2026,,,,,,,,
8/26/2026,237,291,Spotless Suppliers of Canyonville,2,Glossy Party Napkins,paper & tissue,segB,1,29,42.34,42.34,29,13.34,8/27/2026,,,,,,,,
,237,291,Spotless Suppliers of Canyonville,10,Pristine 2-Ply Toilet Paper,paper & tissue,segB,1,26,39.52,39.52,26,13.52,8/27/2026,,,,,,,,
8/26/2026,237,291,Spotless Suppliers of Canyonville,11,Fresh Lunch Napkins,paper & tissue,segB,,21,31.71,31.71,21,10.71,8/27/2026,,,,,,,,
26/08/2026,237,291,Spotless Suppliers of Canyonville,21,Glossy Facial Tissues,paper & tissue,segB,1,47,74.73,74.73,47,27.73,8/27/2026,,,,,,,,
8/26/2026,237,291,Spotless Suppliers of Canyonville,28,Immaculate Binder Clips,office products,segA,20,29,31.9,638,580,58,8/27/2026,,,,,,,,
8/26/2026,237,291,Spotless Suppliers of Canyonville,32,Bright Desk Organizers,office products,segA,,44,66.44,132.88,88,44.88,8/27/2026,,,,,,,,
8/26/2026,237,291,Spotless Suppliers of Canyonville,33,Dazzling File Folders,office products,segA,2,26,36.14,72.28,52,20.28,8/27/2026,,,,,,,,
8/26/2026,237,291,Spotless Suppliers of Canyonville,40,Immaculate Markers,office products,  segA ,2,34,53.04,106.08,68,38.08,8/27/2026,,,,,,,,
,237,291,Spotless Suppliers of Canyonville,57,Glossy All-Purpose Cleaner,cleaning supplies,segA,1,51,,88.23,51,37.23,8/27/2026,,,,,,,,
8/26/2026,237,291,Spotless Suppliers of Canyonville,64,Bright Glass Cleaner,cleaning supplies,segA,1,32,59.84,59.84,32,27.84,8/27/2026,,,,,,,,
8/26/2026,237,291,Spotless Suppliers of Canyonville,67,Sleek Citrus Cleaner,cleaning supplies,segA,1,39,,65.52,39,26.52,8/27/2026,,,,,,,,
8/26/2026,237,291,Spotless Suppliers of Canyonville,73,Spotless Creamers,breakroom supplies,segA,1,18,36.54,36.54,18,18.54,8/27/2026,,,,,,,,
8/26/2026,237,291,Spotless Suppliers of Canyonville,76,Immaculate Granola Bars,breakroom supplies,segA,2,10,18,36,20,16,8/27/2026,,,,,,,,
8/26/2026,237,291,Spotless Suppliers of Canyonville,,Glossy Creamers,breakroom supplies,segA,2,,46.71,93.42,54,39.42,8/27/2026,,,,,,,,
,237,291,Spotless Suppliers of Canyonville,88,Gleaming Coffee Beans,breakroom supplise,segA,1,18,38.52,38.52,18,20.52,8/27/2026,,,,,,,,
8/21/2026,331,291,Spotless Suppliers of Canyonville,15,Sparkling 2-Ply Toilet Paper,paper & tissue,segB,1,43,63.21,63.21,43,20.21,8/24/2026,,,,,,,,
8/21/2026,331,291,Spotless Suppliers of Canyonville,21,Glossy Facial Tissues,paper & tissue,segB,1,47,74.73,74.73,47,27.73,8/24/2026,,,,,,,,
8/21/2026,331,291,Spotless Suppliers of Canyonville,24,Sparkling Pocket Tissues,paper & tissue,segB,1,18,27.18,27.18,18,9.18,8/24/2026,,,,,,,,
8/21/2026,331,291,Spotless Suppliers of Canyonville,37,Bright Recycled Paper,office products,segA,1,24,36.48,36.48,24,12.48,8/24/2026,,,,,,,,
8/21/2026,331,291,Spotless Suppliers of Canyonville,45,Immaculate Staplers,office products,segA,2,50,66.5,133,100,33,8/24/2026,,,,,,,,
8/21/2026,331,291,Spotless Suppliers of Canyonville,54,Dazzling Floor Cleaner,cleaning supplies,segA,1,45,80.1,80.1,45,35.1,8/24/2026,,,,,,,,
8/21/2026,331,291,Spotless Suppliers of Canyonville,56,Pristine Citrus Cleaner,cleaning supplies,segA,1,48,79.68,79.68,48,31.68,8/24/2026,,,,,,,,
8/21/2026,331,291,Spotless Suppliers of Canyonville,57,Glossy All-Purpose Cleaner,cleaning supplies,segA,1,51,88.23,88.23,51,37.23,8/24/2026,,,,,,,,
8/21/2026,331,291,Spotless Suppliers of Canyonville,64,Bright Glass Cleaner,cleaning supplies,segA,1,32,59.84,59.84,32,27.84,8/24/2026,,,,,,,,
8/21/2026,331,291,Spotless Suppliers of Canyonville,73,  Spotless Creamers ,breakroom supplies,segA,1,18,36.54,36.54,18,18.54,8/24/2026,,,,,,,,
8/21/2026,331,291,Spotless Suppliers of Canyonville,85,Sparkling Microwave Popcorn,breakroom supplies,segA,1,12,23.76,23.76,12,11.76,8/24/2026,,,,,,,,
8/21/2026,331,291,Spotless Suppliers of Canyonville,88,Gleaming Coffee Beans,breakroom supplies,segA,1,18,38.52,38.52,18,20.52,8/24/2026,,,,,,,,
8/21/2026,331,291,Spotless Suppliers of Canyonville,91,Glossy Microwave Popcorn,breakroom supplies,segA,2,29,49.88,99.76,58,41.76,8/24/2026,,,,,,,,
8/21/2026,331,291,Spotless Suppliers of Canyonville,96,Dazzling Disposable Cups,breakroom supplies,segA,1,19,37.62,37.62,19,18.62,8/24/2026,,,,,,,,
8/21/2026,331,291,Spotless Suppliers of Canyonville,104,Gleaming Glossy Phtoo Paper,copy paper,segC,,52,80.6,80.6,52,28.6,8/24/2026,,,,,,,,
8/17/2026,433,291,  Spotless Suppliers of Canyonville ,28,Immaculate Binder Clips,office products,segA,16,29,31.9,510.4,464,46.4,8/18/2026,,,,,,,,
8/17/2026,433,291,  Spotless Suppliers of Canyonville ,32,Bright Desk Organizers,office products,segA,1,44,66.44,66.44,44,22.44,8/18/2026,,,,,,,,
8/17/2026,433,291,Spotless Suppliers of Canyonville,37,Bright Recycled Paper,office products,segA,1,24,36.48,36.48,24,12.48,8/18/2026,,,,,,,,
17/08/2026,433,291,Spotless Suppliers of Canyonville,40,Immaculate Markers,office products,segA,3,34,53.04,159.12,102,57.12,8/18/2026,,,,,,,,
,433,291,Spotless Suppliers of Canyonville,41,Dazzling File Folders,office products,segA,1,46,63.02,63.02,46,17.02,8/18/2026,,,,,,,,
8/17/2026,433,291,Spotless Suppliers of Canyonville,45,Immaculate Staplers,office products,seAg,4,50,66.5,266,200,66,8/18/2026,,,,,,,,
8/17/2026,433,291,Spotless Suppliers of Canyonville,74,Pristine Energy Drinks,breakroom supplies,segA,1,15,31.2,31.2,15,16.2,8/18/2026,,,,,,,,
8/17/2026,433,291,Spotless Suppliers of Canyonville,95,Bright Disposable Cups,breakroom supplies,segA,1,13,25.61,25.61,13,12.61,8/18/2026,,,,,,,,
8/17/2026,433,291,Spotless Suppliers of Canyonville,116,Immaculate Legal Size Paper,copy paper,,2,59,84.96,169.92,118,51.92,8/18/2026,,,,,,,,
8/17/2026,433,291,Spotless Suppliers of Canyonville,119,Immaculate Letter Size Paper,copy paper,segC,1,44,65.56,65.56,44,21.56,8/18/2026,,,,,,,,
8/17/2026,,291,Spotless Suppliers of Canyonville,64,Bright Glass Cleaner,cleaning supplies,segA,1,32,59.84,59.84,32,27.84,8/18/2026,,,,,,,,
8/17/2026,,291,Spotless Suppliers of Canyonville,70,Sleek Air Freshener,cleaning supplies,segA,2,33,61.38,122.76,66,56.76,8/18/2026,,,,,,,,
8/27/2026,208,292,Dazzling Janitors of Forestdale,28,Immaculate Binder Clips,office products,segB,1,29,44.95,,29,15.95,8/28/2026,,,,,,,,
8/27/2026,208,292,Dazzling Janitors of Forestdale,41,Dazzling File Folders,office products,segB,1,46,75.9,75.9,46,29.9,8/28/2026,,,,,,,,
8/27/2026,208,292,Dazzling Janitors of Forestdale,56,Pristine Citrus Cleaner,cleaning supplies,segB,1,48,82.08,82.08,48,34.08,8/28/2026,,,,,,,,
8/27/2026,208,292,Dazzling Janitors of Forestdale,62,Glossy Air Freshener,cleaning supplies,segB,1,20,35.2,35.2,20,15.2,8/28/2026,,,,,,,,
8/27/2026,208,292,Dazzling Janitors of Forestdale,67,Sleek Citrus Cleaner,cleaning supplies,segB,1,39,67.86,67.86,39,28.86,8/28/2026,,,,,,,,
8/27/2026,208,292,Dazzling Janitors of Forestdale,78,Glossy Creamers,breakroom supplies,segA,1,27,51.3,51.3,27,24.3,8/28/2026,,,,,,,,
8/27/2026,208,292,Dazzling Janitors of Forestdale,79,Immaculate Microwave Popcorn,breakroom supplies,segA,1,25,45.25,45.25,25,20.25,8/28/2026,,,,,,,,
8/27/2026,208,292,Dazzling Janitors of Forestdale,85,Sparkling Microwave Popcorn,breakroom supplies,segA,1,12,22.92,22.92,12,10.92,8/28/2026,,,,,,,,
8/27/2026,208,292,Dazzling Janitors of Forestdale,86,Dazzling Instant Soups,breakroom supplies,segA,1,16,33.28,33.28,16,17.28,8/28/2026,,,,,,,,
8/27/2026,208,292,Dazzling Janitors of Foerstdale,89,Sparkling Disposable Cups,breakroom supplies,segA,1,21,44.52,44.52,21,23.52,8/28/2026,,,,,,,,
8/27/2026,208,292,Dazzling Janitors of Forestdale,86,Dazzling Instant Soups,breakroom supplies,segA,1,16,33.28,33.28,16,17.28,8/28/2026,,,,,,,,
8/10/2026,580,292,Dazzling Janitors of Forestdale,42,Polished Markers,officep roducts,segB,1,28,45.64,45.64,28,17.64,8/11/2026,,,,,,,,
8/10/2026,580,292,Dazzling Janitors of Forestdale,50,,cleaning supplies,segB,1,23,43.24,43.24,23,20.24,11/8/2026,,,,,,,,
8/10/2026,580,292,Dazzling Janitors of Forestdale,61,Pristine Degreaser,cleaning supplies,,1,50,89.5,89.5,50,39.5,8/11/2026,,,,,,,,
8/10/2026,580,292,Dazzling Janitors of Forestdale,67,Sleek Citrus Cleaner,cleaning supplies,segB,1,39,67.86,67.86,,28.86,8/11/2026,,,,,,,,
8/10/2026,580,292,Dazzling Janitors of Forestdale,74,Pristine Energy Drinks,breakroom supplies,segA,2,15,30.6,61.2,30,31.2,8/11/2026,,,,,,,,
8/10/2026,580,292,Dazzling Janitors of Forestdale,75,Fresh Microwave Popcorn,breakroom supplies,segA,1,18,33.3,33.3,18,15.3,8/11/2026,,,,,,,,
8/10/2026,580,292,Dazzling Janitors of Forestdale,79,Immaculate Microwave Popcorn,breakroom supplies,segA,1,25,45.25,45.25,25,20.25,8/11/2026,,,,,,,,
8/10/2026,580,292,Dazzling Janitors of Forestdale,87,Glossy Tea Selection,breakroom supplies,segA,2,11,20.24,40.48,22,18.48,8/11/2026,,,,,,,,
8/10/2026,580,292,Dazzling Janitors of Forestdale,96,,breakroom supplies,segA,22,19,28.5,627,418,209,8/11/2026,,,,,,,,
8/27/2026,,292,Dazzling Janitors of Forestdale,,Gleaming Coffee Beans,breakroom supplies,segA,1,18,37.62,37.62,18,19.62,8/28/2026,,,,,,,,
8/10/2026,,292,Dazzling Janitors of Forestdale,89,Sparkling Disposable Cups,breakroom supplies,segA,,21,44.52,44.52,21,,8/11/2026,,,,,,,,
9/3/2026,54,293,Spotless Facilities of Cedardale,16,Dazzling Bathroom Tissue,paper & tissue,segD,1,42,72.24,72.24,42,30.24,9/11/2026,,,,,,,,
9/3/2026,54,293,Spotless Facilities of Cedardale,25,,office products,segA,3,45,71.1,213.3,135,78.3,9/11/2026,,,,,,,,
9/3/2026,54,293,,26,Radiant Sticky Notes,office products,segA,3,34,44.54,133.62,102,31.62,9/11/2026,,,,,,,,
9/3/2026,54,293,Spotless Facilities of Cedardale,33,Dazzling File Folders,office products,segA,2,26,37.7,75.4,52,23.4,9/11/2026,,,,,,,,
9/3/2026,54,293,Spotless Facilities of Cedardale,41,Dazzling File Folders,office products,segA,1,46,61.64,61.64,46,15.64,9/11/2026,,,,,,,,
9/3/2026,54,293,Spotless Facilities of Cedardale,42,Polished Markers,office products,segA,5,28,42.56,212.8,140,72.8,9/11/2026,,,,,,,,
9/3/2026,54,293,Spotless Facilities of Cedardale,44,Gleaming Recycled Paper,office products,segA,,34,54.06,162.18,102,60.18,9/11/2026,,,,,,,,
9/3/2026,54,293,Spotless Facilities of Cedardale,47,Immaculate Staplers,office products,segA,4,24,37.2,148.8,96,52.8,9/11/2026,,,,,,,,
9/3/2026,54,293,Spotless Facilities of Cedardale,78,Glossy Creamers,  breakroom supplies ,segD,1,27,53.19,53.19,27,,9/11/2026,,,,,,,,
8/13/2026,499,293,Spotless Facilities of Cedardale,25,Dazzling Binder Clips,office products,segA,2,45,71.1,142.2,90,52.2,8/14/2026,,,,,,,,
8/13/2026,499,293,Spotless Facilities of Cedardale,26,Radiant Sticky Notes,office products,segA,2,34,44.54,89.08,68,21.08,8/14/2026,,,,,,,,
8/13/2026,499,293,Spotless Facilities of Cedardale,27,Sparkling Sticky Notes,office products,segA,1,43,58.05,58.05,43,15.05,8/14/2026,,,,,,,,
8/13/2026,499,293,Spotless Facilities of Cedardale,42,Polished Markers,office products,segA,2,28,42.56,,56,29.12,8/14/2026,,,,,,,,
8/13/2026,499,293,Spotless Facilities of Cedardale,47,Immaculate Staplers,office products,segA,4,24,37.2,148.8,96,52.8,8/14/2026,,,,,,,,
8/13/2026,,293,Spotless Facilities of Cedardale,41,Dazzling File Folders,office products,segA,1,46,61.64,61.64,46,15.64,8/14/2026,,,,,,,,
9/3/2026,55,294,Sleek Sanitizers of Mounthaven,8,Bright Party Napkins,paper & tissue,segD,3,50,81.5,244.5,150,94.5,9/4/2026,,,,,,,,
9/3/2026,55,294,Sleek Sanitizers of Mounthaven,,Sparkling Dsiinfectant Wipes,cleaning supplies,segB,4,21,38.85,155.4,84,71.4,9/4/2026,,,,,,,,
9/3/2026,55,294,Sleek Sanitizers of Mounthaven,98,Radiant Glossy Photo Paper,copy paper,segA,21,23,31.51,661.71,483,178.71,9/4/2026,,,,,,,,
9/3/2026,55,294,Sleek Sanitizers of Mounthaven,101,Radiant Colored Paper,copy paper,segA,9,60,78.6,707.4,540,167.4,9/4/2026,,,,,,,,
9/3/2026,55,294,Sleek Sanitizers of Mounthaven,108,Dazzling Cardstock,copy paper,segA,19,21,28.56,542.64,399,,9/4/2026,,,,,,,,
9/3/2026,55,294,,109,Immaculate Resume Paper,,segA,235,31,34.41,,7285,801.35,9/4/2026,,,,,,,,
9/3/2026,55,294,Sleek Sanitizers of Mounthaven,,Glossy Recycled Paper,copy paper,segA,13,54,81.54,1060.02,702,358.02,9/4/2026,,,,,,,,
9/3/2026,55,294,Sleek Sanitizers of Mounthaven,,Glossy Recycled Paper,copy paper,segA,7,32,45.12,315.84,224,91.84,9/4/2026,,,,,,,,
9/3/2026,55,294,  Sleek Sanitizers of Mounthaven ,116,Immaculate Legal Size Paper,copy paper,segA,8,59,79.65,637.2,472,165.2,9/4/2026,,,,,,,,
9/3/2026,55,294,Sleek Sanitizers of Mounthaven,118,Sparkling Cardstock,copy paper,segA,6,37,50.32,301.92,222,79.92,9/4/2026,,,,,,,,
8/17/2026,434,294,Sleek Sanitizers of Mounthaven,23,Dazzling Roll Paper Towels,paper & tsisue,segD,4,40,66,264,160,104,8/18/2026,,,,,,,,
8/17/2026,434,294,Sleek Sanitizers of Mounthaven,101,Radiant Colored Paper,copy paper,segA,12,60,78.6,943.2,720,223.2,8/18/2026,,,,,,,,
8/17/2026,434,294,Sleek Sanitizers of Mounthaven,103,Spotless Colored Paper,copy paper,segA,18,45,70.2,1263.6,810,453.6,8/18/2026,,,,,,,,
8/17/2026,434,294,Sleek Sanitizers of Mounthaven,116,Immaculate Legal Size Paper,copy paper,,15,59,79.65,1194.75,885,309.75,8/18/2026,,,,,,,,
8/17/2026,434,294,Sleek Sanitizers of Mounthaven,117,  Dazzling Graph Paper ,copy paper,segA,19,51,67.32,1279.08,969,310.08,8/18/2026,,,,,,,,
8/14/2026,462,294,Sleek Sanitizers of Mounthaven,61,Pristine Degreaser,cleaning supplies,segB,5,,87,,250,185,8/17/2026,,,,,,,,
8/14/2026,462,294,Sleek Sanitizers of Mounthaven,68,Dazzling Disinfectant Wipes,cleaning supplies,segB,5,54,95.04,475.2,270,205.2,8/17/2026,,,,,,,,
14/08/2026,462,294,Sleek Sanitizers of Mounthaven,104,Gleaming Glossy Photo Paper,copy paper,segA,7,52,73.32,513.24,364,149.24,,,,,,,,,
8/14/2026,462,294,Sleek Sanitizers of Mounthaven,107,Radiant Glossy Photo Paper,copy paper,segA,14,58,81.2,1136.8,812,324.8,8/17/2026,,,,,,,,
8/14/2026,462,294,Sleek Sanitizers of Mounthaven,110,Pristine Cardstock,copy paper,segA,16,42,58.8,940.8,672,268.8,8/17/2026,,,,,,,,
8/14/2026,462,294,Sleek Sanitizers of Mounthaven,,Glossy Recycled Paper,copy paper,segA,9,54,81.54,733.86,486,247.86,8/17/2026,,,,,,,,
8/14/2026,462,294,Sleek Sanitizers of Mounthaven,114,Glossy Recycled Paper,copy paper,segA,5,32,45.12,225.6,160,65.6,17/08/2026,,,,,,,,
8/17/2026,,294,Sleek Sanitizers of Mounthaven,87,Glossy Tea Selection,breakroom supplies,segD,1,11,22.66,22.66,11,11.66,8/18/2026,,,,,,,,
8/14/2026,,294,Sleek Sanitizers of Mounthaven,,Sparkling Cardstock,copy paper,segA,5,37,50.32,251.6,185,66.6,8/17/2026,,,,,,,,
31/08/2026,133,295,Immaculate Facilities of Granitefield,11,Fresh Lunch Napkins,paper & tissue,  segD ,1,21,35.28,35.28,21,14.28,9/8/2026,,,,,,,,
8/31/2026,133,295,Immaculaet Facilities of Granitefield,51,Bright Glass Cleaner,cleaning supplies,segC,1,26,46.28,46.28,26,20.28,9/8/2026,,,,,,,,
8/31/2026,133,295,Immaculate Facilities of Granitefield,54,Dazzling Floor Cleaner,cleaning supplies,segC,1,45,81,81,45,36,9/8/2026,,,,,,,,
8/31/2026,133,295,Immaculate Facilities of Granitefield,76,Immaculate Granola Bars,breakroom supplies,segB,1,10,19.6,19.6,10,9.6,9/8/2026,,,,,,,,
8/21/2026,332,295,Immaculate Facilities of Granitefield,31,Polished Highlighters,office products,  segB ,1,17,24.48,24.48,17,7.48,8/24/2026,,,,,,,,
,332,295,Immaculate Facilities of Granitefield,40,Immaculate Markers,office products,segB,1,34,56.78,56.78,34,22.78,8/24/2026,,,,,,,,
8/21/2026,332,295,Immaculate Facilities of Granitefield,46,Spotless Desk Organizers,office products,segB,1,33,52.8,52.8,33,19.8,8/24/2026,,,,,,,,
8/21/2026,332,295,Immaculate Facilities of Granitefield,51,Bright Glass Cleaner,cleaning supplies,segC,1,26,46.28,46.28,26,20.28,8/24/2026,,,,,,,,
8/21/2026,332,295,Immaculate Facilities of Granitefield,55,Spotless Floor Cleaner,cleaning supplies,segC,1,29,55.68,55.68,29,26.68,8/24/2026,,,,,,,,
8/21/2026,332,295,Immaculate Facilities of Granitefield,77,Sleek Disposable Cups,breakroom supplies,segB,1,25,47,47,25,22,8/24/2026,,,,,,,,
8/21/2026,332,295,Immaculate Facilities of Granitefield,78,Glossy Creamers,breakroom supplies,segB,1,27,58.32,58.32,27,31.32,8/24/2026,,,,,,,,
8/21/2026,332,295,Immaculate Facilities of Granitefield,89,Sparkling Disposable Cups,breakroom supplies,segB,1,21,41.79,41.79,21,20.79,8/24/2026,,,,,,,,
8/14/2026,463,296,Pristine Keepers of Valleyridge,9,Fresh Kitchen Towels,paper & tissue,,7,33,50.16,351.12,231,120.12,8/17/2026,,,,,,,,
8/14/2026,463,296,Pristine Keepers of Valleyridge,60,Polished Degreaser,cleaning supplies,segB,132,26,41.6,5491.2,3432,2059.2,8/17/2026,,,,,,,,
8/14/2026,463,296,,117,Dazzling Graph Paper,,segD,4,51,82.11,,204,124.44,8/17/2026,,,,,,,,
8/13/2026,500,296,Pristine Keepers of Valleyridge,5,Polished Kitchen Towels,paper & tissue,seBg,6,35,55.3,331.8,210,121.8,8/14/2026,,,,,,,,
8/13/2026,500,296,Pristine Keepers of Valleyridge,23,Dazzling Roll Paper Towels,paper & tissue,segB,6,40,61.2,367.2,240,127.2,8/14/2026,,,,,,,,
8/13/2026,500,296,Pristine Keepers of Valleyridge,93,Gleaming Microwave Popcorn,breakroom supplies,segD,1,20,46.2,46.2,20,26.2,8/14/2026,,,,,,,,
8/13/2026,,296,Pristine Keepers of Valleyridge,1,Sleek Party Napkins,  paper & tissue ,segB,4,29,42.34,,116,,8/14/2026,,,,,,,,
8/13/2026,,296,Pristine Keepers of Valleyridge,51,Bright Glass Cleaner,cleaning supplies,segB,5,26,50.7,253.5,130,123.5,8/14/2026,,,,,,,,
9/4/2026,25,297,Fresh Providers of Harborwood,10,Pristine 2-Ply Toilet Paper,paper & tissue,segC,1,26,39.52,39.52,26,13.52,9/7/2026,,,,,,,,
9/4/2026,25,297,Fresh Providers of Harborwood,18,Pristine Lunch Napkins,paper & tissue,segC,2,20,31,62,40,22,9/7/2026,,,,,,,,
9/4/2026,25,297,Fresh Providers of Harborwood,63,Polished Glass Cleaner,cleaning supplies,segB,1,42,82.32,82.32,42,40.32,9/7/2026,,,,,,,,
9/4/2026,25,297,Fresh Providers of Harborwood,97,Sparkling Legal Size Paper,copy paper,segA,3,39,62.4,187.2,117,70.2,9/7/2026,,,,,,,,
9/4/2026,25,297,Fresh Providers of Harborwood,99,Glossy Letter Size Paper,copy paper,segA,3,57,79.23,237.69,171,66.69,9/7/2026,,,,,,,,
9/4/2026,25,297,Fresh Providers of Harborwood,105,Pristine Graph Paper,copy paper,segA,12,52,67.6,811.2,624,187.2,9/7/2026,,,,,,,,
9/4/2026,25,297,Fresh Providers of Harborwood,108,Dazzling Cardstock,copy paper,,5,21,30.45,,105,47.25,9/7/2026,,,,,,,,
9/4/2026,25,297,Fresh Providers of Harobrwood,120,Sparkling Letter Size Paper,copy paper,segA,4,45,64.35,257.4,180,77.4,9/7/2026,,,,,,,,
8/14/2026,464,297,Fresh Providers of Harborwood,46,Spotless Desk Organizers,office products,segC,1,33,47.52,47.52,33,14.52,8/17/2026,,,,,,,,
8/14/2026,464,297,Fresh Providers of Harborwood,55,Spotless Floor Cleaner,cleaning supplies,esgB,1,29,53.36,53.36,29,24.36,8/17/2026,,,,,,,,
8/14/2026,464,297,Fresh Providers of Harborwood,77,Sleek Disposable Cups,brearkoom supplies,segB,1,25,52,52,25,27,8/17/2026,,,,,,,,
8/14/2026,464,297,Fresh Providers of Harborwood,83,Spotless Energy Drinks,breakroom supplies,segB,1,26,49.66,49.66,,23.66,8/17/2026,,,,,,,,
8/14/2026,464,297,Fresh Providers of Harborwood,105,Pristine Graph Paper,copy paper,segA,12,52,67.6,811.2,624,187.2,8/17/2026,,,,,,,,
8/14/2026,464,297,Fresh Providers of Harborwood,106,Sleek Resume Paper,copy paper,segA,2,48,69.12,138.24,96,42.24,17/08/2026,,,,,,,,
8/14/2026,464,297,  Fresh Providers of Harborwood ,107,Radiant Glossy Photo Paper,copy paper,segA,4,58,78.88,315.52,232,,8/17/2026,,,,,,,,
8/14/2026,464,297,Fresh Providers of Harborwood,108,Dazzling Cardstock,copy paper,segA,4,21,30.45,121.8,84,37.8,,,,,,,,,
8/14/2026,464,297,Fresh Providers of Harborwood,,Glossy Recycled Paper,copy paper,segA,,54,72.36,434.16,324,110.16,8/17/2026,,,,,,,,
9/1/2026,101,298,Glossy Facilities of Mountridge,20,Gleaming Roll Paper Towels,paper & tissue,segC,1,28,43.12,43.12,28,15.12,9/2/2026,,,,,,,,
9/1/2026,101,298,Glossy Facilities of Mountridge,50,Bright Glass Cleaner,cleaning supplies,segA,1,23,37.03,37.03,23,14.03,9/2/2026,,,,,,,,
9/1/2026,101,298,Glossy Facilities of Mountridge,54,  Dazzling Floor Cleaner ,cleaning supplies,segA,1,45,80.1,80.1,45,35.1,9/2/2026,,,,,,,,
9/1/2026,101,298,  Glossy Facilities of Mountridge ,62,Glossy Air Freshener,,segA,2,20,33.4,66.8,40,26.8,9/2/2026,,,,,,,,
9/1/2026,101,298,Glossy Facilities of Mountridge,67,Sleek Citrus Cleaner,cleaning supplies,segA,3,39,73.32,219.96,117,102.96,2/9/2026,,,,,,,,
9/1/2026,101,298,Glossy Facilities of Mountridge,70,Sleek Air Freshener,cleaning supplies,segA,3,33,55.77,167.31,99,68.31,9/2/2026,,,,,,,,
9/1/2026,101,298,Glossy Facilities of Mountridge,107,Radiant Glossy Photo Paper,copy paper,segB,1,58,92.8,92.8,58,34.8,9/2/2026,,,,,,,,
9/1/2026,101,298,Glossy Facilities of Mountridge,118,Sparkling Cardstock,copy paper,segB,1,37,56.98,56.98,37,19.98,9/2/2026,,,,,,,,
9/1/2026,,298,Glossy Facilities of Mountridge,66,Radiant Glass Cleaner,cleaning supplies,segA,1,21,38.43,38.43,21,17.43,9/2/2026,,,,,,,,
8/14/2026,465,299,Gleaming Wholesalers of Graniteburg,49,Sparkling Disinfectant Wipes,cleaning supplies,segA,34,21,37.8,1285.2,714,571.2,8/17/2026,,,,,,,,
8/14/2026,465,299,  Gleaming Whloesalers of Graniteburg ,53,,cleaning supplies,segA,13,36,61.92,804.96,468,336.96,8/17/2026,,,,,,,,
8/14/2026,465,299,GleamingW holesalers of Graniteburg,57,Glossy All-Purpose Cleaner,cleaning supplies,segA,43,51,91.8,3947.4,2193,1754.4,8/17/2026,,,,,,,,
8/14/2026,465,299,Gleaming Wholesalers of Graniteburg,60,Polished Degreaser,cleaning supplies,segA,29,26,46.02,1334.58,754,580.58,8/17/2026,,,,,,,,
8/14/2026,465,299,Gleaming Wholesalers of Graniteburg,63,Polished Glass Cleaner,cleaning supplies,segA,29,42,71.4,2070.6,1218,852.6,8/17/2026,,,,,,,,
8/14/2026,465,299,Gleaming Wholesalers of Graniteburg,79,Immaculate Microwave Popcorn,breakroom supplies,segA,22,25,44.75,984.5,550,434.5,8/17/2026,,,,,,,,
8/14/2026,465,299,Gleaming Wholesalers of Graniteburg,85,Sparkling Microwave Popcorn,breakroom supplies,segA,28,12,21.6,604.8,336,268.8,8/17/2026,,,,,,,,
8/14/2026,465,299,Gleaming Wholesalers of Graniteburg,87,Glossy Tea Selection,breakroom supplies,segA,21,11,20.79,,231,205.59,8/17/2026,,,,,,,,
8/14/2026,465,299,Gleaming Wholesalers of Graniteburg,92,Glossy Instant Sousp,breakroom supplies,segA,11,24,42.72,469.92,264,205.92,8/17/2026,,,,,,,,
8/14/2026,465,299,Gleaming Wholesalers of Graniteburg,108,Dazzling Cardstock,copy paper,segD,2,21,38.01,76.02,42,34.02,8/17/2026,,,,,,,,
8/13/2026,501,299,Gleaming Wholesalers of Graniteburg,23,Dazzling Roll Paper Towels,paper & tissue,segD,,40,67.2,268.8,160,108.8,8/21/2026,,,,,,,,
8/13/2026,501,299,Gleaming Wholesalers of Graniteburg,53,Glossy Glass Cleaner,cleaning supplies,segA,14,36,61.92,866.88,504,362.88,8/21/2026,,,,,,,,
8/13/2026,501,299,,58,,cleaning supplies,segA,638,31,46.5,29667,19778,9889,8/21/2026,,,,,,,,
8/13/2026,501,299,Gleaming Wholesalers of Graniteburg,60,Polished Degreaser,cleaning supplies,segA,34,26,46.02,1564.68,884,680.68,8/21/2026,,,,,,,,
8/13/2026,501,299,Gleaming Wholesalers of Graniteburg,85,Sparkling Microwave Popcorn,breakroom supplies,segA,22,12,21.6,475.2,264,211.2,8/21/2026,,,,,,,,
8/14/2026,,299,Gleaming Wholesalers of Graniteburg,104,Gleaming Glossy Photo Paper,copy paper,segD,13,52,96.2,1250.6,676,574.6,8/17/2026,,,,,,,,
9/4/2026,5,,Immaculate Stewards of Valleyport,106,Sleek Resume Paper,copy paper,segA,7,,74.4,520.8,336,184.8,9/7/2026,,,,,,,,
9/4/2026,10,,Sparkling Custodians of Riverburg,2,Glossy Party Napkins,paper & tissue,segA,1,29,40.31,40.31,29,11.31,9/7/2026,,,,,,,,
9/4/2026,10,,Sparkling Custodians of Riverburg,6,Pristine Bathroom Tissue,paper & tissue,segA,3,19,24.89,74.67,57,17.67,9/7/2026,,,,,,,,
9/4/2026,10,,Sparkling Custodians of Riverburg,105,,copy paper,segC,1,52,82.68,82.68,52,30.68,9/7/2026,,,,,,,,
9/4/2026,23,,Immaculate Suppliers of Mapleburg,77,Sleek Disposable Cups,breakroom supplies,segA,6,25,48.75,292.5,,142.5,9/14/2026,,,,,,,,
9/4/2026,23,,Immaculate Suppliers of Mapleburg,85,Sparkling Microwave Popcorn,breakroom supplies,segA,6,12,25.56,153.36,72,81.36,9/14/2026,,,,,,,,
9/3/2026,26,,Dazzling Cleaners of Cedarfield,101,Radiant Colored Paper,copy paper,segA,1,60,88.2,88.2,60,28.2,18/09/2026,,,,,,,,
9/3/2026,28,,Dazzling Sanitizers of Canyonwood,43,,office products,segA,4,50,69.5,278,200,78,9/18/2026,,,,,,,,
9/3/2026,33,,Sleek Suppliers of Gardenwood,43,Fresh File Folders,office products,segA,1,50,79.5,79.5,50,29.5,9/4/2026,,,,,,,,
9/3/2026,34,,Sparkling Custodians of Valleyville,107,Radiant Glossy Photo Paper,copy paper,segA,1,58,81.2,81.2,58,23.2,9/4/2026,,,,,,,,
9/3/2026,35,,Fresh Suppliers of Mapleton,98,Radiant Glossy Photo Paper,copy paper,segA,6,,31.51,189.06,,51.06,9/4/2026,,,,,,,,
9/3/2026,45,,Polished Facilities of Lakeridge,6,Pristine Bathroom Tissue,paper & tissue,  segA ,17,19,27.36,465.12,323,142.12,9/18/2026,,,,,,,,
9/3/2026,46,,Spotless Wholesalers of Graniteton,24,Sparkling Pocket Tissues,paper & tissue,segB,1,18,26.1,26.1,18,8.1,9/4/2026,,,,,,,,
9/2/2026,58,,Fresh Facilities of Forestville,84,,breakroom supplies,segB,1,18,35.1,35.1,18,17.1,,,,,,,,,
,61,,Polished Facilities of Canyondale,26,Radiant Sticky Notes,office products,segA,1,34,53.72,53.72,34,19.72,9/3/2026,,,,,,,,
9/1/2026,82,,Glossy Maintainers of Cedarville,84,Sparkling Creamers,breakroom supplies,segB,3,18,37.8,113.4,54,59.4,16/09/2026,,,,,,,,
9/1/2026,86,,Bright Maintainers of Mountridge,27,Sparkling Sticky Notes,office products,segA,12,43,51.17,614.04,516,,9/2/2026,,,,,,,,
9/1/2026,86,,Bright Maintainers of Mountridge,27,Sparkling Sticky Notes,office products,segA,12,43,51.17,614.04,516,,9/2/2026,,,,,,,,
9/1/2026,91,,Radiant Facilities of Mountfield,118,Sparkling Cardstock,copy paper,segA,2,37,59.2,118.4,74,44.4,9/9/2026,,,,,,,,
9/1/2026,92,,Spotless Servicers of Valleywood,68,Dazzling Disinfectant Wipes,cleaning supplies,segA,1,54,,86.4,54,32.4,9/9/2026,,,,,,,,
9/1/2026,94,,Glossy Clenaers of Cedardale,102,Sleek Resume Paper,copy paper,segB,12,26,38.74,464.88,312,152.88,9/2/2026,,,,,,,,
9/1/2026,97,,Sparkling Custodians of Canyonwood,117,Dazzling Graph Paper,copy paper,segA,1,51,66.81,66.81,51,15.81,9/2/2026,,,,,,,,
9/1/2026,97,,Sparkling Custodians of Canyonwood,117,Dazzling Graph Paper,copy paper,segA,1,51,66.81,66.81,51,15.81,9/2/2026,,,,,,,,
9/1/2026,100,,Polished Custodians of Graniteburg,,Glossy Recycled Paper,copy paper,segA,4,54,75.6,302.4,216,86.4,9/2/2026,,,,,,,,
9/1/2026,101,,Glossy Facilities of Mountridge,3,Sparkling Party Napkins,paper & tissue,segC,1,21,29.82,29.82,21,8.82,9/2/2026,,,,,,,,
8/31/2026,103,,Immaculate Servicers of Mapleport,30,Immaculate Markers,office products,segA,4,28,43.68,174.72,112,62.72,9/1/2026,,,,,,,,
8/31/2026,104,,Spotless Janitors of Bayville,55,Spotless Floor Cleaner,cleaning supplies,segA,1,29,51.91,51.91,29,22.91,9/1/2026,,,,,,,,
8/31/2026,108,,Glossy Maintainers of Canyonville,11,Fresh Lunch Napkins,paper & tissue,  segD ,2,21,33.18,66.36,42,24.36,9/1/2026,,,,,,,,
,109,,Pristine Keepers of Graniteville,85,Sparkling Microwave Popcorn,breakroom supplies,segC,1,12,21.96,21.96,12,9.96,9/1/2026,,,,,,,,
,115,,Immaculate Servicers of Riverwood,40,Immaculate Markers,office products,segA,6,34,46.58,279.48,204,75.48,9/1/2026,,,,,,,,
8/31/2026,116,,Pristine Keepers of Gardenwood,43,Fresh File Folders,office products,segA,5,50,65.5,327.5,250,77.5,9/1/2026,,,,,,,,
8/31/2026,117,,Gleaming Cleaners of Mapleville,14,Spotless Pocket Tissues,paper & tissue,segC,2,20,29.6,59.2,40,19.2,9/8/2026,,,,,,,,
8/31/2026,117,,Gleaming Cleaners of Mapleville,105,Pristine Graph Paper,copy paper,segA,3,52,72.8,218.4,156,62.4,9/8/2026,,,,,,,,
8/31/2026,118,,Bright Keepers of Riverburg,37,Bright Recycled Paper,office products,segA,5,24,36.96,184.8,120,64.8,9/1/2026,,,,,,,,
8/31/2026,127,,Pristine Sanitizers of Mapleport,110,Pristine Cardstock,copy paper,segA,12,42,64.26,771.12,504,267.12,9/1/2026,,,,,,,,
8/31/2026,128,,Polished Cleaners of Riverdale,6,Pristine Bathroom Tissue,paper & tissue,segC,1,19,27.17,27.17,19,8.17,9/1/2026,,,,,,,,
31/08/2026,128,,Polished Cleaners of Riverdale,119,Immaculate Letter Size Paper,copy paper,segB,1,44,63.8,63.8,44,19.8,9/1/2026,,,,,,,,
8/31/2026,130,,Sleek Stewards of Mapleburg,18,Pristine Lunch Napkins,paper & tissue,,40,20,23.8,952,800,152,9/1/2026,,,,,,,,
8/31/2026,131,,Dazzling Wholesalers of Valleyburg,96,Dazzling Disposable Cups,breakroom supplies,segB,1,19,38,38,19,19,9/1/2026,,,,,,,,
8/31/2026,132,,Spotless Custodians of Forestfield,83,Spotless Energy Drinks,breakroom supplies,segA,6,26,44.98,269.88,156,113.88,9/1/2026,,,,,,,,
8/28/2026,140,,Polished Facilities of Canyondale,47,Immaculate Staplers,office products,segA,4,24,35.04,140.16,96,44.16,8/31/2026,,,,,,,,
8/28/2026,142,,Sleek Suppliers of Gardenwood,61,Pristine Degreaser,cleaning supplies,segB,1,,91,91,50,41,8/31/2026,,,,,,,,
8/28/2026,142,,Sleek Suppliers of Gardenwood,71,Spotless Glass Cleaner,cleaning supplies,segB,1,31,59.21,59.21,31,28.21,8/31/2026,,,,,,,,
8/28/2026,145,,Bright Providers of Baycrest,59,Spotless All-Purpose Cleaner,cleaning supplies,,1,47,82.72,82.72,47,35.72,8/31/2026,,,,,,,,
8/28/2026,145,,Bright Providers of Baycrest,70,Sleek Air Freshener,cleaning supplies,segA,1,33,58.08,58.08,33,25.08,8/31/2026,,,,,,,,
8/28/2026,146,,Fresh Stewards of Gardenwood,14,Spotless Pocket Tissues,paper & tissue,segA,,20,29,145,100,45,8/31/2026,,,,,,,,
8/28/2026,152,,Radiant Facilities of Baydale,77,Sleek Disposable Cups,breakroom supplies,segA,162,25,37.5,6075,4050,2025,8/31/2026,,,,,,,,
8/28/2026,152,,Radiant Facilities of Baydale,91,Glossy Microwave Popcorn,breakroom supplies,segA,6,29,55.39,332.34,174,,,,,,,,,,
8/28/2026,156,,Pristine Wholesalers of Canyonport,9,Fresh Kitchen Towels,paper & tissue,segC,1,33,46.53,46.53,33,13.53,8/31/2026,,,,,,,,
8/28/2026,164,,Radiant Facilities of Bayport,66,Radiant Glass Cleaner,cleaning supplies,segA,1,21,37.59,37.59,21,16.59,8/31/2026,,,,,,,,
8/28/2026,165,,Pristine Sanitizers of Mapleport,99,Glossy Letter Size Paper,copy paper,segA,14,57,79.23,1109.22,798,311.22,8/31/2026,,,,,,,,
8/28/2026,169,,Dazzling Wholesalers of Valleyburg,68,Dazzling Disinfectant Wipes,cleaning supplies,segB,1,54,107.46,107.46,54,53.46,9/14/2026,,,,,,,,
8/28/2026,171,,Gleaming Keepers of Mapleport,108,Dazzling Cardstock,copy paper,segA,8,,33.18,265.44,168,97.44,8/31/2026,,,,,,,,
8/27/2026,179,,Polished Facilities of Canynodale,101,Radiant Colored Paper,copy paper,segB,1,60,90.6,90.6,60,30.6,8/28/2026,,,,,,,,
8/27/2026,183,,Sleek Custodians of Mapleburg,30,Immaculate Markers,office products,segA,3,28,42,126,,42,8/28/2026,,,,,,,,
8/27/2026,186,,Pristine Stewards of Valleyhaven,66,Radinat Glass Cleaner,cleaning supplies,segB,1,,,35.7,21,14.7,8/28/2026,,,,,,,,
8/27/2026,189,,Sparkling Janitors of Mountridge,102,Sleek Resume Paper,copy paper,segB,7,26,36.4,254.8,182,72.8,8/28/2026,,,,,,,,
8/27/2026,189,,Sparkling Janitors of Mountridge,,Glossy Recycled Paper,  copy paper ,segB,3,54,81,243,162,81,8/28/2026,,,,,,,,
8/27/2026,193,,Gleaming Cleaners of Mapleville,80,Spotless Instant Soups,breakroom supplies,segA,1,17,29.07,29.07,17,12.07,8/28/2026,,,,,,,,
8/27/2026,194,,Glossy Suppliers of Valleywood,13,Pristine Party Napkins,paper & tissue,segD,1,45,75.6,75.6,45,30.6,9/4/2026,,,,,,,,
8/27/2026,198,,Polished Keepers of Lakeport,41,Dazzling File Folders,office products,segA,2,46,64.4,128.8,92,36.8,8/28/2026,,,,,,,,
27/08/2026,202,,Dazzling Keepers of Canyonfield,109,Immaculate Resume Paper,copy paper,segA,3,31,42.78,128.34,93,35.34,8/28/2026,,,,,,,,
8/27/2026,203,,Dazzling Providers of Mountton,48,Fresh Desk Organizers,office products,segA,2,29,44.37,88.74,58,30.74,8/28/2026,,,,,,,,
8/27/2026,205,,Glossy Servicers of Mapledale,47,Immaculate Staplers,office products,segC,1,24,34.08,34.08,24,10.08,8/28/2026,,,,,,,,
8/26/2026,215,,Sparkling Custodians of Valleyville,70,Sleek Air Freshener,cleaning supplies,segB,1,33,61.71,61.71,33,28.71,8/27/2026,,,,,,,,
8/26/2026,217,,Sleek Maintainers of Graniteville,82,Pristine Granola Bars,breakroom supplies,segA,1,26,46.8,46.8,26,20.8,9/3/2026,,,,,,,,
8/26/2026,225,,Sparkling Servicers of Mountwood,45,Immaculate Staplers,office products,segA,7,50,69,483,350,133,8/27/2026,,,,,,,,
8/26/2026,230,,Sparkling Providers of Bayton,35,Dazzling Staplers,office products,segA,27,27,35.1,947.7,729,218.7,8/27/2026,,,,,,,,
8/26/2026,232,,Immaculate Suppliers of Riverburg,61,Pristine Degreaser,cleaning supplies,segA,1,50,88,88,50,38,8/27/2026,,,,,,,,
8/26/2026,233,,Dazzling Stewards of Graniteburg,16,Dazzling Bathroom Tissue,paper & tissue,segA,5,42,62.16,310.8,210,100.8,8/27/2026,,,,,,,,
8/25/2026,241,,Dazzling Wholesalers of Riverdale,118,Sparkling Cardstock,copy paper,segC,4,37,60.31,241.24,148,93.24,8/26/2026,,,,,,,,
8/25/2026,250,,Fresh Custodians of Graniteton,31,Polished Highlighters,office products,segA,46,17,24.82,1141.72,782,359.72,8/26/2026,,,,,,,,
8/25/2026,257,,Dazzling Janitors of Maplecrest,69,Gleaming Degreaser,cleaning supplies,segA,10,27,49.41,494.1,270,224.1,8/26/2026,,,,,,,,
8/24/2026,273,,Immaculate Servicers of Mapleport,26,Radiant Sticky Notes,office products,segA,3,34,53.72,,102,59.16,9/8/2026,,,,,,,,
8/24/2026,276,,Spotless Wholesalers of Mountport,52,Spotless Air Freshener,cleaning supplies,segA,3,49,88.69,266.07,147,,8/25/2026,,,,,,,,
8/24/2026,279,,Glossy Suppliers of Maplefield,62,Glossy Air Freshener,cleaning supplies,segA,1,20,35,35,20,15,,,,,,,,,
8/24/2026,279,,Glossy Suppliers of Maplefield,87,Glossy Tea Selection,breakroom supplies,segA,1,11,22.11,22.11,11,11.11,8/25/2026,,,,,,,,
8/24/2026,283,,Polished Facilities of Lakeridge,,Pristine 2-Ply Toilet Paper,paper & tissue,segA,25,26,35.1,877.5,650,227.5,25/08/2026,,,,,,,,
8/24/2026,286,,Bright Suppliers of Harborfield,,Glossy Recycled Paper,copy paper,segB,1,54,91.8,91.8,54,37.8,8/25/2026,,,,,,,,
24/08/2026,291,,Radiant Maintainers of Harborhaven,4,Bright Bathroom Tissue,paper & tissue,segA,1,26,35.88,35.88,26,9.88,8/25/2026,,,,,,,,
8/21/2026,305,,Bright Janitors of Foresthaven,102,Sleek Resume Paper,copy paper,segB,1,26,41.34,,26,15.34,24/08/2026,,,,,,,,
8/21/2026,306,,Sparkling Maintainer sof Cedarwood,46,Spotless Desk Organizers,office products,segB,1,33,49.5,49.5,33,16.5,8/24/2026,,,,,,,,
8/21/2026,313,,Radiant Facilities of Baydale,76,ImmaculateG ranola Bars,breakroom supplies,segA,3,10,17.1,51.3,30,21.3,8/24/2026,,,,,,,,
8/21/2026,317,,Fresh Sanitizers of Mountridge,26,Radiant Sticky Notes,office products,segB,1,34,52.7,52.7,,18.7,8/24/2026,,,,,,,,
8/21/2026,321,,Sleek Proviedrs of Graniteport,8,Bright Party Napkins,paper & tissue,segA,2,50,74.5,149,100,49,8/31/2026,,,,,,,,
8/21/2026,324,,Sparkling Sanitizers of Forestdale,106,Sleek Resume Paper,copy paper,segB,15,48,69.12,1036.8,720,316.8,8/24/2026,,,,,,,,
21/08/2026,326,,Dazzling Providers of Mountton,52,Spotless Air Freshener,cleaning supplies,segA,2,49,91.63,183.26,98,85.26,8/24/2026,,,,,,,,
,329,,Polished Cleaners of Riverdale,74,Pristine Energy Drinks,,  segB ,1,15,29.25,29.25,15,14.25,8/24/2026,,,,,,,,
8/20/2026,334,,Pristine Wholesalers of Gardenridge,87,Glossy Tea Selection,breakroom supplies,segA,7,11,22.99,160.93,77,,9/4/2026,,,,,,,,
8/20/2026,339,,Fresh Facilities of Forestville,30,,,segA,3,28,44.8,134.4,84,50.4,8/21/2026,,,,,,,,
8/20/2026,340,,Dazzling Wholesalers of Riverdale,67,Sleek Citrus Cleaner,cleaning supplies,seCg,4,39,74.1,296.4,,140.4,8/21/2026,,,,,,,,
8/20/2026,343,,Dazzling Janitors of Forestburg,36,Glossy Staplers,office products,segA,3,50,,240,150,90,8/21/2026,,,,,,,,
8/20/2026,346,,Sleek Maintainers of Graniteville,12,,paper & tissue,segB,1,44,63.36,63.36,44,19.36,8/21/2026,,,,,,,,
8/20/2026,350,,Dazzling Servicers of Forestridge,53,,cleaning supplies,segA,1,36,62.64,62.64,36,26.64,8/21/2026,,,,,,,,
8/20/2026,350,,,93,Gleaming Microwave Popcorn,breakroom supplies,segA,1,20,36.6,36.6,20,16.6,8/21/2026,,,,,,,,
8/20/2026,353,,Sparkling Suppliers of Gardenfield,68,Dazzling Disinfectant Wipes,cleaning supplies,segA,2,54,99.36,198.72,108,90.72,21/08/2026,,,,,,,,
8/20/2026,354,,Sparkling Sanitizers of Forestdale,53,Glossy Glass Cleaner,cleaning supplies,segA,38,36,,2530.8,1368,1162.8,8/21/2026,,,,,,,,
8/20/2026,356,,Dazzling Suppliers of Graniteton,43,Fresh File Folders,office products,segC,1,50,70,70,50,20,8/21/2026,,,,,,,,
8/20/2026,358,,Immaculate Suppliers of Riverburg,29,Dazzling Paper Clips,office products,segA,1,37,55.13,55.13,37,18.13,8/21/2026,,,,,,,,
8/20/2026,358,,Immaculate Suppliers of Riverburg,67,Sleek Citrus Cleaner,cleaning supplies,segA,1,39,73.71,73.71,39,34.71,8/21/2026,,,,,,,,
8/19/2026,363,,Dazzling Custodians of Lakehaven,116,Immaculate Legal Size Paper,copy paper,segB,4,59,95.58,382.32,236,146.32,8/20/2026,,,,,,,,
8/19/2026,370,,Spotless Servicers of Forestfield,106,Sleek Resume Paper,copy paper,segA,,48,68.16,954.24,672,282.24,8/27/2026,,,,,,,,
8/18/2026,386,,Sparkling Janitors of Mountridge,23,Dazzling Roll Paper Towels,paper & tissue,segA,9,40,55.2,496.8,360,136.8,8/19/2026,,,,,,,,
8/18/2026,389,,Glossy Stewards of Granitewood,107,Radiant Glossy Photo Paper,copy paper,segB,2,58,96.86,193.72,116,77.72,8/19/2026,,,,,,,,
8/18/2026,393,,Spotless Cleaners of Forestburg,25,Dazzling Binder Clips,office products,seAg,3,45,63,189,135,54,9/2/2026,,,,,,,,
,394,,Fresh Maintainers of Valleyville,8,Bright Party Napkins,paper & tissue,sgeD,1,50,80.5,80.5,50,30.5,8/19/2026,,,,,,,,
,394,,Fresh Maintainers of Valleyville,70,Sleek Air Freshener,cleaning supplies,segD,1,33,61.05,61.05,33,28.05,8/19/2026,,,,,,,,
8/18/2026,394,,Fresh Maintainers of Valleyville,102,Sleek Resume Paper,copy paper,segA,10,26,32.76,327.6,260,67.6,8/19/2026,,,,,,,,
8/18/2026,395,,Sparkling Suppliers of Harborwood,2,Glossy Party Napkins,paper & tissue,segC,1,29,45.82,45.82,29,16.82,,,,,,,,,
8/18/2026,395,,Sparkling Suppliers of Harborwood,43,Fresh File Folders,office products,segA,3,50,65.5,196.5,,46.5,8/19/2026,,,,,,,,
8/18/2026,399,,Immaculate Cleaners of Valleyridge,22,Sparkling Pocket Tissues,paper & tissue,segA,14,41,56.58,792.12,574,,8/26/2026,,,,,,,,
8/18/2026,400,,  Sparkling Facilities of Valleyburg ,39,Immaculate Sticky Notes,office products,segA,2,34,44.2,88.4,68,,,,,,,,,,
8/18/2026,401,,Sleek Providers of Lakeville,18,Pristine Lunch Napkins,paper & tissue,segA,1,20,27.6,27.6,20,7.6,8/19/2026,,,,,,,,
8/18/2026,407,,Spotless Custodians of Forestfield,44,Gleaming Recycled Paper,office products,esgA,11,34,48.28,531.08,374,157.08,8/19/2026,,,,,,,,
8/18/2026,407,,Spotless Custodians of Forestfield,67,Sleek Citrus Cleaner,cleaning supplies,segA,7,39,68.25,,273,204.75,8/19/2026,,,,,,,,
8/17/2026,409,,Spotless Cleaners of Valleyridge,44,Gleaming Recycled Paper,,segA,3,34,48.96,146.88,102,44.88,8/18/2026,,,,,,,,
8/17/2026,412,,Bright Providers of Baycrest,44,Gleaming Recycled Paper,office products,segB,1,34,56.44,56.44,34,22.44,8/25/2026,,,,,,,,
8/17/2026,426,,Dazzling Keepers of Canyonfield,91,Glossy Microwave Popcorn,breakroom supplies,segA,2,29,60.9,121.8,58,63.8,8/18/2026,,,,,,,,
8/17/2026,428,,Immaculate Suppliers of Riverburg,26,  Radiant Sticky Notes ,office products,segA,3,34,49.3,147.9,102,45.9,8/18/2026,,,,,,,,
8/17/2026,428,,Immaculate Suppliers of Riverburg,61,  Pristine Degreaser ,cleaning supplies,segA,2,50,88,176,100,76,8/18/2026,,,,,,,,
8/17/2026,434,,Sleek Sanitizers of Mounthaven,62,Glossy Air Freshener,cleaning supplies,segB,2,20,34.8,69.6,40,29.6,8/18/2026,,,,,,,,
8/17/2026,434,,Sleek Sanitizers of Mounthaven,118,Sparkling Cardstock,copy paper,segA,5,37,50.32,251.6,185,66.6,8/18/2026,,,,,,,,
8/14/2026,436,,Sparkling Maintainers of Cedarwood,4,Bright Bathroom Tissue,paper & tissue,segA,2,26,38.74,77.48,52,25.48,8/24/2026,,,,,,,,
8/14/2026,436,,Sparkling Maintainers of Cedarwood,4,Bright Bathroom Tissue,paper & tissue,segA,2,26,38.74,77.48,52,25.48,8/24/2026,,,,,,,,
8/14/2026,440,,Sparkling Wholesalers of Canyonfield,85,Sparkling Microwave Popcorn,breakroom supplies,segC,1,12,22.56,22.56,12,10.56,8/17/2026,,,,,,,,
8/14/2026,449,,Sleek Stewards of Forestton,93,Gleaming Microwave Popcorn,breakroom supplies,segC,1,20,39.6,39.6,20,19.6,8/17/2026,,,,,,,,
8/14/2026,452,,Immaculate Janitors of Gardenfield,60,Polished Degreaser,cleaning supplies,segA,1,26,46.54,46.54,26,20.54,8/17/2026,,,,,,,,
8/14/2026,454,,,16,Dazzling Bathroom Tissue,paper & tissue,segA,6,42,57.12,342.72,252,90.72,8/17/2026,,,,,,,,
8/14/2026,457,,Bright Keepers of Riverburg,97,Sparkling Legal Size Paper,copy paepr,segA,4,39,60.45,241.8,156,85.8,17/08/2026,,,,,,,,
8/14/2026,465,,Gleaming Wholesalers of Graniteburg,86,Dazzling Instant Soups,breakroom supplies,segA,12,16,31.52,378.24,192,186.24,8/17/2026,,,,,,,,
8/13/2026,478,,Glossy Suppliers of Maplefield,64,Bright Glass Cleaner,cleaning supplies,segA,3,32,,,96,72,14/08/2026,,,,,,,,
8/13/2026,478,,Glossy Suppliers of Maplefield,89,Sparkling Disposable Cups,breakroom supplies,segA,2,21,42.63,85.26,42,43.26,8/14/2026,,,,,,,,
8/13/2026,479,,Pristine Maintainers of Gardenridge,43,Fresh File Folders,office products,segA,3,50,67,201,150,51,8/21/2026,,,,,,,,
8/13/2026,498,,Dazzling Wholesalers of Valleyburg,51,Bright Glass Cleaner,cleaning supplies,segB,1,26,45.5,45.5,26,19.5,8/14/2026,,,,,,,,
8/13/2026,501,,Gleaming Wholesalers of Graniteburg,50,Bright Glass Cleaner,cleaning supplies,segA,8,23,39.56,316.48,184,132.48,8/21/2026,,,,,,,,
8/12/2026,502,,Dazzling Custodians of Lakehaven,17,Glossy Lunch Napkins,paper & tissue,segA,9,,42.16,379.44,279,100.44,8/13/2026,,,,,,,,
8/12/2026,502,,Dazzling Custodians of Lakehaven,76,Immaculate Granola Bars,breakroom supplies,segA,106,10,15,1590,1060,530,8/13/2026,,,,,,,,
12/8/2026,503,,Spotless Janitors of Bayville,92,Glossy Instant Soups,breakroom supplies,segA,2,24,50.4,100.8,48,52.8,8/13/2026,,,,,,,,
8/12/2026,508,,Glossy Maintainers of Cedarville,112,Sparkling Letter Size Paper,copy paper,segB,7,46,66.24,463.68,322,141.68,13/08/2026,,,,,,,,
8/12/2026,513,,Bright Maintainers of Mountridge,27,Sparkling Sticky Notes,office products,segA,25,43,51.17,1279.25,1075,204.25,8/13/2026,,,,,,,,
8/12/2026,514,,Sleek Custodian sof Mapleburg,83,Spotless Energy Drinks,breakroom supplies,segA,1,26,52.52,52.52,26,26.52,8/13/2026,,,,,,,,
,518,,Radiant Facilities of Baydale,82,Pristine Granola Bars,breakroom supplies,segA,4,26,45.76,183.04,104,,8/13/2026,,,,,,,,
8/12/2026,522,,Sleek Providers of Graniteport,94,,breakroom supplies,segC,1,7,13.09,13.09,7,6.09,8/13/2026,,,,,,,,
8/12/2026,522,,Sleek Providers of Graniteport,94,,breakroom supplies,segC,1,7,13.09,13.09,7,6.09,8/13/2026,,,,,,,,
8/12/2026,523,,Bright Keepers of Riverburg,28,Immaculate Binder Clips,office products,segA,3,29,38.57,115.71,87,28.71,8/13/2026,,,,,,,,
12/8/2026,524,,Bright Maintainers of Lakeville,3,Sparkling Party Napkins,paper & tissue,segA,15,21,30.24,453.6,315,138.6,8/13/2026,,,,,,,,
8/12/2026,524,,Bright Maintainers of Lakeville,30,Immaculate Markers,office products,segA,8,28,44.24,353.92,224,129.92,8/13/2026,,,,,,,,
,528,,Sleek Stewards of Mapleburg,7,Gleaming Bathroom Tissue,paper & tissue,segA,6,16,23.2,139.2,96,43.2,8/13/2026,,,,,,,,
8/11/2026,529,,Spotless Cleaners of Valleyridge,19,Fresh Party Napkins,paper & tissue,  segB ,1,45,66.15,66.15,45,21.15,8/12/2026,,,,,,,,
8/11/2026,530,,Pristine Custodians of Bayton,30,Immaculate Markers,office products,segC,1,28,39.48,39.48,28,11.48,8/12/2026,,,,,,,,
8/11/2026,537,,Immaculate Janitors of Forestport,41,Dazzling File Folders,office products,segA,2,46,63.48,126.96,92,34.96,8/12/2026,,,,,,,,
8/11/2026,540,,Spotless Suppliers of Canyoncrest,101,Radiant Colored Paper,copy paper,segA,18,60,90.6,1630.8,1080,550.8,8/12/2026,,,,,,,,
8/11/2026,543,,Sparkling Providers of Bayton,25,Dazzling Binder Clips,  office products ,segA,6,45,51.75,310.5,270,40.5,8/12/2026,,,,,,,,
8/11/2026,545,,Spotless Cleaners of Lakefield,100,Dazzling Legal Size Paper,copy paper,segA,28,24,35.52,994.56,672,322.56,8/19/2026,,,,,,,,
8/11/2026,545,,Spotless Cleaners of Lakefield,108,Dazzling Cardstock,copy paper,segA,15,21,29.19,437.85,315,122.85,8/19/2026,,,,,,,,
8/11/2026,548,,Dazzling Providers of Mountton,32,Bright Desk Organizers,office products,segA,5,44,57.64,288.2,220,68.2,12/8/2026,,,,,,,,
8/11/2026,551,,Polished Custodians of Graniteburg,103,Spotless Colored Paper,copy paper,segA,33,45,50.4,1663.2,1485,178.2,8/12/2026,,,,,,,,
,552,,Immaculate Suppliers of Mapleburg,93,Gleaming Microwave Popcorn,breakroom supplies,segA,163,20,30,4890,3260,1630,8/12/2026,,,,,,,,
8/10/2026,557,,Dazzling Stewards of Rivercrest,53,Glossy Glass Cleaner,cleaning supplies,segA,2,36,64.8,129.6,72,57.6,8/11/2026,,,,,,,,
8/10/2026,557,,Dazzling Stewards of Rivercrest,63,Polished Glass Cleaner,cleaning supplies,segA,1,42,71.4,71.4,42,29.4,8/11/2026,,,,,,,,
8/10/2026,562,,Glossy Suppliers of Maplefield,95,Bright Disposable Cups,breakroom supplies,segA,1,13,27.69,27.69,13,14.69,8/25/2026,,,,,,,,
8/10/2026,567,,Polished Facilities of Lakeridge,104,Gleaming Glossy Photo Paper,copy paper,segB,13,52,83.72,1088.36,676,412.36,8/11/2026,,,,,,,,
8/10/2026,568,,Immaculate Stewards of Baydale,82,Pristine Granola Bars,breakroom supplies,segA,1,26,50.7,50.7,26,24.7,11/8/2026,,,,,,,,
8/10/2026,570,,Pristine Cleaners of Valleyhaven,23,Dazzling Roll Paper Towels,paper & tissue,segA,2,40,54.4,,80,28.8,8/25/2026,,,,,,,,
8/10/2026,573,,Sparkling Suppliers of Gardenfield,107,Radiant Glossy Photo Paper,copy paper,segD,1,58,96.86,96.86,58,38.86,8/11/2026,,,,,,,,
8/10/2026,574,,Dazzling Custodians of Canyonton,69,,cleaning supplies,segC,,27,52.65,52.65,27,25.65,8/11/2026,,,,,,,,
8/10/2026,575,,Bright Cleaners of Forestridge,29,Dazzling Paper Clips,office products,segA,2,37,53.65,107.3,74,33.3,8/25/2026,,,,,,,,
8/10/2026,576,,Glossy Suppliers of Cedarport,45,Immaculate Staplers,office products,segA,2,50,65,130,100,30,8/11/2026,,,,,,,,
8/7/2026,582,,Dazzling Janitors of Forestburg,78,Glossy Creamers,breakroom supplies,segA,1,27,55.89,55.89,27,28.89,8/17/2026,,,,,,,,
8/7/2026,583,,Sleek Cleaners of Harborcrest,44,Gleaming Recycled Paper,office products,segA,6,34,46.24,277.44,204,73.44,8/10/2026,,,,,,,,
8/7/2026,583,,Sleek Cleaners of Harborcrest,70,Sleek Air Freshener,cleaning supplies,segA,3,33,61.71,185.13,99,86.13,8/10/2026,,,,,,,,
8/7/2026,585,,Polished Providers of Harborburg,53,  Glossy Glass Cleaner ,cleaning supplies,segD,1,36,66.96,66.96,36,30.96,8/10/2026,,,,,,,,
8/7/2026,586,,Bright Janitors of Canyonport,55,Spotless Floor Cleaner,cleaning supplies,segB,1,29,49.88,49.88,29,20.88,8/10/2026,,,,,,,,
8/7/2026,588,,Pristine Maintainers of Gardenridge,26,Radiant Sticky Notes,office products,seAg,3,34,49.3,147.9,102,45.9,8/10/2026,,,,,,,,
8/7/2026,590,,Spotless Keepers of Riverwood,7,Gleaming Bathroom Tissue,paper & tissue,segA,3,16,22.4,67.2,,19.2,8/10/2026,,,,,,,,
8/7/2026,592,,Spotless Servicers of Valleywood,36,Glossy Staplers,office products,segA,2,50,76,152,100,52,8/10/2026,,,,,,,,
8/13/2026,,,Sparkling Sanitizers of Forestdale,77,Sleek Disposable Cups,breakroom supplies,segA,34,25,45.5,1547,850,697,8/14/2026,,,,,,,,
8/11/2026,,,Dazzling Providers of Mountton,76,Immaculate Granola Bars,breakroom supplies,segA,1,10,19.6,19.6,10,9.6,8/12/2026,,,,,,,,
8/7/2026,,,Fresh Custodians of Graniteton,32,Bright Desk Organizers,office products,segA,87,44,63.8,5550.6,3828,1722.6,8/10/2026,,,,,,,,
